original_id,namn,ansvarigt_lan,antal_arter,arter,kallor,url_fvof
1380,(Nedre) Kolbäcksåns fvof,Västmanland,20,Abborre; Asp; Benlöja; Björkna; Braxen; Faren; Färna; Gädda; Gärs; Id; Karpfisk obestämd; Lake; Mört; Sarv; Signalkräfta; Simpa; Stensimpa; Stäm; Ål; Öring,slu_provfiske,
645,Aareavaara fvof,Norrbotten,19,Abborre; Bergsimpa; Bäcknejonöga; Elritsa; Gädda; Gärs; Harr; Havsöring; Lake; Lax; Mört; Nejonöga; Sik; Simpa; Småspigg; Spigg obestämd; Stensimpa; Storspigg; Öring,fiskekartan; slu_provfiske,
464,Abodaortens fvof,Kalmar,16,Abborre; Benlöja; Björkna; Braxen; Elritsa; Gädda; Gärs; Gös; Karpfisk obestämd; Lake; Mört; Regnbåge; Sarv; Signalkräfta; Simpa; Stensimpa,fiskekartan; slu_provfiske,
842,Acksjöns fvof,Värmland,12,Abborre; Bäcknejonöga; Elritsa; Flodkräfta; Gädda; Gärs; Lake; Mört; Nejonöga; Signalkräfta; Stensimpa; Öring,fiskekartan; slu_provfiske,
1007,Agnsjön-Balsjöns fvof,Västerbotten,16,Abborre; Bäcknejonöga; Bäckröding; Elritsa; Gädda; Gärs; Harr; Lake; Lax; Mört; Regnbåge; Röding; Sik; Småspigg; Stensimpa; Öring,slu_provfiske; gbif,
2100,Alarpasjöarnas fvof,Västra Götaland,7,Abborre; Braxen; Gädda; Lake; Mört; Sutare; Ål,fiskekartan; slu_provfiske,www.vattenagarna.se/sodra-alvsborgs-fiskevattenagareforbund/?o=510
347,Albosjön m fl sjöars fvof,Jönköping,7,Abborre; Braxen; Gädda; Lake; Mört; Sutare; Ål,fiskekartan; slu_provfiske,
12,Alfta fvof,Gävleborg,29,Abborre; Asp; Benlöja; Bergsimpa; Björkna; Braxen; Bäcknejonöga; Bäckröding; Elritsa; Flodkräfta; Flodnejonöga; Gädda; Gärs; Gös; Harr; Id; Lake; Mört; Nors; Regnbåge; Ruda; Röding; Signalkräfta; Sik; Siklöja; Simpa; Stensimpa; Ål; Öring,fiskekartan; slu_provfiske; gbif,www.alftafvof.se
2234,Algustorpsjöarnas fvof,Skåne,8,Abborre; Braxen; Gädda; Gös; Lake; Mört; Sarv; Ål,fiskekartan; slu_provfiske,
130,Allgunnen-Frillens fvof,Halland,11,Abborre; Braxen; Gädda; Gös; Lake; Mört; Ruda; Sarv; Sik; Sutare; Ål,slu_provfiske; gbif,
315,Allgunnens fvof,Jönköping,12,Abborre; Benlöja; Bergsimpa; Braxen; Gädda; Lake; Mört; Sarv; Signalkräfta; Sik; Siklöja; Sutare,fiskekartan; slu_provfiske,
400,Allgunnens fvof,Kalmar,18,Abborre; Benlöja; Björkna; Braxen; Bäcknejonöga; Elritsa; Gädda; Gärs; Gös; Lake; Mört; Ruda; Sarv; Signalkräfta; Siklöja; Stensimpa; Sutare; Öring,fiskekartan; slu_provfiske,allgunnen.se/
200,Allsarpasjön m fl sjöars fvof,Jönköping,12,Abborre; Benlöja; Björkna; Braxen; Gädda; Gös; Lake; Mört; Ruda; Sarv; Signalkräfta; Sutare,fiskekartan; slu_provfiske,
2217,Almaåns mellersta fvof,Skåne,16,Abborre; Benlöja; Björkna; Bäcknejonöga; Flodkräfta; Färna; Grönling; Gädda; Gärs; Lake; Lax; Lax_Öring_Hybrid; Mört; Sandkrypare; Ål; Öring,slu_provfiske; gbif,
2193,Almaåns nedre fvof,Skåne,18,Abborre; Benlöja; Bäcknejonöga; Färna; Grönling; Gädda; Gärs; Karpfisk obestämd; Lake; Lax; Lax_Öring_Hybrid; Mört; Nejonöga; Sandkrypare; Signalkräfta; Småspigg; Ål; Öring,slu_provfiske,
2223,Almaåns övre fvof,Skåne,23,Abborre; Benlöja; Björkna; Braxen; Bäcknejonöga; Färna; Grönling; Gädda; Gärs; Gös; Id; Karp; Lake; Lax; Lax_Öring_Hybrid; Mört; Sandkrypare; Sarv; Signalkräfta; Sut; Sutare; Ål; Öring,fiskekartan; slu_provfiske,www.almaovre.se/
591,Almundsryds östra fvof,Kronoberg,11,Abborre; Braxen; Elritsa; Gädda; Gärs; Lake; Mört; Sarv; Signalkräfta; Sutare; Öring,slu_provfiske,
299,Alseda-Skede fvof,Jönköping,19,Abborre; Asp; Benlöja; Bergsimpa; Braxen; Bäckröding; Elritsa; Färna; Gädda; Gös; Lake; Mört; Ruda; Sarv; Signalkräfta; Siklöja; Sutare; Ål; Öring,fiskekartan; slu_provfiske; extern_fvof,www.alsedaskedefvo.se/
1694,Alsens fvof,Örebro,14,Abborre; Benlöja; Björkna; Braxen; Gädda; Gärs; Gös; Lake; Mört; Nors; Sarv; Siklöja; Sutare; Ål,slu_provfiske; gbif,
1497,Alsensjöns fvof,Jämtland,15,Abborre; Bergsimpa; Bäckröding; Elritsa; Gädda; Gös; Harr; Lake; Lax; Mört; Regnbåge; Röding; Sik; Simpa; Öring,slu_provfiske; gbif,www.vattenagarna.se/jamtlands-lans-fiskevattenagareforbund/?o=778
588,Alstern-Hjärtsjön vid Granhult m.fl sjöars fvof,Kronoberg,15,Abborre; Benlöja; Bergsimpa; Braxen; Elritsa; Flodkräfta; Gädda; Gärs; Lake; Mört; Signalkräfta; Sik; Siklöja; Stensimpa; Öring,fiskekartan; slu_provfiske,
865,Alstern-Lungens fvof,Värmland,20,Abborre; Benlöja; Bergsimpa; Bäcknejonöga; Elritsa; Flodkräfta; Gädda; Gärs; Hornsimpa; Lake; Lax; Mört; Nejonöga; Nors; Signalkräfta; Siklöja; Simpa; Stensimpa; Ål; Öring,slu_provfiske,
892,Alsterns fvof,Värmland,13,Abborre; Benlöja; Björkna; Braxen; Gädda; Gärs; Gös; Lake; Mört; Nors; Ruda; Siklöja; Sutare,slu_provfiske,
506,Alsterån-Lillåns fvof,Kronoberg,16,Abborre; Benlöja; Braxen; Bäcknejonöga; Elritsa; Gädda; Gärs; Gös; Lake; Mört; Nejonöga; Signalkräfta; Sik; Stensimpa; Ål; Öring,fiskekartan; slu_provfiske; gbif,
445,Alsteråns fvof,Kalmar,16,Abborre; Benlöja; Bergsimpa; Braxen; Bäcknejonöga; Gädda; Gärs; Karpfisk obestämd; Lake; Mört; Sarv; Signalkräfta; Stensimpa; Storspigg; Ål; Öring,slu_provfiske; gbif,
2001,Ambjörnarps fvof,Västra Götaland,8,Abborre; Braxen; Elritsa; Gädda; Lake; Mört; Signalkräfta; Öring,slu_provfiske,
1125,Ammarnäs fvof,Västerbotten,10,Elritsa; Gädda; Harr; Kanadaröding; Lake; Lax; Röding; Sik; Siklöja; Öring,slu_provfiske; gbif,ammarnasfvo.se/
275,Anderstorps fvof,Jönköping,8,Abborre; Braxen; Gädda; Gärs; Lake; Mört; Sutare; Ål,fiskekartan; slu_provfiske,
225,Anderstorpsåns fvof,Jönköping,4,Abborre; Lake; Mört; Ål,slu_provfiske,
309,Andsjöns fvof,Jönköping,3,Abborre; Gädda; Mört,fiskekartan; slu_provfiske,
375,Anebysjöns fvof,Jönköping,11,Abborre; Benlöja; Braxen; Gädda; Gärs; Gös; Lake; Mört; Sarv; Sutare; Öring,fiskekartan; slu_provfiske,www.vattenagarna.se/jonkopings-lans-fiskevattenagareforbund/?o=899
443,Anens fvof,Kalmar,7,Abborre; Gädda; Gärs; Lake; Mört; Siklöja; Ål,slu_provfiske; gbif,www.vattenagarna.se/kalmar-lans-fiskevattenagareforbund/?o=593
230,Angsåsortens fvof,Jönköping,13,Abborre; Braxen; Bäcknejonöga; Elritsa; Flodkräfta; Gädda; Kräfta obestämd; Lake; Mört; Signalkräfta; Sutare; Ål; Öring,fiskekartan; slu_provfiske,www.vattenagarna.se/jonkopings-lans-fiskevattenagareforbund/?o=874
1651,Anjan-Gråsjöns fvof,Jämtland,5,Elritsa; Harr; Lake; Röding; Öring,slu_provfiske,
1849,Ankedammens fvof,Västra Götaland,3,Bäckröding; Karp; Öring,fiskekartan,
1479,Annsjön Lyren fvof,Östergötland,14,Abborre; Benlöja; Björkna; Braxen; Bäcknejonöga; Gädda; Gärs; Gös; Lake; Mört; Nors; Signalkräfta; Siklöja; Öring,slu_provfiske,www.vattenagarna.se/ostergotlands-lans-fiskevattenagareforbund/?o=687
2017,Anråsåns fvof,Västra Götaland,15,Abborre; Bäcknejonöga; Elritsa; Flodkräfta; Gädda; Lax; Lax_Öring_Hybrid; Mört; Nejonöga; Nors; Signalkräfta; Småspigg; Storspigg; Ål; Öring,slu_provfiske; gbif,www.vattenagarna.se/fiskevattenagarna-i-vastra-sverige/?o=677
1490,Ansjö fvof,Jämtland,18,Abborre; Braxen; Bäckröding; Elritsa; Gädda; Gärs; Harr; Lake; Lax; Mört; Regnbåge; Röding; Sik; Simpa; Småspigg; Stensimpa; Ål; Öring,fiskekartan; slu_provfiske; gbif,
666,Ansvar-Polcirkelns fvof,Norrbotten,16,Abborre; Benlöja; Bergsimpa; Bäcknejonöga; Elritsa; Gädda; Harr; Id; Lake; Lax; Lax_Öring_Hybrid; Mört; Simpa; Spigg obestämd; Stensimpa; Öring,slu_provfiske,
1959,Antens fvof,Västra Götaland,21,Abborre; Bergsimpa; Braxen; Bäcknejonöga; Elritsa; Flodkräfta; Gädda; Gärs; Gös; Lake; Mört; Nejonöga; Nors; Regnbåge; Signalkräfta; Siklöja; Simpa; Småspigg; Sutare; Ål; Öring,slu_provfiske,www.anten.se
424,Antvarden-Lermons fvof,Kalmar,0,,,
1410,Antvardens fvof,Östergötland,7,Abborre; Braxen; Flodkräfta; Gädda; Mört; Sarv; Sutare,gbif,
1317,Anundsjöns fvof,Västernorrland,14,Abborre; Benlöja; Elritsa; Flodkräfta; Gädda; Harr; Lake; Lax; Mört; Nejonöga; Simpa; Stensimpa; Stäm; Öring,fiskekartan; slu_provfiske,www.vattenagarna.se/vasternorrlands-lans-fiskerattsagareforbund/?o=479
1687,Anviksjöns fvof,Jämtland,11,Abborre; Elritsa; Gädda; Harr; Lake; Mört; Röding; Sik; Simpa; Ål; Öring,fiskekartan; slu_provfiske,
947,Aplungens fvof,Värmland,9,Abborre; Benlöja; Braxen; Bäcknejonöga; Elritsa; Gädda; Gärs; Mört; Öring,slu_provfiske,www.vattenagarna.se/varmlands-lans-fiskevardsforbund/?o=749
516,Arasjöns-Östra Rammsjös fvof,Kronoberg,11,Abborre; Björkna; Braxen; Gädda; Lake; Mört; Sarv; Sik; Siklöja; Sutare; Ål,slu_provfiske; gbif,
73,Arbrå-Underviks fvof,Gävleborg,21,Abborre; Benlöja; Braxen; Bäcknejonöga; Bäckröding; Elritsa; Flodkräfta; Gädda; Gärs; Gös; Harr; Kräfta obestämd; Lake; Mört; Nejonöga; Nors; Sik; Siklöja; Simpa; Stensimpa; Öring,slu_provfiske,
619,Are sjö-Feresjöns fvof,Kronoberg,6,Abborre; Braxen; Gädda; Gärs; Mört; Sutare,fiskekartan; slu_provfiske,
494,Are sjös fvof,Kronoberg,3,Abborre; Gädda; Mört,fiskekartan; slu_provfiske,
644,Arjeplogsströmmarnas fvof,Norrbotten,10,Abborre; Bergsimpa; Elritsa; Gädda; Harr; Lake; Sik; Spigg obestämd; Stensimpa; Öring,slu_provfiske,
1046,Armsjöarnas fvof,Västerbotten,13,Abborre; Bäcknejonöga; Bäckröding; Elritsa; Gädda; Gärs; Lake; Mört; Nors; Siklöja; Simpa; Stensimpa; Öring,fiskekartan; slu_provfiske,www.armsjoarnasfvo.se/
1088,Arnträsk-Mensträsk fvof,Västerbotten,10,Abborre; Gädda; Gärs; Gös; Harr; Lake; Mört; Sik; Siklöja; Öring,gbif,
629,Asa-Tolgasjöns fvof,Kronoberg,19,Abborre; Benlöja; Bergsimpa; Björkna; Braxen; Bäcknejonöga; Elritsa; Gädda; Gärs; Lake; Mört; Sandkrypare; Sarv; Signalkräfta; Sik; Siklöja; Simpa; Sutare; Öring,slu_provfiske,
1816,Askaremåla - Älmtasjöns fvof,Blekinge,3,Abborre; Mört; Sik,slu_provfiske,www.vattenagarna.se/blekinge-lans-radslagsgrupp/?o=845
1868,Askesjö fvof,Västra Götaland,7,Abborre; Benlöja; Flodkräfta; Gädda; Mört; Nors; Siklöja,slu_provfiske,
1768,Aspeboda fvof,Dalarna,16,Abborre; Benlöja; Braxen; Bäcknejonöga; Bäckröding; Elritsa; Flodkräfta; Gädda; Gärs; Lake; Mört; Regnbåge; Röding; Simpa; Stensimpa; Öring,fiskekartan; slu_provfiske,www.ifiske.se/fiske-stora-aspan-lilla-aspan-spjutsjon-m-fl-vatten.htm
877,Aspen-Daglösens fvof,Värmland,23,Abborre; Benlöja; Bergsimpa; Braxen; Elritsa; Flodkräfta; Gädda; Gärs; Gös; Kräfta obestämd; Lake; Mört; Nors; Ruda; Röding; Signalkräfta; Sik; Siklöja; Simpa; Stensimpa; Sutare; Ål; Öring,slu_provfiske; gbif,www.vattenagarna.se/varmlands-lans-fiskevardsforbund/?o=751
2090,Aspens fvof,Västra Götaland,23,Abborre; Benlöja; Bäcknejonöga; Elritsa; Flodnejonöga; Färna; Gädda; Id; Karpfisk obestämd; Kräfta obestämd; Lake; Lax; Lax_Öring_Hybrid; Mört; Nejonöga; Regnbåge; Signalkräfta; Simpa; Stensimpa; Stäm; Sutare; Ål; Öring,slu_provfiske,www.vattenagarna.se/fiskevattenagarna-i-vastra-sverige/?o=670
905,Aspens fvof,Värmland,15,Abborre; Benlöja; Braxen; Bäcknejonöga; Elritsa; Gädda; Gös; Lake; Mört; Nors; Ruda; Signalkräfta; Stensimpa; Ål; Öring,fiskekartan; slu_provfiske; gbif,
1398,Aspensjöarnas fvof,Västmanland,14,Abborre; Benlöja; Björkna; Braxen; Gädda; Gärs; Gös; Lake; Mört; Nors; Sarv; Signalkräfta; Stensimpa; Öring,fiskekartan; slu_provfiske,www.vattenagarna.se/vastmanlands-lans-fiskevattenagareforbund/?o=654
1469,Asplångens fvof,Östergötland,0,,,www.vattenagarna.se/ostergotlands-lans-fiskevattenagareforbund/?o=462
1874,Assman-Ätrans fvof,Västra Götaland,11,Abborre; Bergsimpa; Elritsa; Gädda; Gös; Lake; Mört; Signalkräfta; Sutare; Ål; Öring,fiskekartan; slu_provfiske,www.vattenagarna.se/sodra-alvsborgs-fiskevattenagareforbund/?o=358
1238,Attmars fvof,Västernorrland,26,Abborre; Benlöja; Braxen; Bäcknejonöga; Bäckröding; Elritsa; Flodkräfta; Gädda; Gärs; Gös; Id; Kräfta obestämd; Lake; Mört; Nejonöga; Nors; Regnbåge; Ruda; Röding; Sarv; Sik; Siklö; Simpa; Stensimpa; Stäm; Öring,fiskekartan; slu_provfiske; extern_fvof,www.attmarfvo.se/
488,Attsjö-Trullgöls fvof,Kronoberg,4,Abborre; Braxen; Gädda; Mört,slu_provfiske,
1092,Avaberg-Holmsunds fvof,Västerbotten,6,Abborre; Gädda; Gärs; Lake; Mört; Sik,slu_provfiske,
1094,Avaträsk-Arksjö fvof,Västerbotten,16,Abborre; Braxen; Bäcknejonöga; Bäckröding; Elritsa; Gädda; Harr; Id; Lake; Mört; Regnbåge; Röding; Sik; Simpa; Stensimpa; Öring,fiskekartan; slu_provfiske,
1747,Avesta norra fvof,Dalarna,22,Abborre; Asp; Benlöja; Björkna; Braxen; Bäcknejonöga; Flodkräfta; Gädda; Gärs; Gös; Harr; Id; Kräfta obestämd; Lake; Mört; Nejonöga; Ruda; Signalkräfta; Stensimpa; Sutare; Ål; Öring,fiskekartan; slu_provfiske,Anfvo.se
1710,Avlångens fvof,Örebro,5,Abborre; Lake; Mört; Signalkräfta; Öring,slu_provfiske,
496,Badebodaåns fvof,Kronoberg,11,Abborre; Braxen; Elritsa; Flodkräfta; Gädda; Gös; Lake; Mört; Signalkräfta; Sutare; Öring,slu_provfiske,
414,Badebodaåns Kvarnsjöns m.fl sjöars fvof,Kalmar,12,Abborre; Benlöja; Braxen; Elritsa; Gädda; Gärs; Gös; Karpfisk obestämd; Lake; Mört; Signalkräfta; Öring,slu_provfiske,www.vattenagarna.se/kalmar-lans-fiskevattenagareforbund/?o=588
1575,Bakvattnets fvof,Jämtland,5,Abborre; Bäckröding; Elritsa; Röding; Öring,fiskekartan; gbif,www.vattenagarna.se/jamtlands-lans-fiskevattenagareforbund/?o=329
1996,Ballasjöns fvof,Västra Götaland,1,Öring,slu_provfiske,
2236,Ballingslövssjöns och Ottarpssjöns fvof,Skåne,16,Abborre; Benlöja; Björkna; Braxen; Bäcknejonöga; Grönling; Gädda; Gärs; Lake; Mört; Ruda; Sandkrypare; Sarv; Signalkräfta; Sutare; Ål,slu_provfiske; gbif,
2135,Baltaks fvof,Västra Götaland,0,,,
155,Barkens fvof,Halland,8,Abborre; Elritsa; Gädda; Lake; Mört; Signalkräfta; Sutare; Ål,slu_provfiske,
1753,Barkensjöarnas fvof,Dalarna,26,Abborre; Asp; Benlöja; Braxen; Bäcknejonöga; Bäckröding; Elritsa; Gädda; Gärs; Gös; Id; Karp; Lake; Lax; Mört; Nejonöga; Nors; Regnbåge; Ruda; Röding; Sarv; Signalkräfta; Sik; Siklöja; Stensimpa; Öring,fiskekartan; slu_provfiske; extern_fvof,barkensjoarnasfvof.se/
310,Bellens fvof,Jönköping,15,Abborre; Bergsimpa; Braxen; Elritsa; Gädda; Gärs; Lake; Mört; Nors; Signalkräfta; Sik; Siklöja; Stensimpa; Sut; Sutare,fiskekartan; slu_provfiske,www.bellenfiske.se/
1597,Bellvik-Rörströms fvof,Jämtland,23,Abborre; Benlöja; Braxen; Bäcknejonöga; Bäckröding; Elritsa; Gädda; Gärs; Gös; Harr; Id; Kanadaröding; Lake; Lax; Mört; Regnbåge; Röding; Sik; Siklöja; Simpa; Stensimpa; Stäm; Öring,fiskekartan; slu_provfiske; gbif,
1883,Bengtsbrohöljens fvof,Västra Götaland,16,Abborre; Benlöja; Bergsimpa; Braxen; Bäckröding; Gädda; Gärs; Lake; Mört; Nors; Sik; Siklöja; Simpa; Stensimpa; Ål; Öring,slu_provfiske,
1519,Bensjö fvof,Jämtland,13,Abborre; Bergsimpa; Bäcknejonöga; Elritsa; Gädda; Harr; Lake; Mört; Röding; Sik; Stensimpa; Ål; Öring,fiskekartan; slu_provfiske,
1333,Bergeforsens fvof,Västernorrland,11,Abborre; Benlöja; Gädda; Gärs; Harr; Id; Lax; Mört; Sik; Stäm; Öring,slu_provfiske; extern_fvof,bergeforsfisket.com/
2160,Bergs vattens fvof,Västra Götaland,0,,,
590,Bergsjön m.fl. sjöars fvof,Kronoberg,19,Abborre; Benlöja; Bergsimpa; Braxen; Flodkräfta; Gädda; Gärs; Gös; Lake; Mört; Regnbåge; Sandkrypare; Sarv; Signalkräfta; Sik; Småspigg; Sutare; Ål; Öring,slu_provfiske; gbif,
1111,Bergsjöns fvof,Västerbotten,3,Harr; Röding; Öring,fiskekartan; slu_provfiske,
931,Bergsjöns fvof,Värmland,10,Abborre; Benlöja; Björkna; Braxen; Gädda; Gärs; Gös; Mört; Nors; Sarv,slu_provfiske,
1279,Bergsjöns fvof,Västernorrland,5,Elritsa; Mört; Röding; Småspigg; Öring,fiskekartan; slu_provfiske,www.bergsjon-trollvattnet.se
1199,Betarsjöns fvof,Västernorrland,16,Abborre; Benlöja; Bäcknejonöga; Elritsa; Gädda; Gärs; Harr; Lake; Lax; Mört; Nors; Röding; Sik; Siklöja; Ål; Öring,slu_provfiske; gbif,www.vattenagarna.se/vasternorrlands-lans-fiskerattsagareforbund/?o=558
1342,Billsjösjöns fvof,Västernorrland,6,Abborre; Benlöja; Gädda; Gärs; Mört; Siklöja,slu_provfiske,
1251,Binböletjärns fvof,Västernorrland,3,Lake; Röding; Öring,fiskekartan,
1493,Bispgårdens fvof,Jämtland,17,Abborre; Benlöja; Bergsimpa; Bäcknejonöga; Elritsa; Gädda; Gärs; Lake; Lax; Mört; Röding; Sik; Siklöja; Simpa; Stensimpa; Ål; Öring,slu_provfiske; gbif,
1039,Bjensjöns fvof,Västerbotten,6,Abborre; Braxen; Gädda; Mört; Stäm; Öring,slu_provfiske,
1758,Bjursås-Leksands fvof,Dalarna,35,Abborre; Benlöja; Bergsimpa; Björkna; Braxen; Bäcknejonöga; Bäckröding; Bäckröding_Öring_Hybrid; Elritsa; Flodkräfta; Flodnejonöga; Gädda; Gärs; Gös; Harr; Id; Kanadaröding; Lake; Lax; Mört; Nejonöga; Nors; Regnbåge; Ruda; Röding; Signalkräfta; Sik; Siklöja; Småspigg; Stens; Stensimpa; Stäm; Sutare; Ål; Öring,fiskekartan; slu_provfiske; gbif,bjursasleksandsfvof.se/
1049,Bjurträsk fvof,Västerbotten,16,Abborre; Bäckröding; Elritsa; Gädda; Gärs; Harr; Id; Lake; Mört; Regnbåge; Röding; Sik; Småspigg; Stäm; Ål; Öring,fiskekartan; gbif,
1033,Bjurvattnets fvof,Västerbotten,5,Abborre; Gädda; Gärs; Lake; Mört,slu_provfiske,
2225,Bjärlången-Dalsjöns fvof,Skåne,11,Abborre; Braxen; Flodkräfta; Grönling; Gädda; Gös; Karp; Mört; Sarv; Sutare; Öring,fiskekartan; slu_provfiske,www.bdfvo.se/
1460,Bjärsens fvof,Östergötland,7,Abborre; Bäcknejonöga; Elritsa; Gärs; Mört; Signalkräfta; Öring,slu_provfiske,www.vattenagarna.se/ostergotlands-lans-fiskevattenagareforbund/?o=694
1416,Bjäsäters fvof,Östergötland,4,Abborre; Gädda; Mört; Sutare,fiskekartan,
2215,Björka-Åsumsåns fvof,Skåne,12,Abborre; Benlöja; Elritsa; Gädda; Kräfta obestämd; Mört; Signalkräfta; Småspigg; Spigg obestämd; Storspigg; Ål; Öring,fiskekartan; slu_provfiske,
145,Björkasjö fvof,Halland,4,Abborre; Gädda; Mört; Sarv,slu_provfiske,
2055,Björkens fvof,Västra Götaland,7,Abborre; Braxen; Gädda; Lake; Mört; Sutare; Ål,fiskekartan,
1435,Björkerns fvof,Östergötland,16,Abborre; Benlöja; Bergsimpa; Björkna; Braxen; Gädda; Gärs; Hornsimpa; Lake; Mört; Nors; Röding; Sarv; Signalkräfta; Siklöja; Sutare,fiskekartan; slu_provfiske,
519,Björkesjö-Labbemåla fvof,Kronoberg,3,Abborre; Gädda; Mört,slu_provfiske,
535,Björkesjös fvof,Kronoberg,5,Abborre; Gädda; Mört; Sutare; Ål,slu_provfiske; gbif,
1978,Björklångens fvof,Västra Götaland,8,Abborre; Gädda; Gärs; Lake; Mört; Sik; Siklöja; Ål,gbif,
878,Björklångens fvof,Värmland,8,Abborre; Gädda; Lake; Mört; Nors; Sik; Siklöja; Öring,slu_provfiske,www.vattenagarna.se/varmlands-lans-fiskevardsforbund/?o=747
1097,Björksele fvof  (Lycksele),Västerbotten,12,Abborre; Benlöja; Elritsa; Gädda; Harr; Lake; Lax; Mört; Sik; Simpa; Stensimpa; Öring,slu_provfiske,
1157,Björksele fvof  (Åsele),Västerbotten,10,Abborre; Bergsimpa; Braxen; Elritsa; Gädda; Harr; Lake; Sik; Stensimpa; Öring,fiskekartan; slu_provfiske; extern_fvof,sodralappland.nu/fiskeomraden/fiskeomraden-asele/bjorksele-fiskevardsomrade/
1565,Björkvattnets fvof,Jämtland,4,Bäckröding; Elritsa; Röding; Öring,fiskekartan; slu_provfiske,
1207,Björkåns fvof,Västernorrland,25,Abborre; Benlöja; Braxen; Bäcknejonöga; Bäckröding; Elritsa; Flodkräfta; Flodnejonöga; Gädda; Gärs; Harr; Havsöring; Karpfisk obestämd; Lake; Lax; Mört; Nejonöga; Nors; Sik; Simpa; Spigg obestämd; Stensimpa; Stäm; Ål; Öring,fiskekartan; slu_provfiske,
1349,Björna fvof,Västernorrland,0,,,
226,Björnasjöns fvof,Jönköping,7,Abborre; Gädda; Lake; Mört; Sik; Siklöja; Sutare,fiskekartan; slu_provfiske,
1368,Björnsjö-Ledings fvof,Västernorrland,4,Abborre; Lake; Ruda; Öring,slu_provfiske,
303,Björsesjöns fvof,Jönköping,5,Abborre; Braxen; Gädda; Mört; Ål,fiskekartan,
1749,Björsjö-Åsgarns fvof,Dalarna,10,Abborre; Benlöja; Björkna; Braxen; Bäckröding; Gädda; Gärs; Mört; Sarv; Sutare,slu_provfiske,
2023,Björsjöns fvof,Västra Götaland,4,Abborre; Gädda; Mört; Sutare,slu_provfiske,
2013,Björstorps fvof,Västra Götaland,3,Abborre; Gädda; Regnbåge,gbif,
1165,Blattnicksele-Huftasjö fvof,Västerbotten,14,Abborre; Elritsa; Gädda; Gärs; Harr; Id; Lake; Lax; Mört; Röding; Sik; Siklöja; Stäm; Öring,fiskekartan; slu_provfiske; gbif,
1434,Blomsfors/Tyrisfors fvof,Östergötland,1,Sutare,fiskekartan,
928,Blomskogs fvof,Värmland,23,Abborre; Asp; Bergsimpa; Björkna; Braxen; Bäcknejonöga; Bäckröding; Elritsa; Flodkräfta; Gädda; Gärs; Gös; Lake; Lax; Mört; Nejonöga; Nors; Sarv; Sik; Siklöja; Stensimpa; Ål; Öring,fiskekartan; slu_provfiske,www.vattenagarna.se/varmlands-lans-fiskevardsforbund/?o=753
909,Blysjön m.fl sjöars fvof,Värmland,13,Abborre; Benlöja; Björkna; Braxen; Gädda; Gärs; Gös; Id; Mört; Nors; Ruda; Sutare; Ål,fiskekartan; slu_provfiske; gbif,www.vattenagarna.se/varmlands-lans-fiskevardsforbund/?o=160
1100,Blåvikens fvof,Västerbotten,5,Abborre; Gädda; Harr; Regnbåge; Öring,fiskekartan,
552,"Blötskog, Marshult, Norramåla fvof",Kronoberg,3,Abborre; Gädda; Mört,slu_provfiske,
405,Boasjöns fvof,Kalmar,5,Abborre; Braxen; Gädda; Mört; Sutare,fiskekartan; slu_provfiske; gbif,www.vattenagarna.se/kalmar-lans-fiskevattenagareforbund/?o=575
312,Boaskögle fvof,Jönköping,5,Abborre; Gädda; Mört; Signalkräfta; Sutare,fiskekartan; slu_provfiske,
1909,Bocksjöns fvof,Västra Götaland,10,Abborre; Bäcknejonöga; Flodnejonöga; Gädda; Gärs; Kräfta obestämd; Lake; Mört; Signalkräfta; Öring,slu_provfiske,
277,Bodanäsasjöns fvof,Jönköping,7,Abborre; Gädda; Lake; Mört; Sarv; Signalkräfta; Öring,fiskekartan; slu_provfiske,
2197,Bodarpasjöns fvof,Skåne,6,Abborre; Gädda; Lake; Mört; Sutare; Ål,fiskekartan; slu_provfiske; gbif,
255,Bodasjöns fvof,Jönköping,4,Abborre; Gädda; Mört; Sik,fiskekartan,
1948,Bodasjöns fvof,Västra Götaland,11,Abborre; Benlöja; Braxen; Gädda; Gärs; Gös; Id; Mört; Sarv; Sutare; Ål,fiskekartan,www.vattenagarna.se/fiskevattenagarna-i-vastra-sverige/?o=666
825,Bodasundets fvof,Uppsala,9,Abborre; Benlöja; Björkna; Gärs; Gös; Id; Mört; Nors; Storspigg,slu_provfiske,
1536,Bodsjöns fvof,Jämtland,16,Abborre; Bergsimpa; Bäckröding; Elritsa; Gädda; Harr; Id; Lake; Mört; Regnbåge; Röding; Sik; Simpa; Stensimpa; Ål; Öring,fiskekartan; slu_provfiske,
1352,Bodtjärnens fvof,Västernorrland,18,Abborre; Benlöja; Elritsa; Flodkräfta; Flodnejonöga; Gädda; Harr; Id; Lake; Lax; Lax_Öring_Hybrid; Mört; Nejonöga; Simpa; Stensimpa; Stäm; Ål; Öring,slu_provfiske,
1457,Boens fvof,Östergötland,5,Abborre; Elritsa; Gädda; Signalkräfta; Öring,slu_provfiske,
869,Bogens fvof,Värmland,8,Abborre; Benlöja; Elritsa; Gädda; Gärs; Lake; Mört; Öring,slu_provfiske,www.vattenagarna.se/varmlands-lans-fiskevardsforbund/?o=725
1156,Boksjöns fvof,Västerbotten,4,Elritsa; Harr; Röding; Öring,fiskekartan; slu_provfiske; gbif,
11,Bollnäs norra fvof,Gävleborg,21,Abborre; Benlöja; Björkna; Braxen; Bäcknejonöga; Bäckröding; Elritsa; Flodkräfta; Gädda; Gärs; Gös; Harr; Lake; Mört; Nors; Ruda; Sarv; Siklöja; Stensimpa; Stäm; Öring,slu_provfiske,
5,Bollnäs södra fvof,Gävleborg,22,Abborre; Benlöja; Braxen; Bäcknejonöga; Bäckröding; Elritsa; Flodkräfta; Gädda; Gärs; Harr; Lake; Mört; Nejonöga; Regnbåge; Ruda; Röding; Sik; Siklöja; Simpa; Stensimpa; Ål; Öring,slu_provfiske; gbif,
1293,Bollsta-Väja fvof,Västernorrland,11,Abborre; Elritsa; Flodkräfta; Gädda; Harr; Lake; Lax; Nejonöga; Simpa; Stensimpa; Öring,slu_provfiske,
533,Bolmens fvof,Kronoberg,20,Abborre; Benlöja; Bergsimpa; Björkna; Braxen; Elritsa; Flodkräfta; Gädda; Gärs; Gös; Lake; Mört; Ruda; Sarv; Signalkräfta; Sik; Siklöja; Sutare; Ål; Öring,fiskekartan; slu_provfiske,bolmensweden.com/
575,Bolmåns fvof,Kronoberg,12,Abborre; Benlöja; Bergsimpa; Braxen; Gärs; Gös; Lake; Mört; Signalkräfta; Sik; Siklöja; Öring,slu_provfiske,www.nottja.com/bof/BolmanFVO.htm
1429,Borens fvof,Östergötland,7,Abborre; Braxen; Bäcknejonöga; Gädda; Mört; Nejonöga; Stensimpa,fiskekartan; slu_provfiske,
1132,Borgsjö fvof,Västerbotten,11,Abborre; Benlöja; Braxen; Gädda; Harr; Id; Lake; Mört; Sik; Stensimpa; Öring,fiskekartan; slu_provfiske,
1176,Borgsjö mellersta fvof,Västernorrland,0,,,www.laget.se/BORGSJO_MELLERSTAFVO
1242,Borgsjöbyns fvof,Västernorrland,10,Abborre; Bäcknejonöga; Elritsa; Gädda; Harr; Lake; Röding; Sik; Stensimpa; Öring,fiskekartan; slu_provfiske,
1471,Borken-Såken fvof,Östergötland,8,Abborre; Braxen; Gädda; Gös; Id; Lake; Mört; Stensimpa,fiskekartan; slu_provfiske,
1756,Borlänge centrala fvof,Dalarna,24,Abborre; Benlöja; Braxen; Bäcknejonöga; Bäckröding; Elritsa; Gädda; Gärs; Gös; Harr; Id; Karp; Lake; Mört; Nors; Regnbåge; Ruda; Röding; Sarv; Si; Signalkräfta; Stensimpa; Sutare; Öring,fiskekartan; slu_provfiske,
380,Borlångens fvof,Jönköping,6,Abborre; Braxen; Gädda; Mört; Sutare; Ål,fiskekartan; slu_provfiske,www.vattenagarna.se/jonkopings-lans-fiskevattenagareforbund/?o=872
72,Borrsjöåns fvof,Gävleborg,12,Abborre; Bäcknejonöga; Bäckröding; Elritsa; Gädda; Lake; Mört; Nejonöga; Regnbåge; Röding; Stensimpa; Öring,fiskekartan; slu_provfiske,
322,Bors fvof,Jönköping,8,Abborre; Elritsa; Gädda; Lake; Mört; Signalkräfta; Sutare; Ål,slu_provfiske,
867,Borssjöns fvof,Värmland,10,Abborre; Benlöja; Elritsa; Flodkräfta; Gädda; Gärs; Lake; Mört; Stensimpa; Öring,slu_provfiske,www.vattenagarna.se/varmlands-lans-fiskevardsforbund/?o=744
393,Borstingens fvof,Kalmar,4,Abborre; Gädda; Mört; Sutare,slu_provfiske,
901,Bortan-Häljeboda fvof,Värmland,17,Abborre; Benlöja; Braxen; Bäcknejonöga; Elritsa; Flodkräfta; Gädda; Gärs; Kräfta obestämd; Lake; Mört; Nors; Regnbåge; Signalkräfta; Siklöja; Ål; Öring,slu_provfiske; extern_fvof,www.vattenagarna.se/varmlands-lans-fiskevardsforbund/?o=745
2046,Borås-Öresjö fvof,Västra Götaland,17,Abborre; Braxen; Bäcknejonöga; Bäckröding; Elritsa; Flodkräfta; Gädda; Gärs; Gös; Kräfta obestämd; Lake; Mört; Signalkräfta; Sik; Siklöja; Ål; Öring,fiskekartan; slu_provfiske,
2041,Boråssjöarnas fvof,Västra Götaland,8,Abborre; Bäckröding; Gädda; Mört; Regnbåge; Sutare; Ål; Öring,fiskekartan; gbif,www.boras.se
2192,Bosarpsjöns fvof,Skåne,12,Abborre; Braxen; Elritsa; Gädda; Gärs; Gös; Karp; Mört; Sarv; Sutare; Ål; Öring,fiskekartan; slu_provfiske,www.bosarpasjon.se
2036,Bosjöns fvof,Västra Götaland,12,Abborre; Braxen; Elritsa; Färna; Gädda; Gös; Kräfta obestämd; Mört; Signalkräfta; Sutare; Ål; Öring,fiskekartan; slu_provfiske; extern_fvof,www.bosjonsfvo.se/
241,Boskvarnasjöns fvof,Jönköping,9,Abborre; Bergsimpa; Gädda; Gös; Lake; Mört; Sik; Siklöja; Ål,fiskekartan; slu_provfiske,
1331,Boteå fvof,Västernorrland,4,Lake; Mört; Stensimpa; Öring,slu_provfiske,
1861,Bottensjöns fvof,Västra Götaland,15,Abborre; Benlöja; Björkna; Braxen; Gädda; Gärs; Gös; Lake; Mört; Nors; Ruda; Sarv; Siklöja; Sutare; Ål,fiskekartan; slu_provfiske; gbif,
835,Botungens fvof,Värmland,12,Abborre; Benlöja; Björkna; Braxen; Bäcknejonöga; Elritsa; Gädda; Gärs; Mört; Nejonöga; Simpa; Öring,fiskekartan; slu_provfiske,
194,Boxen och Kolsjöns fvof,Jönköping,11,Abborre; Elritsa; Gädda; Lake; Mört; Ruda; Sarv; Signalkräfta; Sutare; Ål; Öring,fiskekartan; slu_provfiske,
1407,Boxholm-Öringe fvof,Östergötland,12,Abborre; Benlöja; Bergsimpa; Elritsa; Färna; Gädda; Lake; Mört; Sarv; Signalkräfta; Sutare; Öring,fiskekartan; slu_provfiske,
1095,Brattens fvof,Västerbotten,12,Abborre; Bäcknejonöga; Elritsa; Gädda; Harr; Lake; Mört; Röding; Sik; Stensimpa; Stäm; Öring,fiskekartan; slu_provfiske,
1124,Brattsbacka-Långvattnets fvof,Västerbotten,9,Abborre; Bäcknejonöga; Gädda; Lake; Mört; Nejonöga; Regnbåge; Siklöja; Öring,fiskekartan; slu_provfiske,
325,Bredarydsortens fvof,Jönköping,17,Abborre; Benlöja; Bergsimpa; Braxen; Flodkräfta; Gädda; Gärs; Gös; Lake; Mört; Regnbåge; Röding; Signalkräfta; Sik; Siklöja; Sutare; Ål,fiskekartan; slu_provfiske; gbif,
2107,Bredfjällets fvof,Västra Götaland,4,Abborre; Gädda; Ål; Öring,slu_provfiske,
1051,Bredträsk fvof,Västerbotten,10,Abborre; Gädda; Lake; Mört; Nejonöga; Regnbåge; Röding; Simpa; Stensimpa; Öring,fiskekartan; slu_provfiske,
648,Bredträskets fvof,Norrbotten,0,,,
919,Bredvistens fvof,Värmland,12,Abborre; Benlöja; Björkna; Braxen; Elritsa; Gädda; Lake; Mört; Nors; Ruda; Ål; Öring,slu_provfiske; gbif,www.vattenagarna.se/varmlands-lans-fiskevardsforbund/?o=717
2218,Broby Genastorps fvof,Skåne,19,Abborre; Benlöja; Björkna; Braxen; Faren; Färna; Grönling; Gädda; Gärs; Gös; Karp; Lake; Mal; Mört; Ruda; Sandkrypare; Sarv; Ål; Öring,fiskekartan; slu_provfiske,www.b-gfvo.se/
213,Bruzaåns Mellersta fvof,Jönköping,1,Gädda,gbif,
563,Bräkentorpasjöns fvof,Kronoberg,8,Abborre; Benlöja; Björkna; Braxen; Gädda; Gärs; Id; Mört,fiskekartan; slu_provfiske,
1811,Bräkne-Hoby norra fvof,Blekinge,17,Abborre; Benlöja; Braxen; Bäcknejonöga; Elritsa; Gädda; Gärs; Havsöring; Lake; Lax; Mört; Nejonöga; Ruda; Signalkräfta; Sutare; Ål; Öring,fiskekartan; slu_provfiske,www.vattenagarna.se/blekinge-lans-radslagsgrupp/?o=307
342,Brännerisjöns fvof,Jönköping,5,Abborre; Gädda; Mört; Ruda; Sutare,fiskekartan,
1841,Buasjöns fvof,Västra Götaland,8,Abborre; Gädda; Mört; Regnbåge; Siklöja; Sutare; Ål; Öring,fiskekartan; slu_provfiske; gbif,
1972,Bullarens fvof,Västra Götaland,19,Abborre; Benlöja; Braxen; Bäcknejonöga; Elritsa; Gädda; Lake; Lax; Lax_Öring_Hybrid; Mört; Nejonöga; Nors; Regnbåge; Sarv; Sik; Siklöja; Sutare; Ål; Öring,slu_provfiske,www.vattenagarna.se/fiskevattenagarna-i-vastra-sverige/?o=661
1448,Bulsjöåns fvof,Östergötland,15,Abborre; Benlöja; Bergsimpa; Bäckröding; Elritsa; Gädda; Gärs; Karpfisk obestämd; Lake; Mört; Signalkräfta; Sutare; Vimma; Ål; Öring,fiskekartan; slu_provfiske,www.vattenagarna.se/ostergotlands-lans-fiskevattenagareforbund/?o=103
1114,Bure-Kåtalidens fvof,Västerbotten,7,Abborre; Elritsa; Gädda; Harr; Lake; Sik; Öring,slu_provfiske,
1127,Bureälvens nedre fvof,Västerbotten,23,Abborre; Benlöja; Braxen; Bäcknejonöga; Bäckröding; Elritsa; Flodnejonöga; Gädda; Gärs; Gös; Harr; Havsöring; Id; Lake; Lax; Mört; No; Nors; Sik; Siklöja; Simpa; Stensimpa; Öring,fiskekartan; slu_provfiske,burealven.se/
1109,Bureälvens övre fvof,Västerbotten,19,Abborre; Benlöja; Björkna; Braxen; Bäcknejonöga; Bäckröding; Elritsa; Gädda; Gärs; Gös; Harr; Lake; Mört; Nejonöga; Nors; Siklöja; Simpa; Stensimpa; Öring,slu_provfiske,
862,Busjöns fvof,Värmland,14,Abborre; Benlöja; Björkna; Braxen; Bäcknejonöga; Gädda; Gärs; Gös; Lake; Mört; Nors; Sarv; Siklöja; Öring,slu_provfiske,
1837,Buttorp-Ljungafors fvof,Västra Götaland,14,Abborre; Benlöja; Bergsimpa; Braxen; Bäckröding; Elritsa; Flodkräfta; Gädda; Lake; Mört; Signalkräfta; Sutare; Ål; Öring,fiskekartan; slu_provfiske,www.vattenagarna.se/sodra-alvsborgs-fiskevattenagareforbund/?o=436
1789,By fvof,Dalarna,18,Abborre; Asp; Benlöja; Björkna; Braxen; Gädda; Gärs; Gös; Harr; Id; Lake; Mört; Regnbåge; Sarv; Stensimpa; Sutare; Ål; Öring,fiskekartan; slu_provfiske,
383,Byasjöns fvof,Jönköping,4,Abborre; Gädda; Mört; Ål,fiskekartan; slu_provfiske,
332,Byestad-Flugeby fvof,Jönköping,6,Bergsimpa; Elritsa; Gädda; Lake; Signalkräfta; Öring,slu_provfiske,
754,Byholma fvof,Stockholm,3,Abborre; Mört; Öring,gbif,
1486,Byngarens fvof,Östergötland,10,Abborre; Benlöja; Björkna; Braxen; Gädda; Gärs; Lake; Mört; Sutare; Ål,gbif,
395,Bysjön-Malmingens fvof,Kalmar,7,Abborre; Gädda; Gös; Lake; Mört; Sarv; Siklöja,fiskekartan,
896,Bysjöns fvof,Värmland,16,Abborre; Benlöja; Braxen; Flodkräfta; Gädda; Gärs; Gös; Lake; Lax; Mört; Nors; Signalkräfta; Siklöja; Sutare; Ål; Öring,slu_provfiske; gbif,
647,Byske älvs övre fvof,Norrbotten,11,Abborre; Elritsa; Gädda; Harr; Lake; Lax; Mört; Simpa; Stensimpa; Stäm; Öring,slu_provfiske,
1104,Byskeälvens fvof,Västerbotten,28,Abborre; Benlöja; Braxen; Bäcknejonöga; Bäckröding; Elritsa; Flodkräfta; Flodnejonöga; Gädda; Gärs; Harr; Havsöring; Id; Kräfta obestämd; Lake; Lax; Lax_Öring_Hybrid; Mört; Nejonöga; Regnbåge; Röding; Sik; Simpa; Spigg obestämd; Stensimpa; Storspigg; Stäm; Öring,fiskekartan; slu_provfiske,byskealven.se/
1016,Byssträsk-Nylidens fvof,Västerbotten,10,Abborre; Bäckröding; Gädda; Harr; Lake; Mört; Regnbåge; Röding; Stensimpa; Öring,gbif,
323,Bäckabyortens fvof,Jönköping,7,Abborre; Bergsimpa; Gädda; Lake; Mört; Sik; Siklöja,fiskekartan; slu_provfiske,
993,Bäckarforsen och Trollforsarnas fvof,Västerbotten,20,Abborre; Bäcknejonöga; Bäckröding; Elritsa; Gädda; Gärs; Harr; Havsöring; Lake; Lax; Mört; Nejonöga; Röding; Sik; Siklöja; Simpa; Småspigg; Stensimpa; Stäm; Öring,fiskekartan; slu_provfiske,
1712,Bälgsjöns fvof,Örebro,8,Abborre; Bäcknejonöga; Gädda; Gärs; Kräfta obestämd; Mört; Siklöja; Öring,slu_provfiske,
2202,Bälingesjöns fvof,Skåne,11,Abborre; Braxen; Gädda; Gös; Id; Karp; Mört; Regnbåge; Sarv; Sutare; Ål,fiskekartan,balingesjon.se/
438,Bällsjöns fvof,Kalmar,1,Sutare,gbif,
1778,Bäsingens fvof,Dalarna,18,Abborre; Benlöja; Björkna; Braxen; Gädda; Gärs; Gös; Harr; Id; Lake; Mört; Ruda; Sarv; Sik; Siklöja; Sutare; Vimma; Ål,fiskekartan; slu_provfiske,
1093,Bäskåns fvof,Västerbotten,8,Abborre; Elritsa; Gädda; Harr; Lake; Simpa; Stensimpa; Öring,fiskekartan; slu_provfiske,
969,Bäverkärns fvof,Värmland,12,Abborre; Björkna; Braxen; Bäcknejonöga; Gädda; Gärs; Gös; Lake; Mört; Ruda; Sarv; Sutare,fiskekartan,
1903,Bäveån-Risåns fvof,Västra Götaland,26,Abborre; Benlöja; Björkna; Braxen; Bäcknejonöga; Elritsa; Flodkräfta; Flodnejonöga; Gädda; Gärs; Gös; Id; Karp; Kräfta obestämd; Lake; Lax; Mört; Nors; Ruda; Röding; Sarv; Signalkräfta; Siklöja; Sutare; Ål; Öring,slu_provfiske; gbif,
2101,Bäveåns nedre fvof,Västra Götaland,15,Abborre; Benlöja; Bäcknejonöga; Elritsa; Flodnejonöga; Gädda; Gärs; Lake; Lax; Mört; Sandstubb; Skrubbskädda; Spigg obestämd; Ål; Öring,slu_provfiske,
1286,Bålsjöns fvof,Västernorrland,10,Abborre; Bäcknejonöga; Gädda; Gärs; Lake; Mört; Nors; Stensimpa; Ål; Öring,slu_provfiske; gbif,
374,Båraryds fvof,Jönköping,12,Abborre; Braxen; Bäcknejonöga; Flodkräfta; Gädda; Lake; Mört; Signalkräfta; Siklöja; Sutare; Ål; Öring,fiskekartan; slu_provfiske,
1289,Bölens fvof,Västernorrland,4,Braxen; Gädda; Mört; Öring,gbif,
1933,Böljesjöns fvof,Västra Götaland,5,Abborre; Bäckröding; Mört; Regnbåge; Öring,gbif,www.abborresjon.se
1586,Börtnans fvof,Jämtland,8,Abborre; Bergsimpa; Elritsa; Harr; Lake; Simpa; Stensimpa; Öring,slu_provfiske; gbif,
136,Centralhalländska  fvof,Halland,12,Abborre; Braxen; Gädda; Gärs; Gös; Mört; Nors; Regnbåge; Sarv; Siklöja; Sutare; Ål,fiskekartan; slu_provfiske,www.vattenagarna.se/hallands-lans-radslagsgrupp/?o=857
434,Dackebosjöns m.fl sjöars fvof,Kalmar,12,Abborre; Benlöja; Björkna; Braxen; Gädda; Gärs; Id; Lake; Mört; Sarv; Sutare; Ål,fiskekartan; slu_provfiske; gbif,
1381,Dagarns fvof,Västmanland,11,Abborre; Benlöja; Elritsa; Gädda; Gärs; Lake; Mört; Sarv; Siklöja; Ål; Öring,slu_provfiske; gbif,
2186,Dagstorpssjöns fvof,Skåne,7,Abborre; Björkna; Braxen; Gädda; Mört; Sarv; Sutare,slu_provfiske; gbif,
866,Dalby fvof,Värmland,0,,,www.vattenagarna.se/varmlands-lans-fiskevardsforbund/?o=729
1915,Dalstorpasjöns fvof,Västra Götaland,13,Abborre; Benlöja; Bergsimpa; Braxen; Bäckröding; Elritsa; Gädda; Gös; Lake; Mört; Regnbåge; Ål; Öring,fiskekartan; slu_provfiske; gbif,
1791,Dalälvens fvof,Dalarna,11,Abborre; Bäcknejonöga; Elritsa; Gädda; Harr; Lake; Signalkräfta; Sik; Stensimpa; Stäm; Öring,fiskekartan; slu_provfiske; extern_fvof,dalalvensfvo.se/
1620,Dammåns fvof,Jämtland,10,Abborre; Bergsimpa; Bäckröding; Elritsa; Gädda; Harr; Lake; Mört; Simpa; Öring,slu_provfiske; extern_fvof,dammån.se
542,Dansjö-Furens fvof,Kronoberg,13,Abborre; Benlöja; Björkna; Braxen; Gädda; Gärs; Gös; Lake; Mört; Ruda; Sarv; Sutare; Ål,fiskekartan; slu_provfiske,www.vattenagarna.se/kronobergs-lans-fiskevattenagareforbund/?o=154
228,Davidstorpasjöns fvof,Jönköping,11,Abborre; Benlöja; Braxen; Elritsa; Gädda; Lake; Mört; Signalkräfta; Sik; Siklöja; Sutare,fiskekartan; slu_provfiske,www.vattenagarna.se/jonkopings-lans-fiskevattenagareforbund/?o=244
859,Dejeforsens fvof,Värmland,9,Abborre; Braxen; Gädda; Gärs; Lake; Mört; Ruda; Stäm; Sutare,slu_provfiske; gbif,
35,Dellenbygdens fvof,Gävleborg,34,Abborre; Benlöja; Bergsimpa; Braxen; Bäcknejonöga; Bäckröding; Elritsa; Flodkräfta; Flodnejonöga; Färna; Gädda; Gärs; Gös; Harr; Id; Kanadaröding; Kräfta obestämd; Lake; Lax; Mört; Nejonöga; Nors; Regnbåge; Ruda; Röding; Signalkräfta; Sik; Siklöja; Simpa; Stensimpa; Stäm; Sutare; Ål; Öring,fiskekartan; slu_provfiske; gbif,dellenbygdens-fvo.se
1647,Digerlemmarnas fvof,Jämtland,10,Abborre; Bäcknejonöga; Elritsa; Gädda; Lake; Mört; Röding; Stensimpa; Ål; Öring,slu_provfiske; gbif,
793,Djulösjön m fl Sjöars fvof,Södermanland,14,Abborre; Benlöja; Björkna; Braxen; Gädda; Gärs; Gös; Lake; Mört; Nissöga; Nors; Ruda; Sutare; Ål,gbif,
1036,Djupselsforsens fvof,Västerbotten,12,Abborre; Benlöja; Bäcknejonöga; Elritsa; Gädda; Harr; Lake; Lax; Lax_Öring_Hybrid; Mört; Stäm; Öring,slu_provfiske,
460,Djursbo-Sjöarps fvof,Kalmar,0,,,
1247,Dockstaåns fvof,Västernorrland,19,Abborre; Benlöja; Bäcknejonöga; Bäckröding; Elritsa; Flodkräfta; Flodnejonöga; Gädda; Gärs; Lake; Mört; Nejonöga; Nors; Röding; Siklöja; Simpa; Spigg obestämd; Stensimpa; Öring,fiskekartan; slu_provfiske,www.dockstafiske.com
1617,Dragans fvof,Jämtland,6,Bergsimpa; Elritsa; Röding; Simpa; Stensimpa; Öring,slu_provfiske,www.vattenagarna.se/jamtlands-lans-fiskevattenagareforbund/?o=792
1624,Dravsjöns fvof,Jämtland,5,Abborre; Gädda; Harr; Mört; Sik,fiskekartan,
489,Drevsjön-Övrasjös fvof,Kronoberg,15,Abborre; Benlöja; Bergsimpa; Björkna; Braxen; Gädda; Kräfta obestämd; Lake; Mört; Signalkräfta; Sik; Siklöja; Simpa; Sutare; Öring,slu_provfiske,
1024,Drängsmarks fvof,Västerbotten,18,Abborre; Braxen; Bäcknejonöga; Bäckröding; Elritsa; Flodkräfta; Gädda; Gärs; Harr; Lake; Lax; Mört; Regnbåge; Simpa; Stensimpa; Stäm; Ål; Öring,fiskekartan; slu_provfiske; gbif,
1433,Drögens fvof,Östergötland,14,Abborre; Benlöja; Braxen; Gädda; Gös; Lake; Mört; Nors; Röding; Sik; Siklöja; Sutare; Ål; Öring,fiskekartan; slu_provfiske; gbif,
1501,Duveds fvof,Jämtland,6,Bäckröding; Elritsa; Lake; Regnbåge; Röding; Öring,fiskekartan; slu_provfiske; gbif,fiskaiduved.se
253,Eckerns fvof,Jönköping,7,Abborre; Gädda; Gärs; Gös; Lake; Mört; Sutare,fiskekartan; slu_provfiske,
828,Edasjöns fvof,Uppsala,8,Abborre; Benlöja; Björkna; Braxen; Gädda; Gärs; Mört; Sarv,slu_provfiske,
1284,Ede fvof,Västernorrland,8,Abborre; Bäcknejonöga; Flodkräfta; Gädda; Mört; Nejonöga; Stensimpa; Öring,slu_provfiske,
1678,Ede-Grenås fvof,Jämtland,8,Abborre; Elritsa; Gädda; Id; Lake; Mört; Sik; Stäm,slu_provfiske,
1277,Eds fvof,Västernorrland,8,Elritsa; Gädda; Karpfisk obestämd; Lake; Lax; Mört; Stensimpa; Öring,slu_provfiske,
2119,Edslans fvof,Västra Götaland,19,Abborre; Benlöja; Bäcknejonöga; Bäckröding; Elritsa; Gädda; Gärs; Hornsimpa; Lake; Mört; Nors; Regnbåge; Röding; Sik; Siklöja; Stensimpa; Vimma; Ål; Öring,fiskekartan; slu_provfiske; gbif,
278,Ekelsjös fvof,Jönköping,5,Abborre; Gädda; Lake; Mört; Sutare,fiskekartan,
326,Ekenässjöns fvof,Jönköping,10,Abborre; Björkna; Braxen; Gädda; Gös; Lake; Mört; Ruda; Sarv; Sutare,fiskekartan; slu_provfiske,
256,Ekhultasjöarnas fvof,Jönköping,12,Abborre; Braxen; Bäcknejonöga; Flodkräfta; Gädda; Lake; Mört; Sik; Siklöja; Sutare; Ål; Öring,fiskekartan; slu_provfiske; gbif,
1110,Ekorrsjö-Ekorrträsk fvof,Västerbotten,11,Abborre; Gädda; Gärs; Harr; Lake; Mört; Nejonöga; Röding; Siklöja; Stensimpa; Öring,slu_provfiske,
387,Eksjöortens fvof,Jönköping,12,Abborre; Benlöja; Braxen; Gädda; Karp; Lake; Mört; Regnbåge; Sarv; Signalkräfta; Sutare; Öring,fiskekartan; slu_provfiske,
2044,Ellenösjön - Östersjöns fvof,Västra Götaland,21,Abborre; Benlöja; Björkna; Braxen; Elritsa; Gädda; Gärs; Gös; Id; Lake; Mört; Nors; Regnbåge; Ruda; Röding; Sarv; Sik; Siklöja; Sutare; Ål; Öring,fiskekartan; slu_provfiske; gbif,
426,Elmarens fvof,Kalmar,5,Abborre; Braxen; Gädda; Gös; Sutare,fiskekartan,
886,Emsen och Lillsjöns fvof,Värmland,12,Abborre; Björkna; Braxen; Gädda; Gärs; Gös; Mört; Ruda; Sarv; Sutare; Ål; Öring,fiskekartan; slu_provfiske,www.vattenagarna.se/varmlands-lans-fiskevardsforbund/?o=162
2124,Emten-Flämsjöns fvof,Västra Götaland,5,Abborre; Braxen; Gädda; Mört; Sutare,fiskekartan,
403,Emåns fvof,Kalmar,12,Abborre; Benlöja; Bergsimpa; Braxen; Färna; Gärs; Lake; Mal; Mört; Sarv; Sutare; Öring,slu_provfiske,
1876,Enhangens fvof,Västra Götaland,6,Abborre; Braxen; Gädda; Lake; Mört; Ål,gbif,
2005,Eningens fvof,Västra Götaland,6,Abborre; Braxen; Gädda; Mört; Sutare; Ål,fiskekartan,
1760,Envikens fvof,Dalarna,22,Abborre; Benlöja; Braxen; Bäcknejonöga; Bäckröding; Elritsa; Flodnejonöga; Gädda; Gärs; Harr; Id; Lake; Mört; Nors; Regnbåge; Ruda; Signalkräfta; Sik; Siklöja; Simpa; Stensimpa; Öring,fiskekartan; slu_provfiske,
54,Enångers fvof,Gävleborg,22,Abborre; Benlöja; Bäcknejonöga; Bäckröding; Elritsa; Flodkräfta; Flodnejonöga; Gädda; Gärs; Harr; Lake; Mört; Nejonöga; Nors; Röding; Sik; Siklöja; Simpa; Småspigg; Stensimpa; Storspigg; Öring,slu_provfiske,
755,Erkens fvof,Stockholm,17,Abborre; Benlöja; Björkna; Braxen; Gädda; Gärs; Gös; Lake; Mört; Nors; Ruda; Sarv; Signalkräfta; Småspigg; Stensimpa; Sutare; Ål,slu_provfiske; gbif,
2118,Erve-Ränns fvof,Västra Götaland,9,Abborre; Bäckröding; Elritsa; Gädda; Gärs; Mört; Nors; Siklöja; Ål,slu_provfiske; gbif,
184,Eseredssjöns fvof,Halland,6,Abborre; Björkna; Braxen; Gädda; Mört; Ål,slu_provfiske,
1041,Estersmarks fvof,Västerbotten,9,Abborre; Gädda; Harr; Lake; Mört; Regnbåge; Ruda; Röding; Öring,slu_provfiske; gbif,
566,Exens fvof,Kronoberg,8,Abborre; Benlöja; Braxen; Gädda; Gärs; Gös; Mört; Siklöja,slu_provfiske,www.exensfvof.se/
2268,Fagerhultasjön-Vrången fvof,Jönköping,9,Abborre; Elritsa; Flodkräfta; Gädda; Mört; Sik; Siklöja; Sutare; Öring,fiskekartan; slu_provfiske,
1018,Falträsk fvof,Västerbotten,11,Abborre; Benlöja; Bäcknejonöga; Gädda; Gärs; Lake; Mört; Sik; Siklöja; Stensimpa; Öring,slu_provfiske,
1812,Farabols fvof,Blekinge,7,Abborre; Braxen; Flodkräfta; Gädda; Gös; Mört; Sutare,fiskekartan; slu_provfiske,
2198,Farlångens fvof,Skåne,9,Abborre; Benlöja; Braxen; Gädda; Gärs; Gös; Mört; Sarv; Sutare,fiskekartan; slu_provfiske,
1659,Faxebygdens fvof,Jämtland,10,Abborre; Bäckröding; Elritsa; Gädda; Harr; Lake; Mört; Sik; Stensimpa; Öring,fiskekartan; slu_provfiske; gbif,
2108,Fegens fvof,Västra Götaland,15,Abborre; Benlöja; Bergsimpa; Björkna; Braxen; Gädda; Gärs; Gös; Lake; Mört; Sarv; Sik; Siklöja; Sutare; Ål,fiskekartan; slu_provfiske,fegenfiske.se/
540,Femlingen-Grytens fvof,Kronoberg,14,Abborre; Benlöja; Björkna; Braxen; Flodkräfta; Gädda; Gärs; Gös; Lake; Mört; Sarv; Sik; Sutare; Ål,slu_provfiske; gbif,
1966,Fillingsjöns fvof,Västra Götaland,13,Abborre; Benlöja; Bergsimpa; Braxen; Elritsa; Flodkräfta; Gädda; Gärs; Lake; Mört; Nors; Sutare; Öring,fiskekartan; slu_provfiske,
2201,Finjasjöns fvof,Skåne,19,Abborre; Benlöja; Björkna; Braxen; Bäcknejonöga; Gädda; Gärs; Gös; Karp; Lake; Mört; Regnbåge; Ruda; Sandkrypare; Sarv; Signalkräfta; Sutare; Ål; Öring,fiskekartan; slu_provfiske; gbif,
46,Finnmarkens fvof,Gävleborg,11,Abborre; Bäckröding; Elritsa; Gädda; Harr; Lake; Sik; Siklöja; Simpa; Stensimpa; Öring,slu_provfiske,www.finnmarken.info
809,Finnsjöns m fl sjöars fvof,Uppsala,11,Abborre; Björkna; Braxen; Färna; Gädda; Gärs; Gös; Lake; Mört; Sarv; Sutare,fiskekartan; slu_provfiske,www.vattenagarna.se/stockholms-och-uppsala-lan/?o=998
614,Fiskestadssjöns fvof,Kronoberg,8,Abborre; Benlöja; Braxen; Gädda; Lake; Mört; Sarv; Sutare,slu_provfiske,
1793,Fjägeråsens fvof,Dalarna,6,Abborre; Flodkräfta; Gädda; Lake; Mört; Ål,slu_provfiske; gbif,
1657,Fjällsjö fvof,Jämtland,16,Abborre; Benlöja; Braxen; Gädda; Gärs; Harr; Id; Lake; Lax; Mört; Nors; Röding; Sik; Siklöja; Stäm; Öring,gbif,
921,Fjällsjön-Öjenässjöns fvof,Värmland,20,Abborre; Benlöja; Björkna; Braxen; Bäcknejonöga; Elritsa; Flodkräfta; Gädda; Gärs; Lake; Lax; Mört; Nejonöga; Nors; Sarv; Siklöja; Stäm; Sutare; Ål; Öring,fiskekartan; slu_provfiske; gbif,
1241,Fjällsjöälvens fvof,Västernorrland,13,Abborre; Benlöja; Bäcknejonöga; Bäckröding; Elritsa; Gädda; Harr; Lake; Lax; Mört; Röding; Stensimpa; Öring,slu_provfiske; gbif,
63,Fjärdens fvof,Gävleborg,12,Abborre; Benlöja; Björkna; Braxen; Gädda; Gärs; Gös; Lake; Mört; Sarv; Simpa; Stensimpa,fiskekartan; slu_provfiske,
223,Flagens fvof,Jönköping,5,Abborre; Gädda; Mört; Ruda; Sutare,fiskekartan,
837,Flagornas fvof,Värmland,28,Abborre; Benlöja; Björkna; Braxen; Bäcknejonöga; Bäckröding; Elritsa; Flodkräfta; Gädda; Gärs; Gös; Id; Lake; Lax; Mört; Nors; Regnbåge; Ruda; Sarv; Sik; Siklöja; Simpa; Småspigg; Stensimpa; Storspigg; Sutare; Ål; Öring,slu_provfiske; gbif,www.vattenagarna.se/varmlands-lans-fiskevardsforbund/?o=390
457,Flaten m.fl sjöars fvof,Kalmar,5,Abborre; Gädda; Gös; Lake; Mört,fiskekartan; slu_provfiske,flatenfiske.se/
287,Flatens och Mosjöns fvof,Jönköping,13,Abborre; Benlöja; Braxen; Bäcknejonöga; Gädda; Gärs; Lake; Mört; Signalkräfta; Siklöja; Sutare; Ål; Öring,fiskekartan; slu_provfiske,
267,Flens fvof,Jönköping,15,Abborre; Braxen; Elritsa; Färna; Gädda; Gös; Lake; Mört; Sarv; Signalkräfta; Sik; Siklöja; Småspigg; Sutare; Öring,fiskekartan; slu_provfiske,
1836,Flians fvof,Västra Götaland,20,Abborre; Asp; Benlöja; Braxen; Elritsa; Färna; Gädda; Gärs; Karpfisk obestämd; Lake; Mört; Nejonöga; Regnbåge; Ruda; Signalkräfta; Småspigg; Stensimpa; Sutare; Ål; Öring,slu_provfiske; gbif,
2073,Flians mellersta fvof,Västra Götaland,9,Abborre; Benlöja; Färna; Gädda; Lake; Mört; Signalkräfta; Stensimpa; Öring,slu_provfiske,
1957,Flians övre fvof,Västra Götaland,10,Abborre; Färna; Gädda; Gärs; Id; Lake; Mört; Ruda; Sarv; Sutare,fiskekartan; slu_provfiske,
352,Flisbysjöns fvof,Jönköping,9,Abborre; Benlöja; Braxen; Gärs; Gös; Lake; Mört; Sarv; Sutare,fiskekartan; slu_provfiske,www.vattenagarna.se/jonkopings-lans-fiskevattenagareforbund/?o=900
1745,Floda-Björbo fvof,Dalarna,20,Abborre; Benlöja; Bergsimpa; Braxen; Bäcknejonöga; Bäckröding; Elritsa; Gädda; Gärs; Harr; Id; Kräfta obestämd; Lake; Mört; Ruda; Röding; Sik; Sikl; Stensimpa; Öring,fiskekartan; slu_provfiske,flodafiske.se/
1494,Flors fvof,Jämtland,10,Abborre; Gädda; Gös; Harr; Lake; Mört; Regnbåge; Röding; Sik; Öring,fiskekartan,
547,Flyxens fvof,Kronoberg,4,Abborre; Gädda; Gärs; Mört,slu_provfiske,
1394,Fläcksjöns fvof,Västmanland,11,Abborre; Benlöja; Björkna; Braxen; Gädda; Gärs; Lake; Mört; Ruda; Sarv; Sutare,fiskekartan; slu_provfiske,
1316,Flärke-Husåns fvof,Västernorrland,12,Abborre; Bäcknejonöga; Gädda; Gärs; Lake; Mört; Nors; Sik; Siklöja; Simpa; Stensimpa; Öring,slu_provfiske,
545,Flårens fvof,Kronoberg,17,Abborre; Benlöja; Braxen; Gädda; Gärs; Gös; Karp; Lake; Lax; Mört; Röding; Sarv; Sik; Siklöja; Sutare; Ål; Öring,fiskekartan; slu_provfiske; gbif,
1681,Flåsjöns fvof,Jämtland,14,Abborre; Bergsimpa; Bäcknejonöga; Elritsa; Gädda; Harr; Id; Lake; Mört; Röding; Sik; Simpa; Stensimpa; Öring,fiskekartan; slu_provfiske,www.vattenagarna.se/jamtlands-lans-fiskevattenagareforbund/?o=219
357,Flögens fvof,Jönköping,10,Abborre; Bergsimpa; Braxen; Gädda; Gös; Lake; Mört; Sarv; Sutare; Öring,fiskekartan; slu_provfiske,
407,Fornamåla fvof,Kalmar,6,Abborre; Braxen; Gädda; Mört; Ruda; Sutare,fiskekartan; slu_provfiske,
93,Forsa fvof,Gävleborg,29,Abborre; Benlöja; Braxen; Bäcknejonöga; Bäckröding; Elritsa; Flodnejonöga; Gädda; Gärs; Harr; Id; Lake; Lax; Mört; Nejonöga; Nors; Regnbåge; Ruda; Röding; Signalkräfta; Sik; Siklöja; Simpa; Småspigg; Stensimpa; Storspigg; Stäm; Ål; Öring,slu_provfiske; gbif,
2021,Forsa-Veka fvof,Västra Götaland,5,Abborre; Lake; Mört; Signalkräfta; Öring,slu_provfiske,
1282,Forseds fvof,Västernorrland,9,Abborre; Benlöja; Gädda; Gärs; Lake; Mört; Nors; Stensimpa; Öring,slu_provfiske,
365,Forserumsortens fvof,Jönköping,14,Abborre; Bergsimpa; Braxen; Bäckröding; Gädda; Gärs; Lake; Mört; Röding; Sarv; Signalkräfta; Sik; Siklöja; Sutare,fiskekartan; slu_provfiske,www.vattenagarna.se/jonkopings-lans-fiskevattenagareforbund/?o=871
882,Forshagaforsens fvof,Värmland,9,Abborre; Benlöja; Flodnejonöga; Lake; Lax; Nissöga; Simpa; Stensimpa; Ål,slu_provfiske; gbif,
1118,Forsholm-Siksele fvof,Västerbotten,8,Abborre; Bäcknejonöga; Gädda; Gärs; Lake; Mört; Stensimpa; Öring,slu_provfiske,
924,Foxens fvof,Värmland,26,Abborre; Benlöja; Bergsimpa; Björkna; Braxen; Bäcknejonöga; Elritsa; Flodkräfta; Gädda; Gärs; Id; Lake; Lax; Mört; Nejonöga; Nors; Regnbåge; Ruda; Sarv; Signalkräfta; Sik; Siklöja; Stensimpa; Storspigg; Ål; Öring,fiskekartan; slu_provfiske; gbif,www.vattenagarna.se/varmlands-lans-fiskevardsforbund/?o=750
233,Fredriksdalasjöns fvof,Jönköping,7,Abborre; Gädda; Gös; Lake; Mört; Sik; Sutare,fiskekartan; slu_provfiske,www.vattenagarna.se/jonkopings-lans-fiskevattenagareforbund/?o=246
2076,Fridene fvof,Västra Götaland,0,,,
2155,Frisjöns fvof,Västra Götaland,15,Abborre; Braxen; Elritsa; Gädda; Gärs; Gös; Lake; Mört; Nors; Signalkräfta; Sik; Siklöja; Sutare; Ål; Öring,fiskekartan; slu_provfiske,www.vattenagarna.se/sodra-alvsborgs-fiskevattenagareforbund/?o=519
398,Frisksjön-Vendelns fvof,Kalmar,9,Abborre; Björkna; Braxen; Gädda; Gärs; Mört; Ruda; Sarv; Sutare,slu_provfiske,
235,Frissjöns fvof,Jönköping,7,Abborre; Braxen; Gädda; Lake; Mört; Sik; Sutare,fiskekartan; slu_provfiske,
260,Fryeleortens fvof,Jönköping,10,Abborre; Braxen; Gädda; Gärs; Gös; Lake; Mört; Ruda; Sutare; Ål,fiskekartan; slu_provfiske,
887,Frykens fvof,Värmland,24,Abborre; Benlöja; Bergsimpa; Björkna; Braxen; Bäcknejonöga; Elritsa; Flodkräfta; Gädda; Gärs; Gös; Id; Lake; Mört; Nejonöga; Nors; Regnbåge; Sarv; Signalkräfta; Sik; Simpa; Stensimpa; Stäm; Öring,fiskekartan; slu_provfiske,
1935,Fräckestadsåns fvof,Västra Götaland,12,Abborre; Braxen; Bäcknejonöga; Gädda; Gös; Lake; Mört; Nejonöga; Sarv; Signalkräfta; Sutare; Öring,fiskekartan; slu_provfiske,
539,Frösjön-Trehörnasjöns fvof,Kronoberg,9,Abborre; Benlöja; Björkna; Braxen; Gädda; Gärs; Mört; Sarv; Sutare,slu_provfiske,
1492,Fröåtjärns fvof,Jämtland,3,Bäckröding; Regnbåge; Röding,gbif,
462,Fullbosjöns fvof,Kalmar,12,Abborre; Benlöja; Björkna; Braxen; Gädda; Gärs; Mört; Nissöga; Nors; Ruda; Sarv; Sutare,fiskekartan; slu_provfiske,
1606,Fullsjöns fvof,Jämtland,6,Abborre; Lake; Regnbåge; Röding; Sik; Öring,fiskekartan,
238,Furens fvof,Jönköping,14,Abborre; Benlöja; Braxen; Gädda; Gärs; Gös; Lake; Mört; Sarv; Sik; Siklöja; Sutare; Ål; Öring,fiskekartan; slu_provfiske; extern_fvof,www.furen.se/
370,Furusjöns fvof,Jönköping,5,Abborre; Gädda; Lake; Mört; Sutare,fiskekartan; slu_provfiske,
746,Furusunds fvof,Stockholm,9,Abborre; Benlöja; Elritsa; Gädda; Gärs; Mört; Sarv; Småspigg; Storspigg,slu_provfiske; gbif,
159,Fylleåns fvof,Halland,17,Abborre; Bäcknejonöga; Elritsa; Gädda; Havsnejonöga; Havsöring; Lake; Lax; Lax_Öring_Hybrid; Mört; Nejonöga; Signalkräfta; Skrubbskädda; Småspigg; Storspigg; Ål; Öring,fiskekartan; slu_provfiske,
814,Fyrisåns fvof,Uppsala,18,Abborre; Benlöja; Björkna; Braxen; Gädda; Gärs; Id; Lake; Mört; Nejonöga; Nissöga; Sarv; Signalkräfta; Småspigg; Stensimpa; Sutare; Ål; Öring,slu_provfiske,
188,Fägrida-Eckersholms fvof,Jönköping,11,Abborre; Braxen; Flodkräfta; Gädda; Gärs; Lake; Mört; Signalkräfta; Sutare; Ål; Öring,fiskekartan; slu_provfiske,
817,Fälarens fvof,Uppsala,7,Abborre; Björkna; Braxen; Gärs; Mört; Sarv; Sutare,slu_provfiske,
168,Färda-Kroksjöns fvof,Halland,9,Abborre; Björkna; Braxen; Gädda; Gärs; Lake; Mört; Sutare; Ål,slu_provfiske,
123,Färgensjöarnas fvof,Halland,15,Abborre; Benlöja; Björkna; Braxen; Bäcknejonöga; Gädda; Gärs; Gös; Lake; Mört; Signalkräfta; Sik; Siklöja; Sutare; Ål,fiskekartan; slu_provfiske,fargensjoarna.se/
2049,Färgensjöarnas fvof,Västra Götaland,16,Abborre; Braxen; Bäcknejonöga; Elritsa; Flodkräfta; Gädda; Gärs; Kräfta obestämd; Lake; Mört; Nejonöga; Nors; Signalkräfta; Siklöja; Ål; Öring,fiskekartan; slu_provfiske,www.vattenagarna.se/fiskevattenagarna-i-vastra-sverige/?o=318
28,Färila fvof,Gävleborg,23,Abborre; Benlöja; Braxen; Bäcknejonöga; Bäckröding; Elritsa; Flodkräfta; Gädda; Gös; Harr; Id; Kräfta obestämd; Lake; Mört; Nejonöga; Regnbåge; Ruda; Röding; Sik; Simpa; Stensimpa; Stäm; Öring,fiskekartan; slu_provfiske; extern_fvof,www.farilafiske.se
98,Färnebofjärdens fvof,Gävleborg,25,Abborre; Benlöja; Björkna; Braxen; Bäckröding; Elritsa; Gädda; Gärs; Gös; Harr; Id; Lake; Lax; Mört; Nors; Regnbåge; Ruda; Sarv; Sik; Siklöja; Småspigg; Stäm; Sutare; Ål; Öring,fiskekartan; slu_provfiske; gbif,www.farnebofjarden.org
135,Fävrens fvof,Halland,19,Abborre; Benlöja; Braxen; Elritsa; Gädda; Gös; Id; Karpfisk obestämd; Lake; Lax; Mört; Nejonöga; Ruda; Sarv; Sik; Siklöja; Sutare; Ål; Öring,fiskekartan; slu_provfiske,
1682,Fågelbergets fvof,Jämtland,9,Elritsa; Gädda; Harr; Lake; Röding; Sik; Simpa; Stensimpa; Öring,fiskekartan; slu_provfiske,
1722,Fåsjöns fvof,Örebro,15,Abborre; Benlöja; Braxen; Bäcknejonöga; Bäckröding; Elritsa; Gädda; Gärs; Lake; Mört; Nors; Signalkräfta; Siklöja; Stensimpa; Öring,slu_provfiske,
1549,Föllinge-Kyrkslätts fvof,Jämtland,10,Abborre; Bergsimpa; Elritsa; Gädda; Harr; Lake; Mört; Röding; Sik; Öring,fiskekartan; slu_provfiske,www.vattenagarna.se/jamtlands-lans-fiskevattenagareforbund/?o=772
1424,Föllingesjöarnas fvof,Östergötland,21,Abborre; Benlöja; Bergsimpa; Björkna; Braxen; Bäcknejonöga; Elritsa; Gädda; Gärs; Gös; Hornsimpa; Lake; Mört; Nejonöga; Nors; Sarv; Signalkräfta; Siklöja; Sutare; Ål; Öring,fiskekartan; slu_provfiske,www.vattenagarna.se/ostergotlands-lans-fiskevattenagareforbund/?o=417
206,Föreda fvof,Jönköping,15,Abborre; Braxen; Elritsa; Gräskarp; Grönling; Gädda; Lake; Mört; Ruda; Sarv; Signalkräfta; Siklöja; Sutare; Ål; Öring,fiskekartan; slu_provfiske; gbif,
504,Förhultasjöns fvof,Kronoberg,8,Abborre; Gädda; Harr; Lake; Mört; Sik; Sutare; Ål,slu_provfiske; gbif,
338,Försjöns fvof,Jönköping,6,Abborre; Bergsimpa; Gädda; Mört; Nors; Sik,fiskekartan; slu_provfiske,
1010,Gafsele fvof,Västerbotten,16,Abborre; Benlöja; Braxen; Bäcknejonöga; Flodkräfta; Gädda; Harr; Id; Lake; Mört; Röding; Sik; Siklöja; Stäm; Ål; Öring,fiskekartan; gbif,
1774,Gagnef-Mockfjärds fvof,Dalarna,22,Abborre; Benlöja; Braxen; Bäcknejonöga; Bäckröding; Elritsa; Flodkräfta; Gädda; Gärs; Harr; Id; Karp; Lake; Mört; Nejonöga; Ruda; Signalkräfta; Sik; Siklöja; Simpa; Stensimpa; Öring,fiskekartan; slu_provfiske,www.gagneffiske.se
1809,Galtsjöns fvof,Blekinge,3,Abborre; Mört; Sutare,slu_provfiske,
21,Gammelstilla fvof,Gävleborg,0,,,
967,Gaperns fvof,Värmland,10,Abborre; Benlöja; Björkna; Braxen; Gädda; Gärs; Gös; Lake; Mört; Nors,fiskekartan; slu_provfiske,www.vattenagarna.se/varmlands-lans-fiskevardsforbund/?o=718
1077,Gargnäs-Råstrands fvof,Västerbotten,19,Abborre; Benlöja; Bäcknejonöga; Elritsa; Gädda; Harr; Havsöring; Id; Lake; Lax; Lax_Öring_Hybrid; Mört; Regnbåge; Röding; Sik; Spigg obestämd; Stensimpa; Stäm; Öring,fiskekartan; slu_provfiske,www.laxsele.com
747,Garnsvikens fvof,Stockholm,15,Abborre; Asp; Benlöja; Björkna; Braxen; Gädda; Gärs; Gös; Mört; Nors; Regnbåge; Ruda; Sarv; Sutare; Öring,slu_provfiske,
495,Gassjöns fvof,Kronoberg,4,Abborre; Braxen; Mört; Sutare,slu_provfiske,
1521,Gastsjö fvof,Jämtland,5,Abborre; Elritsa; Gädda; Lake; Öring,slu_provfiske,
759,Gavel-Långsjöns fvof,Stockholm,11,Abborre; Björkna; Braxen; Gädda; Gärs; Gös; Lake; Mört; Ruda; Sarv; Sutare,fiskekartan,
1517,Gerilån-Halåns fvof,Jämtland,23,Abborre; Benlöja; Bergsimpa; Bäcknejonöga; Bäckröding; Elritsa; Gädda; Gärs; Gös; Harr; Id; Lake; Lax; Mört; Regnbåge; Röding; Sik; Simpa; Småspigg; Stensimpa; Stäm; Ål; Öring,slu_provfiske; gbif,
2159,Gesebolssjöns fvof,Västra Götaland,5,Abborre; Gädda; Mört; Sutare; Ål,slu_provfiske; extern_fvof,www.gesebol-fiske.se/
1604,Gesundens fvof,Jämtland,12,Abborre; Bäckröding; Gädda; Harr; Kanadaröding; Lake; Mört; Nors; Sik; Siklöja; Stensimpa; Öring,fiskekartan; slu_provfiske,
1897,Gesäters fvof,Västra Götaland,10,Elritsa; Färna; Gädda; Gärs; Lax; Lax_Öring_Hybrid; Mört; Nejonöga; Ål; Öring,slu_provfiske,
456,"Getasjöns,Rostockasjöns,Locketorpasjöns fvof",Kalmar,7,Abborre; Benlöja; Björkna; Braxen; Gädda; Mört; Sarv,slu_provfiske,
1569,Getsjöns fvof,Jämtland,4,Abborre; Elritsa; Harr; Öring,slu_provfiske,
259,Gibbarps fvof,Jönköping,7,Abborre; Braxen; Gädda; Lake; Mört; Sutare; Öring,fiskekartan,
1206,Gideälvens fvof,Västernorrland,19,Abborre; Benlöja; Braxen; Bäcknejonöga; Bäckröding; Gädda; Gärs; Harr; Id; Lake; Mört; Nejonöga; Ruda; Röding; Siklöja; Simpa; Stensimpa; Stäm; Öring,fiskekartan; slu_provfiske; gbif,www.vattenagarna.se/vasternorrlands-lans-fiskerattsagareforbund/?o=341
1272,Gideå Västra fvof,Västernorrland,14,Abborre; Benlöja; Braxen; Gädda; Gärs; Gös; Lake; Mört; Nors; Sik; Siklöja; Stensimpa; Stäm; Öring,slu_provfiske,
1000,Giertsbäckens fvof,Västerbotten,6,Abborre; Gädda; Harr; Lake; Sik; Öring,slu_provfiske,
600,Gillbonderydsjön-Hetalåga fvof,Kronoberg,5,Abborre; Gädda; Mört; Sarv; Sutare,fiskekartan; slu_provfiske,
784,Gillfjärdens fvof,Stockholm,14,Abborre; Benlöja; Björkna; Braxen; Gädda; Gärs; Gös; Lake; Mört; Nors; Sarv; Signalkräfta; Sutare; Öring,slu_provfiske,
1608,Gimdalens fvof,Jämtland,16,Abborre; Benlöja; Bergsimpa; Bäckröding; Elritsa; Gädda; Gärs; Harr; Id; Lake; Mört; Röding; Sik; Siklöja; Ål; Öring,fiskekartan; slu_provfiske; gbif,gimdalensflugfiske.se/
1783,Gimmens fvof,Dalarna,8,Abborre; Gädda; Gärs; Mört; Röding; Sik; Siklöja; Öring,fiskekartan; slu_provfiske,gimmenfiske.se/
1886,Gingri Ön fvof,Västra Götaland,14,Abborre; Björkna; Braxen; Bäckröding_Öring_Hybrid; Elritsa; Flodkräfta; Gädda; Lake; Mört; Sarv; Signalkräfta; Sutare; Ål; Öring,fiskekartan; slu_provfiske,www.vattenagarna.se/sodra-alvsborgs-fiskevattenagareforbund/?o=191
1906,Gingsjöns fvof,Västra Götaland,6,Abborre; Gädda; Mört; Siklöja; Ål; Öring,slu_provfiske; gbif,
1009,Gippmokksjöarnas fvof,Västerbotten,6,Abborre; Elritsa; Lake; Röding; Sik; Öring,slu_provfiske; gbif,
317,Gislavedsortens fvof,Jönköping,9,Abborre; Braxen; Bäcknejonöga; Flodkräfta; Gädda; Lake; Mört; Signalkräfta; Öring,slu_provfiske,
466,Gissens fvof,Kalmar,7,Abborre; Flodkräfta; Gädda; Lake; Mört; Stensimpa; Sutare,slu_provfiske; gbif,
244,Gisshultasjöns fvof,Jönköping,10,Abborre; Braxen; Gädda; Gös; Lake; Mört; Ruda; Sarv; Sutare; Ål,fiskekartan; slu_provfiske,
1214,Gissjöns fvof,Västernorrland,14,Abborre; Benlöja; Elritsa; Flodkräfta; Gädda; Harr; Id; Lake; Lax; Mört; Sik; Stensimpa; Ål; Öring,slu_provfiske; gbif,
485,Gladhammars fvof,Kalmar,7,Abborre; Benlöja; Gädda; Id; Mört; Signalkräfta; Storspigg,gbif,
854,Glafsfjordens fvof,Värmland,11,Abborre; Bergsimpa; Elritsa; Flodkräfta; Gädda; Id; Lake; Mört; Nejonöga; Stensimpa; Öring,slu_provfiske,
1431,Glans fvof,Östergötland,23,Abborre; Asp; Benlöja; Björkna; Braxen; Bäcknejonöga; Faren; Färna; Gädda; Gärs; Gös; Id; Lake; Mört; Nissöga; Nors; Ru; Ruda; Sarv; Siklöja; Simpa; Stensimpa; Sutare,fiskekartan; slu_provfiske,glansfvo.se/
1447,Glimmingens fvof,Östergötland,8,Abborre; Benlöja; Gädda; Gärs; Lake; Mört; Nors; Siklöja,fiskekartan; slu_provfiske,
1609,Glissjöberg-Mosätt fvof,Jämtland,10,Abborre; Bergsimpa; Elritsa; Gädda; Harr; Lake; Mört; Regnbåge; Röding; Öring,fiskekartan; slu_provfiske,www.vattenagarna.se/jamtlands-lans-fiskevattenagareforbund/?o=217
1421,Glottern-Sjöarnas fvof,Östergötland,10,Abborre; Benlöja; Gädda; Gärs; Mört; Nors; Röding; Sarv; Siklöja; Sutare,slu_provfiske,www.glotternfiske.se/
1395,Glåpens fvof,Västmanland,7,Abborre; Benlöja; Braxen; Gädda; Gärs; Gös; Mört,slu_provfiske,
800,Gnestaortens fvof,Södermanland,11,Abborre; Benlöja; Björkna; Braxen; Gädda; Gärs; Gös; Lake; Mört; Sarv; Sutare,fiskekartan; slu_provfiske,gnestafiske.se/
419,Gnöttelns fvof,Kalmar,1,Lake,gbif,
1341,Gottne fvof,Västernorrland,15,Abborre; Benlöja; Bäcknejonöga; Elritsa; Flodnejonöga; Gädda; Harr; Lake; Lax; Mört; Nejonöga; Ruda; Stensimpa; Stäm; Öring,slu_provfiske,
1643,Granboforsens fvof,Jämtland,7,Abborre; Bäckröding; Gädda; Harr; Lake; Sik; Öring,fiskekartan; slu_provfiske; gbif,
1738,Grangärde fvof,Dalarna,24,Abborre; Benlöja; Björkna; Braxen; Bäcknejonöga; Elritsa; Flodkräfta; Gädda; Gärs; Gös; Id; Lake; Lax; Mört; Nors; Regnbåge; Röding; Signalkräfta; Sik; Siklöja; Stensimpa; Sutare; Ål; Öring,slu_provfiske; gbif,
1180,Graninge fvof,Västernorrland,19,Abborre; Benlöja; Braxen; Bäcknejonöga; Elritsa; Gädda; Gärs; Gös; Harr; Lake; Mört; Nejonöga; Ruda; Röding; Sik; Siklöja; Simpa; Stensimpa; Öring,fiskekartan; slu_provfiske,www.vattenagarna.se/vasternorrlands-lans-fiskerattsagareforbund/?o=388
2138,Granns fvof,Västra Götaland,12,Abborre; Benlöja; Braxen; Flodkräfta; Gädda; Gärs; Lake; Mört; Nors; Siklöja; Småspigg; Stensimpa,slu_provfiske,www.vattenagarna.se/fiskevattenagarna-i-vastra-sverige/?o=662
1403,Gransjöns fvof,Östergötland,0,,,
856,Gransjöns fvof,Värmland,12,Abborre; Benlöja; Björkna; Braxen; Elritsa; Gädda; Gärs; Lake; Mört; Nors; Sarv; Ål,fiskekartan; gbif,
423,Gransjösjöns fvof,Kalmar,4,Abborre; Gädda; Mört; Sutare,slu_provfiske,
1073,Granåns fvof,Västerbotten,12,Abborre; Bäckröding; Gädda; Harr; Lake; Mört; Regnbåge; Röding; Sik; Stensimpa; Stäm; Öring,fiskekartan; slu_provfiske; gbif,
2106,Gravdalssjöns m fl sjöars fvof,Västra Götaland,12,Abborre; Björkna; Braxen; Elritsa; Flodkräfta; Gädda; Gärs; Lake; Mört; Röding; Siklöja; Sutare,fiskekartan; slu_provfiske,
231,Gravsjöns fvof,Jönköping,3,Abborre; Braxen; Gädda,fiskekartan,
189,Gravsjöns fvof,Jönköping,5,Abborre; Braxen; Gädda; Lake; Mört,fiskekartan; slu_provfiske,
2067,Gravsjöns fvof,Västra Götaland,8,Abborre; Benlöja; Gädda; Lake; Mört; Regnbåge; Sutare; Ål,gbif,www.vattenagarna.se/sodra-alvsborgs-fiskevattenagareforbund/?o=536
1658,Greningsjön-Halasjöns fvof,Jämtland,3,Abborre; Gädda; Sik,fiskekartan,www.vattenagarna.se/jamtlands-lans-fiskevattenagareforbund/?o=808
1656,Grimnäs-Landsomfjärdens fvof,Jämtland,13,Abborre; Bergsimpa; Elritsa; Gädda; Harr; Lake; Mört; Röding; Sik; Siklöja; Simpa; Ål; Öring,fiskekartan; slu_provfiske,
792,Grindsjöns fvof,Stockholm,4,Abborre; Flodkräfta; Mört; Sarv,gbif,
1887,Grinnerödssjöns fvof,Västra Götaland,7,Abborre; Gädda; Lake; Mört; Sutare; Ål; Öring,slu_provfiske; gbif,
2109,Groskens fvof,Västra Götaland,5,Abborre; Gädda; Lake; Mört; Ruda,gbif,
224,Grumlans fvof,Jönköping,19,Abborre; Bergsimpa; Björkna; Braxen; Elritsa; Grönling; Gädda; Gös; Lake; Mört; Ruda; Sarv; Signalkräfta; Sik; Siklöja; Simpa; Sutare; Ål; Öring,fiskekartan; slu_provfiske,www.grumlansfvo.se/
950,Grundsjöns fvof,Värmland,8,Abborre; Gädda; Kräfta obestämd; Lake; Mört; Signalkräfta; Siklöja; Öring,slu_provfiske,
2132,Gryssjöns fvof,Västra Götaland,6,Abborre; Gädda; Lake; Mört; Sutare; Ål,slu_provfiske; gbif,
191,Grytesjöns fvof,Jönköping,10,Abborre; Braxen; Gädda; Lake; Mört; Signalkräfta; Siklöja; Sutare; Ål; Öring,fiskekartan; slu_provfiske,
1487,Grytgöls fvof,Östergötland,8,Abborre; Benlöja; Braxen; Gädda; Gärs; Lake; Mört; Ål,gbif,
2142,Grytteredssjöns fvof,Västra Götaland,9,Abborre; Björkna; Braxen; Gädda; Gös; Mört; Regnbåge; Sarv; Sutare,fiskekartan; slu_provfiske,www.vattenagarna.se/sodra-alvsborgs-fiskevattenagareforbund/?o=533
899,Grängens fvof,Värmland,19,Abborre; Benlöja; Björkna; Braxen; Elritsa; Gädda; Gärs; Gös; Harr; Id; Lake; Mört; Nors; Ruda; Sarv; Sik; Siklöja; Ål; Öring,fiskekartan; slu_provfiske; gbif,
349,Gräskens fvof,Jönköping,12,Abborre; Benlöja; Braxen; Elritsa; Gädda; Gös; Lake; Mört; Siklöja; Sutare; Ål; Öring,fiskekartan; slu_provfiske,
863,Gräsmångens fvof,Värmland,9,Abborre; Benlöja; Elritsa; Gädda; Lake; Mört; Siklöja; Ål; Öring,fiskekartan; slu_provfiske,
868,Gröckens fvof,Värmland,7,Abborre; Gädda; Lake; Mört; Sik; Siklöja; Ål,fiskekartan; slu_provfiske,
749,Grönskärs fvof,Stockholm,2,Småspigg; Storspigg,gbif,
1904,Grönå fvof,Västra Götaland,21,Abborre; Benlöja; Bäcknejonöga; Elritsa; Färna; Gädda; Gärs; Havsnejonöga; Id; Karpfisk obestämd; Lake; Lax; Lax_Öring_Hybrid; Mört; Nejonöga; Sarv; Signalkräfta; Småspigg; Stäm; Ål; Öring,slu_provfiske,
167,Gudmundaredssjöns fvof,Halland,4,Abborre; Gädda; Mört; Sutare,fiskekartan; slu_provfiske,
1126,Gullsjö fvof,Västerbotten,4,Abborre; Gädda; Gärs; Mört,slu_provfiske,
1896,Gullspångsälvens fvof,Västra Götaland,18,Abborre; Benlöja; Björkna; Braxen; Elritsa; Gädda; Gärs; Id; Lake; Lax; Lax_Öring_Hybrid; Mört; Sarv; Signalkräfta; Stensimpa; Stäm; Ål; Öring,slu_provfiske,
1443,Gulten-Hanesjöns fvof,Östergötland,9,Abborre; Benlöja; Braxen; Gädda; Gärs; Lake; Mört; Siklöja; Ål,gbif,
1043,Gummarks fvof,Västerbotten,15,Abborre; Benlöja; Braxen; Bäckröding; Gädda; Gärs; Gös; Harr; Lake; Mört; Regnbåge; Röding; Stensimpa; Ål; Öring,slu_provfiske; gbif,
1248,Gundsjöfors fvof,Västernorrland,10,Bäcknejonöga; Elritsa; Flodnejonöga; Gädda; Harr; Lake; Mört; Nejonöga; Stensimpa; Öring,slu_provfiske,
1143,Gunnarbäckens-Juktåns nedre fvof,Västerbotten,14,Abborre; Elritsa; Gädda; Gärs; Harr; Lake; Mört; Röding; Sik; Siklöja; Simpa; Stensimpa; Stäm; Öring,fiskekartan; slu_provfiske; extern_fvof,gunnarbacken-juktansnedre.se
1600,Gunnarvattnets fvof,Jämtland,4,Elritsa; Röding; Sik; Öring,slu_provfiske,www.vattenagarna.se/jamtlands-lans-fiskevattenagareforbund/?o=809
1926,Gunneröds fvof,Västra Götaland,4,Abborre; Gädda; Mört; Ål,gbif,
1379,Gunnilbo fvof,Västmanland,17,Abborre; Benlöja; Björkna; Braxen; Bäcknejonöga; Bäckröding; Gädda; Gärs; Gös; Lake; Mört; Sarv; Signalkräfta; Siklöja; Stensimpa; Sutare; Öring,fiskekartan; slu_provfiske,
1389,Gussjöns fvof,Västmanland,10,Abborre; Benlöja; Björkna; Braxen; Gädda; Gärs; Mört; Ruda; Sarv; Sutare,slu_provfiske,
1558,Gussvattnet-Storvattnets fvof,Jämtland,5,Elritsa; Gädda; Lake; Röding; Öring,slu_provfiske; gbif,
1779,Gustafs fvof,Dalarna,17,Abborre; Benlöja; Braxen; Bäcknejonöga; Elritsa; Gädda; Gärs; Id; Lake; Mört; Nors; Ruda; Sarv; Sik; Siklöja; Stensimpa; Öring,slu_provfiske,
508,Gustavsfors fvof,Kronoberg,24,Abborre; Benlöja; Bergsimpa; Björkna; Braxen; Bäcknejonöga; Färna; Gädda; Gärs; Gös; Karpfisk obestämd; Kräfta obestämd; Lake; Mal; Mört; Nejonöga; Regnbåge; Sarv; Signalkräfta; Simpa; Stensimpa; Sutare; Ål; Öring,slu_provfiske,gustavsfors.info/
2199,Gyllebosjöns fvof,Skåne,11,Abborre; Braxen; Bäcknejonöga; Gädda; Gärs; Gös; Karp; Mört; Ruda; Sutare; Ål,fiskekartan; slu_provfiske,
1662,Gysens fvof,Jämtland,8,Abborre; Elritsa; Gädda; Lake; Mört; Röding; Sik; Öring,fiskekartan; slu_provfiske,
115,Gysingeforsarnas fvof,Gävleborg,23,Abborre; Benlöja; Björkna; Braxen; Faren; Gädda; Gärs; Gös; Harr; Id; Lake; Lax; Mört; Nors; Sarv; Sik; Siklöja; Simpa; Stensimpa; Stäm; Sutare; Ål; Öring,slu_provfiske,www.gysingeforsarna.se
524,Gyslättasjöns fvof,Kronoberg,7,Abborre; Braxen; Gädda; Lake; Mört; Sutare; Ål,fiskekartan; slu_provfiske,
1576,Gäddede fvof,Jämtland,3,Röding; Stensimpa; Öring,slu_provfiske,
1304,Gäddtjärnens fvof,Västernorrland,4,Abborre; Mört; Röding; Öring,fiskekartan,www.sff-stenbiten.se
635,Gällivare fvof,Norrbotten,20,Abborre; Bergsimpa; Bäcknejonöga; Bäckröding; Elritsa; Gädda; Harr; Havsöring; Lake; Lax; Laxfisk obestämd; Mört; Regnbåge; Ruda; Röding; Sik; Siklöja; Simpa; Stensimpa; Öring,fiskekartan; slu_provfiske,gfvo.se/
1491,Gärdessjöns fvof,Jämtland,8,Bergsimpa; Elritsa; Gädda; Harr; Lake; Mört; Simpa; Öring,slu_provfiske,
607,Gässjöns fvof,Kronoberg,0,,,
1346,Gårdnäs-Ås fvof,Västernorrland,0,,,
846,Gårdsjöns fvof,Värmland,12,Abborre; Bergsimpa; Bäcknejonöga; Elritsa; Flodkräfta; Gädda; Kräfta obestämd; Lake; Mört; Simpa; Stensimpa; Öring,slu_provfiske,www.vattenagarna.se/varmlands-lans-fiskevardsforbund/?o=703
1733,Gårdviks fvof,Dalarna,10,Abborre; Benlöja; Bäcknejonöga; Gädda; Gärs; Lake; Mört; Regnbåge; Stensimpa; Öring,fiskekartan; slu_provfiske; extern_fvof,www.gardviksfvof.se/
966,Gåsborns hyttelags fvof,Värmland,18,Abborre; Braxen; Elritsa; Flodkräfta; Gädda; Gärs; Id; Karp; Lake; Lax; Mört; Nors; Ruda; Sik; Siklöja; Sutare; Ål; Öring,slu_provfiske; gbif,
1634,Gåxsjön-Storåns fvof,Jämtland,4,Abborre; Elritsa; Lake; Öring,slu_provfiske,www.vattenagarna.se/jamtlands-lans-fiskevattenagareforbund/?o=100
1555,Görviks fvof,Jämtland,9,Abborre; Benlöja; Bergsimpa; Elritsa; Gädda; Lake; Mört; Sik; Öring,slu_provfiske,
902,Gösjön-Bråtsjöns fvof,Värmland,8,Abborre; Benlöja; Braxen; Gädda; Gärs; Mört; Ruda; Sarv,slu_provfiske,www.vattenagarna.se/varmlands-lans-fiskevardsforbund/?o=762
2134,"Göta Älv i Ale, Kungälv fvof",Västra Götaland,27,Abborre; Asp; Benlöja; Braxen; Bäcknejonöga; Elritsa; Flodnejonöga; Färna; Gädda; Gärs; Id; Karpfisk obestämd; Lake; Lax; Lax_Öring_Hybrid; Mört; Nejonöga; Sarv; Signalkräfta; Sik; Simpa; Småspigg; Stensimpa; Storspigg; Stäm; Ål; Öring,fiskekartan; slu_provfiske,www.sportfiskarna.se/Fiske/Fiske-i-G%C3%B6teborg/Fiskevatten
1991,Göta Älv Södra fvof,Västra Götaland,19,Abborre; Benlöja; Bergsimpa; Bäcknejonöga; Elritsa; Färna; Gädda; Gärs; Id; Lake; Lax; Mört; Nejonöga; Signalkräfta; Simpa; Stensimpa; Stäm; Ål; Öring,slu_provfiske,
2164,"Göta Älv, Lilla Edet, Trollhättan fvof",Västra Götaland,15,Abborre; Benlöja; Bergsimpa; Bäcknejonöga; Elritsa; Gädda; Kräfta obestämd; Lake; Lax; Nejonöga; Signalkräfta; Simpa; Stensimpa; Ål; Öring,slu_provfiske,
2069,"Göta älv, Tvåstads fvof",Västra Götaland,17,Abborre; Björkna; Braxen; Gädda; Gärs; Gös; Lake; Mört; Regnbåge; Ruda; Sarv; Signalkräfta; Stensimpa; Stäm; Sutare; Ål; Öring,slu_provfiske; gbif,
1981,"Göta älvs fvof, Göteborg-Ale",Västra Götaland,21,Abborre; Asp; Benlöja; Braxen; Bäcknejonöga; Färna; Gädda; Id; Karpfisk obestämd; Lake; Lax; Mört; Nejonöga; Sarv; Simpa; Skrubbskädda; Stensimpa; Storspigg; Sutare; Ål; Öring,fiskekartan; slu_provfiske,www.sportfiskarna.se/Fiske/Fiske-i-G%C3%B6teborg/Fiskevatten
195,Götarpssjöns fvof,Jönköping,5,Abborre; Gädda; Lake; Mört; Ål,fiskekartan; slu_provfiske,
2029,Hagasjöns m.fl. fvof,Västra Götaland,6,Abborre; Elritsa; Flodkräfta; Gädda; Lake; Öring,slu_provfiske,
670,Hakkas fvof,Norrbotten,0,,,
1813,Halahults fvof,Blekinge,7,Abborre; Benlöja; Braxen; Gädda; Gärs; Mört; Sarv,slu_provfiske,
1817,Halens fvof,Blekinge,15,Abborre; Benlöja; Braxen; Elritsa; Gädda; Gärs; Karpfisk obestämd; Lake; Mört; Sarv; Signalkräfta; Sik; Stäm; Ål; Öring,slu_provfiske,
505,Hallaryd-Visseltofta fvof,Kronoberg,27,Abborre; Asp; Benlöja; Bergsimpa; Björkna; Braxen; Bäcknejonöga; Färna; Gädda; Gärs; Gös; Id; Karp; Karpfisk obestämd; Lake; Mal; Mört; Regnbåge; Ruda; Sandkrypare; Sarv; Signalkräfta; Siklöja; Simpa; Sutare; Ål; Öring,fiskekartan; slu_provfiske,
217,Hallasjöns  m fl sjöars fvof,Jönköping,8,Abborre; Benlöja; Braxen; Gädda; Lake; Mört; Sutare; Ål,fiskekartan; slu_provfiske,
173,Hallesjön m fl sjöars fvof,Halland,2,Abborre; Gädda,slu_provfiske,
465,Hallången m.fl sjöars fvof,Kalmar,3,Abborre; Gädda; Mört,fiskekartan,
521,Hammarsjöns fvof,Kronoberg,4,Abborre; Gädda; Gös; Mört,fiskekartan; slu_provfiske,
1353,Hamre fvof,Västernorrland,7,Abborre; Bäckröding; Gädda; Mört; Regnbåge; Röding; Öring,slu_provfiske; gbif,
71,Hamrånge fvof,Gävleborg,28,Abborre; Benlöja; Bergsimpa; Björkna; Braxen; Bäcknejonöga; Elritsa; Flodkräfta; Gädda; Gärs; Gös; Harr; Id; Lake; Lax; Lax_Öring_Hybrid; Mört; Nors; Regnbåge; Ruda; Sarv; Sik; Siklöja; Stensimpa; Storspigg; Sutare; Ål; Öring,fiskekartan; slu_provfiske,
431,Handbörds fvof,Kalmar,17,Abborre; Benlöja; Bäcknejonöga; Elritsa; Färna; Gädda; Lake; Lax; Lax_Öring_Hybrid; Mört; Nejonöga; Nissöga; Signalkräfta; Simpa; Stensimpa; Ål; Öring,slu_provfiske,
1513,Handsjöns fvof,Jämtland,15,Abborre; Benlöja; Bergsimpa; Bäckröding; Elritsa; Gädda; Id; Lake; Mört; Regnbåge; Röding; Sik; Siklöja; Stensimpa; Öring,fiskekartan; slu_provfiske,
903,Harasjöarnas fvof,Värmland,5,Abborre; Gädda; Gärs; Mört; Öring,slu_provfiske,
980,Harefjordens fvof,Värmland,21,Abborre; Asp; Benlöja; Björkna; Braxen; Bäcknejonöga; Gädda; Gärs; Gös; Id; Lake; Lax; Mört; Regnbåge; Ruda; Sarv; Sik; Stensimpa; Sutare; Ål; Öring,fiskekartan; slu_provfiske,www.harefjorden.se/
1474,Hargsjöns fvof,Östergötland,5,Abborre; Braxen; Gädda; Gös; Mört,fiskekartan; slu_provfiske,
1038,Harrsele fvof,Västerbotten,6,Abborre; Benlöja; Gädda; Gärs; Mört; Sik,slu_provfiske,
1168,Harråns fvof,Västernorrland,12,Abborre; Bergsimpa; Elritsa; Gädda; Lake; Mört; Regnbåge; Sik; Stensimpa; Sutare; Ål; Öring,slu_provfiske; gbif,
770,Harö fvof,Stockholm,5,Abborre; Gädda; Mört; Småspigg; Storspigg,slu_provfiske,
1351,Hattsjö-Flyggsjö fvof,Västernorrland,16,Abborre; Benlöja; Bäcknejonöga; Bäckröding; Gädda; Gärs; Lake; Mört; Nors; Regnbåge; Ruda; Röding; Siklöja; Småspigg; Stensimpa; Öring,fiskekartan; slu_provfiske; gbif,
1360,Haverö fvof,Västernorrland,0,,,
104,Hedesunda och Söderforsfjärdarnas fvof,Gävleborg,20,Abborre; Benlöja; Björkna; Braxen; Gädda; Gärs; Gös; Harr; Id; Lake; Lax; Mört; Nejonöga; Nors; Sarv; Sik; Siklöja; Stensimpa; Sutare; Öring,slu_provfiske,
1512,Hedevikens fvof,Jämtland,10,Abborre; Bergsimpa; Gädda; Harr; Lake; Mört; Regnbåge; Röding; Siklöja; Öring,fiskekartan; slu_provfiske,www.vattenagarna.se/jamtlands-lans-fiskevattenagareforbund/?o=60
1857,Hedgärdessjöns fvof,Västra Götaland,5,Abborre; Mört; Nors; Regnbåge; Öring,slu_provfiske,
1392,Hedströmmens fvof,Västmanland,16,Abborre; Benlöja; Braxen; Bäcknejonöga; Färna; Gädda; Gärs; Karpfisk obestämd; Kräfta obestämd; Lake; Mört; Nejonöga; Signalkräfta; Stensimpa; Sutare; Öring,slu_provfiske; gbif,www.vattenagarna.se/vastmanlands-lans-fiskevattenagareforbund/?o=1070
313,Helgasjöns fvof,Jönköping,5,Abborre; Gädda; Gärs; Mört; Sutare,fiskekartan; slu_provfiske,www.vattenagarna.se/jonkopings-lans-fiskevattenagareforbund/?o=887
573,Helgasjöns fvof,Kronoberg,26,Abborre; Benlöja; Bergsimpa; Björkna; Braxen; Bäcknejonöga; Elritsa; Flodkräfta; Gädda; Gärs; Gös; Karp; Kräfta obestämd; Lake; Mört; Nors; Regnbåge; Sandkr; Sandkrypare; Sarv; Signalkräfta; Sik; Siklöja; Sutare; Ål; Öring,fiskekartan; slu_provfiske,helgasjonfiske.se/
1601,Helgesjöns fvof,Jämtland,8,Abborre; Elritsa; Gädda; Harr; Lake; Röding; Sik; Öring,fiskekartan; gbif,www.vattenagarna.se/jamtlands-lans-fiskevattenagareforbund/?o=402
1343,Helgum-Gådeåns fvof,Västernorrland,17,Abborre; Benlöja; Braxen; Bäcknejonöga; Elritsa; Gädda; Gärs; Gös; Lake; Lax; Mört; Nors; Sik; Siklöja; Stensimpa; Ål; Öring,slu_provfiske; gbif,www.vattenagarna.se/vasternorrlands-lans-fiskerattsagareforbund/?o=541
626,Helige ås fvof,Kronoberg,22,Abborre; Benlöja; Bergsimpa; Björkna; Braxen; Bäcknejonöga; Elritsa; Färna; Gädda; Gärs; Gös; Lake; Mört; Nejonöga; Nors; Sandkrypare; Sarv; Signalkräfta; Siklöja; Sutare; Ål; Öring,slu_provfiske,www.vattenagarna.se/kronobergs-lans-fiskevattenagareforbund/?o=634
1227,Hemlings fvof,Västernorrland,14,Abborre; Benlöja; Braxen; Bäckröding; Gädda; Harr; Lake; Mört; Röding; Sik; Siklöja; Stensimpa; Stäm; Öring,fiskekartan; slu_provfiske,
620,Hemmesjösjöns fvof,Kronoberg,8,Abborre; Benlöja; Björkna; Braxen; Gädda; Gärs; Mört; Sarv,fiskekartan; slu_provfiske,
1705,Hemsjöns fvof,Örebro,0,,,www.vattenagarna.se/orebro-lans-fiskevattenagareforbund/?o=608
1402,Hemsjöns m fl sjöars fvof,Östergötland,5,Abborre; Björkna; Gädda; Sarv; Sutare,fiskekartan,
798,Henarens fvof,Södermanland,10,Abborre; Benlöja; Braxen; Flodkräfta; Gädda; Mört; Nors; Ruda; Signalkräfta; Ål,gbif,
1661,Hensjön-Henåns fvof,Jämtland,5,Bäckröding; Elritsa; Lake; Röding; Öring,fiskekartan; slu_provfiske,
356,Hensjöns fvof,Jönköping,8,Abborre; Braxen; Gädda; Gös; Lake; Mört; Sutare; Ål,fiskekartan; slu_provfiske,
391,Herrestadssjöns fvof,Jönköping,12,Abborre; Benlöja; Braxen; Gädda; Gärs; Gös; Lake; Mört; Sik; Siklöja; Sutare; Ål,fiskekartan; slu_provfiske,www.vattenagarna.se/jonkopings-lans-fiskevattenagareforbund/?o=898
1863,Herrtorps fvof,Västra Götaland,12,Abborre; Bäcknejonöga; Elritsa; Flodnejonöga; Färna; Gädda; Karpfisk obestämd; Lake; Mört; Nejonöga; Signalkräfta; Sutare,slu_provfiske,
1464,Hestrasjöns fvof,Östergötland,0,,,
101,Hille fvof,Gävleborg,27,Abborre; Benlöja; Bergsimpa; Björkna; Braxen; Bäcknejonöga; Elritsa; Flodkräfta; Gädda; Gärs; Hornsimpa; Id; Lake; Mört; Nors; Regnbåge; Ruda; Sarv; Sik; Småspigg; Stensimpa; Storspigg; Stäm; Sutare; Vimma; Ål; Öring,fiskekartan; slu_provfiske,
300,Hillen och Rydsjöns fvof,Jönköping,14,Abborre; Benlöja; Bergsimpa; Braxen; Gädda; Lake; Mört; Ruda; Sarv; Signalkräfta; Sik; Siklöja; Sutare; Ål,fiskekartan; slu_provfiske,
911,Hillringsbergs fvof,Värmland,16,Abborre; Benlöja; Elritsa; Flodkräfta; Gädda; Gärs; Lake; Mört; Nors; Regnbåge; Röding; Sik; Siklöja; Stensimpa; Ål; Öring,fiskekartan; slu_provfiske,www.vattenagarna.se/varmlands-lans-fiskevardsforbund/?o=754
385,Hindsens fvof,Jönköping,10,Abborre; Braxen; Gädda; Gärs; Lake; Mört; Sik; Siklöja; Sutare; Ål,fiskekartan; slu_provfiske,hindsenfiske.se/
1354,Hinnsjöns fvof,Västernorrland,25,Abborre; Benlöja; Bäcknejonöga; Bäckröding; Elritsa; Flodkräfta; Gädda; Gärs; Gös; Harr; Lake; Lax; Mört; Nejonöga; Nors; Regnbåge; Ruda; Röding; Sik; Siklöja; Simpa; Småspigg; Stensimpa; Ål; Öring,fiskekartan; slu_provfiske; gbif,
1730,Hinsen-Logärdens fvof,Dalarna,18,Abborre; Benlöja; Braxen; Bäckröding; Elritsa; Flodkräfta; Gädda; Gärs; Harr; Lake; Mört; Nors; Ruda; Röding; Sik; Siklöja; Stensimpa; Öring,fiskekartan; slu_provfiske,
989,Hissjö fvof,Västerbotten,12,Abborre; Bäcknejonöga; Elritsa; Gädda; Gärs; Lake; Mört; Nors; Regnbåge; Sik; Stensimpa; Öring,fiskekartan; slu_provfiske,
1498,Hissmofors fvof,Jämtland,20,Abborre; Bergsimpa; Elritsa; Gädda; Gös; Harr; Kanadaröding; Lake; Lax; Mört; Nors; Regnbåge; Ruda; Röding; Sik; Simpa; Småspigg; Storspigg; Ål; Öring,slu_provfiske; gbif,www.vattenagarna.se/jamtlands-lans-fiskevattenagareforbund/?o=802
1937,Hjo-åns fvof,Västra Götaland,15,Abborre; Bäcknejonöga; Elritsa; Flodnejonöga; Gädda; Harr; Kräfta obestämd; Lake; Mört; Nejonöga; Regnbåge; Signalkräfta; Småspigg; Storspigg; Öring,slu_provfiske; gbif,
1068,Hjoggsjö fvof,Västerbotten,12,Abborre; Bäcknejonöga; Gädda; Gärs; Harr; Lake; Mört; Regnbåge; Röding; Siklöja; Stensimpa; Öring,fiskekartan; slu_provfiske; gbif,
467,Hjortens fvof,Kalmar,6,Abborre; Benlöja; Bergsimpa; Gädda; Mört; Sik,fiskekartan; slu_provfiske,
410,Hjortens fvof (Hjortesjön),Kalmar,11,Abborre; Benlöja; Braxen; Gädda; Gös; Lake; Mört; Sarv; Sik; Siklöja; Sutare,fiskekartan; slu_provfiske,
1806,Hjorthålandammens fvof,Blekinge,2,Abborre; Elritsa,slu_provfiske,
210,Hjortsjöns fvof,Jönköping,15,Abborre; Bergsimpa; Braxen; Bäckröding; Elritsa; Gädda; Gärs; Lake; Mört; Sarv; Signalkräfta; Siklöja; Sutare; Ål; Öring,fiskekartan; slu_provfiske,
1069,Hjukens fvof,Västerbotten,16,Abborre; Benlöja; Bäckröding; Elritsa; Gädda; Harr; Havsöring; Id; Lake; Lax; Mört; Sik; Simpa; Stensimpa; Stäm; Öring,fiskekartan; slu_provfiske,
1689,Hjulsjö-Grängeshyttans fvof,Örebro,14,Abborre; Benlöja; Bäcknejonöga; Elritsa; Flodkräfta; Gädda; Gärs; Lake; Mört; Nejonöga; Nors; Signalkräfta; Stensimpa; Öring,slu_provfiske,
2182,Hjälmsjön-Pinnåns fvof,Skåne,16,Abborre; Braxen; Bäcknejonöga; Elritsa; Flodkräfta; Gädda; Gös; Karp; Mört; Nejonöga; Sandkrypare; Sarv; Signalkräfta; Sutare; Ål; Öring,fiskekartan; slu_provfiske,hjalmsjon.se/
783,Hjälmö Bys fvof,Stockholm,2,Abborre; Storspigg,gbif,
337,Hjältevadsortens fvof,Jönköping,9,Abborre; Benlöja; Braxen; Gädda; Gös; Lake; Mört; Sarv; Sutare,fiskekartan; slu_provfiske,
125,Hjärtaredssjöns fvof,Halland,10,Abborre; Elritsa; Gädda; Lake; Mört; Signalkräfta; Sik; Siklöja; Sutare; Ål,fiskekartan; slu_provfiske,
592,Hjärtasjöns fvof,Kronoberg,16,Abborre; Björkna; Braxen; Gädda; Gärs; Gös; Harr; Mört; Signalkräfta; Sik; Siklöja; Småspigg; Stensimpa; Sutare; Ål; Öring,fiskekartan; slu_provfiske; gbif,www.vattenagarna.se/kronobergs-lans-fiskevattenagareforbund/?o=614
1688,Hjärtasjöns fvof,Örebro,6,Abborre; Gädda; Lake; Mört; Signalkräfta; Öring,slu_provfiske,
78,Hofors fvof,Gävleborg,17,Abborre; Benlöja; Bäcknejonöga; Bäckröding; Flodkräfta; Gädda; Gärs; Gös; Id; Kräfta obestämd; Lake; Mört; Nejonöga; Signalkräfta; Siklöja; Stensimpa; Öring,fiskekartan; slu_provfiske,www.ifiske.se/index.php/fiskevatten/sweden?name=hofors+fvof&region=29&fish0=0&fish1=0&fish2=0&age=15
1818,Holjeåns fvof,Blekinge,17,Abborre; Benlöja; Björkna; Braxen; Bäcknejonöga; Elritsa; Gädda; Gärs; Kräfta obestämd; Lake; Lax; Mört; Nejonöga; Sarv; Signalkräfta; Ål; Öring,slu_provfiske,
612,Holmasjön-Södrasjöns fvof,Kronoberg,6,Abborre; Braxen; Gädda; Mört; Regnbåge; Sutare,slu_provfiske,
319,Holmasjöns fvof,Jönköping,6,Abborre; Braxen; Gädda; Mört; Sarv; Sutare,fiskekartan; slu_provfiske,
946,Holmedalssjöns fvof,Värmland,3,Abborre; Gädda; Mört,slu_provfiske,
1938,Holmen-Sannersby fvof,Västra Götaland,12,Bäcknejonöga; Elritsa; Havsnejonöga; Lake; Lax; Nejonöga; Signalkräfta; Småspigg; Spigg obestämd; Storspigg; Ål; Öring,slu_provfiske,
1278,Holms fvof,Västernorrland,15,Abborre; Bäcknejonöga; Flodkräfta; Gädda; Gärs; Lake; Mört; Nejonöga; Nors; Sik; Siklöja; Småspigg; Stensimpa; Storspigg; Öring,slu_provfiske,
1326,Holmsjö fvof,Västernorrland,6,Abborre; Benlöja; Gädda; Gärs; Lake; Mört,slu_provfiske,
470,Holmsjöarnas fvof,Kalmar,8,Abborre; Bergsimpa; Elritsa; Gädda; Lake; Mört; Signalkräfta; Öring,slu_provfiske,
523,Holmsjöns fvof,Kronoberg,3,Abborre; Gädda; Mört,fiskekartan; slu_provfiske,
671,Holmträsk fvof,Norrbotten,8,Abborre; Elritsa; Gädda; Harr; Lake; Mört; Regnbåge; Sik,gbif,
1096,Holmträsk-Storsjö fvof,Västerbotten,4,Abborre; Bäckröding; Gädda; Mört,fiskekartan,
1074,Holmträskbygdens fvof,Västerbotten,12,Abborre; Elritsa; Gädda; Gärs; Harr; Lake; Mört; Regnbåge; Sik; Siklöja; Småspigg; Öring,gbif,
1050,Holmön-Bjurforsbygdens fvof,Västerbotten,9,Abborre; Gädda; Gärs; Harr; Lake; Mört; Sik; Stäm; Öring,slu_provfiske,
2102,Holsljunga fvof,Västra Götaland,14,Abborre; Bergsimpa; Björkna; Braxen; Elritsa; Flodkräfta; Gädda; Gös; Lake; Mört; Nejonöga; Sutare; Ål; Öring,fiskekartan; slu_provfiske,www.vattenagarna.se/sodra-alvsborgs-fiskevattenagareforbund/?o=368
2141,Hornbetasjöns fvof,Västra Götaland,8,Abborre; Bergsimpa; Gädda; Gös; Lake; Mört; Sutare; Ål,fiskekartan; gbif,www.vattenagarna.se/sodra-alvsborgs-fiskevattenagareforbund/?o=276
1979,Hornboresjöns fvof,Västra Götaland,4,Abborre; Elritsa; Gädda; Öring,fiskekartan; slu_provfiske,
2062,Hornsjöarnas fvof,Västra Götaland,19,Abborre; Benlöja; Braxen; Bäcknejonöga; Elritsa; Färna; Gädda; Id; Karpfisk obestämd; Lake; Lax; Lax_Öring_Hybrid; Mört; Nors; Sarv; Sik; Sutare; Ål; Öring,slu_provfiske,www.vattenagarna.se/sodra-alvsborgs-fiskevattenagareforbund/?o=480
1413,Horsfjärdens fvof,Östergötland,13,Abborre; Benlöja; Braxen; Gädda; Gärs; Lake; Mört; Nors; Ruda; Röding; Signalkräfta; Sutare; Ål,gbif,
851,Horssjön-Långbans fvof,Värmland,11,Abborre; Benlöja; Elritsa; Gädda; Gärs; Id; Lake; Mört; Nors; Sik; Siklöja,slu_provfiske,www.vattenagarna.se/varmlands-lans-fiskevardsforbund/?o=708
779,Horstens fvof,Stockholm,4,Abborre; Elritsa; Ål; Öring,gbif,
401,Hossmo fvof,Kalmar,24,Abborre; Benlöja; Bergsimpa; Björkna; Braxen; Bäcknejonöga; Elritsa; Gädda; Gärs; Havsöring; Id; Karp; Karpfisk obestämd; Lake; Mört; Nejonöga; Ruda; Sar; Signalkräfta; Småspigg; Stensimpa; Storspigg; Sutare; Öring,fiskekartan; slu_provfiske,www.hossmofiske.se/
1537,Hotings fvof,Jämtland,14,Abborre; Flodkräfta; Gädda; Gärs; Harr; Id; Lake; Lax; Mört; Regnbåge; Röding; Sik; Stensimpa; Öring,slu_provfiske; gbif,
1636,Hovermoån-Högåns fvof,Jämtland,5,Bergsimpa; Bäckröding; Elritsa; Lake; Öring,slu_provfiske,
898,Hugns fvof,Värmland,16,Abborre; Benlöja; Björkna; Braxen; Bäcknejonöga; Elritsa; Flodkräfta; Gädda; Gärs; Gös; Id; Lake; Mört; Nors; Ål; Öring,fiskekartan; slu_provfiske,
474,Hulingens fvof,Kalmar,7,Abborre; Benlöja; Braxen; Gädda; Mört; Ruda; Sarv,slu_provfiske,
550,Huljesjön-Skålåns fvof,Kronoberg,1,Gädda,gbif,
1337,Hullsjöns fvof,Västernorrland,6,Abborre; Gädda; Lake; Regnbåge; Sik; Öring,fiskekartan; slu_provfiske,hullsjon.se/
1484,Hulsjöns fvof,Östergötland,8,Abborre; Björkna; Braxen; Gädda; Gärs; Mört; Sarv; Sutare,slu_provfiske,
491,Hultasjöns fvof,Kronoberg,4,Abborre; Braxen; Gädda; Mört,slu_provfiske,
416,Hultebräans m.fl sjöars fvof,Kalmar,11,Abborre; Benlöja; Braxen; Gädda; Gärs; Lake; Mört; Sarv; Siklöja; Sutare; Ål,slu_provfiske,www.vattenagarna.se/kalmar-lans-fiskevattenagareforbund/?o=585
291,Hultsjö södra fvof,Jönköping,12,Abborre; Benlöja; Bergsimpa; Braxen; Gädda; Lake; Mört; Sik; Siklöja; Sutare; Ål; Öring,fiskekartan; slu_provfiske,
1851,Humla-Kölaby fvof,Västra Götaland,6,Abborre; Gädda; Lake; Mört; Ål; Öring,fiskekartan,
2187,Humlesjöns fvof,Skåne,6,Abborre; Braxen; Gädda; Mört; Sutare; Ål,fiskekartan; slu_provfiske,
432,Hummelns fvof,Kalmar,17,Abborre; Benlöja; Björkna; Braxen; Gädda; Gärs; Gös; Hornsimpa; Lake; Mört; Nissöga; Nors; Ruda; Sarv; Signalkräfta; Siklöja; St,fiskekartan; slu_provfiske,www.hummeln.se/
1371,Hundsjö fvof,Västernorrland,11,Abborre; Bäcknejonöga; Flodnejonöga; Gädda; Harr; Nejonöga; Regnbåge; Röding; Simpa; Stensimpa; Öring,fiskekartan; slu_provfiske,
1665,Hungesjöns fvof,Jämtland,8,Abborre; Gädda; Harr; Lake; Mört; Röding; Sik; Öring,fiskekartan; slu_provfiske,www.vattenagarna.se/jamtlands-lans-fiskevattenagareforbund/?o=816
344,Hunsnäsens fvof,Jönköping,10,Abborre; Benlöja; Braxen; Gädda; Lake; Mört; Ruda; Sarv; Sutare; Öring,fiskekartan; slu_provfiske; gbif,
335,Hurvens fvof,Jönköping,7,Abborre; Braxen; Gädda; Mört; Siklöja; Sutare; Ål,fiskekartan; slu_provfiske,
1782,Husby Norra fvof,Dalarna,22,Abborre; Benlöja; Braxen; Bäckröding; Elritsa; Gädda; Gärs; Gös; Lake; Lax; Mört; Nors; Regnbåge; Ruda; Röding; Sarv; Signalkräfta; Sik; Siklöja; Stensimpa; Ål; Öring,fiskekartan; slu_provfiske; gbif,www.vattenagarna.se/dalarnas-lans-radslagsgrupp/?o=909
1750,Husby-Hedemora fvof,Dalarna,25,Abborre; Benlöja; Björkna; Braxen; Bäcknejonöga; Bäckröding; Gädda; Gärs; Gös; Harr; Id; Karpfisk obestämd; Lake; Mört; Nors; Ruda; Sarv; Signalkräfta; Sik; Siklöja; Småspigg; Stensimpa; Stäm; Sutare; Öring,fiskekartan; slu_provfiske,husbyhedemorafvo.se/
1548,Huså-Smedjevikens fvof,Jämtland,8,Bäckröding; Elritsa; Harr; Kanadaröding; Lake; Röding; Sik; Öring,fiskekartan; slu_provfiske,
574,Hyllens fvof,Kronoberg,7,Abborre; Benlöja; Braxen; Gädda; Mört; Sarv; Sutare,fiskekartan; slu_provfiske,
152,Hylte sjö fvof,Halland,5,Abborre; Braxen; Gädda; Mört; Sutare,slu_provfiske,
900,Hyns fvof,Värmland,10,Abborre; Benlöja; Björkna; Braxen; Gädda; Gärs; Gös; Mört; Sarv; Sutare,slu_provfiske,www.vattenagarna.se/varmlands-lans-fiskevardsforbund/?o=764
1263,Häggdångers fvof,Västernorrland,22,Abborre; Benlöja; Bäcknejonöga; Bäckröding; Elritsa; Flodkräfta; Flodnejonöga; Gädda; Gärs; Lake; Lax; Mört; Nejonöga; Nors; Ruda; Sik; Småspigg; Spigg obestämd; Stensimpa; Storspigg; Ål; Öring,slu_provfiske,
2052,Häggåns fvof,Västra Götaland,23,Abborre; Braxen; Bäcknejonöga; Bäckröding; Elritsa; Flodkräfta; Gädda; Gärs; Gös; Id; Karp; Kräfta obestämd; Lake; Mört; Nejonöga; Regnbåge; Röding; Signalkräfta; Sik; Siklöja; Sutare; Ål; Öring,slu_provfiske; gbif,
1021,Hälla fvof,Västerbotten,7,Abborre; Braxen; Gädda; Harr; Mört; Sik; Öring,fiskekartan; slu_provfiske,
1452,Hällerstad- o Venasjöns fvof,Östergötland,7,Abborre; Braxen; Gädda; Gös; Lake; Mört; Sutare,fiskekartan,
1642,Hällesjö fvof,Jämtland,15,Abborre; Benlöja; Bergsimpa; Braxen; Bäckröding; Gädda; Harr; Lake; Mört; Regnbåge; Röding; Sik; Simpa; Ål; Öring,fiskekartan; slu_provfiske,Hallesjofishing.se
1225,Hällsjö fvof,Västernorrland,3,Abborre; Gädda; Mört,fiskekartan,
1985,Hällsjöns fvof,Västra Götaland,0,,,
920,Hällsjöns fvof,Värmland,8,Abborre; Bäcknejonöga; Gädda; Gärs; Mört; Nors; Siklöja; Öring,slu_provfiske,www.vattenagarna.se/varmlands-lans-fiskevardsforbund/?o=736
1377,Hällsjöns fvof,Västmanland,5,Abborre; Gädda; Gös; Mört; Nors,gbif,
1585,Hällsjöns fvof,Jämtland,10,Abborre; Bergsimpa; Elritsa; Gädda; Harr; Lake; Röding; Sik; Simpa; Öring,fiskekartan; slu_provfiske,
1500,Hällån-Hållstaåns fvof,Jämtland,10,Abborre; Elritsa; Gädda; Harr; Lake; Mört; Regnbåge; Röding; Sik; Öring,fiskekartan; slu_provfiske,www.vattenagarna.se/jamtlands-lans-fiskevattenagareforbund/?o=423
1465,Hälsjön-Byasjöns fvof,Östergötland,7,Abborre; Bergsimpa; Elritsa; Gädda; Mört; Signalkräfta; Öring,fiskekartan; slu_provfiske,
603,Hängasjöns fvof,Kronoberg,13,Abborre; Benlöja; Björkna; Braxen; Faren; Gädda; Gärs; Gös; Lake; Mört; Siklöja; Sutare; Ål,fiskekartan; slu_provfiske,www.vattenagarna.se/kronobergs-lans-fiskevattenagareforbund/?o=201
340,Härens m fl sjöars fvof,Jönköping,12,Abborre; Benlöja; Braxen; Gädda; Gärs; Gös; Lake; Mört; Sutare; Vimma; Ål; Öring,fiskekartan; slu_provfiske,www.vattenagarna.se/jonkopings-lans-fiskevattenagareforbund/?o=902
1835,Häresjöns fvof,Västra Götaland,8,Abborre; Benlöja; Braxen; Flodkräfta; Gädda; Gärs; Gös; Mört,fiskekartan; slu_provfiske,www.vattenagarna.se/fiskevattenagarna-i-vastra-sverige/?o=671
554,Härlunda fvof,Kronoberg,18,Abborre; Björkna; Braxen; Bäcknejonöga; Flodkräfta; Gädda; Gärs; Gös; Harr; Lake; Mört; Sarv; Signalkräfta; Sik; Siklöja; Sutare; Ål; Öring,fiskekartan; slu_provfiske; gbif,
2117,Härnasjöarnas fvof,Västra Götaland,8,Abborre; Elritsa; Flodkräfta; Gädda; Lake; Mört; Ål; Öring,slu_provfiske,
1949,Härsjöns fvof,Västra Götaland,5,Elritsa; Gädda; Mört; Ål; Öring,slu_provfiske,
270,Härstensbosjöns fvof,Jönköping,8,Abborre; Braxen; Gädda; Lake; Mört; Signalkräfta; Sutare; Öring,fiskekartan; slu_provfiske,
321,Häråns fvof,Jönköping,17,Abborre; Benlöja; Braxen; Bäckröding; Elritsa; Gädda; Gärs; Gös; Lake; Mört; Regnbåge; Ruda; Sarv; Siklöja; Sutare; Ål; Öring,fiskekartan; slu_provfiske; gbif,www.vattenagarna.se/jonkopings-lans-fiskevattenagareforbund/?o=878
360,Hästhultssjöns fvof,Jönköping,6,Abborre; Gädda; Gärs; Lake; Mört; Ål,fiskekartan; slu_provfiske,
390,Hästsjöns fvof,Jönköping,9,Abborre; Braxen; Elritsa; Gädda; Lake; Mört; Sik; Siklöja; Sutare,fiskekartan; slu_provfiske,www.vattenagarna.se/jonkopings-lans-fiskevattenagareforbund/?o=868
1626,Håckrens fvof,Jämtland,8,Abborre; Bäckröding; Elritsa; Gädda; Harr; Lake; Röding; Öring,fiskekartan; slu_provfiske,www.vattenagarna.se/jamtlands-lans-fiskevattenagareforbund/?o=349
1650,Håkafot-Häggnäsets fvof,Jämtland,8,Gädda; Harr; Lake; Regnbåge; Röding; Sik; Stensimpa; Öring,fiskekartan; gbif,
2152,Hålsjön-Tulebosjöns fvof,Västra Götaland,6,Abborre; Braxen; Gädda; Mört; Ål; Öring,slu_provfiske; gbif,
557,Hålsjöns fvof,Kronoberg,2,Abborre; Gädda,fiskekartan; slu_provfiske,
926,Hålteby-Rinnens fvof,Värmland,16,Abborre; Benlöja; Björkna; Braxen; Elritsa; Flodkräfta; Gädda; Gärs; Id; Lake; Mört; Nors; Regnb; Ruda; Röding; Öring,fiskekartan; slu_provfiske,
796,"Hålvetten, Näsnaren, Stensjön, Malmsjön fvof",Södermanland,14,Abborre; Benlöja; Björkna; Braxen; Gädda; Gärs; Gös; Lake; Mört; Ruda; Signalkräfta; Stensimpa; Sutare; Ål,gbif,
1578,Hån-Vemdalens fvof,Jämtland,13,Abborre; Bergsimpa; Bäckröding; Elritsa; Gädda; Harr; Lake; Mört; Regnbåge; Röding; Sik; Simpa; Öring,fiskekartan; slu_provfiske,vemdalsfiske.se/
1660,Håsjö fvof,Jämtland,5,Abborre; Lake; Mört; Simpa; Öring,slu_provfiske,
1603,Håvdsjö fvof,Jämtland,4,Bergsimpa; Elritsa; Lake; Öring,slu_provfiske,
68,Högs fvof,Gävleborg,20,Abborre; Benlöja; Braxen; Bäcknejonöga; Bäckröding; Elritsa; Flodkräfta; Flodnejonöga; Gädda; Gärs; Id; Lake; Mört; Nejonöga; Ruda; Småspigg; Stensimpa; Storspigg; Ål; Öring,fiskekartan; slu_provfiske; gbif,
451,Högsby fvof,Kalmar,18,Abborre; Benlöja; Bäcknejonöga; Elritsa; Färna; Gädda; Id; Lake; Lax; Lax_Öring_Hybrid; Mal; Mört; Nissöga; Signalkräfta; Simpa; Stensimpa; Ål; Öring,slu_provfiske,www.vattenagarna.se/kalmar-lans-fiskevattenagareforbund/?o=578
1265,Högsjö fvof,Västernorrland,11,Abborre; Bäcknejonöga; Elritsa; Gädda; Gärs; Lake; Mört; Nejonöga; Nors; Stensimpa; Öring,slu_provfiske,
794,Högsjön m fl sjöars fvof,Södermanland,17,Abborre; Benlöja; Björkna; Braxen; Elritsa; Färna; Grönling; Gädda; Gärs; Gös; Lake; Mört; Nors; Ruda; Stensimpa; Sutare; Ål,gbif,
1997,Högsjöns fvof,Västra Götaland,4,Abborre; Gädda; Mört; Sarv,slu_provfiske,
1091,Högstabys fvof,Västerbotten,12,Bäckröding; Elritsa; Flodnejonöga; Gädda; Harr; Kanadaröding; Lake; Regnbåge; Röding; Sik; Småspigg; Öring,slu_provfiske; gbif,
1982,Högsäters fvof,Västra Götaland,8,Benlöja; Elritsa; Flodkräfta; Gädda; Lake; Nejonöga; Signalkräfta; Öring,slu_provfiske,
182,Högvadsåns nedre  fvof,Halland,25,Abborre; Benlöja; Bergsimpa; Björkna; Bäcknejonöga; Elritsa; Flodkräfta; Gädda; Havsnejonöga; Havsöring; Kräfta obestämd; Lake; Lax; Lax_Öring_Hybrid; Laxfisk obestämd; Mört; Nejonöga; Regnbåge; Signalkräfta; Siklöja; Simpa; Stensimpa; Sutare; Ål; Öring,fiskekartan; slu_provfiske; gbif,
2189,Höje å fvof,Skåne,21,Abborre; Benlöja; Bäcknejonöga; Elritsa; Groplöja; Grönling; Gädda; Havsöring; Id; Karp; Lax; Mört; Nejonöga; Ruda; Sarv; Signalkräfta; Småspigg; Storspigg; Sutare; Ål; Öring,fiskekartan; slu_provfiske; extern_fvof,hojeafiske.se/
594,Hökasjöns fvof,Kronoberg,3,Abborre; Gädda; Mört,slu_provfiske,
369,Hökesjöns fvof,Jönköping,7,Abborre; Braxen; Elritsa; Gädda; Gärs; Mört; Sutare,fiskekartan; slu_provfiske,
608,Hönshyltefjordens nya fvof,Kronoberg,23,Abborre; Benlöja; Bergsimpa; Björkna; Braxen; Bäckröding; Elritsa; Färna; Gädda; Gärs; Gös; Kräfta obestämd; Lake; Lax; Mört; Sandkrypare; Sarv; Signalkräfta; Siklöja; Stensimpa; Sutare; Ål; Öring,fiskekartan; slu_provfiske; gbif,
1387,Hörendesjöns fvof,Västmanland,10,Abborre; Benlöja; Björkna; Braxen; Gädda; Gärs; Gös; Lake; Mört; Nors,slu_provfiske,www.vattenagarna.se/vastmanlands-lans-fiskevattenagareforbund/?o=657
251,Hörle fvof,Jönköping,10,Abborre; Benlöja; Bergsimpa; Elritsa; Gädda; Gös; Lake; Mört; Signalkräfta; Ål,fiskekartan; slu_provfiske,
1801,Hörnens fvof,Blekinge,7,Abborre; Braxen; Gädda; Mört; Sarv; Sutare; Ål,slu_provfiske; gbif,
1136,Hörnåns fvof,Västerbotten,26,Abborre; Benlöja; Bäcknejonöga; Elritsa; Flodnejonöga; Gädda; Gärs; Harr; Havsöring; Id; Lake; Lax; Lax_Öring_Hybrid; Mört; Nejonöga; Nors; Ruda; Sik; Siklöja; Simpa; Småspigg; Spigg obestämd; Stensimpa; Storspigg; Stäm; Öring,fiskekartan; slu_provfiske,www.hornansfiske.se/
1026,Hörnåns övre fvof,Västerbotten,11,Abborre; Bäcknejonöga; Elritsa; Gädda; Harr; Lake; Mört; Nejonöga; Simpa; Stensimpa; Öring,slu_provfiske,
1445,Hövern-Långens fvof,Östergötland,16,Abborre; Benlöja; Björkna; Braxen; Gädda; Gärs; Gös; Lake; Mört; Nissöga; Nors; Ruda; Sarv; Sik; Sutare; Ål,fiskekartan; gbif,www.vattenagarna.se/ostergotlands-lans-fiskevattenagareforbund/?o=688
1231,Idbyn-Ovansjö fvof,Västernorrland,15,Abborre; Benlöja; Flodkräfta; Flodnejonöga; Gädda; Harr; Karpfisk obestämd; Lake; Lax; Mört; Simpa; Småspigg; Stensimpa; Ål; Öring,slu_provfiske,
536,Idesjö m.fl. sjöars fvof,Kronoberg,5,Abborre; Benlöja; Braxen; Gädda; Mört,slu_provfiske,
481,Idö fvof,Kalmar,4,Abborre; Benlöja; Småspigg; Storspigg,gbif,
807,Igelbålens fvof,Södermanland,0,,,
368,Illerns fvof,Jönköping,6,Abborre; Braxen; Gädda; Gärs; Mört; Sarv,fiskekartan,
353,Illeråsasjöns fvof,Jönköping,5,Abborre; Gädda; Lake; Mört; Ål,fiskekartan; slu_provfiske,
2228,Immelns fvof,Skåne,16,Abborre; Benlöja; Bergsimpa; Braxen; Elritsa; Gädda; Gärs; Lake; Mal; Mört; Sarv; Signalkräfta; Sik; Sutare; Ål; Öring,fiskekartan; slu_provfiske,immelnfiske.se/
1525,Indalsälven-Fors fvof,Jämtland,9,Abborre; Bäcknejonöga; Elritsa; Gädda; Mört; Röding; Stensimpa; Ål; Öring,slu_provfiske; gbif,
271,Ingarpasjöns fvof,Jönköping,9,Abborre; Benlöja; Braxen; Gädda; Lake; Mört; Ruda; Sarv; Sutare,fiskekartan; slu_provfiske,www.vattenagarna.se/jonkopings-lans-fiskevattenagareforbund/?o=896
2130,Ingsjöarnas och Oxsjöns fvof,Västra Götaland,17,Abborre; Bäcknejonöga; Elritsa; Flodkräfta; Flodnejonöga; Gädda; Havsöring; Kanadaröding; Kräfta obestämd; Lax; Mört; Nejonöga; Nors; Signalkräfta; Sutare; Ål; Öring,fiskekartan; slu_provfiske,
602,Innarens fvof,Kronoberg,11,Abborre; Benlöja; Bergsimpa; Braxen; Elritsa; Gädda; Gärs; Mört; Sik; Siklöja; Sutare,fiskekartan; slu_provfiske,www.vattenagarna.se/kronobergs-lans-fiskevattenagareforbund/?o=626
1302,Inre Lemesjöns fvof,Västernorrland,17,Abborre; Bäcknejonöga; Bäckröding; Gädda; Gärs; Lake; Lax; Mört; Regnbåge; Ruda; Röding; Sik; Siklöja; Småspigg; Stensimpa; Ål; Öring,gbif,
1503,Ismundens fvof,Jämtland,10,Abborre; Elritsa; Gädda; Lake; Mört; Röding; Sik; Simpa; Stensimpa; Öring,fiskekartan; slu_provfiske,
1899,Ivägs fvof,Västra Götaland,10,Abborre; Bäckröding; Elritsa; Flodkräfta; Gädda; Lake; Mört; Stensimpa; Ål; Öring,fiskekartan; slu_provfiske,www.vattenagarna.se/fiskevattenagarna-i-vastra-sverige/?o=675
2177,Ivösjöns fvof,Skåne,19,Abborre; Benlöja; Björkna; Braxen; Bäcknejonöga; Elritsa; Gädda; Gärs; Gös; Lake; Mört; Nissöga; Nors; Sarv; Signalkräfta; Siklöja; Sutare; Ål; Öring,fiskekartan; slu_provfiske,www.vattenagarna.se/skane-lans-radslagsgrupp/?o=836
1122,Joesjö fvof,Västerbotten,5,Abborre; Elritsa; Röding; Sik; Öring,slu_provfiske,
1149,Joeströms fvof,Västerbotten,5,Abborre; Elritsa; Röding; Småspigg; Öring,fiskekartan; slu_provfiske,
2081,Jogens fvof,Västra Götaland,6,Abborre; Braxen; Gädda; Lake; Mört; Sik,fiskekartan,www.vattenagarna.se/sodra-alvsborgs-fiskevattenagareforbund/?o=392
2059,Joreälvens fvof,Västra Götaland,4,Elritsa; Småspigg; Storspigg; Öring,slu_provfiske,
1574,Jormvattnets fvof,Jämtland,5,Elritsa; Gädda; Röding; Småspigg; Öring,fiskekartan; slu_provfiske; gbif,
667,Juhonpieti-Erkheikki fvof,Norrbotten,16,Abborre; Bergsimpa; Bäcknejonöga; Elritsa; Gädda; Gärs; Harr; Lake; Lax; Mört; Nejonöga; Simpa; Spigg obestämd; Stensimpa; Stäm; Öring,slu_provfiske,
1089,Juktåns mellersta fvof,Västerbotten,14,Abborre; Elritsa; Gädda; Gärs; Harr; Kanadaröding; Lake; Mört; Röding; Sik; Siklöja; Simpa; Stensimpa; Öring,slu_provfiske,www.juktansmellerstafvo.se/
650,Junosuando fvof,Norrbotten,15,Abborre; Bergsimpa; Elritsa; Gädda; Harr; Havsöring; Id; Lake; Lax; Mört; Nejonöga; Regnbåge; Röding; Sik; Öring,fiskekartan; slu_provfiske,
1299,Junsele fvof,Västernorrland,3,Abborre; Elritsa; Gädda,fiskekartan; slu_provfiske,
480,Jutterns och Ärlångens fvof,Kalmar,22,Abborre; Benlöja; Bergsimpa; Björkna; Braxen; Gädda; Gärs; Gös; Kanadaröding; Lake; Lax; Mört; Nors; Ruda; Sarv; Sik; Siklöja; Simpa; Sutare; Vimma; Ål; Öring,fiskekartan; slu_provfiske; gbif,
43,Jädraås fvof,Gävleborg,12,Abborre; Bäcknejonöga; Elritsa; Flodkräfta; Gädda; Harr; Lake; Mört; Regnbåge; Röding; Stensimpa; Öring,fiskekartan; slu_provfiske,
178,Jällundens fvof,Halland,12,Abborre; Benlöja; Braxen; Gädda; Gärs; Gös; Lake; Mört; Sik; Siklöja; Sutare; Ål,fiskekartan; slu_provfiske,
1856,Jälmån-Assmans fvof,Västra Götaland,16,Abborre; Benlöja; Bergsimpa; Braxen; Elritsa; Gädda; Gös; Kräfta obestämd; Lake; Mört; Signalkräfta; Simpa; Stensimpa; Sutare; Ål; Öring,fiskekartan; slu_provfiske,
1086,Jämteböle-Stärkesmark-Tväråns fvof,Västerbotten,10,Abborre; Bäcknejonöga; Bäckröding; Elritsa; Gädda; Gärs; Harr; Mört; Stensimpa; Öring,slu_provfiske,
22,Järbo fvof,Gävleborg,15,Abborre; Bäcknejonöga; Bäckröding; Elritsa; Flodkräfta; Gädda; Gärs; Harr; Lake; Mört; Nejonöga; Simpa; Stensimpa; Stäm; Öring,slu_provfiske,
1588,Järilvattnets fvof,Jämtland,3,Bergsimpa; Mört; Öring,slu_provfiske,
1329,Järkvissle-Västanå fvof,Västernorrland,5,Bäcknejonöga; Elritsa; Gädda; Stensimpa; Öring,slu_provfiske,www.vattenagarna.se/vasternorrlands-lans-fiskerattsagareforbund/?o=559
1728,Järna fvof,Dalarna,15,Abborre; Benlöja; Bergsimpa; Bäcknejonöga; Elritsa; Flodkräfta; Gädda; Gärs; Harr; Lake; Mört; Siklöja; Stensimpa; Stäm; Öring,slu_provfiske,
1691,Järnboås fvof,Örebro,12,Abborre; Benlöja; Bäcknejonöga; Gädda; Gärs; Lake; Mört; Nejonöga; Signalkräfta; Sik; Stensimpa; Öring,slu_provfiske,www.vattenagarna.se/orebro-lans-fiskevattenagareforbund/?o=598
436,Järnforsens fvof,Kalmar,20,Abborre; Benlöja; Bergsimpa; Braxen; Bäcknejonöga; Elritsa; Färna; Gädda; Gös; Lake; Mört; Ruda; Sarv; Signalkräfta; Sik; Siklöja; Stensimpa; Sutare; Ål; Öring,fiskekartan; slu_provfiske; gbif,www.vattenagarna.se/kalmar-lans-fiskevattenagareforbund/?o=573
939,Järnsjöns fvof,Värmland,22,Abborre; Benlöja; Björkna; Braxen; Bäcknejonöga; Elritsa; Faren; Flodkräfta; Flodnejonöga; Gädda; Gärs; Lake; Lax; Mört; Nejonöga; Nors; Sarv; Sik; Siklöja; Stensimpa; Stäm; Öring,slu_provfiske,www.vattenagarna.se/varmlands-lans-fiskevardsforbund/?o=724
764,Järsjö fvof,Stockholm,16,Abborre; Benlöja; Björkna; Braxen; Gädda; Gärs; Gös; Hornsimpa; Id; Mört; Nors; Sik; Simpa; Stensimpa; Sutare; Öring,slu_provfiske,
1200,Järvbergets fvof,Västernorrland,3,Gädda; Stensimpa; Öring,slu_provfiske,
75,Järvsö fvof,Gävleborg,19,Abborre; Benlöja; Bäcknejonöga; Bäckröding; Elritsa; Gädda; Gös; Harr; Id; Lake; Mört; Regnbåge; Ruda; Röding; Sik; Siklöja; Stensimpa; Stäm; Öring,fiskekartan; slu_provfiske,jarvsofvo.se/
674,Järvträsk fvof,Norrbotten,3,Elritsa; Harr; Stensimpa,slu_provfiske,
2068,Jörlandaåns fvof,Västra Götaland,9,Abborre; Bäcknejonöga; Elritsa; Gädda; Lax; Mört; Nejonöga; Ål; Öring,slu_provfiske; gbif,
2127,Kabbosjöns fvof,Västra Götaland,4,Abborre; Elritsa; Mört; Öring,slu_provfiske; gbif,
1472,Kalefjärdens fvof,Östergötland,14,Abborre; Asp; B; Bergsimpa; Björkna; Braxen; Faren; Färna; Gädda; Gärs; Gös; Hornsimpa; Id; Lake,fiskekartan,www.vattenagarna.se/ostergotlands-lans-fiskevattenagareforbund/?o=466
631,Kallöns fvof,Norrbotten,0,,,
1914,Kalvensjöarnas fvof,Västra Götaland,21,Abborre; Benlöja; Braxen; Bäcknejonöga; Elritsa; Flodkräfta; Gädda; Gärs; Gös; Karpfisk obestämd; Kräfta obestämd; Lake; Lax; Mört; Nors; Regnbåge; Siklöja; Stensimpa; Sutare; Ål; Öring,fiskekartan; slu_provfiske; gbif,
2050,Kalvs fvof,Västra Götaland,15,Abborre; Benlöja; Bergsimpa; Björkna; Braxen; Elritsa; Gädda; Gärs; Gös; Lake; Mört; Sarv; Sik; Siklöja; Sutare,slu_provfiske,www.vattenagarna.se/sodra-alvsborgs-fiskevattenagareforbund/?o=517
549,Kalvsjöns fvof,Kronoberg,7,Abborre; Braxen; Faren; Gädda; Gärs; Mört; Sarv,slu_provfiske,
222,Kalvsås fvof,Jönköping,6,Abborre; Gädda; Mört; Ruda; Sarv; Ål,fiskekartan; slu_provfiske,
1029,Kalvträsk fvof,Västerbotten,22,Abborre; Benlöja; Braxen; Bäckröding; Elritsa; Gädda; Gärs; Gös; Harr; Id; Kanadaröding; Lake; Mört; Nejonöga; Regnbåge; Röding; Sik; Siklöja; Simpa; Stensimpa; Stäm; Öring,slu_provfiske; gbif,
655,Kamlunge-Västanfors fvof,Norrbotten,10,Abborre; Bergsimpa; Elritsa; Flodnejonöga; Lake; Lax; Mört; Simpa; Stensimpa; Stäm,slu_provfiske,
422,Kammarbobygdens fvof,Kalmar,6,Abborre; Braxen; Gädda; Mört; Sarv; Sutare,slu_provfiske,
669,Kangos fvof,Norrbotten,3,Harr; Lax; Öring,fiskekartan,
212,Kansjöns fvof,Jönköping,5,Abborre; Gädda; Lake; Mört; Siklöja,fiskekartan; slu_provfiske,
1397,Karbenning fvof,Västmanland,11,Abborre; Benlöja; Braxen; Flodkräfta; Gädda; Gärs; Lake; Mört; Regnbåge; Signalkräfta; Sutare,slu_provfiske,
1907,Karleby Tidans fvof,Västra Götaland,11,Abborre; Benlöja; Braxen; Färna; Gädda; Id; Mört; Sarv; Stensimpa; Sutare; Öring,fiskekartan; slu_provfiske,
1921,Karstorps fvof,Västra Götaland,6,Abborre; Gädda; Gärs; Mört; Sarv; Sutare,slu_provfiske,
1087,Kattisavans fvof,Västerbotten,13,Abborre; Bäckröding; Elritsa; Gädda; Harr; Lake; Mört; Röding; Sik; Siklöja; Simpa; Stensimpa; Öring,slu_provfiske; gbif,
1057,Kattisbergs fvof,Västerbotten,6,Abborre; Gädda; Gärs; Harr; Lake; Mört,slu_provfiske,
672,Keräntöjärvi fvof,Norrbotten,5,Benlöja; Gädda; Lake; Mört; Öring,slu_provfiske,
1824,Kesnacksälvens fvof,Västra Götaland,25,Abborre; Benlöja; Bergsimpa; Braxen; Bäcknejonöga; Elritsa; Flodkräfta; Gädda; Gärs; Id; Kräfta obestämd; Lake; Mört; Nejonöga; Nors; Regnbåge; Röding; Sik; Siklöja; Simpa; Stensimpa; Storspigg; Sutare; Ål; Öring,fiskekartan; slu_provfiske; gbif,
439,"Kiasjöns, Furusjöns, Björkhultssjöns, och Badebodaåns fvof",Kalmar,20,Abborre; Benlöja; Braxen; Elritsa; Flodkräfta; Gräskarp; Gädda; Gärs; Gös; Lake; Mört; Ruda; Sarv; Signalkräfta; Sik; Siklöja; Stensimpa; Sutare; Ål; Öring,fiskekartan; slu_provfiske; gbif,
1444,Kilarpesjöns fvof,Östergötland,3,Abborre; Gädda; Gös,fiskekartan,
888,Kindsjöns fvof,Värmland,15,Abborre; Benlöja; Bergsimpa; Bäcknejonöga; Elritsa; Gädda; Gärs; Harr; Lake; Mört; Regnbåge; Sik; Stäm; Ål; Öring,fiskekartan; slu_provfiske,
1892,Kinnaborgs fvof,Västra Götaland,8,Abborre; Elritsa; Gädda; Lake; Mört; Nejonöga; Ål; Öring,slu_provfiske,
1831,Kinnasjö m fl fvof,Västra Götaland,5,Abborre; Gädda; Mört; Sarv; Siklöja,slu_provfiske,
1455,Kisasjöarnas fvof,Östergötland,20,Abborre; Benlöja; Björkna; Braxen; Bäcknejonöga; Elritsa; Gädda; Gärs; Gös; Lake; Lax; Mört; Nejonöga; Nors; Ruda; Signalkräfta; Siklöja; Sutare; Ål; Öring,slu_provfiske; gbif,
254,Klappasjöns fvof,Jönköping,5,Abborre; Gädda; Lake; Mört; Sutare,fiskekartan; slu_provfiske,
904,Klarälven inom Hagfors kommuns fvof,Värmland,24,Abborre; Benlöja; Bergsimpa; Björkna; Braxen; Bäcknejonöga; Elritsa; Gädda; Gärs; Gös; Harr; Lake; Lax; Mört; Nejonöga; Nors; Regnbåge; Signalkräfta; Sik; Siklöja; Simpa; Stensimpa; Stäm; Öring,slu_provfiske,www.vattenagarna.se/varmlands-lans-fiskevardsforbund/?o=715
839,Klarälven inom Munkfors kommuns fvof,Värmland,20,Abborre; Asp; Björkna; Braxen; Bäcknejonöga; Bäckröding; Elritsa; Faren; Färna; Gädda; Gärs; Gös; Harr; Id; Lake; Mört; Regnbåge; Stäm; Ål; Öring,fiskekartan; slu_provfiske,www.vattenagarna.se/varmlands-lans-fiskevardsforbund/?o=727
959,Klarälven-Löved fvof,Värmland,11,Abborre; Benlöja; Björkna; Braxen; Gädda; Gärs; Lake; Mört; Sarv; Simpa; Sutare,slu_provfiske; gbif,www.vattenagarna.se/varmlands-lans-fiskevardsforbund/?o=765
981,Klarälven-Ullerud fvof,Värmland,13,Abborre; Björkna; Braxen; Gädda; Gärs; Harr; Id; Lake; Lax; Mört; Sarv; Stäm; Öring,fiskekartan; slu_provfiske,
992,Klintforsåns nedre fvof,Västerbotten,16,Abborre; Bäckröding; Elritsa; Flodkräfta; Gädda; Gärs; Harr; Kräfta obestämd; Lake; Lax; Laxfisk obestämd; Mört; Nejonöga; Simpa; Stensimpa; Öring,slu_provfiske,www.klintforsan.se
1160,Klintforsåns övre fvof,Västerbotten,15,Abborre; Bäcknejonöga; Bäckröding; Elritsa; Gädda; Gärs; Harr; Lake; Mört; Nejonöga; Sik; Siklöja; Simpa; Stensimpa; Öring,fiskekartan; slu_provfiske,klintfors.se/
998,Klippens fvof,Västerbotten,13,Abborre; Bäckröding; Elritsa; Flodnejonöga; Gädda; Harr; Kanadaröding; Lake; Regnbåge; Röding; Sik; Småspigg; Öring,slu_provfiske; gbif,
1181,Klocke-Grubbe fvof,Västernorrland,0,,,
1102,Knaftens fvof,Västerbotten,7,Abborre; Bäckröding; Gädda; Mört; Röding; Stensimpa; Öring,gbif,
343,Knipesjöns fvof,Jönköping,6,Abborre; Gädda; Lake; Mört; Ruda; Signalkräfta,fiskekartan; slu_provfiske,
2231,Knislingebygdens fvof,Skåne,22,Abborre; Benlöja; Björkna; Braxen; Bäcknejonöga; Faren; Färna; Grönling; Gädda; Gärs; Gös; Lake; Lax; Lax_Öring_Hybrid; Mört; Ruda; Sandkrypare; Sarv; Småspigg; Sutare; Ål; Öring,fiskekartan; slu_provfiske,
977,Knons fvof,Värmland,14,Abborre; Benlöja; Bäckröding; Elritsa; Gädda; Gärs; Lake; Mört; Nors; Ruda; Sik; Siklöja; Ål; Öring,slu_provfiske,
774,Koholma fvof,Stockholm,0,,,
534,Kojtasjön-Mellansjöns fvof,Kronoberg,2,Gädda; Karp,gbif,
1163,Kokträsk fvof,Västerbotten,8,Abborre; Gädda; Lake; Mört; Röding; Sik; Siklöja; Öring,fiskekartan; gbif,
808,Kolsnaren-Virens fvof,Södermanland,12,Abborre; Benlöja; Braxen; Gädda; Gärs; Gös; Mört; Nissöga; Ruda; Sarv; Sutare; Ål,fiskekartan; slu_provfiske,www.kv-fiske.se/
1898,Kolungens fvof,Västra Götaland,9,Abborre; Björkna; Braxen; Gädda; Gärs; Gös; Mört; Sutare; Ål,gbif,
276,Kolvåsasjöns fvof,Jönköping,4,Abborre; Flodkräfta; Gädda; Öring,fiskekartan; slu_provfiske,
1254,Komsta-Åse fvof,Västernorrland,5,Bäcknejonöga; Elritsa; Lake; Stensimpa; Öring,slu_provfiske,www.vattenagarna.se/vasternorrlands-lans-fiskerattsagareforbund/?o=553
1230,Kornsjösjöns fvof,Västernorrland,11,Abborre; Benlöja; Bäcknejonöga; Bäckröding; Flodkräfta; Gädda; Harr; Lake; Mört; Stensimpa; Öring,slu_provfiske,
329,Korsbergaortens fvof,Jönköping,9,Abborre; Braxen; Elritsa; Gädda; Lake; Mört; Ruda; Sarv; Sutare,fiskekartan; slu_provfiske,
1488,Kougstasjöns fvof,Jämtland,6,Abborre; Bergsimpa; Elritsa; Harr; Simpa; Öring,slu_provfiske,
1367,Kramforsåns fvof,Västernorrland,15,Abborre; Bäcknejonöga; Bäckröding; Elritsa; Flodkräfta; Gädda; Lake; Mört; Nejonöga; Nors; Regnbåge; Röding; Simpa; Stensimpa; Öring,fiskekartan; slu_provfiske,www.sff-stenbiten.se
1461,Kristinebergs fvof,Östergötland,0,,,
1853,Kroksjöarnas fvof,Västra Götaland,9,Abborre; Braxen; Gädda; Lake; Mört; Regnbåge; Sutare; Ål; Öring,gbif,www.vattenagarna.se/sodra-alvsborgs-fiskevattenagareforbund/?o=528
1154,Kroksjön-Täfteträskets fvof,Västerbotten,12,Abborre; Bäcknejonöga; Flodnejonöga; Gädda; Gärs; Lake; Mört; Nors; Sik; Storspigg; Ål; Öring,slu_provfiske; gbif,
532,Krokåns fvof,Kronoberg,9,Abborre; Bäckröding; Elritsa; Flodkräfta; Gädda; Mört; Signalkräfta; Ål; Öring,fiskekartan; slu_provfiske,
2032,Kroppefjälls fvof,Västra Götaland,8,Abborre; Benlöja; Gädda; Karp; Mört; Sutare; Ål; Öring,gbif,
570,Krusajön fvof,Kronoberg,5,Abborre; Braxen; Gädda; Gös; Mört,fiskekartan; slu_provfiske,
1055,Krycklans fvof,Västerbotten,7,Bäckröding; Gädda; Harr; Nejonöga; Regnbåge; Stensimpa; Öring,fiskekartan; slu_provfiske,
2158,Kråkereds fvof,Västra Götaland,13,Abborre; Braxen; Bäcknejonöga; Bäckröding; Elritsa; Gädda; Karp; Mört; Regnbåge; Signalkräfta; Sutare; Ål; Öring,fiskekartan; gbif,www.boras.se
881,Kråkåsjangens fvof,Värmland,14,Abborre; Benlöja; Braxen; Bäcknejonöga; Elritsa; Gädda; Lake; Mört; Nejonöga; Nors; Ruda; Siklöja; Ål; Öring,fiskekartan; slu_provfiske; gbif,
1120,Krångfors fvof,Västerbotten,15,Abborre; Benlöja; Bäckröding; Gädda; Gärs; Harr; Id; Lake; Mört; Röding; Sik; Siklöja; Stensimpa; Stäm; Öring,fiskekartan; slu_provfiske; gbif,
429,Kröns fvof,Kalmar,17,Abborre; Benlöja; Björkna; Braxen; Bäckröding; Gädda; Gärs; Gös; Lake; Mört; Regnbåge; Sarv; Signalkräfta; Siklöja; Sutare; Ål; Öring,fiskekartan; slu_provfiske; gbif,
1158,Kultsjöns fvof,Västerbotten,5,Elritsa; Lake; Mört; Röding; Öring,fiskekartan; slu_provfiske,kultsjonfvo.se/
1005,Kultsjöåns fvof,Västerbotten,9,Abborre; Elritsa; Harr; Kanadaröding; Lake; Röding; Simpa; Stensimpa; Öring,fiskekartan; slu_provfiske,www.kultsjoansfvo.se/index.php/sv/
146,Kungsbackaåns fvof,Halland,18,Abborre; Bäcknejonöga; Elritsa; Flodkräfta; Flodnejonöga; Gädda; Havsnejonöga; Id; Kräfta obestämd; Lax; Mört; Nejonöga; Ruda; Rödspätta; Signalkräfta; Skrubbskädda; Ål; Öring,fiskekartan; slu_provfiske,
1058,Kussjö fvof,Västerbotten,8,Abborre; Bäckröding; Gädda; Harr; Lake; Mört; Sik; Öring,gbif,
1131,Kvammarn-Gissträsk-Lillholmsträsk fvof,Västerbotten,10,Abborre; Bäcknejonöga; Elritsa; Gädda; Harr; Lake; Mört; Siklöja; Stensimpa; Öring,fiskekartan; slu_provfiske,
1674,Kvarnbergsvattnets fvof,Jämtland,3,Elritsa; Röding; Öring,fiskekartan; slu_provfiske,
286,Kvarnsjöarnas fvof,Jönköping,16,Abborre; Braxen; Gädda; Gärs; Gös; Lake; Mört; Nors; Regnbåge; Ruda; Röding; Sarv; Sik; Siklöja; Sutare; Ål,fiskekartan; slu_provfiske; gbif,
509,Kvarnsjön-Fullhövdens fvof,Kronoberg,3,Abborre; Gädda; Mört,fiskekartan; slu_provfiske,
2175,Kvesarumssjöns fvof,Skåne,8,Abborre; Braxen; Gädda; Gös; Mört; Ruda; Sarv; Sutare,fiskekartan; slu_provfiske,
282,Kvillsfors fvof,Jönköping,14,Abborre; Benlöja; Bergsimpa; Braxen; Bäcknejonöga; Elritsa; Färna; Gädda; Lake; Mört; Nejonöga; Signalkräfta; Sutare; Öring,slu_provfiske,
1956,Kvinnestadssjöns fvof,Västra Götaland,4,Abborre; Gädda; Mört; Sutare,fiskekartan,
1720,Kvistbro fvof,Örebro,20,Abborre; Benlöja; Björkna; Braxen; Bäcknejonöga; Elritsa; Gädda; Gärs; Lake; Mört; Nejonöga; Nissöga; Ruda; Röding; Signalkräfta; Siklöja; Simpa; Stensimpa; Sutare; Öring,fiskekartan; slu_provfiske; gbif,
1014,Kvistforsens fvof,Västerbotten,16,Abborre; Bäckröding; Elritsa; Flodkräfta; Gädda; Gärs; Harr; Kräfta obestämd; Lake; Lax; Mört; Regnbåge; Röding; Simpa; Stensimpa; Öring,slu_provfiske; gbif,
873,Kymmens fvof,Värmland,12,Abborre; Benlöja; Elritsa; Gädda; Gärs; Lake; Lax; Mört; Nors; Siklöja; Stäm; Öring,slu_provfiske,
192,Kyrkekvarns- och Öjaforsens fvof,Jönköping,1,Abborre,slu_provfiske,
417,Kyrksjöns fvof,Kalmar,11,Abborre; Benlöja; Björkna; Braxen; Gädda; Gärs; Gös; Mört; Ruda; Sarv; Sutare,fiskekartan; slu_provfiske,
2037,Kyrksjöns fvof,Västra Götaland,11,Abborre; Benlöja; Braxen; Gädda; Gös; Lake; Mört; Sarv; Siklöja; Sutare; Öring,fiskekartan,
454,Kyrksjöns m.fl  sjöars fvof,Kalmar,9,Abborre; Benlöja; Björkna; Braxen; Gädda; Gös; Mört; Sarv; Sutare,slu_provfiske,www.vattenagarna.se/kalmar-lans-fiskevattenagareforbund/?o=576
65,Kyrkvidsåsens fvof,Gävleborg,6,Abborre; Gädda; Lake; Röding; Stensimpa; Öring,slu_provfiske,
392,Källundasjöns fvof,Jönköping,12,Abborre; Benlöja; Braxen; Gädda; Gärs; Gös; Lake; Mört; Röding; Sik; Sutare; Öring,fiskekartan; slu_provfiske; gbif,
1319,Käls fvof,Västernorrland,3,Abborre; Gädda; Regnbåge,fiskekartan,www.vattenagarna.se/vasternorrlands-lans-fiskerattsagareforbund/?o=445
1944,Käppesjö m.fl. sjöars fvof,Västra Götaland,13,Abborre; Benlöja; Bäcknejonöga; Flodkräfta; Gädda; Gärs; Kräfta obestämd; Lake; Mört; Nors; Siklöja; Stensimpa; Öring,slu_provfiske,www.vattenagarna.se/fiskevattenagarna-i-vastra-sverige/?o=660
2039,Kärnsjöns fvof,Västra Götaland,16,Abborre; Benlöja; Braxen; Elritsa; Färna; Gädda; Gärs; Gös; Lake; Lax; Lax_Öring_Hybrid; Mört; Nors; Stäm; Ål; Öring,fiskekartan; slu_provfiske,www.vattenagarna.se/fiskevattenagarna-i-vastra-sverige/?o=673
593,Käskhultasjöns fvof,Kronoberg,5,Abborre; Braxen; Gädda; Gärs; Mört,slu_provfiske,
397,Kässjöns fvof,Kalmar,6,Abborre; Braxen; Gädda; Mört; Sarv; Sutare,slu_provfiske,www.vattenagarna.se/kalmar-lans-fiskevattenagareforbund/?o=589
2188,Kävlingeåns-Löddeåns fvof,Skåne,19,Abborre; Benlöja; Björkna; Elritsa; Grönling; Gädda; Gärs; Id; Lake; Lax; Mört; Nejonöga; Sandkrypare; Signalkräfta; Småspigg; Stensimpa; Storspigg; Ål; Öring,slu_provfiske,loddean-fiske.se/
634,Kåbdalis fvof,Norrbotten,7,Abborre; Elritsa; Gädda; Lake; Mört; Stensimpa; Öring,gbif,
1080,Kågeälvens nedre fvof,Västerbotten,23,Abborre; Bäcknejonöga; Bäckröding; Elritsa; Flodkräfta; Flodnejonöga; Gädda; Gärs; Harr; Havsöring; Hornsimpa; Id; Kräfta obestämd; Lake; Lax; Laxfisk obestämd; Mört; Nejonöga; Nors; R; Stensimpa; Stäm; Öring,fiskekartan; slu_provfiske,www.kagealven.com/
1048,Kågeälvens övre fvof,Västerbotten,23,Abborre; Benlöja; Braxen; Bäcknejonöga; Bäckröding; Elritsa; Flodkräfta; Gädda; Gärs; Harr; Kanadaröding; Lake; Lax; Mört; Nors; Regnbåge; Röding; Sik; Siklöja; Stensimpa; Stäm; Ål; Öring,fiskekartan; slu_provfiske; gbif,
995,Kålboda fvof,Västerbotten,4,Abborre; Gädda; Regnbåge; Öring,fiskekartan; slu_provfiske,
62,Kårböle fvof,Gävleborg,10,Abborre; Bergsimpa; Bäcknejonöga; Elritsa; Gädda; Harr; Kräfta obestämd; Simpa; Stensimpa; Öring,slu_provfiske,
604,Kårestadåns fvof,Kronoberg,10,Abborre; Braxen; Flodkräfta; Färna; Gädda; Lake; Mört; Signalkräfta; Sutare; Öring,slu_provfiske,
418,Kårhultasjöns fvof,Kalmar,6,Abborre; Braxen; Gädda; Mört; Sarv; Sutare,slu_provfiske,
2104,Kåsjöns fvof,Västra Götaland,5,Abborre; Gädda; Mört; Sutare; Ål,fiskekartan,www.sportfiskarna.se/Fiske/Fiske-i-G%C3%B6teborg/Fiskevatten#?pid=12
1990,Kölvattnets fvof,Västra Götaland,3,Abborre; Gädda; Mört,gbif,
601,Kösens fvof,Kronoberg,19,Abborre; Benlöja; Bergsimpa; Björkna; Braxen; Elritsa; Gädda; Gärs; Gös; Lake; Mört; Nors; Regnbåge; Ruda; Sik; Siklöja; Sutare; Ål; Öring,fiskekartan; slu_provfiske; gbif,kosen.se/
1531,Köttsjöns fvof,Jämtland,11,Abborre; Elritsa; Gädda; Harr; Lake; Mört; Regnbåge; Röding; Sik; Stensimpa; Öring,fiskekartan; slu_provfiske,www.kottsjon.se
1307,Lafssjöns fvof,Västernorrland,9,Abborre; Elritsa; Flodkräfta; Gädda; Harr; Mört; Sik; Stensimpa; Öring,slu_provfiske,
149,Lagan-Hjörneredssjöarnas fvof,Halland,15,Abborre; Benlöja; Bergsimpa; Braxen; Elritsa; Gädda; Gärs; Gös; Lake; Mört; Signalkräfta; Simpa; Stensimpa; Ål; Öring,fiskekartan; slu_provfiske,
518,Lagans (Hamneda-Traryd) fvof,Kronoberg,13,Abborre; Benlöja; Braxen; Bäcknejonöga; Bäckröding; Gädda; Gärs; Gös; Mört; Sik; Siklöja; Sutare; Ål,gbif,www.vattenagarna.se/kronobergs-lans-fiskevattenagareforbund/?o=646
166,Lagans fvof,Halland,5,Bäcknejonöga; Grönling; Lax; Skrubbskädda; Öring,slu_provfiske,www.laholmslaxfiske.se/
1830,Lagmansholms fvof,Västra Götaland,4,Elritsa; Lake; Signalkräfta; Öring,slu_provfiske,
1064,Lainejaurs fvof,Västerbotten,10,Abborre; Elritsa; Gädda; Harr; Lake; Mört; Röding; Sik; Siklöja; Öring,fiskekartan; slu_provfiske,
636,Laisälvens fvof,Norrbotten,8,Abborre; Elritsa; Gädda; Harr; Lake; Mört; Sik; Öring,slu_provfiske,
954,Lakenesjöns fvof,Värmland,16,Abborre; Benlöja; Braxen; Elritsa; Flodkräfta; Gädda; Gärs; Kräfta obestämd; Lake; Mört; Nors; Sik; Siklöja; Simpa; Ål; Öring,fiskekartan; slu_provfiske,www.vattenagarna.se/varmlands-lans-fiskevardsforbund/?o=709
486,Lammens fvof,Kronoberg,5,Abborre; Benlöja; Braxen; Gädda; Mört,slu_provfiske,www.vattenagarna.se/kronobergs-lans-fiskevattenagareforbund/?o=110
1270,Landsjöbygdens fvof,Västernorrland,10,Abborre; Benlöja; Bäcknejonöga; Gädda; Gärs; Lake; Mört; Nors; Stensimpa; Öring,slu_provfiske,www.vattenagarna.se/vasternorrlands-lans-fiskerattsagareforbund/?o=544
264,Landsjöns fvof,Jönköping,8,Abborre; Gädda; Gärs; Gös; Lake; Mört; Ruda; Ål,fiskekartan; slu_provfiske,
1560,Landsomsjöns fvof,Jämtland,4,Abborre; Elritsa; Lake; Sik,gbif,
1622,Landösjöns fvof,Jämtland,7,Bergsimpa; Bäckröding; Elritsa; Gädda; Harr; Lake; Öring,slu_provfiske,landosjon.se
1357,Lasele fvof,Västernorrland,9,Bäcknejonöga; Elritsa; Gädda; Harr; Lake; Nejonöga; Simpa; Stensimpa; Öring,slu_provfiske,
2035,Lassesjö fvof,Västra Götaland,4,Abborre; Gädda; Mört; Sutare,slu_provfiske,
632,Laukersjöns fvof,Norrbotten,16,Abborre; Bergsimpa; Bäcknejonöga; Elritsa; Flodkräfta; Gädda; Gärs; Harr; Id; Lake; Mört; Regnbåge; Sik; Siklöja; Stensimpa; Öring,fiskekartan; slu_provfiske; gbif,lauker.se
1641,Laxsjö fvof,Jämtland,8,Abborre; Bäcknejonöga; Elritsa; Gädda; Harr; Lake; Röding; Öring,fiskekartan; slu_provfiske,
1843,Laxsjöns fvof,Västra Götaland,23,Abborre; Benlöja; Bergsimpa; Braxen; Bäcknejonöga; Bäckröding; Elritsa; Flodkräfta; Gädda; Gärs; Lake; Mört; Nejonöga; Nors; Ruda; Sarv; Sik; Siklöja; Simpa; Stensimpa; Su; Ål; Öring,fiskekartan; slu_provfiske,
1635,Laxvikens fvof,Jämtland,10,Abborre; Bergsimpa; Elritsa; Gädda; Harr; Lake; Röding; Sik; Simpa; Öring,fiskekartan; slu_provfiske,
1141,Leduåns fvof,Västerbotten,10,Abborre; Bäcknejonöga; Gädda; Havsöring; Lake; Lax; Mört; Siklöja; Ål; Öring,fiskekartan; extern_fvof,www.projektleduan.se
1137,Lejonströms fvof,Västerbotten,15,Abborre; Elritsa; Flodkräfta; Gädda; Gärs; Harr; Havsöring; Kräfta obestämd; Lake; Lax; Mört; Nejonöga; Simpa; Stensimpa; Öring,fiskekartan; slu_provfiske; extern_fvof,www.lejonstromsfvo.se/
1736,Leksand-Insjöns fvof,Dalarna,34,Abborre; Benlöja; Bergsimpa; Björkna; Braxen; Bäcknejonöga; Bäckröding; Elritsa; Flodkräfta; Grönling; Gädda; Gärs; Gös; Harr; Id; Kanadaröding; Lake; Lax; Mört; Nors; Regnbåge; Ruda; Röding; Sarv; Signalkräfta; Sik; Siklöja; Småspigg; Spigg obestämd; Stensimpa; Stäm; Sutare; Ål; Öring,fiskekartan; slu_provfiske; gbif,lifvo.se/
843,Lekvattnets fvof,Värmland,18,Abborre; Benlöja; Bergsimpa; Braxen; Bäcknejonöga; Elritsa; Gädda; Gärs; Id; Lake; Lax; Mört; Regnbåge; Röding; Siklöja; Stensimpa; Ål; Öring,fiskekartan; slu_provfiske; gbif,www.vattenagarna.se/varmlands-lans-fiskevardsforbund/?o=163
1891,Lena fvof,Västra Götaland,11,Abborre; Braxen; Bäckröding; Gädda; Mört; Regnbåge; Siklöja; Småspigg; Sutare; Ål; Öring,gbif,
520,Lenhovdasjöns fvof,Kronoberg,5,Abborre; Braxen; Gädda; Mört; Sutare,slu_provfiske; gbif,
1748,Lerans fvof,Dalarna,11,Abborre; Elritsa; Gädda; Gärs; Gös; Lake; Mört; Signalkräfta; Stensimpa; Ål; Öring,slu_provfiske; gbif,
923,Lersjöarnas fvof,Värmland,12,Abborre; Benlöja; Bäcknejonöga; Elritsa; Flodkräfta; Gädda; Gärs; Lake; Mört; Nors; Sutare; Öring,fiskekartan; slu_provfiske,
895,Lersjön-Flatsjöns fvof,Värmland,7,Abborre; Elritsa; Flodkräfta; Gädda; Gös; Stensimpa; Öring,fiskekartan; slu_provfiske,
1800,Lersjöns fvof,Blekinge,5,Abborre; Braxen; Gädda; Mört; Sarv,slu_provfiske,
1698,Lersjöns fvof,Örebro,6,Abborre; Gädda; Kräfta obestämd; Mört; Ål; Öring,slu_provfiske; gbif,
1797,Leversjöns fvof,Blekinge,5,Abborre; Gädda; Mört; Sarv; Sutare,slu_provfiske,
2235,Levrasjöns fvof,Skåne,8,Abborre; Benlöja; Braxen; Gädda; Gärs; Mört; Sarv; Sutare,slu_provfiske,
1974,Lida fvof,Västra Götaland,6,Abborre; Gädda; Mört; Siklöja; Sutare; Ål,fiskekartan; slu_provfiske; gbif,
1336,Lidens nedre fvof,Västernorrland,10,Abborre; Elritsa; Gädda; Gärs; Mört; Nors; Ruda; Röding; Sik; Öring,slu_provfiske,lidens-nfvo.se/
577,Lidhults södra fvof,Kronoberg,6,Abborre; Braxen; Gädda; Mört; Sarv; Sutare,slu_provfiske,www.vattenagarna.se/kronobergs-lans-fiskevattenagareforbund/?o=644
1607,Lidsjöbergs fvof,Jämtland,11,Abborre; Elritsa; Gädda; Harr; Lake; Mört; Regnbåge; Röding; Sik; Stensimpa; Öring,fiskekartan; slu_provfiske,www.vattenagarna.se/jamtlands-lans-fiskevattenagareforbund/?o=121
987,Lidsjön-Grässjöns fvof,Värmland,10,Abborre; Benlöja; Braxen; Gädda; Gärs; Lake; Mört; Nors; Siklöja; Öring,slu_provfiske,
1034,Lidsjön-Välvsjölidens fvof,Västerbotten,11,Abborre; Bäcknejonöga; Elritsa; Gädda; Gärs; Lake; Mört; Siklöja; Stensimpa; Stäm; Öring,slu_provfiske,
803,Lidsjöns fvof,Södermanland,3,Abborre; Gädda; Gös,fiskekartan,
1450,Liens fvof,Östergötland,17,Abborre; Benlöja; Björkna; Braxen; Gräskarp; Gädda; Gärs; Gös; Lake; Mört; Nors; Sarv; Sik; Siklöja; Sutare; Ål; Öring,fiskekartan; gbif,www.vattenagarna.se/ostergotlands-lans-fiskevattenagareforbund/?o=693
1787,Liljans fvof,Dalarna,18,Abborre; Benlöja; Braxen; Gädda; Gärs; Gös; Id; Lake; Lax; Mört; Nors; Regnbåge; Ruda; Röding; Siklöja; Sutare; Ål; Öring,fiskekartan; slu_provfiske; gbif,liljansfvof.webnode.se
1059,Lill-Åmans fvof,Västerbotten,16,Abborre; Benlöja; Bäcknejonöga; Bäckröding; Elritsa; Gädda; Gärs; Harr; Lake; Mört; Röding; Sik; Siklöja; Stensimpa; Stäm; Öring,slu_provfiske; gbif,
1655,Lilla Blåsjöns fvof,Jämtland,3,Elritsa; Röding; Öring,fiskekartan; slu_provfiske,
1943,Lilla Edets fvof,Västra Götaland,10,Abborre; Braxen; Gädda; Gös; Havsöring; Lake; Lax; Stensimpa; Ål; Öring,fiskekartan; slu_provfiske,
444,Lilla Hammarsjön fvof,Kalmar,5,Abborre; Gädda; Lake; Mört; Ål,gbif,www.vattenagarna.se/kalmar-lans-fiskevattenagareforbund/?o=584
2024,Lilla Hålsjöns fvof,Västra Götaland,9,Abborre; Gädda; Gös; Lake; Lax; Mört; Nors; Siklöja; Ål,fiskekartan; slu_provfiske; gbif,
1952,Lilla Le fvof,Västra Götaland,7,Abborre; Gädda; Lake; Mört; Nors; Röding; Siklöja,slu_provfiske,
320,Lilla Nömmens fvof,Jönköping,10,Abborre; Benlöja; Braxen; Gädda; Gös; Lake; Mört; Sarv; Sutare; Ål,fiskekartan; slu_provfiske,
537,Lillasjöns fvof,Kronoberg,6,Abborre; Benlöja; Braxen; Gädda; Gärs; Mört,fiskekartan; slu_provfiske,
934,Lillemsens fvof,Värmland,7,Abborre; Braxen; Flodkräfta; Gädda; Mört; Nors; Ål,gbif,
334,Lillesjöns fvof,Jönköping,6,Abborre; Benlöja; Gädda; Lake; Mört; Signalkräfta,fiskekartan; slu_provfiske,
1542,Lillhärdals fvof,Jämtland,16,Abborre; Bergsimpa; Bäckröding; Elritsa; Gädda; Harr; Lake; Mört; Regnbåge; Röding; Sik; Siklöja; Simpa; Stensimpa; Ål; Öring,fiskekartan; slu_provfiske; gbif,www.vattenagarna.se/jamtlands-lans-fiskevattenagareforbund/?o=279
1115,Lillsandsjöns fvof,Västerbotten,11,Abborre; Gädda; Harr; Lake; Mört; Regnbåge; Ruda; Sik; Siklöja; Stäm; Öring,slu_provfiske; gbif,
1646,Lillsjöhögens fvof,Jämtland,9,Abborre; Elritsa; Gädda; Lake; Mört; Regnbåge; Röding; Sik; Öring,fiskekartan; slu_provfiske,
1980,Lillån-Kransån fvof,Västra Götaland,4,Bäcknejonöga; Bäckröding; Elritsa; Öring,slu_provfiske,
2054,Lillåns fvof,Västra Götaland,4,Abborre; Braxen; Gädda; Mört,gbif,
1737,Lima fvof,Dalarna,18,Abborre; Bergsimpa; Braxen; Bäcknejonöga; Bäckröding; Elritsa; Gädda; Harr; Lake; Mört; Regnbåge; Röding; Sik; Siklöja; Simpa; Stensimpa; Ål; Öring,fiskekartan; slu_provfiske,www.limafiske.se
767,Limmarens fvof,Stockholm,12,Abborre; Benlöja; Björkna; Braxen; Gädda; Gärs; Gös; Lake; Mört; Nors; Ruda; Ål,gbif,
2011,Limmens fvof,Västra Götaland,15,Abborre; Benlöja; Bäcknejonöga; Elritsa; Flodkräfta; Gädda; Gärs; Kräfta obestämd; Lake; Mört; Nejonöga; Signalkräfta; Vimma; Ål; Öring,fiskekartan; slu_provfiske,
469,Lindens fvof,Kalmar,11,Abborre; Bergsimpa; Elritsa; Gädda; Lake; Mört; Signalkräfta; Siklöja; Sutare; Ål; Öring,fiskekartan; slu_provfiske,
1701,Lindesjöns fvof,Örebro,14,Abborre; Benlöja; Björkna; Braxen; Elritsa; Gädda; Gärs; Lake; Mört; Regnbåge; Signalkräfta; Stensimpa; Sutare; Öring,fiskekartan; slu_provfiske,lindefvo@outlook.com
1929,Lindhultasjöns fvof,Västra Götaland,6,Elritsa; Gädda; Lake; Mört; Signalkräfta; Öring,slu_provfiske,
2147,Lindomeåns fvof,Västra Götaland,11,Abborre; Bäcknejonöga; Elritsa; Flodkräfta; Gädda; Lax; Mört; Nejonöga; Signalkräfta; Ål; Öring,slu_provfiske,
379,Lindåsasjöns fvof,Jönköping,9,Abborre; Braxen; Flodkräfta; Gädda; Lake; Mört; Sutare; Ål; Öring,fiskekartan; gbif,
1752,Lingheds fvof,Dalarna,24,Abborre; Benlöja; Bergsimpa; Braxen; Bäcknejonöga; Bäckröding; Elritsa; Flodkräfta; Gädda; Harr; Id; Kräfta obestämd; Lake; Mört; Nejonöga; Nors; Ruda; Röding; S; Sik; Siklöja; Simpa; Stensimpa; Öring,fiskekartan; slu_provfiske,www.linghedsfiske.se
1423,Linkelösa-Odenfors fvof,Östergötland,18,Abborre; Asp; Benlöja; Braxen; Elritsa; Färna; Gädda; Gärs; Id; Karpfisk obestämd; Lake; Mört; Nissöga; Sarv; Stensimpa; Sutare; Ål; Örin,fiskekartan; slu_provfiske,
487,Linnebjörkesjöns fvof,Kronoberg,5,Abborre; Braxen; Gädda; Mört; Sutare,slu_provfiske,
596,Linneryd-Rolsmosjöns fvof,Kronoberg,6,Abborre; Braxen; Gädda; Mört; Sarv; Sutare,fiskekartan; slu_provfiske,
249,Linnesjöns fvof,Jönköping,11,Abborre; Braxen; Gädda; Gös; Lake; Mört; Sarv; Sik; Siklöja; Sutare; Ål,fiskekartan; slu_provfiske,www.vattenagarna.se/jonkopings-lans-fiskevattenagareforbund/?o=477
220,Linnösjöns fvof,Jönköping,9,Abborre; Braxen; Gädda; Lake; Mört; Sarv; Sik; Siklöja; Sutare,fiskekartan; slu_provfiske,www.vattenagarna.se/jonkopings-lans-fiskevattenagareforbund/?o=1068
1628,Linsell-Ransjö fvof,Jämtland,7,Bergsimpa; Bäckröding; Elritsa; Harr; Lake; Simpa; Öring,slu_provfiske,www.vattenagarna.se/jamtlands-lans-fiskevattenagareforbund/?o=56
883,Lisjöns fvof,Värmland,13,Abborre; Bäcknejonöga; Elritsa; Flodkräfta; Gädda; Gärs; Id; Lake; Mört; Signalkräfta; Simpa; Stensimpa; Öring,slu_provfiske,
1561,Litens västra fvof,Jämtland,12,Abborre; Bergsimpa; Bäckröding; Elritsa; Gädda; Harr; Kanadaröding; Lake; Regnbåge; Röding; Sik; Öring,fiskekartan; slu_provfiske; gbif,www.vattenagarna.se/jamtlands-lans-fiskevattenagareforbund/?o=403
1510,Litsbygdens fvof,Jämtland,8,Abborre; Bergsimpa; Elritsa; Gädda; Harr; Lake; Sik; Öring,fiskekartan; slu_provfiske,www.vattenagarna.se/jamtlands-lans-fiskevattenagareforbund/?o=799
503,Ljudersjöns fvof,Kronoberg,0,,,
1285,Ljunga Södra fvof,Västernorrland,5,Bäckröding; Elritsa; Lake; Stensimpa; Öring,slu_provfiske,www.vattenagarna.se/vasternorrlands-lans-fiskerattsagareforbund/?o=552
1506,Ljungdalens fvof,Jämtland,8,Bergsimpa; Elritsa; Gädda; Harr; Lake; Röding; Sik; Öring,fiskekartan; slu_provfiske; gbif,www.ljungdalsfisket.se
2169,Ljungsarps fvof,Västra Götaland,16,Abborre; Benlöja; Braxen; Bäcknejonöga; Elritsa; Gädda; Gös; Kräfta obestämd; Lake; Mört; Signalkräfta; Sik; Siklöja; Sutare; Ål; Öring,slu_provfiske; gbif,www.vattenagarna.se/sodra-alvsborgs-fiskevattenagareforbund/?o=532
19,Ljusdals fvof,Gävleborg,30,Abborre; Benlöja; Bergsimpa; Björkna; Braxen; Bäcknejonöga; Bäckröding; Elritsa; Flodkräfta; Gädda; Gärs; Gös; Harr; Id; Kanadaröding; Lake; Mört; Nejonöga; Nors; Regnbåge; Ruda; Röding; Sik; Siklöja; Simpa; Småspigg; Stensimpa; Stäm; Ål; Öring,fiskekartan; slu_provfiske; gbif,www.ljusdalsfvo.se
1713,Ljusnarsbergs fvof,Örebro,22,Abborre; Benlöja; Bäcknejonöga; Bäckröding; Elritsa; Flodkräfta; Gädda; Gärs; Gös; Lake; Mört; Nejonöga; Nors; Regnbåge; Ruda; Signalkräfta; Sik; Siklöja; Simpa; Stensimpa; Sutare; Öring,fiskekartan; slu_provfiske; extern_fvof,www.ljusnarsbergsfvo.com/
1821,Ljusterhövdens med flera sjöars fvof,Blekinge,12,Abborre; Braxen; Gädda; Gös; Lake; Mört; Ruda; Sarv; Sik; Siklöja; Sutare; Ål,fiskekartan; slu_provfiske,www.vattenagarna.se/blekinge-lans-radslagsgrupp/?o=215
1250,Ljustorpsåns fvof,Västernorrland,17,Abborre; Bäcknejonöga; Bäckröding; Elritsa; Flodnejonöga; Gädda; Gärs; Harr; Lake; Lax; Lax_Öring_Hybrid; Mört; Nejonöga; Simpa; Stensimpa; Ål; Öring,slu_provfiske,www.ljustorpsfisket.se/
1378,Ljömsebosjöns fvof,Västmanland,5,Abborre; Braxen; Gädda; Mört; Sutare,fiskekartan,
1571,Locknesjöns fvof,Jämtland,14,Abborre; Bergsimpa; Bäckröding; Elritsa; Gädda; Harr; Lake; Mört; Röding; Sik; Siklöja; Simpa; Ål; Öring,fiskekartan; slu_provfiske; gbif,locknefiske.se
1516,Lofsdalen-Glöte fvof,Jämtland,8,Abborre; Elritsa; Gädda; Harr; Lake; Mört; Röding; Öring,fiskekartan; slu_provfiske,fiskailofsdalenglote.se/
1716,Logsjön-Velandasjöns fvof,Örebro,8,Abborre; Braxen; Gädda; Gärs; Lake; Mört; Ruda; Sutare,gbif,
1085,Lomsjö fvof,Västerbotten,12,Abborre; Benlöja; Bäcknejonöga; Elritsa; Gädda; Harr; Lake; Mört; Sik; Simpa; Stensimpa; Öring,fiskekartan; slu_provfiske,
1305,Lomsjöns fvof,Västernorrland,9,Abborre; Benlöja; Gädda; Gärs; Id; Lake; Mört; Ruda; Öring,slu_provfiske,
1706,Lonnsjöns fvof,Örebro,9,Abborre; Benlöja; Bäcknejonöga; Gädda; Gärs; Lake; Mört; Signalkräfta; Öring,slu_provfiske,www.vattenagarna.se/orebro-lans-fiskevattenagareforbund/?o=601
305,Lorens fvof,Jönköping,8,Abborre; Braxen; Gädda; Gärs; Lake; Mört; Signalkräfta; Sutare,fiskekartan; slu_provfiske,
110,Los-Hamra fvof,Gävleborg,17,Abborre; Benlöja; Bergsimpa; Bäcknejonöga; Bäckröding; Elritsa; Gädda; Harr; Lake; Mört; Regnbåge; Röding; Sik; Siklöja; Simpa; Stensimpa; Öring,fiskekartan; slu_provfiske,loshamrafvo.se
1045,Lossmenträskets fvof,Västerbotten,9,Abborre; Benlöja; Elritsa; Gädda; Gärs; Harr; Lake; Sik; Öring,slu_provfiske,
1784,Ludvika Norra fvof,Dalarna,18,Abborre; Benlöja; Björkna; Braxen; Bäcknejonöga; Elritsa; Gädda; Gärs; Kräfta obestämd; Lake; Mört; Nors; Regnbåge; Röding; Signalkräfta; Siklöja; Stensimpa; Öring,fiskekartan; slu_provfiske,
1765,Ludvika Södra fvof,Dalarna,19,Abborre; Benlöja; Braxen; Bäcknejonöga; Elritsa; Gädda; Gös; Lake; Lax; Mört; Regnbåge; Ruda; Röding; Signalkräfta; Siklöja; Stensimpa; Sutare; Ål; Öring,fiskekartan; slu_provfiske; gbif,
2216,Luhrsjöns fvof,Skåne,15,Abborre; Benlöja; Björkna; Braxen; Flodkräfta; Gädda; Gärs; Gös; Lake; Mört; Ruda; Sarv; Siklöja; Sutare; Ål,fiskekartan; slu_provfiske; gbif,www.vattenagarna.se/skane-lans-radslagsgrupp/?o=348
652,Luleå fvof,Norrbotten,22,Abborre; Benlöja; Braxen; Flodkräfta; Flodnejonöga; Gädda; Gärs; Id; Lake; Lax; Mört; Nors; Ruda; Röding; Sik; Siklöja; Småspigg; Stensimpa; Storspigg; Stäm; Ål; Öring,gbif,
1761,Lumshedens fvof,Dalarna,18,Abborre; Braxen; Bäcknejonöga; Bäckröding; Elritsa; Flodkräfta; Gädda; Gärs; Lake; Mört; Nors; Regnbåge; Ruda; Sik; Siklöja; Stensimpa; Ål; Öring,fiskekartan; slu_provfiske,www.ifiske.se/fiske-lumshedens-fvof.htm
1844,Lundaboåns fvof,Västra Götaland,5,Abborre; Braxen; Gädda; Mört; Ål,slu_provfiske; gbif,
1173,Lunde fvof,Västernorrland,10,Abborre; Benlöja; Braxen; Gädda; Gärs; Lake; Mört; Nors; Stensimpa; Öring,slu_provfiske,
853,Lundsbergs fvof,Värmland,10,Abborre; Benlöja; Braxen; Gädda; Gärs; Gös; Lake; Mört; Nors; Signalkräfta,slu_provfiske,
906,Lungsunds fvof,Värmland,10,Abborre; Benlöja; Björkna; Braxen; Gädda; Gärs; Lake; Mört; Sarv; Simpa,slu_provfiske,
396,Lyckebyåns fvof,Kalmar,14,Abborre; Benlöja; Björkna; Braxen; Gädda; Gös; Karpfisk obestämd; Lake; Mört; Sarv; Signalkräfta; Sik; Siklöja; Sutare,slu_provfiske,
2303,Lyckebyåns fvof,Blekinge,16,Abborre; Benlöja; Bäcknejonöga; Elritsa; Flodkräfta; Gädda; Gärs; Karpfisk obestämd; Lake; Lax; Lax_Öring_Hybrid; Mört; Nejonöga; Signalkräfta; Ål; Öring,slu_provfiske,www.lyckebyansfvo.se
1108,Lycksele fvof,Västerbotten,22,Abborre; Benlöja; Bäcknejonöga; Bäckröding; Elritsa; Gädda; Gärs; Harr; Id; Lake; Lax; Mört; Regnbåge; Ruda; Röding; Sik; Siklöja; Simpa; Småspigg; Stensimpa; Stäm; Öring,fiskekartan; slu_provfiske; gbif,
201,Lyen-Rymmen-Långens fvof,Jönköping,20,Abborre; Benlöja; Bergsimpa; Björkna; Braxen; Bäcknejonöga; Flodkräfta; Gädda; Gärs; Gös; Lake; Mört; Ruda; Sarv; Sik; Siklöja; Stensimpa; Sutare; Ål; Öring,fiskekartan; slu_provfiske,rymmenfiske.se/
139,Lygnernregionens fvof,Halland,30,Abborre; Asp; Björkna; Braxen; Bäcknejonöga; Elritsa; Flodkräfta; Flodnejonöga; Gädda; Gärs; Gös; Id; Kräfta obestämd; Lake; Lax; Lax_Öring_Hybrid; Mal; Mört; Nejonöga; Nors; Regnbåge; Ruda; Röding; Sarv; Signalkräfta; Sik; Siklöja; Sutare; Ål; Öring,fiskekartan; slu_provfiske; gbif,
2089,Lysetjärn m fl sjöars fvof,Västra Götaland,10,Abborre; Braxen; Bäckröding; Elritsa; Gädda; Mört; Regnbåge; Sutare; Ål; Öring,gbif,
1913,Lysjöns fvof,Västra Götaland,13,Abborre; Bäckröding; Bäckröding_Öring_Hybrid; Elritsa; Flodkräfta; Gädda; Lake; Mört; Signalkräfta; Sik; Siklöja; Ål; Öring,slu_provfiske,www.vattenagarna.se/sodra-alvsborgs-fiskevattenagareforbund/?o=530
569,Läens fvof,Kronoberg,17,Abborre; Bergsimpa; Braxen; Elritsa; Gädda; Gärs; Gös; Lake; Mört; Regnbåge; Röding; Signalkräfta; Sik; Siklöja; Sutare; Ål; Öring,fiskekartan; slu_provfiske; gbif,
1875,Läggareds fvof,Västra Götaland,10,Abborre; Braxen; Gädda; Gös; Karp; Lake; Mört; Ruda; Sutare; Ål,fiskekartan; slu_provfiske; gbif,
1975,Lärjeåns fvof,Västra Götaland,26,Abborre; Benlöja; Björkna; Braxen; Bäcknejonöga; Elritsa; Flodkräfta; Gädda; Gärs; Id; Karpfisk obestämd; Kräfta obestämd; Lake; Lax; Lax_Öring_Hybrid; Mört; Nejonöga; Signalkräfta; Simpa; Skrubbskädda; Småspigg; Spigg obestämd; Stensimpa; Storspigg; Ål; Öring,fiskekartan; slu_provfiske,www.sportfiskarna.se/fiske/fiskevatten/fiske-i-goteborg/gula-kortet/
917,Lässeruds fvof,Värmland,13,Abborre; Benlöja; Bäcknejonöga; Elritsa; Flodkräfta; Gädda; Gärs; Lake; Mört; Nors; Sutare; Ål; Öring,slu_provfiske; gbif,
202,Långanäsasjöns fvof,Jönköping,7,Abborre; Braxen; Gädda; Lake; Mört; Sarv; Sutare,fiskekartan,
151,Långaryds Norra fvof,Halland,7,Abborre; Björkna; Braxen; Gädda; Gärs; Mört; Sutare,fiskekartan; slu_provfiske,www.vattenagarna.se/hallands-lans-radslagsgrupp/?o=855
561,Långaskruvs fvof,Kronoberg,0,,,
1030,Långbäcken-Lillögda fvof,Västerbotten,9,Abborre; Bäckröding; Elritsa; Gädda; Harr; Lake; Simpa; Stensimpa; Öring,slu_provfiske,
544,Långens fvof,Kronoberg,9,Abborre; Benlöja; Braxen; Gädda; Lake; Mört; Sik; Siklöja; Sutare,slu_provfiske,
2111,Långens fvof,Västra Götaland,11,Abborre; Benlöja; Braxen; Bäcknejonöga; Gädda; Gös; Mört; Signalkräfta; Sutare; Ål; Öring,slu_provfiske; extern_fvof,www.skaraborgsfiske.se/langen/
1693,Långens fvof,Örebro,9,Abborre; Benlöja; Björkna; Braxen; Gärs; Gös; Mört; Ruda; Sarv,slu_provfiske,
2072,Långens fvof (Strömstads Kommun),Västra Götaland,9,Abborre; Elritsa; Gädda; Id; Mört; Småspigg; Storspigg; Ål; Öring,gbif,
1150,Långfors-Selets fvof,Västerbotten,11,Abborre; Elritsa; Gädda; Harr; Lake; Lax; Mört; Simpa; Stensimpa; Stäm; Öring,fiskekartan; slu_provfiske,
1965,Långhalmens fvof,Västra Götaland,12,Abborre; Benlöja; Björkna; Braxen; Elritsa; Flodkräfta; Gädda; Gärs; Gös; Lake; Mört; Ål,gbif,
1269,Långsele fvof,Västernorrland,9,Abborre; Benlöja; Gädda; Gärs; Harr; Lake; Mört; Sik; Öring,fiskekartan; slu_provfiske,www.vattenagarna.se/vasternorrlands-lans-fiskerattsagareforbund/?o=561
1006,Långsele-Högland fvof,Västerbotten,11,Abborre; Bergsimpa; Elritsa; Gädda; Harr; Id; Lake; Sik; Simpa; Stensimpa; Öring,fiskekartan; slu_provfiske; gbif,
1003,Långselets fvof,Västerbotten,11,Abborre; Bäckröding; Elritsa; Gädda; Harr; Lake; Mört; Röding; Sik; Stensimpa; Öring,fiskekartan; slu_provfiske,
302,Långserums fvof,Jönköping,7,Abborre; Braxen; Gädda; Lake; Mört; Sutare; Ål,fiskekartan; slu_provfiske,
861,Långtjärnsbäckens fvof,Värmland,6,Abborre; Braxen; Elritsa; Gädda; Mört; Öring,slu_provfiske; gbif,
1153,Långvattnet-Lakasjö fvof,Västerbotten,14,Abborre; Benlöja; Braxen; Bäcknejonöga; Gädda; Gärs; Harr; Id; Lake; Mört; Regnbåge; Sik; Siklöja; Öring,gbif,
1106,Långvattnets fvof,Västerbotten,9,Abborre; Elritsa; Gädda; Harr; Lake; Mört; Röding; Sik; Öring,fiskekartan; slu_provfiske; gbif,
1962,Långvattnets fvof,Västra Götaland,11,Abborre; Braxen; Elritsa; Groplöja; Gädda; Mört; Nors; Röding; Sik; Ål; Öring,slu_provfiske; gbif,
1283,Långvattnets fvof,Västernorrland,18,Abborre; Benlöja; Bäcknejonöga; Bäckröding; Gädda; Gärs; Harr; Lake; Mört; Nors; Regnbåge; Röding; Siklöja; Småspigg; Stensimpa; Storspigg; Ål; Öring,gbif,www.vattenagarna.se/vasternorrlands-lans-fiskerattsagareforbund/?o=545
1217,Långvattnets fvof,Västernorrland,5,Abborre; Bäckröding; Gädda; Mört; Öring,gbif,
1566,Långå fvof,Jämtland,11,Abborre; Bergsimpa; Elritsa; Gädda; Harr; Lake; Regnbåge; Röding; Sik; Stensimpa; Öring,fiskekartan; slu_provfiske,www.langafisket.se
1703,Löa fvof,Örebro,21,Abborre; Benlöja; Björkna; Braxen; Bäcknejonöga; Bäckröding; Elritsa; Gädda; Gärs; Gös; Lake; Mört; Nors; Ruda; Signalkräfta; Sik; Stensimpa; Stäm; Sutare; Ål; Öring,fiskekartan; slu_provfiske; gbif,www.vattenagarna.se/orebro-lans-fiskevattenagareforbund/?o=606
997,Lögdasjöns fvof,Västerbotten,12,Abborre; Elritsa; Gädda; Gärs; Lake; Mört; Sik; Siklöja; Småspigg; Spigg obestämd; Stensimpa; Öring,slu_provfiske,
1133,Lögdeälven-Västanfjällets fvof,Västerbotten,17,Abborre; Bäcknejonöga; Elritsa; Flodnejonöga; Gädda; Gärs; Harr; Havsöring; Lake; Lax; Mört; Nejonöga; Regnbåge; Röding; Simpa; Stensimpa; Öring,fiskekartan; slu_provfiske,www.vastanfjallet.se
1103,Lögdeälvens fvof,Västerbotten,31,Abborre; Benlöja; Bäcknejonöga; Bäckröding; Elritsa; Flodkräfta; Flodnejonöga; Gädda; Gärs; Gös; Harr; Kanadaröding; Kräfta obestämd; Lake; Lax; Lax_Öring_Hybrid; Mört; Nejonöga; Nors; Regnbåge; Ruda; Röding; Sik; Siklöja; Simpa; Småspigg; Stensimpa; Stäm; Sutare; Ål; Öring,slu_provfiske; gbif,
283,Lökarydsjöns fvof,Jönköping,4,Abborre; Gädda; Mört; Ruda,fiskekartan,
2123,Lökens fvof,Västra Götaland,4,Abborre; Gädda; Mört; Ål,gbif,
1992,Lönerns fvof,Västra Götaland,10,Abborre; Benlöja; Bergsimpa; Braxen; Gädda; Gös; Lake; Mört; Sutare; Ål,fiskekartan; slu_provfiske; gbif,www.vattenagarna.se/skaraborgs-lans-fiskevattenagareforbund/?o=101
763,Löparö fvof,Stockholm,10,Abborre; Benlöja; Björkna; Gädda; Gärs; Mört; Sarv; Småspigg; Storspigg; Sutare,slu_provfiske,
1986,Lövsjöarnas fvof,Västra Götaland,6,Abborre; Gädda; Mört; Regnbåge; Signalkräfta; Öring,fiskekartan; slu_provfiske; extern_fvof,
1446,Lövsjöns fvof,Östergötland,5,Abborre; Gädda; Gärs; Mört; Sarv,slu_provfiske,
616,Lövsjöns fvof,Kronoberg,11,Abborre; Benlöja; Braxen; Gädda; Gärs; Lake; Mört; Sik; Siklöja; Sutare; Ål,slu_provfiske; gbif,
1232,Lövsjösjöns fvof,Västernorrland,6,Abborre; Benlöja; Gädda; Gärs; Lake; Mört,gbif,
402,Madesjöns fvof,Kalmar,6,Abborre; Braxen; Gädda; Mört; Sarv; Sutare,slu_provfiske,
543,Madkrokens fvof,Kronoberg,14,Abborre; Benlöja; Bergsimpa; Braxen; Elritsa; Flodkräfta; Gädda; Lake; Mört; Signalkräfta; Sik; Siklöja; Sutare; Öring,slu_provfiske,
551,Madsjöns fvof,Kronoberg,6,Abborre; Gädda; Mört; Sik; Siklöja; Sutare,slu_provfiske,
860,Magerns fvof,Värmland,12,Abborre; Benlöja; Björkna; Braxen; Faren; Gädda; Gärs; Gös; Lake; Mört; Ruda; Sarv,fiskekartan; slu_provfiske,
331,Majsjöns fvof,Jönköping,13,Abborre; Benlöja; Braxen; Gädda; Gös; Lake; Mört; Regnbåge; Sik; Siklöja; Sutare; Ål; Öring,fiskekartan; slu_provfiske,www.vattenagarna.se/jonkopings-lans-fiskevattenagareforbund/?o=299
1918,Malensjöarnas fvof,Västra Götaland,12,Abborre; Benlöja; Braxen; Gädda; Gös; Lake; Mal; Mört; Sik; Siklöja; Sutare; Ål,fiskekartan; slu_provfiske; gbif,
1151,Malgomaj fvof,Västerbotten,13,Abborre; Bäckröding; Elritsa; Gädda; Harr; Lake; Mört; Regnbåge; Röding; Sik; Simpa; Stensimpa; Öring,slu_provfiske; extern_fvof,www.malgomajfvo.se/
1083,Malgoviks fvof,Västerbotten,14,Abborre; Bergsimpa; Bäckröding; Elritsa; Gädda; Harr; Lake; Mört; Regnbåge; Röding; Sik; Simpa; Stensimpa; Öring,fiskekartan; slu_provfiske,
31,Malmjärns fvof,Gävleborg,7,Abborre; Gädda; Lake; Mört; Regnbåge; Siklöja; Öring,fiskekartan; slu_provfiske,
1704,Malmlångens fvof,Örebro,19,Abborre; Benlöja; Braxen; Bäcknejonöga; Bäckröding; Elritsa; Gädda; Gärs; Gös; Lake; Mört; Nors; Regnbåge; Signalkräfta; Sik; Siklöja; Sutare; Ål; Öring,fiskekartan; slu_provfiske; gbif,
1582,Malmsjöns fvof,Jämtland,8,Abborre; Gädda; Harr; Lake; Mört; Röding; Sik; Siklöja,gbif,www.vattenagarna.se/jamtlands-lans-fiskevattenagareforbund/?o=810
1013,Maltträsk fvof,Västerbotten,8,Abborre; Bäckröding; Gädda; Gärs; Lake; Mört; Sik; Öring,fiskekartan,
1751,Malungs fvof,Dalarna,23,Abborre; Benlöja; Bergsimpa; Braxen; Bäcknejonöga; Bäckröding; Elritsa; Gädda; Gärs; Harr; Id; Lake; Mört; Nejonöga; Regnb; Röding; Sik; Siklöja; Simpa; Stensimpa; Stäm; Ål; Öring,fiskekartan; slu_provfiske,Malungs-Fiske.se
1031,Malåbygdens fvof,Västerbotten,11,Abborre; Elritsa; Gädda; Gärs; Harr; Lake; Mört; Sik; Siklöja; Stensimpa; Öring,slu_provfiske,www.fiskeimala.se/
871,Mangen-Treens fvof,Värmland,16,Abborre; Benlöja; Bäcknejonöga; Elritsa; Flodkräfta; Gädda; Gärs; Kräfta obestämd; Lake; Mört; Nors; Regnbåge; Röding; Sik; Siklöja; Öring,fiskekartan; slu_provfiske,www.vattenagarna.se/varmlands-lans-fiskevardsforbund/?o=702
834,Mangskogsälvarnas fvof,Värmland,24,Abborre; Benlöja; Bergsimpa; Braxen; Bäcknejonöga; Elritsa; Flodkräfta; Gädda; Gärs; Kräfta obestämd; Lake; Mört; Nejonöga; Nors; Ruda; Röding; Signalkräfta; Sik; Siklöja; Simpa; Stensimpa; Sutare; Ål; Öring,slu_provfiske; gbif,www.vattenagarna.se/varmlands-lans-fiskevardsforbund/?o=705
885,Mangslidälvens fvof,Värmland,12,Abborre; Benlöja; Bäcknejonöga; Bäckröding; Elritsa; Gädda; Lake; Mört; Nejonöga; Stensimpa; Ål; Öring,fiskekartan; slu_provfiske; gbif,
662,Manjärvs fvof,Norrbotten,8,Abborre; Elritsa; Gädda; Lake; Mört; Sik; Stensimpa; Öring,slu_provfiske; gbif,
1958,Maresjöns fvof,Västra Götaland,6,Bäcknejonöga; Elritsa; Mört; Nejonöga; Signalkräfta; Öring,slu_provfiske,
1928,Mariedalsåns fvof,Västra Götaland,6,Abborre; Elritsa; Nejonöga; Signalkräfta; Stensimpa; Öring,slu_provfiske,
498,Markaryds fvof,Kronoberg,19,Abborre; Benlöja; Bergsimpa; Björkna; Braxen; Elritsa; Flodkräfta; Gädda; Gärs; Gös; Karp; Lake; Mört; Ruda; Sarv; Sik; Sutare; Ål; Öring,fiskekartan; slu_provfiske; gbif,markarydsfiskevardsomrade.se/
822,Marma Mehede fvof,Uppsala,25,Abborre; Asp; Benlöja; Björkna; Braxen; Gädda; Gärs; Gös; Harr; Id; Lake; Lax; Lax_Öring_Hybrid; Laxfisk obestämd; Mört; Nejonöga; Regnbåge; Signalkräfta; Siklöja; Spigg obestämd; Stensimpa; Stäm; Sutare; Ål; Öring,fiskekartan; slu_provfiske,
1330,Marmen-Långsjöns fvof,Västernorrland,14,Abborre; Benlöja; Braxen; Gädda; Gös; Id; Lake; Lax; Mört; Sik; Stensimpa; Stäm; Ål; Öring,fiskekartan; slu_provfiske; gbif,
797,Marsjöns fvof,Södermanland,1,Ruda,gbif,
2053,Marsjöns fvof,Västra Götaland,11,Abborre; Elritsa; Gädda; Gärs; Id; Mört; Röding; Siklöja; Stensimpa; Ål; Öring,gbif,
609,Marskogsjön-Hovgårdssjöns fvof,Kronoberg,6,Abborre; Braxen; Flodkräfta; Gädda; Lake; Mört,slu_provfiske,
1012,Marslidens fvof,Västerbotten,5,Elritsa; Lake; Mört; Röding; Öring,slu_provfiske,
477,Marströmmens laxfiske fvof,Kalmar,24,Abborre; Benlöja; Björkna; Braxen; Bäcknejonöga; Flodkräfta; Flodnejonöga; Gädda; Gärs; Id; Karpfisk obestämd; Lake; Mört; Nejonöga; Nissöga; Nors; Ruda; Sarv; Signalkräfta; Siklöja; Småspigg; Sutare; Ål; Öring,slu_provfiske; gbif,www.vattenagarna.se/kalmar-lans-fiskevattenagareforbund/?o=571
2170,Marums fvof,Västra Götaland,9,Abborre; Benlöja; Färna; Gädda; Lake; Mört; Signalkräfta; Stensimpa; Öring,slu_provfiske,
1832,Mastedalstjärnarnas fvof,Västra Götaland,6,Abborre; Bäckröding; Gädda; Mört; Regnbåge; Öring,gbif,
646,Masugnsbyns fvof,Norrbotten,15,Abborre; Bergsimpa; Elritsa; Gädda; Harr; Lake; Lax; Lax_Öring_Hybrid; Mört; Röding; Sik; Småspigg; Spigg obestämd; Stensimpa; Öring,fiskekartan; slu_provfiske,
6,Medskogssjöns fvof,Gävleborg,6,Abborre; Gädda; Mört; Regnbåge; Röding; Öring,fiskekartan; extern_fvof,
958,Medskogsälvens fvof,Värmland,16,Abborre; Benlöja; Bergsimpa; Bäcknejonöga; Elritsa; Gädda; Gärs; Harr; Lake; Lax; Mört; Regnbåge; Sik; Stäm; Ål; Öring,fiskekartan; slu_provfiske; gbif,
1833,Mellan-Kornsjöns fvof,Västra Götaland,8,Abborre; Gädda; Mört; Sik; Siklöja; Sutare; Ål; Öring,fiskekartan; slu_provfiske,
663,Mellanströms fvof,Norrbotten,9,Abborre; Elritsa; Gädda; Harr; Lake; Mört; Sik; Siklöja; Öring,gbif,www.mellanstrom.se
1554,Messlingens fvof,Jämtland,8,Abborre; Bäckröding; Elritsa; Harr; Lake; Röding; Stensimpa; Öring,gbif,www.vattenagarna.se/jamtlands-lans-fiskevattenagareforbund/?o=1094
1370,Meåforsens fvof,Västernorrland,13,Abborre; Benlöja; Bäckröding; Gädda; Harr; Lake; Mört; Regnbåge; Röding; Sik; Siklöja; Stensimpa; Öring,fiskekartan; gbif,
1134,Mickelsträskets fvof,Västerbotten,6,Abborre; Gädda; Gärs; Mört; Stensimpa; Öring,slu_provfiske,
560,Miens fvof,Kronoberg,15,Abborre; Benlöja; Braxen; Elritsa; Flodkräfta; Gädda; Gärs; Lake; Mört; Sarv; Signalkräfta; Sik; Siklöja; Ål; Öring,fiskekartan; slu_provfiske; extern_fvof,www.mien.se
1776,Milsbosjöarnas fvof,Dalarna,9,Abborre; Braxen; Gädda; Gärs; Gös; Id; Mört; Ruda; Sutare,fiskekartan; slu_provfiske,
128,Mjälasjöarnas fvof,Halland,7,Abborre; Björkna; Braxen; Gädda; Mört; Sutare; Ål,fiskekartan; slu_provfiske,
1280,Mjällåns fvof,Västernorrland,22,Abborre; Benlöja; Bergsimpa; Bäcknejonöga; Bäckröding; Elritsa; Flodnejonöga; Gädda; Gärs; Harr; Lake; Mört; Nejonöga; Nors; Regnbåge; Röding; Siklöja; Simpa; Småspigg; Stensimpa; Ål; Öring,slu_provfiske; gbif,
2026,Mjörns fvof,Västra Götaland,19,Abborre; Braxen; Bäcknejonöga; Elritsa; Flodkräfta; Gädda; Gärs; Gös; Id; Lake; Mört; Nejonöga; Nors; Regnbåge; Siklöja; Stäm; Sutare; Ål; Öring,fiskekartan; slu_provfiske; extern_fvof,
1145,Mjösjö-Grannäs fvof,Västerbotten,18,Abborre; Bäcknejonöga; Elritsa; Flodkräfta; Gädda; Gärs; Harr; Kräfta obestämd; Lake; Lax; Mört; Nejonöga; Nors; Röding; Simpa; Stensimpa; Stäm; Öring,slu_provfiske,
1570,Mjösjövattnens fvof,Jämtland,6,Abborre; Bergsimpa; Elritsa; Gädda; Lake; Öring,slu_provfiske,
34,Mo fvof,Gävleborg,13,Abborre; Benlöja; Braxen; Bäcknejonöga; Bäckröding; Gädda; Gärs; Gös; Lake; Mört; Nejonöga; Stensimpa; Öring,fiskekartan; slu_provfiske,www.mofiske.se
1121,Mo-Lögdeå fvof,Västerbotten,13,Abborre; Bäcknejonöga; Elritsa; Gädda; Gärs; Harr; Kräfta obestämd; Lake; Lax; Mört; Simpa; Stensimpa; Öring,slu_provfiske,
1563,Mo-Östersjöns fvof,Jämtland,8,Abborre; Elritsa; Gädda; Id; Lake; Mört; Sik; Öring,gbif,
2105,Moga-Annlarps fvof,Västra Götaland,6,Abborre; Braxen; Gädda; Mört; Ruda; Sutare,fiskekartan,
2144,Mogdens fvof,Västra Götaland,9,Abborre; Braxen; Bäckröding; Elritsa; Gädda; Mört; Sutare; Ål; Öring,fiskekartan; slu_provfiske,www.vattenagarna.se/sodra-alvsborgs-fiskevattenagareforbund/?o=513
1358,Molidens fvof,Västernorrland,14,Abborre; Benlöja; Bäcknejonöga; Elritsa; Flodnejonöga; Gädda; Harr; Lake; Lax; Mört; Nejonöga; Stensimpa; Stäm; Öring,slu_provfiske,
953,Molkomssjöns fvof,Värmland,17,Abborre; Benlöja; Björkna; Braxen; Gädda; Gärs; Gös; Lake; Mört; Nors; Ruda; Sarv; Siklöja; Stensimpa; Stäm; Ål; Öring,fiskekartan; slu_provfiske,www.mfvof.com/
2096,Molla fvof,Västra Götaland,11,Abborre; Benlöja; Gädda; Lake; Mört; Regnbåge; Ruda; Signalkräfta; Sutare; Ål; Öring,gbif,
2103,Mollsjöns fvof,Västra Götaland,3,Abborre; Gädda; Mört,fiskekartan,
1770,Mora-Våmhus fvof,Dalarna,31,Abborre; Benlöja; Bergsimpa; Braxen; Bäcknejonöga; Bäckröding; Elritsa; Flodnejonöga; Gädda; Gärs; Gös; Harr; Id; Lake; Lax; Mört; Nejonöga; Nors; Regnbåge; Ruda; Röding; Signalkräfta; Sik; Siklöja; Simpa; Småspigg; Stensimpa; Stäm; Sutare; Ål; Öring,fiskekartan; slu_provfiske; gbif,mvfvof.se/
1867,Morjhults fvof,Västra Götaland,12,Abborre; Elritsa; Flodkräfta; Gädda; Gös; Kräfta obestämd; Lake; Mört; Nors; Sutare; Ål; Öring,fiskekartan; slu_provfiske; gbif,www.morjhultsfvo.se/
1717,Moshyttan-Timanshyttans fvof,Örebro,9,Abborre; Bäcknejonöga; Gädda; Gärs; Lake; Mört; Signalkräfta; Stensimpa; Öring,slu_provfiske,
1348,Mosjöns fvof,Västernorrland,8,Abborre; Gädda; Harr; Mört; Regnbåge; Röding; Småspigg; Öring,slu_provfiske; gbif,
240,Mosseryd - Toens fvof,Jönköping,8,Abborre; Braxen; Bäckröding; Gädda; Gös; Lake; Mört; Regnbåge,fiskekartan; gbif,
440,Mossjöns fvof,Kalmar,5,Abborre; Flodkräfta; Gädda; Mört; Sik,slu_provfiske; gbif,www.vattenagarna.se/kalmar-lans-fiskevattenagareforbund/?o=582
1449,Motala Ströms nedre fvof,Östergötland,8,Abborre; Bäcknejonöga; Gädda; Lake; Nejonöga; Signalkräfta; Sutare; Öring,slu_provfiske,
274,Movänta fvof,Jönköping,10,Abborre; Bergsimpa; Björkna; Gädda; Lake; Mört; Nors; Sarv; Siklöja; Ål,fiskekartan; slu_provfiske,
218,Mullsjöns fvof,Jönköping,13,Abborre; Benlöja; Braxen; Gädda; Gös; Lake; Mört; Regnbåge; Röding; Sik; Sutare; Ål; Öring,fiskekartan; slu_provfiske; gbif,Www.mullsjosfk.se
1855,Mullsjöns fvof,Västra Götaland,9,Abborre; Gädda; Gös; Lake; Mört; Signalkräfta; Sutare; Ål; Öring,slu_provfiske; gbif,
216,Mulserydssjöns fvof,Jönköping,19,Abborre; Benlöja; Bergsimpa; Braxen; Bäcknejonöga; Bäckröding; Elritsa; Gädda; Kräfta obestämd; Lake; Mört; Nejonöga; Ruda; Signalkräfta; Sik; Siklöja; Simpa; Ål; Öring,fiskekartan; slu_provfiske,
306,Munkabosjöns fvof,Jönköping,7,Abborre; Gädda; Gärs; Mört; Sik; Sutare; Ål,fiskekartan; slu_provfiske; gbif,
1201,Munkbysjöns fvof,Västernorrland,3,Abborre; Mört; Stensimpa,slu_provfiske,
229,Munksjöns fvof,Jönköping,25,Abborre; Benlöja; Björkna; Braxen; Bäcknejonöga; Elritsa; Gädda; Gärs; Gös; Harr; Lake; Lax; Mört; Nissöga; Nors; Ruda; Röding; Sarv; Signalkräfta; Siklöja; Stensimpa; Storspigg; Sutare; Ål; Öring,fiskekartan; slu_provfiske; gbif; extern_fvof,www.jonkoping.se/fritid-kultur--natur/friluftsliv-natur-och-parker/friluftsliv/fiska/fiske-i-munksjon-och-rocksjon-sportfiskekortet-och-regler
1363,Myckelgensjö fvof,Västernorrland,13,Abborre; Benlöja; Elritsa; Gädda; Gärs; Harr; Lake; Mört; Nejonöga; Nors; Siklöja; Stensimpa; Öring,slu_provfiske,www.vattenagarna.se/vasternorrlands-lans-fiskerattsagareforbund/?o=498
187,Mycklaflons fvof,Jönköping,15,Abborre; Bergsimpa; Braxen; Elritsa; Gädda; Gärs; Lake; Mört; Nors; Röding; Sarv; Signalkräfta; Sik; Siklöja; Sutare,fiskekartan; slu_provfiske,
1960,Myresjöns fvof,Västra Götaland,5,Abborre; Gädda; Mört; Sutare; Ål,fiskekartan; slu_provfiske; gbif,
1287,Mädans fvof,Västernorrland,13,Abborre; Benlöja; Braxen; Elritsa; Gädda; Gärs; Id; Mört; Nors; Sik; Småspigg; Storspigg; Öring,fiskekartan; slu_provfiske,
144,Mäsens m fl sjöars fvof,Halland,14,Abborre; Braxen; Elritsa; Gädda; Id; Lake; Lax; Mört; Nors; Sarv; Signalkräfta; Sutare; Ål; Öring,fiskekartan; slu_provfiske; gbif,
568,Målasjöarna m.fl sjöars fvof,Kronoberg,15,Abborre; Bergsimpa; Björkna; Braxen; Bäcknejonöga; Faren; Gädda; Gärs; Lake; Mört; Sarv; Signalkräfta; Sutare; Ål; Öring,fiskekartan; slu_provfiske; gbif,
864,Mången-Böckelnsjöarnas fvof,Värmland,16,Abborre; Benlöja; Braxen; Bäcknejonöga; Elritsa; Flodkräfta; Gädda; Gärs; Lake; Mört; Nors; Sik; Siklöja; Stensimpa; Ål; Öring,fiskekartan; slu_provfiske; gbif,www.vattenagarna.se/varmlands-lans-fiskevardsforbund/?o=760
2154,Månsarudssjöns fvof,Västra Götaland,2,Abborre; Gädda,fiskekartan,
1130,Mårdsjö fvof,Västerbotten,16,Abborre; Benlöja; Braxen; Bäckröding; Elritsa; Gädda; Harr; Id; Lake; Mört; Regnbåge; Sik; Simpa; Stensimpa; Ål; Öring,fiskekartan; slu_provfiske; gbif,
507,Möckeln m.fl. sjöars fvof,Kronoberg,23,Abborre; Asp; Benlöja; Björkna; Braxen; Faren; Färna; Gädda; Gärs; Gös; Id; Lake; Mal; Mört; Ruda; Sar; Sarv; Signalkräfta; Sik; Siklöja; Sutare; Ål; Öring,fiskekartan; slu_provfiske; extern_fvof,www.mockelnsfvo.se
1419,Möckeln-Skirsjöns fvof,Östergötland,14,Abborre; Benlöja; Bergsimpa; Elritsa; Flodkräfta; Gädda; Kräfta obestämd; Lake; Mört; Signalkräfta; Sik; Stensimpa; Sutare; Öring,fiskekartan; slu_provfiske,www.vattenagarna.se/ostergotlands-lans-fiskevattenagareforbund/?o=424
1714,Möckelns fvof,Örebro,27,Abborre; Benlöja; Bergsimpa; Björkna; Braxen; Bäcknejonöga; Elritsa; Flodkräfta; Färna; Gädda; Gärs; Gös; Karpfisk obestämd; Lake; Mört; Nors; Sarv; Signalkräfta; Sik; Siklöja; Simpa; Småspigg; Stensimpa; Stäm; Sutare; Vimma; Öring,slu_provfiske,
582,Möcklasjön-Kånesjöns fvof,Kronoberg,4,Abborre; Braxen; Gädda; Mört,slu_provfiske,
2212,Möllerödssjöns fvof,Skåne,4,Flodkräfta; Grönling; Gädda; Öring,slu_provfiske,
2071,Mölndalsåns fvof,Västra Götaland,15,Abborre; Bäcknejonöga; Elritsa; Gädda; Gärs; Karp; Lake; Lax; Mört; Nors; Signalkräfta; Siklöja; Sutare; Ål; Öring,fiskekartan; slu_provfiske,www.vattenagarna.se/fiskevattenagarna-i-vastra-sverige/?o=944
2042,Mörkabosjöns fvof,Västra Götaland,3,Abborre; Gädda; Mört,fiskekartan,
1645,Mörsils fvof,Jämtland,13,Abborre; Bergsimpa; Bäckröding; Elritsa; Gädda; Gös; Harr; Lake; Regnbåge; Röding; Sik; Simpa; Öring,slu_provfiske; gbif,www.vattenagarna.se/jamtlands-lans-fiskevattenagareforbund/?o=777
829,Mörtsjöns fvof,Uppsala,4,Abborre; Gärs; Mört; Sutare,slu_provfiske,
1810,Mörtströmmens fvof,Blekinge,20,Abborre; Benlöja; Björkna; Braxen; Bäcknejonöga; Elritsa; Flodkräfta; Gädda; Gärs; Lake; Mört; Nejonöga; Signalkräfta; Småspigg; Spigg obestämd; Storspigg; Sutare; Vimma; Ål; Öring,slu_provfiske,www.vattenagarna.se/blekinge-lans-radslagsgrupp/?o=847
450,Narveteåns fvof,Kalmar,10,Abborre; Benlöja; Braxen; Elritsa; Gädda; Mört; Sarv; Signalkräfta; Sutare; Öring,fiskekartan; slu_provfiske,
804,Nedingens fvof,Södermanland,13,Abborre; Benlöja; Björkna; Braxen; Flodkräfta; Gädda; Gärs; Gös; Lake; Mört; Ruda; Signalkräfta; Sutare,fiskekartan; gbif,
1587,Nedre Ammeråns fvof,Jämtland,13,Abborre; Bergsimpa; Bäcknejonöga; Bäckröding; Elritsa; Gädda; Harr; Lake; Röding; Sik; Simpa; Stensimpa; Öring,fiskekartan; slu_provfiske,www.vattenagarna.se/jamtlands-lans-fiskevattenagareforbund/?o=819
2088,Nedre Bolsjöns fvof,Västra Götaland,10,Abborre; Braxen; Elritsa; Gädda; Mört; Nejonöga; Nors; Sik; Ål; Öring,slu_provfiske; gbif,
914,Nedre Frykens fvof,Värmland,15,Abborre; Benlöja; Braxen; Gädda; Gös; Id; Lake; Lax; Mört; Nors; Regn; Sik; Siklöja; Stäm; Öring,fiskekartan; slu_provfiske,www.vattenagarna.se/varmlands-lans-fiskevardsforbund/?o=485
20,Nedre Gavleåns fvof,Gävleborg,24,Abborre; Benlöja; Björkna; Braxen; Bäcknejonöga; Bäckröding; Gädda; Gärs; Gös; Id; Lake; Lax; Mört; Nejonöga; Nors; Sarv; Signalkräfta; Simpa; Stensimpa; Stäm; Sutare; Vimma; Ål; Öring,slu_provfiske,
1185,Nedre Gideälvens fvof,Västernorrland,21,Abborre; Benlöja; Braxen; Bäcknejonöga; Flodnejonöga; Gädda; Gärs; Gös; Harr; Lake; Lax; Lax_Öring_Hybrid; Mört; Nejonöga; Nors; Sik; Siklöja; Simpa; Stensimpa; Stäm; Öring,slu_provfiske,www.vattenagarna.se/vasternorrlands-lans-fiskerattsagareforbund/?o=563
1226,Nedre Gimåns fvof,Västernorrland,19,Abborre; Benlöja; Braxen; Bäcknejonöga; Elritsa; Gädda; Gärs; Harr; Id; Lake; Mört; Nors; Regnbåge; Röding; Sik; Siklöja; Stensimpa; Ål; Öring,slu_provfiske; gbif,
449,Nedre Hagbyåns fvof,Kalmar,16,Abborre; Benlöja; Braxen; Bäcknejonöga; Gädda; Gärs; Havsöring; Id; Kräfta obestämd; Lake; Mört; Signalkräfta; Stensimpa; Sutare; Vimma; Öring,fiskekartan; slu_provfiske,hagbyfiske.se
2205,Nedre Helgeåns fvof,Skåne,29,Abborre; Benlöja; Björkna; Braxen; Bäcknejonöga; Elritsa; Faren; Färna; Grönling; Gädda; Gärs; Gös; Havsöring; Karpfisk obestämd; Lake; Lax; Lax_Öring_Hybrid; Mört; Nejonöga; Ruda; Sandkrypare; Sarv; Signalkräfta; Spigg obestämd; Storspigg; Sutare; Vimma; Ål; Öring,slu_provfiske; extern_fvof,www.nedrehelgean.se
1288,Nedre Husåns fvof,Västernorrland,12,Benlöja; Bäcknejonöga; Elritsa; Gädda; Harr; Lake; Mört; Nejonöga; Sik; Simpa; Stensimpa; Öring,slu_provfiske,www.vattenagarna.se/vasternorrlands-lans-fiskerattsagareforbund/?o=562
1673,Nedre Hårkans fvof,Jämtland,8,Bergsimpa; Bäckröding; Elritsa; Gädda; Harr; Lake; Stensimpa; Öring,slu_provfiske; gbif,www.vattenagarna.se/jamtlands-lans-fiskevattenagareforbund/?o=782
880,Nedre Klarälvens fvof,Värmland,24,Abborre; Asp; Benlöja; Björkna; Braxen; Faren; Gädda; Gärs; Gös; Harr; Id; Karp; Lake; Lax; Mört; Nors; Ruda; S; Sarv; Sik; Siklöja; Simpa; Stäm; Sutare,fiskekartan; slu_provfiske,nedreklaalven.nu
1235,Nedre Ljungans fvof,Västernorrland,24,Abborre; Benlöja; Elritsa; Flodkräfta; Flodnejonöga; Gädda; Gärs; Harr; Havsöring; Id; Lake; Lax; Lax_Öring_Hybrid; Mört; Nejonöga; Sik; Siklöja; Simpa; Småspigg; Spigg obestämd; Stensimpa; Stäm; Ål; Öring,fiskekartan; slu_provfiske,nedreljunganssportfisk.se/
1514,Nedre Långans fvof,Jämtland,12,Abborre; Bergsimpa; Bäckröding; Elritsa; Gädda; Harr; Lake; Mört; Röding; Sik; Stensimpa; Öring,fiskekartan; slu_provfiske,nedrelangan.com/
1255,Nedre Moälvens fvof,Västernorrland,9,Abborre; Braxen; Gädda; Gärs; Gös; Havsöring; Lax; Mört; Öring,slu_provfiske; extern_fvof,
970,Nedre Norsälvens fvof,Värmland,17,Abborre; Benlöja; Braxen; Gädda; Gärs; Gös; Id; Lake; Lax; Mört; Nors; Sarv; Stensimpa; Storspigg; Stäm; Ål; Öring,gbif,www.vattenagarna.se/varmlands-lans-fiskevardsforbund/?o=706
1309,Nedre Nätraälvens fvof,Västernorrland,21,Abborre; Benlöja; Braxen; Bäcknejonöga; Elritsa; Flodkräfta; Flodnejonöga; Gädda; Gös; Harr; Havsöring; Hornsimpa; Id; Lake; Lax; Mört; Nejonöga; Simpa; Stensimpa; Stäm; Öring,fiskekartan; slu_provfiske,www.vattenagarna.se/vasternorrlands-lans-fiskerattsagareforbund/?o=548
2227,Nedre Stensåns fvof,Skåne,12,Abborre; Bäcknejonöga; Elritsa; Groplöja; Gädda; Lax; Lax_Öring_Hybrid; Mört; Nejonöga; Skrubbskädda; Ål; Öring,fiskekartan; slu_provfiske,
1436,Nedre Svartåns fvof,Östergötland,10,Abborre; Asp; Braxen; Gädda; Gärs; Gös; Mört; Sarv; Siklöja; Sutare,fiskekartan,
812,Nedre Tämnareåns fvof,Uppsala,17,Abborre; Benlöja; Björkna; Braxen; Flodnejonöga; Gädda; Gärs; Id; Lake; Mört; Nejonöga; Sarv; Signalkräfta; Småspigg; Stensimpa; Sutare; Öring,slu_provfiske,
1893,Nedre Upperudsälvens fvof,Västra Götaland,26,Abborre; Benlöja; Björkna; Braxen; Bäckröding; Elritsa; Gädda; Gärs; Gös; Id; Karp; Lake; Lax; Mört; Nissöga; Nors; Regnbåge; Sarv; Signalkräfta; Sik; Siklöja; Småspigg; Stensimpa; Sutare; Ål; Öring,fiskekartan; gbif,
1062,Nedre Vojmsjöns fvof,Västerbotten,12,Abborre; Bäckröding; Elritsa; Gädda; Harr; Kanadaröding; Lake; Sik; Siklöja; Simpa; Stensimpa; Öring,fiskekartan; slu_provfiske,
1864,Nedre Örekilsälvens fvof,Västra Götaland,21,Abborre; Benlöja; Braxen; Elritsa; Färna; Gädda; Gärs; Gös; Havsnejonöga; Havsöring; Id; Lake; Lax; Lax_Öring_Hybrid; Mört; Nejonöga; Nors; Skrubbskädda; Stäm; Ål; Öring,fiskekartan; slu_provfiske; extern_fvof,orekil.com/
87,Nianfors och Nedre Delångersåns fvof,Gävleborg,16,Abborre; Benlöja; Björkna; Braxen; Gädda; Gärs; Gös; Harr; Id; Lake; Mört; Nissöga; Regnbåge; Ruda; Röding; Öring,fiskekartan,
1485,Nimmerns fvof,Östergötland,13,Abborre; Benlöja; Björkna; Braxen; Gädda; Gärs; Gös; Mört; Ruda; Sarv; Signalkräfta; Sutare; Ål,slu_provfiske; gbif,www.vattenagarna.se/ostergotlands-lans-fiskevattenagareforbund/?o=682
142,Nissans fvof,Halland,27,Abborre; Bäcknejonöga; Elritsa; Flodkräfta; Flodnejonöga; Färna; Gädda; Gärs; Gös; Havsnejonöga; Havsöring; Id; Karp; Karpfisk obestämd; Kräfta obestämd; Lake; Lax; Mört; Nejonöga; Regnbåge; Ruda; Signalkräfta; Simpa; Stensimpa; Storspigg; Ål; Öring,fiskekartan; slu_provfiske; gbif,www.ifiske.se/fiske-nissan.htm
294,Nissasjöarnas fvof,Jönköping,27,Abborre; Benlöja; Bergsimpa; Björkna; Braxen; Bäcknejonöga; Bäckröding; Elritsa; Flodkräfta; Gädda; Gärs; Gös; Harr; Id; Lake; Mal; Mört; R; Regnbåge; Sarv; Signalkräfta; Sik; Siklöja; Småspigg; Sutare; Ål; Öring,fiskekartan; slu_provfiske; gbif,
1771,Nittens fvof,Dalarna,8,Abborre; Elritsa; Gädda; Kräfta obestämd; Mört; Regnbåge; Signalkräfta; Öring,fiskekartan; slu_provfiske,
1878,Nittorps fvof,Västra Götaland,13,Abborre; Benlöja; Bergsimpa; Braxen; Bäckröding; Elritsa; Gädda; Gös; Lake; Mört; Signalkräfta; Ål; Öring,fiskekartan; slu_provfiske,www.vattenagarna.se/sodra-alvsborgs-fiskevattenagareforbund/?o=446
1356,Njurunda Södra fvof,Västernorrland,27,Abborre; Benlöja; Braxen; Bäcknejonöga; Elritsa; Flodkräfta; Flodnejonöga; Gädda; Gärs; Gös; Harr; Id; Lake; Lax; Lax_Öring_Hybrid; Mört; Nejonöga; Nors; Regnbåge; Röding; Sarv; Siklöja; Simpa; Stensimpa; Stäm; Ål; Öring,fiskekartan; slu_provfiske,
1984,Nolåns fvof,Västra Götaland,18,Abborre; Braxen; Bäcknejonöga; Bäckröding; Elritsa; Gädda; Karp; Kräfta obestämd; Lake; Lax; Mört; Nejonöga; Regnbåge; Signalkräfta; Storspigg; Sutare; Ål; Öring,slu_provfiske; gbif,
1359,Nora-Västansjö fvof,Västernorrland,11,Abborre; Bäcknejonöga; Elritsa; Flodkräfta; Gädda; Gärs; Lake; Mört; Nors; Stensimpa; Öring,slu_provfiske,www.vattenagarna.se/vasternorrlands-lans-fiskerattsagareforbund/?o=549
1690,Norasjöns fvof,Örebro,14,Abborre; Benlöja; Braxen; Bäcknejonöga; Elritsa; Gädda; Gärs; Lake; Mört; Nors; Signalkräfta; Siklöja; Stensimpa; Öring,slu_provfiske,www.vattenagarna.se/orebro-lans-fiskevattenagareforbund/?o=599
1794,Noraåns fvof,Dalarna,16,Abborre; Benlöja; Bäcknejonöga; Bäckröding; Elritsa; Gädda; Id; Lake; Mört; Nejonöga; Nors; Regnbåge; Signalkräfta; Simpa; Stensimpa; Öring,fiskekartan; slu_provfiske; gbif,
1391,Norbergs Norra fvof,Västmanland,15,Abborre; Benlöja; Braxen; Bäcknejonöga; Bäckröding; Gädda; Gärs; Gös; Lake; Mört; Nejonöga; Nors; Signalkräfta; Stensimpa; Öring,slu_provfiske,
1189,Nordanede fvof,Västernorrland,9,Abborre; Bäckröding; Gädda; Harr; Lake; Mört; Röding; Sik; Öring,fiskekartan; gbif,
25,Nordanstigs fvof,Gävleborg,35,Abborre; Benlöja; Bergsimpa; Braxen; Bäcknejonöga; Bäckröding; Elritsa; Flodkräfta; Flodnejonöga; Färna; Gädda; Gärs; Gös; Harr; Id; Kräfta obestämd; Lake; Lax; Mört; Nejonöga; Nors; Regnbåge; Ruda; Röding; Sarv; Signalkräfta; Sik; Siklöja; Simpa; Småspigg; Stensimpa; Storspigg; Stäm; Ål; Öring,slu_provfiske; gbif,
975,Nordmarksälvens fvof,Värmland,12,Abborre; Bäcknejonöga; Elritsa; Flodkräfta; Gädda; Gärs; Gös; Kräfta obestämd; Lake; Mört; Signalkräfta; Öring,slu_provfiske,www.vattenagarna.se/varmlands-lans-fiskevardsforbund/?o=722
2131,Nordre älvs fvof,Västra Götaland,16,Abborre; Benlöja; Braxen; Gädda; Havsöring; Id; Lake; Lax; Mört; Sarv; Sik; Simpa; Småspigg; Stensimpa; Ål; Öring,fiskekartan; slu_provfiske,www.sportfiskarna.se/fiske/fiskevatten/fiske-i-goteborg/gula-kortet/
295,Nordsjöns fvof,Jönköping,6,Abborre; Braxen; Gädda; Lake; Mört; Sarv,fiskekartan,
1902,Nordsjöns fvof,Västra Götaland,17,Abborre; Björkna; Braxen; Bäckröding; Elritsa; Gädda; Lake; Lax; Mört; Nejonöga; Nors; Röding; Signalkräfta; Simpa; Sutare; Ål; Öring,fiskekartan; slu_provfiske,www.nfvo.se/
156,Nordskogs fvof,Halland,8,Abborre; Gädda; Mört; Regnbåge; Sarv; Sutare; Ål; Öring,slu_provfiske; gbif,
2008,Nordåns fvof,Västra Götaland,5,Bäckröding; Elritsa; Gädda; Lake; Öring,slu_provfiske,
1535,Nordöstra Sundsjö fvof,Jämtland,10,Abborre; Bergsimpa; Elritsa; Gädda; Lake; Mört; Röding; Sik; Simpa; Öring,fiskekartan; slu_provfiske,
1522,Norensjöarnas fvof,Jämtland,5,Bäckröding; Elritsa; Lake; Röding; Öring,fiskekartan; slu_provfiske,www.vattenagarna.se/jamtlands-lans-fiskevattenagareforbund/?o=790
1116,Noretbyarnas fvof,Västerbotten,4,Abborre; Gädda; Regnbåge; Öring,fiskekartan; slu_provfiske,
247,Norr- och Sörsjöns fvof,Jönköping,9,Abborre; Benlöja; Braxen; Gädda; Lake; Mört; Signalkräfta; Sutare; Ål,fiskekartan; slu_provfiske,
1266,Norra Anundsjöåns fvof,Västernorrland,9,Bäckröding; Elritsa; Gädda; Harr; Lake; Lax; Mört; Stensimpa; Öring,slu_provfiske,
922,Norra Barsjöns fvof,Värmland,8,Abborre; Braxen; Gädda; Gärs; Lake; Mört; Nors; Ål,gbif,
261,Norra Bunns fvof,Jönköping,18,Abborre; Bergsimpa; Braxen; Gädda; Gärs; Gös; Lake; Mört; Nors; Regnbåge; Ruda; Röding; Sarv; Signalkräfta; Sik; Siklöja; Sutare; Ål,fiskekartan; slu_provfiske; gbif,
801,Norra Båvens fvof,Södermanland,12,Abborre; Björkna; Flodkräfta; Gädda; Gärs; Gös; Mal; Mört; Ruda; Sarv; Stensimpa; Sutare,gbif,
840,Norra Finnskoga fvof,Värmland,15,Abborre; Bergsimpa; Bäcknejonöga; Elritsa; Gädda; Harr; Lake; Lax; Mört; Regnbåge; Röding; Sik; Simpa; Stensimpa; Öring,fiskekartan; slu_provfiske,www.vattenagarna.se/varmlands-lans-fiskevardsforbund/?o=450
838,Norra Gräsmarks fvof,Värmland,9,Abborre; Bergsimpa; Bäcknejonöga; Elritsa; Gädda; Lake; Simpa; Stensimpa; Öring,slu_provfiske,www.vattenagarna.se/varmlands-lans-fiskevardsforbund/?o=726
1695,Norra Hörkens fvof,Örebro,8,Abborre; Bäcknejonöga; Gädda; Lake; Mört; Nors; Siklöja; Öring,slu_provfiske,
1901,Norra Kornsjöns fvof,Västra Götaland,9,Abborre; Gädda; Id; Mört; Sik; Siklöja; Sutare; Ål; Öring,fiskekartan; slu_provfiske; gbif,www.norrakornsjon.com/
983,Norra Lelångs fvof,Värmland,20,Abborre; Benlöja; Bergsimpa; Björkna; Braxen; Bäcknejonöga; Elritsa; Flodkräfta; Gädda; Gärs; Lake; Mört; Nors; Regnbåge; Sarv; Sik; Siklöja; Simpa; Stensimpa; Öring,slu_provfiske,www.vattenagarna.se/varmlands-lans-fiskevardsforbund/?o=347
1869,Norra Lunds fvof,Västra Götaland,7,Abborre; Bäckröding; Elritsa; Gädda; Mört; Regnbåge; Öring,gbif,
2000,Norra Långevattnets fvof,Västra Götaland,4,Abborre; Gädda; Regnbåge; Signalkräfta,fiskekartan; gbif,www.sportfiskarna.se/fiske/fiskevatten/fiske-i-goteborg/bla-kortet/
245,Norra Nissandalens fvof,Jönköping,17,Abborre; Benlöja; Bergsimpa; Braxen; Bäcknejonöga; Elritsa; Gädda; Lake; Mört; Nejonöga; Regnbåge; Signalkräfta; Sik; Simpa; Sutare; Ål; Öring,fiskekartan; slu_provfiske; gbif,www.vattenagarna.se/jonkopings-lans-fiskevattenagareforbund/?o=897
833,Norra Ny fvof,Värmland,20,Abborre; Benlöja; Bergsimpa; Bäcknejonöga; Elritsa; Gädda; Gärs; Harr; Karpfisk obestämd; Lake; Lax; Mört; Nejonöga; Regnbåge; Signalkräfta; Sik; Simpa; Stensimpa; Stäm; Öring,fiskekartan; slu_provfiske,www.vattenagarna.se/varmlands-lans-fiskevardsforbund/?o=169
805,Norra Nyköpingsåns fvof,Södermanland,18,Abborre; Benlöja; Braxen; Grä; Gädda; Gärs; Gös; Havsöring; Karp; Lake; Lax; Mal; Mört; Nors; Ruda; Sutare; Ål; Öring,fiskekartan; slu_provfiske,
288,Norra Sandsjös fvof,Jönköping,13,Abborre; Björkna; Braxen; Elritsa; Gädda; Gös; Lake; Mört; Regnbåge; Sarv; Signalkräfta; Sutare; Öring,fiskekartan; slu_provfiske,www.ifiske.se/fiske-norra-sandsjos-fvof.htm
2047,Norra Simmesjöns fvof,Västra Götaland,0,,,
386,Norra Storåns fvof,Jönköping,4,Abborre; Gädda; Lake; Mört,slu_provfiske,
138,Norra Suseåns fvof,Halland,11,Abborre; Braxen; Elritsa; Flodkräfta; Gädda; Lax; Mört; Sarv; Signalkräfta; Ål; Öring,slu_provfiske,
1854,Norra Sämsjöns fvof,Västra Götaland,14,Abborre; Bäckröding; Gädda; Gös; Karp; Lake; Mört; Regnbåge; Röding; Sik; Siklöja; Sutare; Ål; Öring,gbif,www.vattenagarna.se/sodra-alvsborgs-fiskevattenagareforbund/?o=524
1734,Norra Venjans fvof,Dalarna,13,Abborre; Bergsimpa; Bäcknejonöga; Elritsa; Gädda; Gärs; Harr; Lake; Mört; Nejonöga; Regnbåge; Röding; Öring,fiskekartan; slu_provfiske,
316,Norra Vixens fvof,Jönköping,10,Abborre; Bergsimpa; Braxen; Gädda; Lake; Mört; Sarv; Signalkräfta; Siklöja; Sutare,fiskekartan; slu_provfiske,www.vattenagarna.se/jonkopings-lans-fiskevattenagareforbund/?o=478
956,Norra Värmelns fvof,Värmland,22,Abborre; Benlöja; Braxen; Bäcknejonöga; Elritsa; Flodkräfta; Gädda; Gärs; Gös; Kräfta obestämd; Lake; Mört; Nejonöga; Nors; Ruda; Sarv; Signalkräfta; Siklöja; Simpa; Stensimpa; Ål; Öring,fiskekartan; slu_provfiske; gbif,
239,Norrahammars fvof,Jönköping,7,Abborre; Braxen; Gädda; Gärs; Mört; Sutare; Ål,fiskekartan,
4,Norrala-Trönö fvof,Gävleborg,26,Abborre; Benlöja; Braxen; Bäcknejonöga; Elritsa; Flodkräfta; Flodnejonöga; Gädda; Gärs; Gös; Harr; Id; Lake; Mört; Nejonöga; Nors; Ruda; Sarv; Signalkräfta; Siklöja; Simpa; Småspigg; Spigg obestämd; Stensimpa; Storspigg; Öring,slu_provfiske,
1719,Norrmogens fvof,Örebro,4,Bäcknejonöga; Lake; Stensimpa; Öring,slu_provfiske,
617,Norrsjöns fvof,Kronoberg,19,Abborre; Benlöja; Bergsimpa; Braxen; Elritsa; Gädda; Gärs; Gös; Lake; Mört; Regnbåge; Röding; Signalkräfta; Sik; Siklöja; Småspigg; Sutare; Ål; Öring,fiskekartan; slu_provfiske; gbif,
1071,Norsjöån-Malåns fvof,Västerbotten,9,Abborre; Elritsa; Gädda; Harr; Lake; Mört; Regnbåge; Stensimpa; Öring,fiskekartan; slu_provfiske,
2027,Nossans fvof,Västra Götaland,8,Abborre; Elritsa; Färna; Gädda; Lake; Nejonöga; Signalkräfta; Öring,slu_provfiske,
1927,Nossans mellersta fvof,Västra Götaland,12,Abborre; Benlöja; Bergsimpa; Braxen; Färna; Gädda; Gärs; Lake; Mört; Stensimpa; Ål; Öring,slu_provfiske,
1859,Nossans nedre fvof,Västra Götaland,18,Abborre; Benlöja; Björkna; Braxen; Faren; Färna; Gädda; Gärs; Gös; Id; Lake; Mört; Nors; Sarv; Stensimpa; Stäm; Sutare; Öring,slu_provfiske,
411,Nossens fvof,Kalmar,7,Abborre; Benlöja; Braxen; Elritsa; Gädda; Gärs; Mört,slu_provfiske; gbif,
668,Nurrholms fvof,Norrbotten,0,,,
1708,Nya och Gamla Pershyttans fvof,Örebro,7,Abborre; Flodkräfta; Gädda; Mört; Nejonöga; Signalkräfta; Öring,slu_provfiske,
362,Nybrodammens fvof,Jönköping,4,Abborre; Braxen; Gädda; Mört,fiskekartan,
2233,Nybroåns fvof,Skåne,15,Abborre; Bäcknejonöga; Elritsa; Gädda; Id; Mört; Nejonöga; Signalkräfta; Skrubbskädda; Småspigg; Spigg obestämd; Stensimpa; Storspigg; Ål; Öring,fiskekartan; slu_provfiske,www.nybroån.se
1065,Nyby fvof,Västerbotten,7,Bäcknejonöga; Elritsa; Gädda; Harr; Lake; Stensimpa; Öring,slu_provfiske,
938,Nyckelvattnets fvof,Värmland,7,Abborre; Bäcknejonöga; Elritsa; Gädda; Mört; Röding; Öring,fiskekartan; slu_provfiske,
1692,Nyhyttans fvof,Örebro,10,Abborre; Benlöja; Bäckröding; Gädda; Gärs; Lake; Mört; Signalkräfta; Stensimpa; Öring,slu_provfiske,
413,Nyns fvof,Kalmar,6,Abborre; Gädda; Mört; Sarv; Siklöja; Sutare,slu_provfiske,
942,Nysockensjöns fvof,Värmland,26,Abborre; Benlöja; Bergsimpa; Björkna; Braxen; Bäcknejonöga; Elritsa; Flodkräfta; Flodnejonöga; Gädda; Gärs; Gös; Kräfta obestämd; Lake; Lax; Mört; Nejonöga; Nors; Sarv; Signalkräfta; Siklöja; Simpa; Stensimpa; Sutare; Ål; Öring,slu_provfiske; gbif,www.vattenagarna.se/varmlands-lans-fiskevardsforbund/?o=719
1524,Näcktens fvof,Jämtland,11,Abborre; Bergsimpa; Elritsa; Gädda; Harr; Lake; Mört; Röding; Sik; Ål; Öring,fiskekartan; slu_provfiske,
1686,Näldsjöns fvof,Jämtland,11,Abborre; Bergsimpa; Gädda; Harr; Lake; Mört; Sik; Siklöja; Simpa; Småspigg; Öring,fiskekartan; slu_provfiske,www.vattenagarna.se/jamtlands-lans-fiskevattenagareforbund/?o=803
742,Närdingens fvof,Stockholm,14,Abborre; Benlöja; Björkna; Braxen; Gädda; Gärs; Gös; Lake; Mört; Ruda; Sarv; Signalkräfta; Sutare; Öring,slu_provfiske,www.vattenagarna.se/stockholms-och-uppsala-lan/?o=910
1840,Närens fvof,Västra Götaland,14,Abborre; Benlöja; Björkna; Braxen; Gädda; Gärs; Gös; Lake; Mört; Nors; Ruda; Stensimpa; Sutare; Ål,gbif,
1375,Näsby fvof,Västmanland,4,Abborre; Benlöja; Färna; Id,slu_provfiske; gbif,
257,Nässjasjöns fvof,Jönköping,6,Abborre; Braxen; Gädda; Lake; Mört; Sutare,fiskekartan; slu_provfiske,
376,Nässjöns fvof,Jönköping,6,Abborre; Gädda; Mört; Sutare; Ål; Öring,fiskekartan; slu_provfiske,
348,Nässjöortens fvof,Jönköping,13,Abborre; Braxen; Elritsa; Gädda; Karp; Lake; Mört; Ruda; Signalkräfta; Siklöja; Simpa; Sutare; Öring,fiskekartan; slu_provfiske,
908,Nästjärnens fvof,Värmland,9,Abborre; Benlöja; Braxen; Bäckröding; Elritsa; Gädda; Mört; Storspigg; Ål,gbif,
1175,Näsåker fvof,Västernorrland,18,Abborre; Benlöja; Braxen; Elritsa; Flodkräfta; Färna; Gädda; Gärs; Harr; Lake; Mört; Regnbåge; Röding; Siklöja; Stensimpa; Stäm; Ål; Öring,slu_provfiske; gbif,
1848,Näsölns fvof,Västra Götaland,3,Abborre; Gädda; Mört,fiskekartan,
459,Nätterhövdens och Lillsjöns fvof,Kalmar,12,Abborre; Benlöja; Braxen; Gädda; Gös; Lake; Mört; Ruda; Sarv; Siklöja; Sutare; Ål,fiskekartan; slu_provfiske; gbif,
1814,Nättrabyåns fvof,Blekinge,13,Abborre; Benlöja; Flodkräfta; Gädda; Gärs; Kräfta obestämd; Lake; Mört; Nejonöga; Signalkräfta; Sutare; Ål; Öring,slu_provfiske,
1731,Nävdens fvof,Dalarna,15,Abborre; Benlöja; Björkna; Braxen; Elritsa; Gädda; Gärs; Gös; Lake; Mört; Nors; Ruda; Siklöja; Sutare; Ål,gbif,
301,Nävelsjöortens fvof,Jönköping,7,Abborre; Braxen; Elritsa; Gädda; Lake; Mört; Öring,fiskekartan; slu_provfiske,
1804,Nävrasjöns fvof,Blekinge,6,Abborre; Benlöja; Braxen; Gädda; Gös; Mört,slu_provfiske,
1773,Nås fvof,Dalarna,11,Abborre; Benlöja; Bergsimpa; Elritsa; Gädda; Gärs; Harr; Lake; Mört; Regnbåge; Öring,fiskekartan; slu_provfiske,
2232,Nöbbelöv - Emsfors fvof,Skåne,5,Abborre; Benlöja; Gädda; Gös; Mört,fiskekartan; slu_provfiske,
304,Nömmens fvof,Jönköping,15,Abborre; Benlöja; Bergsimpa; Braxen; Gädda; Gärs; Gös; Lake; Mört; Ruda; Sarv; Sik; Siklöja; Ste; Sutare,fiskekartan; slu_provfiske,
1939,Nöresjöns fvof,Västra Götaland,8,Abborre; Elritsa; Gädda; Lake; Mört; Regnbåge; Röding; Sutare,gbif,www.vattenagarna.se/sodra-alvsborgs-fiskevattenagareforbund/?o=1030
79,Ockelbo NÖ fvof,Gävleborg,19,Abborre; Benlöja; Braxen; Bäcknejonöga; Bäckröding; Elritsa; Flodkräfta; Gädda; Gärs; Harr; Lake; Mört; Nejonöga; Nors; Sarv; Siklöja; Simpa; Stensimpa; Öring,slu_provfiske,
1040,Ockelsjö fvof,Västerbotten,8,Abborre; Bäcknejonöga; Gädda; Gärs; Lake; Mört; Röding; Öring,fiskekartan; slu_provfiske; gbif,
1592,Ockesjön-Kvissleströmmarnas fvof,Jämtland,14,Abborre; Bergsimpa; Bäckröding; Elritsa; Gädda; Gös; Harr; Lake; Mört; Regnbåge; Röding; Sik; Simpa; Öring,slu_provfiske; gbif,www.kvitslefiske.se/
640,Oksajärvi fvof,Norrbotten,10,Abborre; Bergsimpa; Elritsa; Gädda; Harr; Lake; Lax; Röding; Sik; Öring,fiskekartan; slu_provfiske,
1233,Omsjö fvof,Västernorrland,5,Abborre; Gädda; Mört; Regnbåge; Röding,fiskekartan,omsjo.com/omsjo-fvof/
2221,Oppmannasjöns fvof,Skåne,14,Abborre; Benlöja; Björkna; Braxen; Gädda; Gärs; Gös; Mört; Nissöga; Sarv; Sik; Siklöja; Sutare; Ål,fiskekartan; slu_provfiske,
1767,Ore fvof,Dalarna,22,Abborre; Benlöja; Bergsimpa; Braxen; Bäcknejonöga; Bäckröding; Elritsa; Gädda; Gärs; Gös; Harr; Hornsimpa; Id; Lake; Mört; Ruda; Röding; Sik; Siklöja; Stensimpa; Ö; Öring,fiskekartan; slu_provfiske,
1808,Orlundens fvof,Blekinge,12,Abborre; Braxen; Elritsa; Gädda; Lake; Mört; Ruda; Siklöja; Storspigg; Sutare; Ål; Öring,gbif,
1098,Ormsjöortens fvof,Västerbotten,17,Abborre; Braxen; Bäcknejonöga; Bäckröding; Elritsa; Gädda; Gös; Harr; Id; Lake; Mört; Nejonöga; Regnbåge; Röding; Sik; Simpa; Öring,fiskekartan; slu_provfiske; gbif,www.ormsjofiske.se/
823,Ormöns fvof,Uppsala,11,Abborre; Benlöja; Gädda; Gärs; Id; Mört; Ruda; Sarv; Småspigg; Storspigg; Sutare,slu_provfiske,
2150,Ornungasjöns fvof,Västra Götaland,5,Abborre; Gädda; Mört; Sik; Sutare,fiskekartan,
1112,Orrböle fvof,Västerbotten,15,Abborre; Bäckröding; Gädda; Gärs; Lake; Mört; Regnbåge; Röding; Sik; Siklöja; Småspigg; Stensimpa; Stäm; Sutare; Öring,slu_provfiske; gbif,
74,Orsa Besparingsskogs fvof,Gävleborg,13,Abborre; Bäcknejonöga; Bäckröding; Elritsa; Gädda; Harr; Lake; Mört; Nejonöga; Regnbåge; Röding; Stensimpa; Öring,fiskekartan; slu_provfiske,
1755,Orsa fvof,Dalarna,20,Abborre; Bergsimpa; Braxen; Bäcknejonöga; Bäckröding; Bäckröding_Öring_Hybrid; Elritsa; Gädda; Harr; Id; Lake; Mört; Nejonöga; Regnbåge; Röding; Sik; Siklöja; Stensimpa; Stäm; Öring,fiskekartan; slu_provfiske,ofvo.nu/
2203,Osbysjöns fvof,Skåne,15,Abborre; Benlöja; Björkna; Braxen; Faren; Färna; Gädda; Gärs; Gös; Lake; Mal; Mört; Sandkrypare; Sarv; Öring,slu_provfiske,www.vattenagarna.se/skane-lans-radslagsgrupp/?o=832
1053,Ostvik-Östanbäcks fvof,Västerbotten,6,Abborre; Gädda; Id; Småspigg; Spigg obestämd; Öring,slu_provfiske,
17,Ottnarens fvof,Gävleborg,20,Abborre; Benlöja; Björkna; Braxen; Bäcknejonöga; Flodkräfta; Gädda; Gärs; Gös; Id; Lake; Mört; Nors; Regnbåge; Ruda; Sarv; Signalkräfta; Sutare; Ål; Öring,fiskekartan; slu_provfiske; gbif,
1540,Ottsjö fvof,Jämtland,6,Bäckröding; Elritsa; Harr; Lake; Röding; Öring,fiskekartan; slu_provfiske,
1627,Ottsjöns fvof,Jämtland,3,Elritsa; Gädda; Lake,slu_provfiske,www.vattenagarna.se/jamtlands-lans-fiskevattenagareforbund/?o=791
58,Ovanåkers fvof,Gävleborg,25,Abborre; Benlöja; Braxen; Bäcknejonöga; Bäckröding; Elritsa; Flodkräfta; Gädda; Gärs; Gös; Harr; Kräfta obestämd; Lake; Mört; Nejonöga; Nors; Regnbåge; Ruda; Röding; Sik; Siklöja; Simpa; Stensimpa; Ål; Öring,fiskekartan; slu_provfiske; gbif; extern_fvof,www.ovanakersfvof.se
1940,Oxalasjöns fvof,Västra Götaland,7,Abborre; Gädda; Harr; Mört; Regnbåge; Ål; Öring,gbif,
2137,Oxsjöns fvof,Västra Götaland,6,Abborre; Elritsa; Gädda; Lake; Mört; Ål,gbif,
1037,Oxvattnets fvof,Västerbotten,6,Abborre; Gädda; Lake; Mört; Sik; Öring,gbif,
638,Parkajoki fvof,Norrbotten,10,Abborre; Bergsimpa; Elritsa; Gädda; Harr; Lake; Lax; Simpa; Stensimpa; Öring,slu_provfiske,
630,Parkalompolo fvof,Norrbotten,4,Bergsimpa; Elritsa; Harr; Öring,slu_provfiske,
1070,Pausele-Bäcknäs fvof,Västerbotten,7,Abborre; Bäckröding; Gädda; Harr; Mört; Sik; Öring,fiskekartan,
1138,Pauträsk fvof,Västerbotten,5,Elritsa; Gädda; Lake; Stensimpa; Öring,slu_provfiske,
1082,Pengsjöns fvof,Västerbotten,10,Abborre; Bäckröding; Elritsa; Gädda; Gärs; Gös; Lake; Mört; Siklöja; Stensimpa,fiskekartan; slu_provfiske,
637,Pentäsjoki fvof,Norrbotten,10,Abborre; Bergsimpa; Elritsa; Gädda; Harr; Lake; Lax; Mört; Stensimpa; Öring,slu_provfiske,
1047,Petikträsk fvof,Västerbotten,6,Abborre; Gädda; Gärs; Harr; Mört; Sik,fiskekartan,
2078,Pickesjön fvof,Västra Götaland,6,Abborre; Gädda; Karp; Mört; Regnbåge; Ål,fiskekartan,www.ifiske.se/
951,Portilasjöns fvof,Värmland,7,Abborre; Braxen; Gädda; Gärs; Mört; Ruda; Ål,gbif,
1211,Prästsjöns fvof,Västernorrland,10,Abborre; Braxen; Elritsa; Gädda; Gärs; Mört; Sik; Småspigg; Storspigg; Öring,slu_provfiske,
918,Pråmsjön-Aplungens fvof,Värmland,5,Bäcknejonöga; Gädda; Lake; Mört; Stensimpa,slu_provfiske,
944,Rackens fvof,Värmland,15,Abborre; Benlöja; Bäcknejonöga; Elritsa; Gädda; Gärs; Lake; Mört; Nejonöga; Nors; Signalkräfta; Siklöja; Simpa; Stensimpa; Öring,fiskekartan; slu_provfiske,
659,Racksund-Östansjö fvof,Norrbotten,6,Abborre; Gädda; Harr; Lake; Sik; Öring,gbif,
820,Raggarö fvof,Uppsala,14,Abborre; Benlöja; Björkna; Braxen; Gädda; Gärs; Gös; Hornsimpa; Mört; Nors; Ruda; Sik; Småspigg; Vimma,slu_provfiske,
2004,Ragnerudssjöns fvof,Västra Götaland,11,Abborre; Elritsa; Flodkräfta; Gädda; Lake; Mört; Nors; Sik; Siklöja; Ål; Öring,fiskekartan; slu_provfiske; gbif,
1668,Ragunda fvof,Jämtland,10,Abborre; Gädda; Gärs; Harr; Indianlax; Lake; Mört; Sik; Stäm; Öring,slu_provfiske,www.ragundafvo.se/
994,Rajastrands fvof,Västerbotten,11,Abborre; Bäckröding; Elritsa; Gädda; Harr; Hornsimpa; Lake; Röding; Sik; Stensimpa; Öring,fiskekartan; slu_provfiske; gbif,www.vattenagarna.se/vasterbottens-lans-radslagsgrupp/?o=916
1480,Raklångens fvof,Östergötland,1,Öring,gbif,www.vattenagarna.se/ostergotlands-lans-fiskevattenagareforbund/?o=150
211,Ralångens fvof,Jönköping,12,Abborre; Benlöja; Braxen; Elritsa; Gädda; Gärs; Gös; Mört; Ruda; Sarv; Sutare; Ål,fiskekartan; slu_provfiske,
2173,Rammsjön i Marks kommun fvof,Västra Götaland,1,Abborre,gbif,
501,Rammsjöns fvof,Kronoberg,5,Abborre; Braxen; Gädda; Mört; Sutare,slu_provfiske,
2122,Rammsjöns fvof,Västra Götaland,3,Abborre; Gädda; Mört,slu_provfiske,
1400,Ramnäs fvof,Västmanland,16,Abborre; Asp; Benlöja; Braxen; Gädda; Gärs; Gös; Id; Lake; Mört; Regnbåge; Ruda; Stensimpa; Sutare; Ål; Öring,fiskekartan; slu_provfiske,
1711,Ramsbergs fvof,Örebro,11,Abborre; Benlöja; Elritsa; Gädda; Gärs; Gös; Lake; Mört; Signalkräfta; Siklöja; Öring,fiskekartan; slu_provfiske,
471,Ramsefalls fvof,Kalmar,4,Abborre; Braxen; Gädda; Mört,slu_provfiske; gbif,
1218,Ramsele Södra fvof,Västernorrland,12,Abborre; Elritsa; Gädda; Harr; Lake; Lax; Mört; Röding; Sik; Stensimpa; Stäm; Öring,fiskekartan; slu_provfiske; gbif,
1256,Ramsele-Vallens fvof,Västernorrland,12,Abborre; Elritsa; Flodkräfta; Gädda; Harr; Lake; Mört; Sik; Siklöja; Stensimpa; Ål; Öring,fiskekartan; slu_provfiske,
1312,Ramselesjön-Nässjöns fvof,Västernorrland,13,Abborre; Bäcknejonöga; Elritsa; Gädda; Lake; Lax; Mört; Nejonöga; Röding; Sik; Simpa; Ål; Öring,slu_provfiske; gbif,www.vattenagarna.se/vasternorrlands-lans-fiskerattsagareforbund/?o=547
113,Ramsjö fvof,Gävleborg,16,Abborre; Braxen; Bäcknejonöga; Elritsa; Gädda; Gärs; Harr; Lake; Mört; Nors; Regnbåge; Röding; Sik; Simpa; Stensimpa; Öring,fiskekartan; slu_provfiske,www.laget.se/RAMSJOFVO
199,Ramsjöns fvof,Jönköping,13,Abborre; Benlöja; Braxen; Gädda; Gärs; Gös; Lake; Mört; Sarv; Sik; Siklöja; Sutare; Öring,fiskekartan; slu_provfiske,www.vattenagarna.se/jonkopings-lans-fiskevattenagareforbund/?o=892
790,Ramsmora Bys fvof,Stockholm,4,Benlöja; Gädda; Storspigg; Öring,gbif,
1171,Ranasjöns fvof,Västernorrland,2,Gädda; Öring,gbif,
181,Rangens fvof,Halland,5,Abborre; Braxen; Gädda; Gärs; Mört,slu_provfiske,
925,Rannsjöns fvof,Värmland,11,Abborre; Bäcknejonöga; Elritsa; Flodkräfta; Gädda; Gärs; Mört; Siklöja; Stensimpa; Ål; Öring,fiskekartan; slu_provfiske,www.vattenagarna.se/varmlands-lans-fiskevardsforbund/?o=494
272,Rannäsasjöns fvof,Jönköping,9,Abborre; Benlöja; Braxen; Gädda; Gärs; Lake; Mört; Sutare; Ål,fiskekartan; slu_provfiske,
1684,Ransundets fvof,Jämtland,5,Abborre; Elritsa; Lake; Röding; Öring,fiskekartan; slu_provfiske,www.ransundet.nu/
289,Rasjön - Rakalvens fvof,Jönköping,11,Abborre; Bäcknejonöga; Gädda; Gös; Lake; Mört; Signalkräfta; Sik; Sutare; Ål; Öring,fiskekartan; slu_provfiske,
816,Rastsjöns fvof,Uppsala,6,Abborre; Braxen; Gädda; Gärs; Mört; Sarv,slu_provfiske,
740,Refsnäs fvof,Stockholm,2,Abborre; Storspigg,gbif,
1418,Regnaren-Ålsjöns fvof,Östergötland,17,Abborre; Benlöja; Björkna; Braxen; Gädda; Gärs; Lake; Mört; Nors; Ruda; Sarv; Signalkräfta; Småspigg; Stensimpa; Storspigg; Sutare; Ål,gbif,www.vattenagarna.se/ostergotlands-lans-fiskevattenagareforbund/?o=690
77,Rengsjö fvof,Gävleborg,15,Abborre; Bäcknejonöga; Elritsa; Flodkräfta; Gädda; Gärs; Lake; Mört; Nors; Regnbåge; Röding; Signalkräfta; Siklöja; Stensimpa; Öring,fiskekartan; slu_provfiske,www.rengsjofiske.se/
359,Repperdaortens fvof,Jönköping,12,Abborre; Benlöja; Bergsimpa; Braxen; Elritsa; Färna; Gädda; Lake; Mört; Ruda; Sutare; Öring,fiskekartan; slu_provfiske,
1205,Resele fvof,Västernorrland,9,Abborre; Bäckröding; Gädda; Lake; Mört; Regnbåge; Röding; Stensimpa; Öring,fiskekartan; slu_provfiske; gbif,
1190,Reselebygdens fvof,Västernorrland,7,Abborre; Bäcknejonöga; Gädda; Mört; Simpa; Stensimpa; Öring,slu_provfiske,
2171,Revesjö fvof,Västra Götaland,12,Abborre; Braxen; Bäckröding; Gädda; Gös; Lake; Mört; Sik; Siklöja; Sutare; Ål; Öring,gbif,
1638,Revsundssjöns södra fvof,Jämtland,12,Abborre; Bergsimpa; Bäcknejonöga; Elritsa; Flodkräfta; Gädda; Harr; Lake; Röding; Sik; Stensimpa; Öring,fiskekartan; slu_provfiske,
1128,Rickleåns övre fvof,Västerbotten,22,Abborre; Braxen; Bäcknejonöga; Elritsa; Flodkräfta; Flodnejonöga; Gädda; Gärs; Harr; Havsöring; Id; Lake; Lax; Lax_Öring_Hybrid; Laxfisk obestämd; Mört; Nejonöga; Sik; Simpa; Stensimpa; Stäm; Öring,fiskekartan; slu_provfiske,
780,Rimbo-Långsjöns fvof,Stockholm,10,Abborre; Benlöja; Braxen; Gädda; Gärs; Gös; Mört; Ruda; Sarv; Sutare,slu_provfiske,
2178,Ringsjöns fvof,Skåne,17,Abborre; Benlöja; Braxen; Gädda; Gärs; Gös; Karp; Lake; Mört; Regnbåge; Ruda; Sarv; Signalkräfta; Sik; Sutare; Ål; Öring,fiskekartan; slu_provfiske,
1669,Ringvattnets fvof,Jämtland,11,Abborre; Bergsimpa; Elritsa; Gädda; Harr; Lake; Mört; Röding; Sik; Stensimpa; Öring,fiskekartan; slu_provfiske; gbif,
525,Rinkabysjöns fvof,Kronoberg,8,Abborre; Braxen; Gädda; Gös; Lake; Mört; Sutare; Ål,gbif,
1477,Rippestorps fvof,Östergötland,7,Abborre; Benlöja; Gädda; Gärs; Lake; Mört; Ål,gbif,
354,Risbrodammens fvof,Jönköping,4,Abborre; Gädda; Mört; Sutare,fiskekartan; slu_provfiske,www.risbrodammen-fiske.se
1577,Risede fvof,Jämtland,4,Abborre; Elritsa; Röding; Öring,fiskekartan; slu_provfiske,
1481,Risingebygdens fvof,Östergötland,22,Abborre; Benlöja; Björkna; Braxen; Flodkräfta; Färna; Gädda; Gärs; Gös; Id; Lake; Mört; Nissöga; Nors; Ruda; Sik; Siklöja; Simpa; Stensimpa; Sutare; Ål; Öring,slu_provfiske; gbif,
1075,Risliden-Barlidens fvof,Västerbotten,14,Abborre; Benlöja; Bäcknejonöga; Bäckröding; Gädda; Gärs; Harr; Lake; Mört; Regnbåge; Röding; Sik; Stäm; Öring,slu_provfiske; gbif,
1451,Ristens fvof,Östergötland,18,Abborre; Benlöja; Braxen; Flodkräfta; Färna; Gädda; Gärs; Gös; Karp; Lake; Mört; Nissöga; Nors; Ruda; Sarv; Siklöja; Sutare; Ål,fiskekartan; gbif,www.vattenagarna.se/ostergotlands-lans-fiskevattenagareforbund/?o=151
1998,Roasjön-Ramsjöns fvof,Västra Götaland,9,Abborre; Braxen; Flodkräfta; Gädda; Gös; Mört; Regnbåge; Sutare; Ål,gbif,
250,Rogbergasjöns fvof,Jönköping,7,Abborre; Gädda; Gös; Lake; Mört; Röding; Sutare,fiskekartan; slu_provfiske; gbif,
1182,Roggåns fvof,Västernorrland,7,Abborre; Elritsa; Gädda; Gärs; Mört; Stensimpa; Öring,slu_provfiske,
2195,Rolstorpssjöns fvof,Skåne,10,Abborre; Braxen; Gädda; Gärs; Gös; Lake; Mört; Sarv; Sutare; Ål,fiskekartan; slu_provfiske,
2028,Romesjöns fvof,Västra Götaland,8,Abborre; Flodkräfta; Gädda; Gös; Mört; Ruda; Sutare; Ål,fiskekartan; gbif,
624,Ronnebyåns fvof,Kronoberg,14,Abborre; Björkna; Braxen; Gädda; Gärs; Gös; Lake; Mört; Ruda; Sarv; Signalkräfta; Sik; Sutare; Öring,fiskekartan; slu_provfiske,
227,Rosjöns fvof,Jönköping,6,Abborre; Braxen; Gädda; Gärs; Mört; Sutare,fiskekartan; slu_provfiske,www.vattenagarna.se/jonkopings-lans-fiskevattenagareforbund/?o=258
1795,Rossens fvof,Dalarna,14,Abborre; Benlöja; Braxen; Bäcknejonöga; Bäckröding; Gädda; Gärs; Lake; Mört; Regnbåge; Ruda; Sutare; Ål; Öring,fiskekartan; slu_provfiske; gbif,
1666,Rossöns fvof,Jämtland,18,Abborre; Benlöja; Braxen; Bäcknejonöga; Gädda; Gärs; Harr; Id; Lake; Mört; Nors; Röding; Sik; Siklöja; Simpa; Stensimpa; Stäm; Öring,slu_provfiske; gbif,rossonfvo.se/
515,Rottnens fvof,Kronoberg,15,Abborre; Björkna; Braxen; Gädda; Gärs; Gös; Lake; Mört; Regnbåge; Sarv; Signalkräfta; Sik; Siklöja; Sutare; Öring,fiskekartan; slu_provfiske; gbif,
976,Rottnens fvof,Värmland,10,Abborre; Bergsimpa; Bäcknejonöga; Bäckröding; Elritsa; Flodkräfta; Gädda; Lake; Mört; Öring,slu_provfiske,
1442,Roxens fvof,Östergötland,22,Abborre; Asp; Benlöja; Björkna; Braxen; Elritsa; Färna; Gädda; Gärs; Gös; Lake; Mört; Nejonöga; Nissöga; Nors; Sarv; Signalkräfta; Siklöja; Stensimpa; Sutare; Vimma; Ål,slu_provfiske; extern_fvof,www.roxen.nu/
766,Rumsättra fvof,Stockholm,0,,,
1775,Runns norra fvof,Dalarna,25,Abborre; Benlöja; Bergsimpa; Björkna; Braxen; Bäckröding; Gädda; Gärs; Gös; Harr; Id; Karp; Lake; Mört; Nors; Regnbåge; Ruda; S; Sarv; Signalkräfta; Siklöja; Stensimpa; Sutare; Ål; Öring,fiskekartan; slu_provfiske; gbif,
1740,Runns södra fvof,Dalarna,16,Abborre; Benlöja; Bergsimpa; Braxen; Gädda; Gärs; Gös; Harr; Id; Lake; Mört; Nors; Ruda; S; Sarv; Sutare,fiskekartan; slu_provfiske,
427,Runnö fvof,Kalmar,3,Mal; Småspigg; Storspigg,gbif,
236,Ruskens fvof,Jönköping,16,Abborre; Benlöja; Bergsimpa; Braxen; Bäcknejonöga; Gädda; Gärs; Gös; Lake; Mört; Ruda; Sarv; Sik; Sutare; Ål; Öring,fiskekartan; slu_provfiske,www.ruskenfiske.se/
1161,Ruskträsk fvof,Västerbotten,15,Abborre; Benlöja; Bäcknejonöga; Bäckröding; Elritsa; Gädda; Gärs; Harr; Lake; Lax; Mört; Sik; Siklöja; Stensimpa; Öring,slu_provfiske,
1347,Ruskåns fvof,Västernorrland,5,Abborre; Bäcknejonöga; Gädda; Lake; Öring,slu_provfiske,
1550,Russfjärdens fvof,Jämtland,14,Abborre; Bäcknejonöga; Bäckröding; Elritsa; Gädda; Harr; Id; Lake; Mört; Röding; Sik; Stensimpa; Ål; Öring,slu_provfiske; gbif,www.vattenagarna.se/jamtlands-lans-fiskevattenagareforbund/?o=796
1772,Ryggens fvof,Dalarna,9,Abborre; Bäcknejonöga; Elritsa; Gädda; Lake; Mört; Nors; Siklöja; Öring,fiskekartan; slu_provfiske,www.ryggensfvof.se
237,Ryningsholms fvof,Jönköping,15,Abborre; Benlöja; Björkna; Braxen; Gädda; Gärs; Gös; Lake; Mört; Regnbåge; Ruda; Röding; Sarv; Sutare; Öring,fiskekartan; slu_provfiske; gbif,www.vattenagarna.se/jonkopings-lans-fiskevattenagareforbund/?o=903
2093,Ryrsjön Borydsjöns fvof,Västra Götaland,9,Abborre; Benlöja; Braxen; Elritsa; Gädda; Lax; Mört; Ål; Öring,slu_provfiske; gbif,
1912,Ryssbybäckens fvof,Västra Götaland,8,Abborre; Elritsa; Gädda; Mört; Signalkräfta; Sutare; Ål; Öring,fiskekartan; slu_provfiske,
285,Ryssbysjöns fvof,Jönköping,9,Abborre; Braxen; Gädda; Gös; Lake; Mört; Ruda; Sarv; Sutare,fiskekartan; slu_provfiske,www.vattenagarna.se/jonkopings-lans-fiskevattenagareforbund/?o=253
530,Ryssbysjöns fvof,Kronoberg,16,Abborre; Benlöja; Björkna; Braxen; Faren; Flodnejonöga; Gädda; Gärs; Gös; Lake; Mal; Mört; Ruda; Sutare; Vimma; Ål,fiskekartan; slu_provfiske,
876,Rämens fvof,Värmland,10,Abborre; Elritsa; Flodkräfta; Gädda; Lake; Mört; Signalkräfta; Sik; Siklöja; Öring,slu_provfiske,www.vattenagarna.se/varmlands-lans-fiskevardsforbund/?o=742
1780,Rämshyttans fvof,Dalarna,18,Abborre; Benlöja; Elritsa; Gädda; Gärs; Id; Kanadaröding; Lake; Mört; Nors; Regnbåge; Signalkräfta; Sik; Siklöja; Stensimpa; Sutare; Ål; Öring,slu_provfiske; gbif,www.ramshyttansfvof.se/
848,Ränkens fvof,Värmland,15,Abborre; Benlöja; Björkna; Braxen; Bäcknejonöga; Elritsa; Gädda; Gärs; Gös; Lake; Mört; Nejonöga; Nors; Ål; Öring,slu_provfiske,www.vattenagarna.se/varmlands-lans-fiskevardsforbund/?o=306
1290,Rännö fvof,Västernorrland,10,Abborre; Benlöja; Braxen; Gädda; Gärs; Lake; Mört; Nors; Stensimpa; Öring,slu_provfiske,
1538,Rätans fvof,Jämtland,12,Abborre; Bergsimpa; Elritsa; Gädda; Harr; Lake; Mört; Regnbåge; Röding; Sik; Simpa; Öring,fiskekartan; slu_provfiske,
1744,Rättvik-Boda fvof,Dalarna,24,Abborre; Benlöja; Bergsimpa; Björkna; Braxen; Bäcknejonöga; Bäckröding; Elritsa; Flodkräfta; Gädda; Gärs; Harr; Hornsimpa; Id; Lake; Mört; Nejonöga; Nors; Regnbåge; Ruda; Signalkräfta; Stensimpa; Stäm; Öring,fiskekartan; slu_provfiske,www.rbfvo.se
1838,Rävmarkens fvof,Västra Götaland,6,Abborre; Flodkräfta; Gädda; Kräfta obestämd; Mört; Öring,slu_provfiske,
2194,Råbelövssjöns fvof,Skåne,12,Abborre; Benlöja; Braxen; Gädda; Gärs; Gös; Mört; Ruda; Sarv; Storspigg; Sutare; Ål,fiskekartan; slu_provfiske,
1885,Rådanesjöns fvof,Västra Götaland,9,Abborre; Benlöja; Björkna; Braxen; Gädda; Gärs; Lake; Mört; Ål,gbif,www.vattenagarna.se/fiskevattenagarna-i-vastra-sverige/?o=663
2166,Rådasjön-Stensjöns fvof,Västra Götaland,12,Abborre; Braxen; Gädda; Gärs; Gös; Lake; Mört; Nors; Signalkräfta; Siklöja; Ål; Öring,fiskekartan; slu_provfiske,www.sportfiskarna.se/fiske/fiskevatten/fiske-i-goteborg/gula-kortet/
945,Rådasjöns fvof,Värmland,22,Abborre; Benlöja; Björkna; Braxen; Elritsa; Flodkräfta; Gädda; Gärs; Gös; Id; Lake; Lax; Mört; Nors; Regnbåge; Röding; Sik; Siklöja; Simpa; Sutare; Ål; Öring,fiskekartan; slu_provfiske; gbif,
478,Rådens fvof,Kalmar,2,Abborre; Gädda,fiskekartan,
1534,Råndalens fvof,Jämtland,9,Abborre; Bergsimpa; Bäckröding; Elritsa; Harr; Lake; Mört; Röding; Öring,fiskekartan; slu_provfiske,
2098,Rånnavägsjöns fvof,Västra Götaland,6,Abborre; Braxen; Gädda; Mört; Sik; Siklöja,slu_provfiske,www.vattenagarna.se/sodra-alvsborgs-fiskevattenagareforbund/?o=523
1671,Råssjöns fvof,Jämtland,8,Abborre; Elritsa; Gädda; Harr; Lake; Röding; Sik; Öring,slu_provfiske; gbif,
1725,Råsvalens fvof,Örebro,12,Abborre; Benlöja; Bäcknejonöga; Bäckröding; Elritsa; Gädda; Gärs; Lake; Mört; Signalkräfta; Stensimpa; Öring,slu_provfiske,
1846,Råvarps fvof,Västra Götaland,16,Abborre; Benlöja; Braxen; Bäckröding; Elritsa; Gädda; Lake; Mört; Nors; Sarv; Sik; Siklöja; Stensimpa; Sutare; Ål; Öring,fiskekartan; slu_provfiske,www.ravarp.se/
2208,Rååns fvof,Skåne,15,Abborre; Bäcknejonöga; Groplöja; Grönling; Gädda; Id; Lax; Mört; Nejonöga; Signalkräfta; Skrubbskädda; Småspigg; Storspigg; Ål; Öring,slu_provfiske,www.rfvo.se/
775,Röder och Skarfs fvof,Stockholm,3,Elritsa; Småspigg; Storspigg,gbif,
751,Rödläga fvof,Stockholm,3,Abborre; Elritsa; Storspigg,gbif,
1947,Rödsvattens fvof,Västra Götaland,7,Abborre; Braxen; Gädda; Gös; Mört; Sutare; Ål,fiskekartan; slu_provfiske; gbif,
1295,Rödvattnets fvof,Västernorrland,9,Abborre; Bäckröding; Gädda; Harr; Lake; Mört; Röding; Ål; Öring,fiskekartan; slu_provfiske; gbif,
1015,Rödåbygdens fvof,Västerbotten,0,,,
1054,Röjnorets fvof,Västerbotten,9,Abborre; Elritsa; Gädda; Harr; Lake; Regnbåge; Röding; Storspigg; Öring,fiskekartan; slu_provfiske,
1027,Rökåbygdens fvof,Västerbotten,4,Abborre; Gädda; Lake; Mört,gbif,
567,Römningens fvof,Kronoberg,11,Abborre; Benlöja; Braxen; Gädda; Gärs; Lake; Mört; Signalkräfta; Siklöja; Sutare; Ål,slu_provfiske; gbif,
2191,Rönneådalens fvof,Skåne,16,Abborre; Benlöja; Bäcknejonöga; Elritsa; Gädda; Gös; Kräfta obestämd; Lake; Lax; Mört; Nejonöga; Sandkrypare; Signalkräfta; Sutare; Ål; Öring,slu_provfiske,
2209,Rönneåns nedre fvof,Skåne,14,Bäcknejonöga; Elritsa; Flodnejonöga; Gädda; Havsöring; Lake; Lax; Lax_Öring_Hybrid; Mört; Nejonöga; Sandkrypare; Signalkräfta; Ål; Öring,fiskekartan; slu_provfiske,
786,Rönninge fvof,Stockholm,13,Abborre; Benlöja; Björkna; Braxen; Gädda; Gärs; Gös; Mört; Nissöga; Nors; Ruda; Sarv; Sutare,fiskekartan; slu_provfiske,
787,Rönningesjöns fvof,Stockholm,10,Abborre; Björkna; Braxen; Gädda; Gärs; Gös; Lake; Mört; Nissöga; Ål,slu_provfiske; gbif,
1527,Rönnöfors-Oldens fvof,Jämtland,11,Abborre; Bergsimpa; Bäckröding; Elritsa; Gädda; Kanadaröding; Lake; Röding; Sik; Simpa; Öring,fiskekartan; slu_provfiske; gbif,
1084,Rönäs-Tängvattnets fvof,Västerbotten,3,Bäckröding; Röding; Öring,fiskekartan; slu_provfiske,
1559,Rörströmsälvens fvof,Jämtland,17,Abborre; Benlöja; Bergsimpa; Braxen; Bäcknejonöga; Elritsa; Gädda; Gärs; Harr; Id; Lake; Mört; Röding; Sik; Simpa; Stensimpa; Öring,fiskekartan; slu_provfiske,
1008,Rörträsk-Bredträsks fvof,Västerbotten,7,Abborre; Gädda; Harr; Lake; Mört; Sik; Öring,fiskekartan; gbif,
1648,Rörvattnet-Skogsjö fvof,Jämtland,11,Abborre; Bäckröding; Elritsa; Gädda; Gärs; Harr; Lake; Mört; Röding; Sik; Öring,fiskekartan; slu_provfiske; gbif,hotagen.com/hotagenkortet/
2060,Rörviken-Bomarkens fvof,Västra Götaland,15,Abborre; Benlöja; Braxen; Elritsa; Flodkräfta; Gädda; Gärs; Id; Lake; Mört; Regnbåge; Sik; Siklöja; Ål; Öring,slu_provfiske; gbif,
1917,Röstesjöns fvof,Västra Götaland,6,Abborre; Braxen; Gädda; Mört; Sutare; Ål,fiskekartan,
1170,Röåns fvof,Västernorrland,15,Abborre; Benlöja; Bäcknejonöga; Gädda; Gärs; Harr; Lake; Mört; Nejonöga; Nors; Sik; Siklöja; Simpa; Stensimpa; Öring,slu_provfiske,www.roan.junselebyar.se/fiske.html
479,S:t Sigfridsåns fvof,Kalmar,6,Elritsa; Gädda; Lake; Signalkräfta; Stensimpa; Öring,slu_provfiske; gbif,
661,Saittajärvi-Lautakoski fvof,Norrbotten,11,Abborre; Bergsimpa; Elritsa; Gädda; Harr; Lake; Lax; Mört; Nejonöga; Spigg obestämd; Öring,slu_provfiske,
562,Salens fvof,Kronoberg,15,Abborre; Benlöja; Björkna; Braxen; Gädda; Gärs; Gös; Lake; Mört; Nors; Ruda; Sandkrypare; Sarv; Sutare; Ål,fiskekartan; slu_provfiske,
232,Saljenbygdens fvof,Jönköping,19,Abborre; Benlöja; Bergsimpa; Braxen; Elritsa; Flodkräfta; Gädda; Gös; Lake; Mört; Regnbåge; Ruda; Sarv; Signalkräfta; Sik; Siklöja; Sutare; Ål; Öring,fiskekartan; slu_provfiske,www.vattenagarna.se/jonkopings-lans-fiskevattenagareforbund/?o=881
1099,Sallsjöåsystemets fvof,Västerbotten,19,Abborre; Benlöja; Braxen; Bäckröding; Elritsa; Gädda; Harr; Id; Kanadaröding; Lake; Mört; Regnbåge; Röding; Sik; Stensimpa; Stäm; Sutare; Ål; Öring,fiskekartan; slu_provfiske; gbif,doroteabyar.nu/
1453,Salsterns fvof,Östergötland,6,Abborre; Benlöja; Gädda; Lake; Mört; Signalkräfta,slu_provfiske,
1195,Saluåns fvof,Västernorrland,13,Bäcknejonöga; Elritsa; Flodnejonöga; Gädda; Hornsimpa; Lake; Lax; Nejonöga; Sik; Simpa; Stensimpa; Storspigg; Öring,slu_provfiske,
633,Sammakko-Lillbergets fvof,Norrbotten,8,Abborre; Gädda; Harr; Id; Lax; Regnbåge; Sik; Öring,fiskekartan; extern_fvof,www.sammakko.info
381,Samserydssjöns fvof,Jönköping,7,Abborre; Braxen; Gädda; Lake; Mört; Sutare; Ål,fiskekartan; slu_provfiske,
2266,Sandhemssjöns fvof,Jönköping,9,Abborre; Braxen; Gädda; Gärs; Lake; Mört; Ruda; Sarv; Sutare,fiskekartan,
654,Sandselet - Gallejaur fvof,Norrbotten,3,Abborre; Gädda; Öring,fiskekartan,
2087,Sandsjön-Buasjöns fvof,Västra Götaland,2,Abborre; Gädda,gbif,
564,Sandsjöns fvof,Kronoberg,6,Abborre; Gädda; Gös; Mört; Sik; Sutare,fiskekartan; slu_provfiske,
406,Sandsjöns fvof,Kalmar,0,,,
163,Sandsjöns fvof,Halland,10,Abborre; Braxen; Elritsa; Gädda; Lake; Mört; Signalkräfta; Sutare; Ål; Öring,fiskekartan; slu_provfiske,
2157,Sandsjöns fvof,Västra Götaland,16,Abborre; Benlöja; Braxen; Elritsa; Flodkräfta; Gädda; Gös; Karpfisk obestämd; Lake; Mört; Nejonöga; Signalkräfta; Sik; Sutare; Ål; Öring,fiskekartan; slu_provfiske; gbif,
1964,Sandsjöns fvof,Västra Götaland,5,Abborre; Färna; Gädda; Mört; Ål,fiskekartan; slu_provfiske; gbif,www.sandsjön.se
932,Sandsjöns fvof,Värmland,17,Abborre; Benlöja; Björkna; Braxen; Bäcknejonöga; Elritsa; Flodkräfta; Gädda; Gärs; Lax; Mört; Nors; Signalkräfta; Siklöja; Spigg obestämd; Ål; Öring,slu_provfiske; gbif,
1847,Sandskens fvof,Västra Götaland,6,Abborre; Braxen; Gädda; Lake; Mört; Ål,gbif,
1870,Sandvattens fvof,Västra Götaland,6,Abborre; Gädda; Id; Mört; Röding; Ål,slu_provfiske; gbif,
1683,Sandvikssjön-Edsforsens fvof,Jämtland,10,Abborre; Bergsimpa; Elritsa; Gädda; Harr; Lake; Mört; Röding; Sik; Öring,fiskekartan; slu_provfiske,
657,Sanningslandets fvof,Norrbotten,16,Abborre; Benlöja; Bergsimpa; Braxen; Elritsa; Gädda; Gärs; Harr; Lake; Lax; Lax_Öring_Hybrid; Mört; Simpa; Stensimpa; Stäm; Öring,slu_provfiske,
2014,Sassarps fvof,Västra Götaland,0,,,
298,Saxarpasjöns fvof,Jönköping,5,Abborre; Gädda; Mört; Ruda; Sutare,fiskekartan; slu_provfiske,
1328,Saxen-Munktorps fvof,Västernorrland,4,Abborre; Lake; Mört; Öring,slu_provfiske,
1700,Saxens fvof,Örebro,14,Abborre; Benlöja; Braxen; Bäcknejonöga; Flodkräfta; Gädda; Gärs; Lake; Mört; Nejonöga; Signalkräfta; Siklöja; Stensimpa; Öring,slu_provfiske,
1113,Saxnäs fvof,Västerbotten,10,Abborre; Elritsa; Gädda; Harr; Lake; Lax; Mört; Sik; Siklöja; Öring,gbif,
2226,Saxån-Braåns fvof,Skåne,13,Benlöja; Elritsa; Grönling; Gädda; Id; Mört; Sandkrypare; Signalkräfta; Skrubbskädda; Småspigg; Storspigg; Ål; Öring,slu_provfiske,
576,Segens fvof,Kronoberg,5,Abborre; Braxen; Gädda; Mört; Sutare,fiskekartan; slu_provfiske,
1925,Seglora fvof,Västra Götaland,14,Abborre; Braxen; Elritsa; Gädda; Gärs; Gös; Id; Lake; Mört; Nors; Sik; Siklöja; Sutare; Ål,fiskekartan; slu_provfiske,
1743,Sellnäs fvof,Dalarna,11,Abborre; Benlöja; Braxen; Bäcknejonöga; Elritsa; Gädda; Gärs; Lake; Mört; Stensimpa; Öring,slu_provfiske,
1294,Selångersåns fvof,Västernorrland,22,Abborre; Benlöja; Braxen; Bäcknejonöga; Bäckröding; Elritsa; Flodkräfta; Flodnejonöga; Gädda; Gärs; Harr; Lake; Mört; Nejonöga; Ruda; Sarv; Simpa; Småspigg; Stensimpa; Stäm; Ål; Öring,slu_provfiske,
273,Serarpasjöns fvof,Jönköping,12,Abborre; Braxen; Gädda; Gös; Lake; Mört; Signalkräfta; Sik; Siklöja; Stensimpa; Sutare; Ål,fiskekartan; slu_provfiske,www.vattenagarna.se/jonkopings-lans-fiskevattenagareforbund/?o=385
1209,Sidensjö fvof,Västernorrland,17,Abborre; Benlöja; Gädda; Gärs; Harr; Lake; Mört; Nors; Regnbåge; Ruda; Röding; Siklöja; Småspigg; Stensimpa; Storspigg; Ål; Öring,slu_provfiske; gbif,
482,Sidlångens fvof,Kalmar,10,Abborre; Braxen; Gädda; Gös; Lake; Mört; Sarv; Siklöja; Sutare; Ål,fiskekartan; slu_provfiske; gbif,
1552,Sidsjö-Stugusjö fvof,Jämtland,5,Abborre; Lake; Mört; Röding; Öring,fiskekartan; slu_provfiske,
642,Sikfors fvof,Norrbotten,17,Abborre; Bergsimpa; Bäcknejonöga; Elritsa; Flodnejonöga; Gädda; Harr; Havsöring; Id; Lake; Lax; Mört; Nejonöga; Regnbåge; Stensimpa; Stäm; Öring,fiskekartan; slu_provfiske,
1159,Siksjönäs fvof,Västerbotten,3,Elritsa; Lake; Öring,slu_provfiske,
1762,Siljan-Rättvikens fvof,Dalarna,22,Abborre; Benlöja; Bergsimpa; Braxen; Bäcknejonöga; Elritsa; Gädda; Gärs; Gös; Harr; Hornsimpa; Id; Lake; Mört; Nejonöga; Nors; Ruda; Signalkräfta; Sik; Stensimpa; Stäm; Öring,fiskekartan; slu_provfiske,
1769,Siljans Södra fvof,Dalarna,22,Abborre; Benlöja; Braxen; Bäcknejonöga; Bäckröding; Elritsa; Gädda; Gärs; Gös; Harr; Hornsimpa; Id; Lake; Mört; Nors; R; Sik; Siklöja; Spigg obestämd; Stensimpa; Stäm; Öring,fiskekartan; slu_provfiske,www.vattenagarna.se/dalarnas-lans-radslagsgrupp/?o=138
1790,Siljansnäs fvof,Dalarna,24,Abborre; Benlöja; Bergsimpa; Braxen; Bäcknejonöga; Bäckröding; Bäckröding_Öring_Hybrid; Elritsa; Flodkräfta; Gädda; Gärs; Gös; Id; Lake; Mört; Nejonöga; Nors; Röding; Sik; Siklöja; Stensimpa; Stäm; Sutare; Öring,fiskekartan; slu_provfiske,
1822,Sillhövdingens m.fl sjöars fvof,Blekinge,13,Abborre; Benlöja; Braxen; Gädda; Gös; Lake; Mört; Regnbåge; Ruda; Sarv; Signalkräfta; Sik; Sutare,slu_provfiske; gbif,www.vattenagarna.se/blekinge-lans-radslagsgrupp/?o=852
1788,Silvbergs fvof,Dalarna,18,Abborre; Benlöja; Bäckröding; Elritsa; Gädda; Id; Lake; Mört; Nors; Regnbåge; Röding; Signalkräfta; Sik; Siklöja; Stensimpa; Stäm; Ål; Öring,fiskekartan; slu_provfiske; gbif,
1390,Silvergruvans fvof,Västmanland,8,Abborre; Benlöja; Braxen; Gädda; Gärs; Mört; Sarv; Sutare,slu_provfiske,
452,Silveråns fvof,Kalmar,18,Abborre; Benlöja; Bergsimpa; Braxen; Bäcknejonöga; Bäckröding; Elritsa; Gädda; Gös; Kräfta obestämd; Lake; Mört; Regnbåge; Signalkräfta; Stensimpa; Sutare; Ål; Öring,fiskekartan; slu_provfiske; gbif,
1881,Simsjöns fvof,Västra Götaland,9,Abborre; Braxen; Gädda; Mört; Regnbåge; Röding; Signalkräfta; Siklöja; Öring,fiskekartan; slu_provfiske; gbif,
1541,Singsjövattnens fvof,Jämtland,9,Abborre; Elritsa; Gädda; Lake; Mört; Regnbåge; Röding; Sik; Öring,fiskekartan; slu_provfiske; gbif,
765,Singö fvof,Stockholm,12,Abborre; Benlöja; Björkna; Braxen; Gärs; Gös; Id; Mört; Nors; Sarv; Sik; Vimma,slu_provfiske,
1438,Sjöarp Öasjöns fvof,Östergötland,9,Abborre; Elritsa; Gädda; Gärs; Mört; Regnbåge; Sarv; Signalkräfta; Öring,slu_provfiske,
598,Sjöatorpasjön och Moasjöns fvof,Kronoberg,10,Abborre; Björkna; Braxen; Gädda; Gärs; Gös; Lake; Mört; Sutare; Ål,fiskekartan; slu_provfiske,
499,Sjöatorpssjön-Hultbrens fvof,Kronoberg,8,Abborre; Elritsa; Gädda; Mört; Signalkräfta; Sik; Sutare; Öring,slu_provfiske,
311,Sjöbackasjöns fvof,Jönköping,3,Abborre; Gädda; Mört,fiskekartan; slu_provfiske,
2184,Sjöbergasjöns fvof,Skåne,10,Abborre; Benlöja; Braxen; Gädda; Gös; Mört; Ruda; Sarv; Sutare; Ål,fiskekartan; slu_provfiske,
548,Sjön Spånens fvof,Kronoberg,10,Abborre; Gädda; Gärs; Gös; Lake; Mört; Sarv; Sik; Siklöja; Sutare,fiskekartan; slu_provfiske,
850,Sjönsjö fvof,Värmland,20,Abborre; Benlöja; Björkna; Braxen; Flodkräfta; Gädda; Gärs; Gös; Id; Lake; Mört; Nors; Ruda; Röding; Sarv; Sik; Siklöja; Sutare; Ål; Öring,gbif,www.vattenagarna.se/varmlands-lans-fiskevardsforbund/?o=711
1858,Sjöråsåns fvof,Västra Götaland,10,Abborre; Benlöja; Färna; Gädda; Lake; Mört; Signalkräfta; Stensimpa; Sutare; Öring,slu_provfiske,
2079,Sjötorpasjöns fvof,Västra Götaland,3,Abborre; Gädda; Sutare,fiskekartan; gbif,
1842,Sjötorpssjöns fvof,Västra Götaland,2,Abborre; Gädda,fiskekartan,
198,Sjövikssjöns fvof,Jönköping,5,Abborre; Gädda; Mört; Sarv; Sutare,fiskekartan,
852,Skacksjöns fvof,Värmland,5,Elritsa; Flodkräfta; Lake; Stensimpa; Öring,slu_provfiske,
1889,Skagerns fvof,Västra Götaland,23,Abborre; Benlöja; Björkna; Braxen; Bäcknejonöga; Elritsa; Gädda; Gärs; Gös; Id; Lake; Lax; Lax_Öring_Hybrid; Mört; Nors; Signalkräfta; Sik; Siklöja; Stensimpa; Stäm; Sutare; Ål; Öring,fiskekartan; slu_provfiske,www.skagern.com/
517,Skahus-Alsterfors fvof,Kronoberg,12,Abborre; Benlöja; Bergsimpa; Elritsa; Flodkräfta; Gädda; Kräfta obestämd; Lake; Mört; Signalkräfta; Stensimpa; Öring,slu_provfiske,
1105,Skansnäs fvof,Västerbotten,11,Abborre; Elritsa; Gädda; Gärs; Harr; Id; Lake; Röding; Sik; Siklöja; Öring,fiskekartan; slu_provfiske,
358,Skedesjöns fvof,Jönköping,10,Abborre; Braxen; Gädda; Gärs; Lake; Mört; Sarv; Sik; Siklöja; Sutare,fiskekartan; slu_provfiske; gbif,www.vattenagarna.se/jonkopings-lans-fiskevattenagareforbund/?o=300
776,Skedvikens fvof,Stockholm,10,Abborre; Benlöja; Björkna; Braxen; Gärs; Gös; Mört; Ruda; Sarv; Sutare,slu_provfiske,
1373,Skedvisjöns fvof,Västmanland,9,Abborre; Benlöja; Björkna; Braxen; Gädda; Gärs; Gös; Lake; Mört,slu_provfiske,
2196,Skeingesjöns fvof,Skåne,21,Abborre; Asp; Benlöja; Björkna; Braxen; Bäcknejonöga; Faren; Färna; Gädda; Gärs; Gös; Lake; Mal; Mört; Ruda; Sandkrypare; Sarv; Signalkräfta; Sutare; Ål; Öring,fiskekartan; slu_provfiske,www.vattenagarna.se/skane-lans-radslagsgrupp/?o=326
1002,Skellefteå södra fvof,Västerbotten,10,Abborre; Benlöja; Braxen; Gädda; Gärs; Gös; Lake; Mört; Nors; Stensimpa,fiskekartan; slu_provfiske,www.skellefteasodrafvo.nu
461,Skepens fvof,Kalmar,6,Abborre; Braxen; Gädda; Mört; Sarv; Sutare,fiskekartan; slu_provfiske,
493,Skeppshultasjön m.fl sjöars fvof,Kronoberg,19,Abborre; Benlöja; Björkna; Braxen; Bäcknejonöga; Faren; Färna; Gädda; Gärs; Gös; Lake; Mal; Mört; Sarv; Signalkräfta; Sik; Siklöja; Sutare; Ål,slu_provfiske,
1164,Skikkisjön fvof,Västerbotten,11,Abborre; Elritsa; Gädda; Harr; Lake; Röding; Sik; Siklöja; Simpa; Stensimpa; Öring,fiskekartan; slu_provfiske,
936,Skillingmarks fvof,Värmland,16,Abborre; Benlöja; Bergsimpa; Braxen; Elritsa; Flodkräfta; Gädda; Gärs; Lake; Mört; Nors; Sik; Siklöja; Simpa; Ål; Öring,fiskekartan; slu_provfiske,www.vattenagarna.se/varmlands-lans-fiskevardsforbund/?o=373
134,Skipaltasjöns fvof,Halland,4,Abborre; Braxen; Gädda; Mört,slu_provfiske,
1482,Skirens fvof,Östergötland,5,Abborre; Gädda; Lake; Nors; Röding,slu_provfiske,
1198,Skiringens fvof,Västernorrland,3,Harr; Röding; Öring,slu_provfiske,
56,Skogs fvof,Gävleborg,13,Abborre; Benlöja; Bäcknejonöga; Bäckröding; Flodkräfta; Gädda; Gärs; Lake; Mört; Nejonöga; Stensimpa; Ål; Öring,slu_provfiske,
961,Skogstjärnens fvof,Värmland,7,Abborre; Elritsa; Flodkräfta; Gädda; Gärs; Mört; Öring,slu_provfiske,
1296,Skorpeds fvof,Västernorrland,18,Abborre; Benlöja; Bäcknejonöga; Bäckröding; Elritsa; Gädda; Gärs; Harr; Lake; Mört; Nors; Ruda; Röding; Sik; Småspigg; Stensimpa; Ål; Öring,fiskekartan; slu_provfiske; gbif,
2114,Skottesjöns fvof,Västra Götaland,3,Abborre; Gädda; Mört,slu_provfiske,
265,Skrivaregårdssjöns fvof,Jönköping,7,Abborre; Braxen; Gädda; Mört; Siklöja; Sutare; Ål,fiskekartan; slu_provfiske,
2190,Skräbeåns fvof,Skåne,17,Abborre; Benlöja; Gärs; Karpfisk obestämd; Kräfta obestämd; Lake; Lax; Lax_Öring_Hybrid; Mört; Nejonöga; Sarv; Signalkräfta; Sik; Skrubbskädda; Småspigg; Ål; Öring,fiskekartan; slu_provfiske,
1203,Skulesjöns fvof,Västernorrland,12,Abborre; Benlöja; Gädda; Gärs; Lake; Mört; Nors; Regnbåge; Siklöja; Simpa; Stensimpa; Öring,slu_provfiske,
1815,Skyesjöns fvof,Blekinge,4,Abborre; Gädda; Mört; Ruda,slu_provfiske,
1994,Skäremosjöns fvof,Västra Götaland,4,Abborre; Gädda; Gös; Ål,gbif,
1860,Skäresjöns fvof,Västra Götaland,4,Abborre; Gädda; Mört; Ål,fiskekartan,
988,Skärgens fvof,Värmland,14,Abborre; Benlöja; Braxen; Elritsa; Gädda; Gärs; Lake; Mört; Nors; Ruda; Röding; Siklöja; Ål; Öring,gbif,
341,Skärsboda fvof,Jönköping,15,Abborre; Benlöja; Braxen; Elritsa; Gädda; Gös; Lake; Mört; Ruda; Sarv; Signalkräfta; Sik; Siklöja; Sutare; Öring,fiskekartan; slu_provfiske,
180,Skärshults fvof,Halland,6,Abborre; Gädda; Gös; Mört; Sutare; Ål,fiskekartan; slu_provfiske,www.vattenagarna.se/hallands-lans-radslagsgrupp/?o=858
826,Skärsjöns fvof,Uppsala,5,Abborre; Björkna; Gädda; Gärs; Mört,slu_provfiske,
290,Skärsjöns fvof,Jönköping,9,Abborre; Gädda; Gärs; Lake; Mört; Signalkräfta; Sik; Siklöja; Sutare,fiskekartan; slu_provfiske,
420,Skärsjöns fvof,Kalmar,4,Abborre; Gädda; Mört; Sutare,fiskekartan; slu_provfiske,
2207,Skärsjöns fvof,Skåne,0,,,
1805,Skärvgöl-Bråtabron fvof,Blekinge,6,Abborre; Braxen; Gädda; Mört; Sarv; Sutare,slu_provfiske,www.vattenagarna.se/blekinge-lans-radslagsgrupp/?o=846
1941,Skärvlångens fvof,Västra Götaland,13,Abborre; Benlöja; Björkna; Braxen; Gädda; Gärs; Gös; Lake; Mört; Ruda; Signalkräfta; Sutare; Ål,fiskekartan; slu_provfiske; gbif,
269,Skärvsjöns fvof,Jönköping,5,Abborre; Gädda; Gärs; Mört; Sik,fiskekartan; slu_provfiske,www.vattenagarna.se/jonkopings-lans-fiskevattenagareforbund/?o=386
1172,Skärvåns fvof,Västernorrland,4,Abborre; Gädda; Mört; Sik,slu_provfiske,
1553,Skålans fvof,Jämtland,11,Abborre; Bergsimpa; Elritsa; Gädda; Harr; Lake; Sik; Simpa; Stensimpa; Ål; Öring,fiskekartan; slu_provfiske; gbif,www.ifiske.se/fiske-skalans-fvo.htm
957,Skåltjärnshyttans fvof,Värmland,9,Abborre; Elritsa; Flodkräfta; Gädda; Lake; Mört; Nors; Röding; Öring,gbif,www.vattenagarna.se/varmlands-lans-fiskevardsforbund/?o=710
2222,Skånes Fagerhults fvof,Skåne,4,Abborre; Braxen; Gädda; Mört,fiskekartan,
453,Sladö fvof,Kalmar,1,Gädda,gbif,
327,Slageryds fvof,Jönköping,10,Abborre; Benlöja; Braxen; Elritsa; Gädda; Lake; Mört; Nors; Sarv; Öring,fiskekartan; slu_provfiske; gbif,
1798,Slagesnäs fvof,Blekinge,12,Abborre; Benlöja; Braxen; Bäcknejonöga; Elritsa; Flodkräfta; Gädda; Gös; Lake; Mört; Sarv; Öring,slu_provfiske,
1146,Slagnäs-Bastusels fvof,Västerbotten,14,Abborre; Bergsimpa; Elritsa; Gädda; Harr; Id; Lake; Mört; Sik; Siklöja; Spigg obestämd; Stensimpa; Stäm; Öring,slu_provfiske; gbif,
1063,Släppträsk fvof,Västerbotten,13,Abborre; Bäckröding; Elritsa; Gädda; Gärs; Harr; Lake; Mört; Regnbåge; Röding; Sik; Siklöja; Öring,gbif,
131,Slättensjöarnas fvof,Halland,9,Abborre; Braxen; Elritsa; Gädda; Gärs; Lake; Mört; Siklöja; Ål,slu_provfiske,
160,Smedjeåns fvof,Halland,20,Abborre; Benlöja; Bäcknejonöga; Elritsa; Färna; Groplöja; Grönling; Gädda; Havsnejonöga; Id; Kräfta obestämd; Lake; Lax; Lax_Öring_Hybrid; Mört; Nejonöga; Signalkräfta; Sutare; Ål; Öring,fiskekartan; slu_provfiske,www.vattenagarna.se/hallands-lans-radslagsgrupp/?o=867
1386,Snyten-Hällingens fvof,Västmanland,13,Abborre; Asp; Benlöja; Braxen; Gädda; Gärs; Gös; Lake; Mört; Nors; Stensimpa; Sutare; Öring,fiskekartan; slu_provfiske,
1274,Snöbergs fvof,Västernorrland,0,,,www.vattenagarna.se/vasternorrlands-lans-fiskerattsagareforbund/?o=542
447,Solarens fvof,Kalmar,11,Abborre; Benlöja; Braxen; Gädda; Gärs; Gös; Lake; Mört; Ruda; Sarv; Sutare,fiskekartan; slu_provfiske,
1618,Solberg-Vikens fvof,Jämtland,11,Abborre; Bäcknejonöga; Elritsa; Gädda; Harr; Id; Lake; Mört; Sik; Stäm; Öring,fiskekartan; slu_provfiske,www.vattenagarna.se/jamtlands-lans-fiskevattenagareforbund/?o=784
1219,Solbergsbygdens fvof,Västernorrland,19,Abborre; Bäcknejonöga; Bäckröding; Gädda; Gärs; Harr; Lake; Lax; Mört; Nejonöga; Regnbåge; Ruda; Röding; Sik; Siklöja; Småspigg; Stensimpa; Sutare; Öring,slu_provfiske; gbif,www.vattenagarna.se/vasternorrlands-lans-fiskerattsagareforbund/?o=84
367,Solgens fvof,Jönköping,11,Abborre; Björkna; Braxen; Gädda; Gös; Lake; Mört; Ruda; Sarv; Siklöja; Sutare,fiskekartan; slu_provfiske,
1202,Sollefteåortens fvof,Västernorrland,23,Abborre; Benlöja; Bäcknejonöga; Bäckröding; Elritsa; Flodnejonöga; Gädda; Gärs; Harr; Havsöring; Lake; Lax; Mört; Nejonöga; Nors; Regnbåge; Röding; Sik; Simpa; Stensimpa; Stäm; Sutare; Öring,fiskekartan; slu_provfiske; extern_fvof,solleftea-fvo.se/
1764,Sollerö fvof,Dalarna,21,Abborre; Bergsimpa; Braxen; Bäcknejonöga; Bäckröding; Bäckröding_Öring_Hybrid; Elritsa; Gädda; Gärs; Harr; Lake; Mört; Nejonöga; Regnbåge; Röding; Sik; Siklöja; Simpa; Stensimpa; Stäm; Öring,fiskekartan; slu_provfiske,www.sollero-fvof.se
455,Solnens fvof,Kalmar,5,Abborre; Gädda; Mört; Sarv; Sutare,fiskekartan; slu_provfiske,
1411,Sommens fvof,Östergötland,23,Abborre; Benlöja; Bergsimpa; Björkna; Braxen; Elritsa; Gädda; Gärs; Gös; Karpfisk obestämd; Lake; Mört; Nors; Ruda; Röding; Sarv; Signalkräfta; Sik; Siklöja; Simpa; Sutare; Ål; Öring,fiskekartan; slu_provfiske,www.sommen.org/index.php/sv/
2204,Sorrödssjöarnas fvof,Skåne,7,Abborre; Braxen; Gädda; Mört; Sarv; Sutare; Öring,slu_provfiske,www.sorrodssjoarna.se/
660,Soutujärvi fvof,Norrbotten,10,Abborre; Elritsa; Gädda; Harr; Lake; Lax; Röding; Sik; Småspigg; Öring,fiskekartan; slu_provfiske,
2128,Spadens fvof,Västra Götaland,15,Abborre; Benlöja; Braxen; Gädda; Gärs; Gös; Id; Lake; Mört; Ruda; Sarv; Sik; Siklöja; Sutare; Ål,fiskekartan; slu_provfiske,
339,Spexhultasjöns fvof,Jönköping,9,Abborre; Braxen; Gädda; Mört; Ruda; Signalkräfta; Siklöja; Simpa; Sutare,fiskekartan; slu_provfiske; gbif; extern_fvof,www.spexhultasjon.se/Fiskarter.html
1414,Spillensjöarnas fvof,Östergötland,7,Abborre; Benlöja; Gädda; Gärs; Mört; Siklöja; Sutare,fiskekartan; slu_provfiske,
1894,St Gunnarsvattnets fvof,Västra Götaland,6,Abborre; Elritsa; Gädda; Mört; Signalkräfta; Ål,gbif,
2038,St Kroksjöns fvof,Västra Götaland,8,Abborre; Braxen; Gädda; Regnbåge; Sik; Sutare; Ål; Öring,gbif,
2084,Stamnåra fvof,Västra Götaland,12,Abborre; Bergsimpa; Bäcknejonöga; Elritsa; Flodkräfta; Gädda; Lake; Mört; Nejonöga; Siklöja; Stensimpa; Öring,fiskekartan; slu_provfiske,
2165,Stenebyälvens fvof,Västra Götaland,25,Abborre; Benlöja; Bergsimpa; Braxen; Bäcknejonöga; Elritsa; Flodkräfta; Gädda; Gärs; Gös; Lake; Lax; Mört; Nejonöga; Nors; Regnbåge; Röding; Sik; Siklöja; Simpa; Småspigg; Stensimpa; Sutare; Ål; Öring,slu_provfiske; gbif,
351,Stengårdshultasjöns fvof,Jönköping,13,Abborre; Benlöja; Bäcknejonöga; Elritsa; Gädda; Gös; Lake; Mört; Signalkräfta; Sik; Sutare; Ål; Öring,fiskekartan; slu_provfiske,
1060,Stensele fvof,Västerbotten,5,Elritsa; Gädda; Harr; Lake; Öring,slu_provfiske,
526,Stensjön-Agunnarydsjöns fvof,Kronoberg,16,Abborre; Benlöja; Björkna; Braxen; Faren; Gädda; Gärs; Gös; Lake; Mört; Ruda; Sarv; Sik; Siklöja; Sutare; Ål,fiskekartan; slu_provfiske; gbif,www.vattenagarna.se/kronobergs-lans-fiskevattenagareforbund/?o=78
209,Stensjöns fvof,Jönköping,19,Abborre; Benlöja; Bergsimpa; Björkna; Braxen; Bäckröding; Elritsa; Gädda; Gärs; Gös; Lake; Mört; Ruda; Sarv; Signalkräfta; Siklöja; Simpa; Sutare; Öring,fiskekartan; slu_provfiske,www.vattenagarna.se/jonkopings-lans-fiskevattenagareforbund/?o=895
409,Stensjöns fvof,Kalmar,6,Abborre; Gädda; Mört; Regnbåge; Sarv; Sutare,slu_provfiske,
140,Stensåns mellersta fvof,Halland,16,Abborre; Bäcknejonöga; Elritsa; Flodkräfta; Flodnejonöga; Gädda; Gärs; Havsnejonöga; Kräfta obestämd; Lax; Lax_Öring_Hybrid; Mört; Nejonöga; Signalkräfta; Ål; Öring,slu_provfiske,www.stensanslaxfiske.se
197,Stoarps fvof,Jönköping,9,Abborre; Braxen; Gädda; Gärs; Lake; Mört; Sarv; Sutare; Ål,fiskekartan,
2065,Stockasjöns fvof,Västra Götaland,3,Abborre; Siklöja; Öring,slu_provfiske,
1614,Stor Mjölkvattnets fvof,Jämtland,3,Lake; Röding; Öring,slu_provfiske; gbif,
1079,Stor-Blåbergsträsket-Tvärtträsket fvof,Västerbotten,6,Bäcknejonöga; Bäckröding; Gädda; Röding; Stensimpa; Öring,fiskekartan; slu_provfiske,
1515,Stor-Brinnsjöns fvof,Jämtland,6,Abborre; Bergsimpa; Elritsa; Röding; Sik; Öring,fiskekartan; slu_provfiske,
836,Stor-Ens fvof,Värmland,14,Abborre; Bäcknejonöga; Elritsa; Flodkräfta; Gädda; Gärs; Lake; Mört; Signalkräfta; Siklöja; Stensimpa; Stäm; Ål; Öring,slu_provfiske,
1589,Stor-Raftsjöns fvo,Jämtland,1,Gädda,gbif,
1420,Stora Bjärn fvof,Östergötland,13,Abborre; Benlöja; Braxen; Gädda; Gärs; Gös; Lake; Mört; Nors; Regnbåge; Ruda; Siklöja; Ål,gbif,www.vattenagarna.se/ostergotlands-lans-fiskevattenagareforbund/?o=88
1162,Stora Bygdeträskets fvof,Västerbotten,19,Abborre; Benlöja; Braxen; Bäcknejonöga; Bäckröding; Elritsa; Gädda; Gärs; Harr; Lake; Mört; Nejonöga; Nors; Sik; Siklöja; Simpa; Stensimpa; Stäm; Öring,fiskekartan; slu_provfiske,www.storabygdetrasketsfvo.se/
962,Stora Börs fvof,Värmland,23,Abborre; Benlöja; Bergsimpa; Braxen; Bäcknejonöga; Bäckröding; Elritsa; Flodkräfta; Gädda; Gärs; Kräfta obestämd; Lake; Lax; Mört; Nors; Ruda; Röding; Sarv; Sik; Siklöja; Simpa; Ål; Öring,fiskekartan; slu_provfiske; gbif,
844,Stora Emsens fvof,Värmland,9,Abborre; Braxen; Flodkräfta; Gädda; Gös; Lake; Mört; Nors; Ål,gbif,
935,Stora Gla fvof,Värmland,14,Abborre; Benlöja; Bergsimpa; Elritsa; Gädda; Gärs; Lake; Mört; Nors; Sik; Siklöja; Simpa; Ål; Öring,fiskekartan; slu_provfiske,www.vattenagarna.se/varmlands-lans-fiskevardsforbund/?o=757
531,Stora Hensjöns fvof,Kronoberg,9,Abborre; Benlöja; Björkna; Braxen; Gädda; Mört; Sarv; Sik; Sutare,fiskekartan; slu_provfiske,www.storahensjon.se/
415,Stora Hindsjöns fvof,Kalmar,15,Abborre; Benlöja; Braxen; Bäcknejonöga; Gädda; Gärs; Gös; Lake; Mört; Sarv; Signalkräfta; Siklöja; Stensimpa; Sutare; Öring,slu_provfiske,www.vattenagarna.se/kalmar-lans-fiskevattenagareforbund/?o=583
1890,Stora Holmevatten fvof,Västra Götaland,5,Abborre; Gädda; Mört; Sik; Ål,slu_provfiske; gbif,
2146,Stora Hällungens fvof,Västra Götaland,16,Abborre; Braxen; Bäcknejonöga; Bäckröding; Flodnejonöga; Gädda; Gös; Kräfta obestämd; Mört; Nejonöga; Nors; Regnbåge; Signalkräfta; Sutare; Ål; Öring,slu_provfiske; gbif,www.vattenagarna.se/fiskevattenagarna-i-vastra-sverige/?o=672
1951,Stora Härsjöns fvof,Västra Götaland,12,Abborre; Elritsa; Flodkräfta; Gädda; Mört; Nors; Regnbåge; Signalkräfta; Siklöja; Sutare; Ål; Öring,slu_provfiske,www.storaharsjon.se/
2161,Stora Hästefjordens fvof,Västra Götaland,17,Abborre; Benlöja; Björkna; Braxen; Elritsa; Gädda; Gärs; Gös; Lake; Mört; Nors; Regnbåge; Ruda; Sarv; Siklöja; Sutare; Ål,fiskekartan; slu_provfiske; gbif,www.vattenagarna.se/fiskevattenagarna-i-vastra-sverige/?o=669
2016,Stora Hålsjöns fvof,Västra Götaland,14,Abborre; Braxen; Gädda; Gärs; Gös; Id; Lake; Mört; Nors; Sarv; Sik; Siklöja; Sutare; Ål,fiskekartan; slu_provfiske,
1983,Stora Kroksjön-Abborresjöns fvof,Västra Götaland,14,Abborre; Bäckröding; Elritsa; Flodkräfta; Gädda; Mört; Regnbåge; Ruda; Röding; Sik; Siklöja; Småspigg; Ål; Öring,slu_provfiske; gbif,www.abborresjon.se
2095,Stora Ljusevatten fvof,Västra Götaland,5,Abborre; Bäckröding; Gädda; Mört; Regnbåge,gbif,
162,Stora Nedens fvof,Halland,8,Abborre; Gädda; Mört; Nors; Sik; Sutare; Ål; Öring,slu_provfiske; gbif,
219,Stora Nätarens fvof,Jönköping,13,Abborre; Benlöja; Braxen; Gädda; Gärs; Gös; Lake; Mört; Ruda; Sarv; Sik; Siklöja; Sutare,fiskekartan; slu_provfiske,
1259,Stora och lilla Grundsjöns fvof,Västernorrland,0,,,
941,Stora och Lilla Högs fvof,Värmland,6,Abborre; Björkna; Braxen; Gädda; Mört; Ål,gbif,
2153,Stora och Lilla Ramsjöns fvof,Västra Götaland,7,Abborre; Flodkräfta; Gädda; Mört; Signalkräfta; Ål; Öring,fiskekartan; slu_provfiske; gbif,
472,Stora och Lilla Sinnerns fvof,Kalmar,13,Abborre; Benlöja; Björkna; Braxen; Gädda; Gärs; Gös; Lake; Mört; Nissöga; Sarv; Siklöja; Sutare,fiskekartan; slu_provfiske,www.vattenagarna.se/kalmar-lans-fiskevattenagareforbund/?o=999
1001,Stora Sikträskets fvof,Västerbotten,11,Abborre; Elritsa; Gädda; Harr; Lake; Mört; Regnbåge; Sik; Siklöja; Småspigg; Öring,gbif,
1786,Stora Skedvi fvof,Dalarna,18,Abborre; Braxen; Bäcknejonöga; Bäckröding; Gädda; Gärs; Gös; Lake; Mört; Regnbåge; Ruda; Röding; Sarv; Signalkräfta; Siklöja; Sutare; Ål; Öring,fiskekartan; slu_provfiske; extern_fvof,www.fiska-i-stora-skedvi.se
165,Stora Sävsjöns fvof,Halland,5,Abborre; Gädda; Mört; Sarv; Ål,fiskekartan; slu_provfiske,www.vattenagarna.se/hallands-lans-radslagsgrupp/?o=1032
2162,Stora Öresjöns fvof,Västra Götaland,17,Abborre; Braxen; Bäcknejonöga; Elritsa; Flodkräfta; Gädda; Id; Kräfta obestämd; Lax; Mört; Nors; Regnbåge; Röding; Signalkräfta; Sutare; Ål; Öring,slu_provfiske; gbif,
2270,Stora- och lilla Dalsjön fvof,Västra Götaland,9,Abborre; Gädda; Lake; Mört; Röding; Sik; Siklöja; Ål; Öring,fiskekartan; slu_provfiske; gbif,
345,Storasjön-Sävsjön m fl sjöars fvof,Jönköping,9,Abborre; Braxen; Gädda; Gös; Lake; Mört; Sik; Siklöja; Sutare,fiskekartan; slu_provfiske,
1236,Storborgarns fvof,Västernorrland,12,Abborre; Benlöja; Bäcknejonöga; Gädda; Gärs; Lake; Mört; Nejonöga; Ruda; Sik; Stensimpa; Öring,fiskekartan; slu_provfiske,www.vattenagarna.se/vasternorrlands-lans-fiskerattsagareforbund/?o=565
1142,Storbäck fvof,Västerbotten,11,Abborre; Bäckröding; Elritsa; Gädda; Harr; Lake; Röding; Sik; Simpa; Stensimpa; Öring,fiskekartan; slu_provfiske,
262,Storesjöns fvof,Jönköping,9,Abborre; Gädda; Lake; Mört; Sik; Siklöja; Stensimpa; Sutare; Öring,fiskekartan; slu_provfiske; gbif,www.storesjon.se
1076,Storfallets fvof,Västerbotten,18,Abborre; Bäcknejonöga; Elritsa; Flodkräfta; Gädda; Gärs; Harr; Havsöring; Kräfta obestämd; Lake; Lax; Laxfisk obestämd; Mört; Nejonöga; Nors; Siklöja; Stensimpa; Öring,fiskekartan; slu_provfiske,www.storfallet.se
968,Storjangen-Älgsjöns fvof,Värmland,11,Abborre; Bäcknejonöga; Elritsa; Flodkräfta; Gädda; Gärs; Mört; Nejonöga; Sik; Siklöja; Öring,slu_provfiske,www.vattenagarna.se/varmlands-lans-fiskevardsforbund/?o=452
651,Storsaivis-Suobbats fvof,Norrbotten,10,Abborre; Bergsimpa; Elritsa; Gädda; Harr; Lake; Mört; Sik; Stensimpa; Öring,gbif,
1107,Storsandsjöns fvof,Västerbotten,14,Abborre; Benlöja; Bäcknejonöga; Gädda; Harr; Lake; Mört; Nejonöga; Regnbåge; Röding; Sik; Siklöja; Stensimpa; Öring,fiskekartan; slu_provfiske,storsandsjon.se/
1593,Storsjö fvof,Jämtland,10,Abborre; Bergsimpa; Elritsa; Gädda; Harr; Lake; Röding; Sik; Simpa; Öring,slu_provfiske,storsjofisk.se
1321,Storsjöbygdens fvof,Västernorrland,14,Abborre; Bäcknejonöga; Gädda; Gös; Harr; Lake; Mört; Nejonöga; Röding; Siklöja; Simpa; Stensimpa; Stäm; Öring,fiskekartan; slu_provfiske,www.vattenagarna.se/vasternorrlands-lans-fiskerattsagareforbund/?o=213
1546,Storsjön-Bergs fvof,Jämtland,15,Abborre; Bergsimpa; Elritsa; Gädda; Harr; Kanadaröding; Lake; Mört; Nors; Regnbåge; Röding; Sik; Simpa; Stensimpa; Öring,fiskekartan; slu_provfiske,
1505,Storsjön-Krokom fvof,Jämtland,13,Abborre; Bergsimpa; Elritsa; Gädda; Harr; Kanadaröding; Lake; Mört; Nors; Regnbåge; Röding; Sik; Öring,fiskekartan; slu_provfiske,www.vattenagarna.se/jamtlands-lans-fiskevattenagareforbund/?o=775
437,Storsjön-Rammens fvof,Kalmar,12,Abborre; Benlöja; Björkna; Braxen; Gädda; Gärs; Gös; Lake; Mört; Nors; Sarv; Sutare,slu_provfiske,
1631,Storsjön-Åre fvof,Jämtland,14,Abborre; Bergsimpa; Elritsa; Gädda; Harr; Kanadaröding; Lake; Mört; Nors; Regnbåge; Röding; Sik; Simpa; Öring,fiskekartan; slu_provfiske,
1507,Storsjön-Östersund fvof,Jämtland,16,Abborre; Bergsimpa; Bäckröding; Elritsa; Gädda; Harr; Kanadaröding; Lake; Mört; Nors; Regnbåge; Ruda; Röding; Sik; Stensimpa; Öring,fiskekartan; slu_provfiske,www.vattenagarna.se/jamtlands-lans-fiskevattenagareforbund/?o=770
1441,Storsjöns fvof,Östergötland,6,Abborre; Braxen; Gädda; Gös; Mört; Ruda,fiskekartan,www.vattenagarna.se/ostergotlands-lans-fiskevattenagareforbund/?o=152
2056,Storsjöns fvof,Västra Götaland,11,Abborre; Braxen; Elritsa; Gädda; Gös; Kräfta obestämd; Mört; Signalkräfta; Sik; Ål; Öring,fiskekartan; slu_provfiske,
916,Storsjöns fvof,Värmland,7,Abborre; Gädda; Lake; Mört; Sik; Siklöja; Öring,slu_provfiske,www.vattenagarna.se/varmlands-lans-fiskevardsforbund/?o=761
1707,Storsjöns fvof,Örebro,13,Abborre; Benlöja; Braxen; Bäcknejonöga; Gädda; Gärs; Lake; Mört; Sarv; Signalkräfta; Siklöja; Sutare; Ål,slu_provfiske; gbif,
1388,Storsjöns fvof,Västmanland,0,,,
94,Storsjöns fvof,Gävleborg,17,Abborre; Benlöja; Björkna; Braxen; Gädda; Gärs; Gös; Lake; Mört; Nors; Ruda; Sarv; Siklöja; Stensimpa; Sutare; Vimma; Ål,fiskekartan; slu_provfiske,www.ifiske.se/fiske-storsjons-sandviken.htm
1310,Storsjöns fvof,Västernorrland,12,Abborre; Benlöja; Braxen; Gädda; Gärs; Lake; Mört; Nors; Sik; Siklöja; Ål; Öring,slu_provfiske; gbif,www.vattenagarna.se/vasternorrlands-lans-fiskerattsagareforbund/?o=555
1374,Storsjöns och Vätternsjöarnas fvof,Västmanland,16,Abborre; Benlöja; Braxen; Bäcknejonöga; Elritsa; Gädda; Gärs; Gös; Lake; Mört; Nors; Sarv; Signalkräfta; Siklöja; Stensimpa; Öring,slu_provfiske,www.vattenagarna.se/vastmanlands-lans-fiskevattenagareforbund/?o=656
1339,Stortannsjöns fvof,Västernorrland,6,Abborre; Gädda; Gärs; Lake; Mört; Ål,gbif,
1629,Storåbränna-Lakavattnets fvof,Jämtland,11,Abborre; Bäcknejonöga; Bäckröding; Elritsa; Gädda; Harr; Lake; Mört; Röding; Sik; Öring,fiskekartan; slu_provfiske; gbif,www.vattenagarna.se/jamtlands-lans-fiskevattenagareforbund/?o=785
2030,Storån övre fvof,Västra Götaland,9,Abborre; Elritsa; Gädda; Lax; Lax_Öring_Hybrid; Mört; Signalkräfta; Ål; Öring,slu_provfiske,
268,Storåns mellersta fvof,Jönköping,2,Bergsimpa; Mört,slu_provfiske,
388,Storåns södra fvof,Jönköping,4,Abborre; Bergsimpa; Mört; Signalkräfta,slu_provfiske,
1653,Storåsen-Albackens fvof,Jämtland,15,Abborre; Bäcknejonöga; Bäckröding; Elritsa; Gädda; Harr; Id; Lake; Mört; Regnbåge; Röding; Sik; Stensimpa; Ål; Öring,fiskekartan; slu_provfiske,www.storasen-albackensfvo.se/
1406,Strolångens fvof,Östergötland,15,Abborre; Benlöja; Björkna; Braxen; Flodkräfta; Gädda; Gärs; Gös; Lake; Mört; Nissöga; Nors; Ruda; Sutare; Ål,slu_provfiske; gbif,
965,Struven-Stora Le fvof,Värmland,17,Abborre; Benlöja; Björkna; Braxen; Bäcknejonöga; Gädda; Gärs; Gös; Hornsimpa; Lake; Mört; Nors; Sarv; Signalkräfta; Sik; Siklöja; Öring,fiskekartan; slu_provfiske,
318,Stråkens fvof,Jönköping,11,Abborre; Benlöja; Braxen; Bäcknejonöga; Gädda; Gärs; Lake; Mört; Siklöja; Sutare; Öring,fiskekartan; slu_provfiske,
615,Stråkens fvof,Kronoberg,12,Abborre; Benlöja; Braxen; Gädda; Gös; Karp; Lake; Mört; Sik; Siklöja; Sutare; Ål,fiskekartan; slu_provfiske; gbif,www.vattenagarna.se/kronobergs-lans-fiskevattenagareforbund/?o=639
307,Strånnasjöns fvof,Jönköping,6,Abborre; Braxen; Gädda; Gärs; Mört; Sutare,fiskekartan,
819,Strömarens fvof,Uppsala,8,Abborre; Benlöja; Björkna; Braxen; Gädda; Gärs; Mört; Sarv,slu_provfiske,
1019,Strömsjönäs fvof,Västerbotten,4,Abborre; Gädda; Lake; Mört,gbif,
1556,Stuguns fvof,Jämtland,12,Abborre; Elritsa; Gädda; Harr; Lake; Mört; Regnbåge; Röding; Sik; Simpa; Stensimpa; Öring,fiskekartan; slu_provfiske,www.vattenagarna.se/jamtlands-lans-fiskevattenagareforbund/?o=414
1970,Sturvens fvof,Västra Götaland,7,Abborre; Bäckröding; Gädda; Mört; Nors; Siklöja; Ål,fiskekartan; slu_provfiske; gbif,
1340,Stybbersmarkssjöns fvof,Västernorrland,9,Abborre; Gädda; Gärs; Lake; Lax; Mört; Nors; Sik; Siklöja,gbif,
293,Styggstorps fvof,Jönköping,6,Abborre; Gädda; Lake; Mört; Sarv; Sutare,fiskekartan,
1223,Styrnäs nedre fvof,Västernorrland,12,Abborre; Benlöja; Braxen; Gädda; Gärs; Lake; Mört; Nors; Regnbåge; Röding; Stensimpa; Öring,fiskekartan; slu_provfiske,styrnasfiske-se.webnode.se
1396,Stävresjöns fvof,Västmanland,2,Flodkräfta; Sutare,gbif,www.vattenagarna.se/vastmanlands-lans-fiskevattenagareforbund/?o=652
1459,Stångån-Linköpings fvof,Östergötland,16,Abborre; Asp; Benlöja; Björkna; Braxen; Färna; Gädda; Gärs; Karp; Mört; Nissöga; Sarv; Signalkräfta; Småspigg; Sutare; Ål,gbif,
1152,Stöcksjöns fvof,Västerbotten,4,Abborre; Gädda; Lake; Mört,slu_provfiske,
1204,Stödebygdens fvof,Västernorrland,20,Abborre; Benlöja; Bergsimpa; Bäcknejonöga; Elritsa; Flodkräfta; Gädda; Gärs; Harr; Lake; Mört; Nors; Regnbåge; Ruda; Röding; Sik; Stensimpa; Stäm; Ål; Öring,slu_provfiske; gbif,
855,Stömne fvof,Värmland,14,Abborre; Benlöja; Bäcknejonöga; Elritsa; Flodkräfta; Gädda; Gärs; Lake; Mört; Nors; Sik; Simpa; Stensimpa; Öring,slu_provfiske,www.vattenagarna.se/varmlands-lans-fiskevardsforbund/?o=748
894,Stöpsjöns fvof,Värmland,10,Abborre; Bergsimpa; Bäcknejonöga; Elritsa; Gädda; Lake; Nejonöga; Signalkräfta; Stensimpa; Öring,slu_provfiske,www.vattenagarna.se/varmlands-lans-fiskevardsforbund/?o=700
1067,Stöttingfjällets fvof,Västerbotten,11,Abborre; Bäckröding; Elritsa; Gädda; Harr; Lake; Mört; Röding; Sik; Stensimpa; Öring,fiskekartan; slu_provfiske; gbif,
656,Suaningi fvof,Norrbotten,5,Abborre; Gädda; Lake; Mört; Sik,fiskekartan,
1581,Suljättens fvof,Jämtland,11,Bäckröding; Elritsa; Harr; Id; Kanadaröding; Lake; Mört; Regnbåge; Röding; Sik; Öring,fiskekartan; slu_provfiske; gbif,
907,Summelns fvof,Värmland,9,Abborre; Benlöja; Björkna; Braxen; Gädda; Gärs; Gös; Mört; Sutare,slu_provfiske,www.vattenagarna.se/varmlands-lans-fiskevardsforbund/?o=752
1545,Sundsjöns fvof,Jämtland,12,Abborre; Bäckröding; Elritsa; Gädda; Harr; Lake; Regnbåge; Röding; Sik; Siklöja; Ål; Öring,slu_provfiske; gbif,
1777,Sunnansjö fvof,Dalarna,25,Abborre; Benlöja; Björkna; Braxen; Bäcknejonöga; Bäckröding; Elritsa; Gädda; Gärs; Gös; Id; Kräfta obestämd; Lake; Lax; Mört; Nors; Regnbåge; Röding; Signalkräfta; Sik; Siklöja; Stensimpa; Sutare; Ål; Öring,slu_provfiske; gbif,
910,Sunnemo fvof,Värmland,10,Abborre; Benlöja; Bäcknejonöga; Elritsa; Gädda; Mört; Nors; Signalkräfta; Siklöja; Öring,slu_provfiske,
1384,Surahammars fvof,Västmanland,20,Abborre; Asp; Benlöja; Björkna; Braxen; Gädda; Gärs; Gös; Id; Karpfisk obestämd; Lake; Mört; Nors; R; Regnbåge; Sarv; Stensimpa; Sutare; Ål; Öring,fiskekartan; slu_provfiske; extern_fvof,www.surafvof.com/
1963,Surtans fvof,Västra Götaland,24,Abborre; Benlöja; Braxen; Bäcknejonöga; Elritsa; Flodkräfta; Färna; Gädda; Gös; Id; Kräfta obestämd; Lake; Lax; Lax_Öring_Hybrid; Mört; Nejonöga; Regnbåge; Ruda; Röding; Signalkräfta; Siklöja; Sutare; Ål; Öring,fiskekartan; slu_provfiske; gbif,
1910,Surtans övre fvof,Västra Götaland,9,Abborre; Elritsa; Flodkräfta; Gädda; Lax; Mört; Signalkräfta; Ål; Öring,fiskekartan; slu_provfiske,
1439,Svalsjö fvof,Östergötland,16,Abborre; Benlöja; Björkna; Braxen; Gädda; Gärs; Lake; Mört; Nors; Sarv; Signalkräfta; Siklöja; Simpa; Sutare; Ål; Öring,fiskekartan; slu_provfiske,
1011,Svansele fvof,Västerbotten,7,Bäckröding; Elritsa; Gädda; Harr; Lake; Stensimpa; Öring,slu_provfiske,
929,Svansjöarnas fvof,Värmland,29,Abborre; Asp; Benlöja; Bergsimpa; Björkna; Braxen; Bäcknejonöga; Elritsa; Flodkräfta; Gädda; Gärs; Gös; Id; Kräfta obestämd; Lake; Lax; Mört; Nors; Ruda; Röding; Sarv; Signalkräfta; Siklöja; Simpa; Stensimpa; Sutare; Vimma; Ål; Öring,fiskekartan; slu_provfiske; gbif,www.svansjöarnas.fvo
1399,Svansjöarnas fvof,Västmanland,17,Abborre; Benlöja; Björkna; Braxen; Faren; Färna; Gädda; Gärs; Gös; Lake; Mört; Nors; Signalkräfta; Siklöja; Stensimpa; Sutare; Öring,fiskekartan; slu_provfiske,
606,Svartasjöns fvof,Kronoberg,0,,,
161,Svarten m fl sjöars fvof,Halland,9,Abborre; Elritsa; Gädda; Mört; Ruda; Sarv; Siklöja; Ål; Öring,fiskekartan; slu_provfiske,
1619,Svartsjöarnas fvof,Jämtland,5,Abborre; Gädda; Röding; Sik; Öring,fiskekartan,
363,Svartåns fvof,Jönköping,17,Abborre; Benlöja; Björkna; Braxen; Gädda; Gärs; Gös; Lake; Mört; Nors; Ruda; Sarv; Signalkräfta; Sutare; Vimma; Ål; Öring,fiskekartan; slu_provfiske,
1495,Svedje-Västanede-Övsjö fvof,Jämtland,13,Abborre; Braxen; Elritsa; Gädda; Harr; Lake; Mört; Regnbåge; Röding; Sik; Siklöja; Stensimpa; Öring,fiskekartan; slu_provfiske,
1654,Sveg-Herrö fvof,Jämtland,11,Abborre; Bergsimpa; Elritsa; Gädda; Harr; Lake; Mört; Röding; Sik; Siklöja; Öring,slu_provfiske,svegherrofvo.se/
1584,Svenstaåns fvof,Jämtland,9,Abborre; Benlöja; Bergsimpa; Elritsa; Gädda; Harr; Lake; Mört; Öring,slu_provfiske,
2213,Svenstorpssjöns fvof,Skåne,8,Abborre; Braxen; Gädda; Gös; Mört; Sarv; Signalkräfta; Sutare,slu_provfiske,
893,Svinsjöns fvof,Värmland,0,,,
1454,Svinstadssjöns fvof,Östergötland,8,Abborre; Benlöja; Braxen; Gädda; Gärs; Gös; Mört; Sarv,fiskekartan; slu_provfiske,
2061,Svänasjöns fvof,Västra Götaland,5,Abborre; Gädda; Lake; Mört; Ål,fiskekartan,
1834,Svärdlångs fvof,Västra Götaland,23,Abborre; Benlöja; Bergsimpa; Braxen; Bäcknejonöga; Bäckröding; Elritsa; Flodkräfta; Gädda; Gärs; Id; Lake; Mört; Nors; Regnbåge; Röding; Sik; Siklöja; Småspigg; Stensimpa; Sutare; Ål; Öring,fiskekartan; slu_provfiske; gbif,
1759,Svärdsjön-Ågsjöns fvof,Dalarna,21,Abborre; Benlöja; Bergsimpa; Braxen; Bäcknejonöga; Elritsa; Flodkräfta; Gädda; Gärs; Harr; Kräfta obestämd; Lake; Mört; Nors; Regnbåge; Signalkräfta; Sik; Siklöja; Simpa; Stensimpa; Öring,fiskekartan; slu_provfiske,
1440,Sya-Knutsbro fvof,Östergötland,13,Abborre; Braxen; Elritsa; Färna; Gädda; Karpfisk obestämd; Lake; Mört; Signalkräfta; Småspigg; Stensimpa; Sutare; Öring,fiskekartan; slu_provfiske,
963,Syrsjön-Torptjärns fvof,Värmland,10,Abborre; Benlöja; Braxen; Flodkräfta; Gädda; Gärs; Lake; Mört; Siklöja; Ål,gbif,
937,Sysslebäcks fvof,Värmland,20,Abborre; Benlöja; Bergsimpa; Bäcknejonöga; Bäckröding; Elritsa; Gädda; Gärs; Harr; Lake; Lax; Mört; Nejonöga; Regnbåge; Sik; Siklöja; Simpa; Stensimpa; Stäm; Öring,slu_provfiske; extern_fvof,www.vattenagarna.se/varmlands-lans-fiskevardsforbund/?o=359
234,Säby-Puketorps fvof,Jönköping,6,Abborre; Benlöja; Braxen; Gädda; Mört; Nors,fiskekartan; slu_provfiske,
196,Säbysjöns fvof,Jönköping,14,Abborre; Benlöja; Björkna; Braxen; Gädda; Gärs; Gös; Lake; Mört; Ruda; Sarv; Sutare; Vimma; Ål,fiskekartan; slu_provfiske,www.sabysjon.se/
24,Sälgsjöns fvof,Gävleborg,6,Abborre; Bäcknejonöga; Gädda; Lake; Mört; Öring,slu_provfiske,
585,Säljens fvof,Kronoberg,10,Abborre; Gädda; Gös; Lake; Mört; Signalkräfta; Sik; Siklöja; Sutare; Ål,fiskekartan; slu_provfiske,
1523,Sällsjö fvof,Jämtland,6,Abborre; Gädda; Harr; Lake; Röding; Öring,slu_provfiske,
984,Sälsjöns fvof,Värmland,4,Abborre; Gädda; Mört; Ål,gbif,
132,Säm-Iglasjöns fvof,Halland,5,Abborre; Gädda; Mört; Sutare; Ål,fiskekartan,
170,Sänneåns fvof,Halland,17,Abborre; Bäcknejonöga; Elritsa; Färna; Gädda; Havsnejonöga; Id; Karpfisk obestämd; Lake; Lax; Mört; Nejonöga; Signalkräfta; Simpa; Stensimpa; Ål; Öring,slu_provfiske,
1727,Särna-Idre fvof,Dalarna,14,Abborre; Bergsimpa; Bäckröding; Elritsa; Gädda; Harr; Id; Lake; Mört; Röding; Sik; Siklöja; Stensimpa; Öring,slu_provfiske,
1746,Säters fvof,Dalarna,21,Abborre; Benlöja; Björkna; Braxen; Bäcknejonöga; Elritsa; Flodkräfta; Gädda; Gärs; Gös; Harr; Id; Kräfta obestämd; Lake; Mört; Nors; Ruda; Sa; Stensimpa; Ål; Öring,fiskekartan; slu_provfiske,
1322,Sätra fvof,Västernorrland,2,Röding; Öring,fiskekartan,
1432,Sätrasjöns fvof,Östergötland,10,Abborre; Braxen; Gädda; Gös; Lake; Mört; Sarv; Siklöja; Sutare; Ål,fiskekartan,
777,Sätta fvof,Stockholm,4,Abborre; Gädda; Mört; Ruda,gbif,
1028,Sävaråns fvof,Västerbotten,26,Abborre; Benlöja; Braxen; Bäcknejonöga; Bäckröding; Elritsa; Flodkräfta; Flodnejonöga; Gädda; Gärs; Harr; Id; Lake; Lax; Lax_Öring_Hybrid; Mört; Nejonöga; Nors; Sik; Siklöja; Simpa; Småspigg; Stensimpa; Storspigg; Stäm; Öring,slu_provfiske,
639,Sävast-Unbyns fvof,Norrbotten,9,Abborre; Bergsimpa; Gädda; Harr; Id; Lax; Mört; Stäm; Öring,gbif,
872,Säveln-Rinnens fvof,Värmland,19,Abborre; Benlöja; Björkna; Braxen; Bäcknejonöga; Elritsa; Flodkräfta; Gädda; Gärs; Gös; Lake; Mört; Nors; Ruda; Sarv; Signalkräfta; Siklöja; Ål; Öring,fiskekartan; slu_provfiske; gbif,www.vattenagarna.se/varmlands-lans-fiskevardsforbund/?o=731
2125,Sävelångens fvof,Västra Götaland,19,Abborre; Bergsimpa; Braxen; Gädda; Gärs; Gös; Id; Lake; Mört; Nors; Regnbåge; Sik; Siklöja; Simpa; Stensimpa; Storspigg; Sutare; Ål; Öring,slu_provfiske; gbif,www.vattenagarna.se/fiskevattenagarna-i-vastra-sverige/?o=681
2145,Sävens fvof,Västra Götaland,15,Abborre; Elritsa; Flodkräfta; Gädda; Gärs; Gös; Lake; Mört; Regnbåge; Signalkräfta; Sik; Siklöja; Sutare; Ål; Öring,fiskekartan; slu_provfiske; gbif,
2151,Säveåns fvof,Västra Götaland,27,Abborre; Benlöja; Bergsimpa; Bäcknejonöga; Elritsa; Färna; Gädda; Gärs; Id; Karpfisk obestämd; Lake; Lax; Lax_Öring_Hybrid; Mört; Nejonöga; Regnbåge; Ruda; Signalkräfta; Simpa; Skrubbskädda; Spigg obestämd; Stensimpa; Storspigg; Stäm; Sutare; Ål; Öring,fiskekartan; slu_provfiske,www.sportfiskarna.se/Fiske/Fiske-i-G%C3%B6teborg/S%C3%A4ve%C3%A5ns-Laxfiske
2020,Säveåns övre fvof,Västra Götaland,20,Abborre; Benlöja; Bergsimpa; Bäcknejonöga; Elritsa; Gädda; Gärs; Havsöring; Kräfta obestämd; Lake; Lax; Mört; Nejonöga; Signalkräfta; Simpa; Spigg obestämd; Stensimpa; Storspigg; Ål; Öring,fiskekartan; slu_provfiske,www.savean.se/
2091,Sävsjö-Gärdessjö fvof,Västra Götaland,9,Abborre; Benlöja; Braxen; Gädda; Gös; Lake; Mört; Sutare; Ål,gbif,
1936,Sävsjöns fvof,Västra Götaland,6,Abborre; Braxen; Gädda; Mört; Sutare; Ål,fiskekartan,
350,Sävsjöortens fvof,Jönköping,8,Abborre; Braxen; Gädda; Lake; Mört; Ruda; Sutare; Ål,fiskekartan,
2097,Sågtjärnens fvof,Västra Götaland,5,Abborre; Gädda; Mört; Sutare; Ål,gbif,
1987,Såkens sjösystems fvof,Västra Götaland,15,Abborre; Braxen; Elritsa; Gädda; Gärs; Gös; Lake; Mört; Nors; Signalkräfta; Sik; Siklöja; Sutare; Ål; Öring,fiskekartan; slu_provfiske,
789,Södemöja fvof,Stockholm,1,Storspigg,gbif,
61,Söderala fvof,Gävleborg,25,Abborre; Benlöja; Björkna; Braxen; Bäcknejonöga; Bäckröding; Elritsa; Gädda; Gärs; Gös; Harr; Id; Lake; Mört; Nejonöga; Nors; Sarv; Sik; Småspigg; Storspigg; Stäm; Sutare; Vimma; Ål; Öring,fiskekartan; slu_provfiske,Www.soderalafvof.se
745,Söderhenninge fvof,Stockholm,0,,,
762,Söderöra fvof,Stockholm,1,Storspigg,gbif,
1216,Södra Anundsjöåns fvof,Västernorrland,18,Abborre; Benlöja; Bäcknejonöga; Bäckröding; Elritsa; Flodkräfta; Gädda; Gärs; Harr; Lake; Lax; Mört; Ruda; Siklöja; Simpa; Småspigg; Stensimpa; Öring,slu_provfiske; gbif,
266,Södra Bunns fvof,Jönköping,11,Abborre; Bergsimpa; Braxen; Gädda; Gärs; Gös; Lake; Mört; Nors; Ruda; Sutare,fiskekartan,www.bunnfiske.se/
933,Södra Gunnarskogs fvof,Värmland,20,Abborre; Benlöja; Bergsimpa; Braxen; Bäcknejonöga; Elritsa; Flodkräfta; Gädda; Gärs; Kräfta obestämd; Lake; Mört; Nejonöga; Nors; Ruda; Sarv; Signalkräfta; Siklöja; Ål; Öring,slu_provfiske,www.vattenagarna.se/varmlands-lans-fiskevardsforbund/?o=738
1718,Södra Hörkens fvof,Örebro,12,Abborre; Benlöja; Elritsa; Gädda; Gärs; Gös; Lake; Mört; Signalkräfta; Sik; Siklöja; Öring,fiskekartan; slu_provfiske,www.grangesfiske.se
2018,Södra Järbo fvof,Västra Götaland,4,Abborre; Flodkräfta; Gädda; Mört,gbif,
2163,Södra Kornsjöns fvof,Västra Götaland,10,Abborre; Elritsa; Gädda; Id; Mört; Sik; Siklöja; Sutare; Ål; Öring,fiskekartan; slu_provfiske; gbif,
2051,Södra Lelångs fvof,Västra Götaland,22,Abborre; Benlöja; Bergsimpa; Björkna; Braxen; Elritsa; Gädda; Gärs; Hornsimpa; Lake; Lax; Mört; Nejonöga; Nors; Ruda; Röding; Sarv; Sik; Småspigg; Stensimpa; Sutare; Öring,fiskekartan; slu_provfiske; extern_fvof,lelang.se
1988,Södra Lerums fvof,Västra Götaland,12,Abborre; Bäcknejonöga; Elritsa; Gädda; Karpfisk obestämd; Lake; Lax; Mört; Nejonöga; Nors; Ål; Öring,slu_provfiske,
1802,Södra Mieåns fvof,Blekinge,24,Abborre; Benlöja; Braxen; Bäcknejonöga; Elritsa; Gädda; Gärs; Gös; Karpfisk obestämd; Lake; Lax; Lax_Öring_Hybrid; Mört; Nejonöga; Regnbåge; Ruda; Sandkrypare; Sarv; Signalkräfta; Skrubbskädda; Småspigg; Sutare; Ål; Öring,slu_provfiske,www.vattenagarna.se/blekinge-lans-radslagsgrupp/?o=848
665,Södra Sandträsk fvof,Norrbotten,0,,,
1839,Södra Sämsjöns fvof,Västra Götaland,12,Abborre; Braxen; Bäckröding; Elritsa; Gädda; Lake; Mört; Signalkräfta; Sik; Siklöja; Sutare; Öring,slu_provfiske,www.vattenagarna.se/sodra-alvsborgs-fiskevattenagareforbund/?o=534
100,Södra Torsåkers fvof,Gävleborg,8,Abborre; Bäcknejonöga; Bäckröding; Gädda; Gärs; Lake; Mört; Signalkräfta,slu_provfiske,
1792,Södra Venjans fvof,Dalarna,16,Abborre; Benlöja; Bergsimpa; Bäcknejonöga; Bäckröding; Elritsa; Flodkräfta; Gädda; Gärs; Harr; Lake; Mört; Simpa; Stensimpa; Stäm; Öring,slu_provfiske,
874,Södra Värmelns fvof,Värmland,24,Abborre; Benlöja; Björkna; Braxen; Bäckröding; Elritsa; Flodkräfta; Gädda; Gärs; Gös; Id; Lake; Lax; Mört; Nors; Ruda; Sarv; Signalkräfta; Sik; Siklöja; Storspigg; Sutare; Ål; Öring,gbif,www.vattenagarna.se/varmlands-lans-fiskevardsforbund/?o=728
296,Södra Wixens fvof,Jönköping,9,Abborre; Bergsimpa; Braxen; Gädda; Lake; Mört; Sarv; Siklöja; Sutare,fiskekartan; slu_provfiske,sodravixen.se/
952,Sölje fvof,Värmland,12,Abborre; Elritsa; Flodkräfta; Gädda; Lake; Mört; Nors; Regnbåge; Röding; Siklöja; Stensimpa; Öring,fiskekartan; slu_provfiske,
308,Söljens fvof,Jönköping,7,Abborre; Braxen; Gädda; Mört; Sarv; Sutare; Ål,fiskekartan,
875,Sönner och Mellantjärns fvof,Värmland,2,Gädda; Öring,fiskekartan,
514,Sörabysjöns fvof,Kronoberg,9,Abborre; Benlöja; Braxen; Gädda; Lake; Mört; Siklöja; Sutare; Öring,fiskekartan; slu_provfiske,
1916,Sörbergens fvof,Västra Götaland,6,Abborre; Bäckröding; Gädda; Signalkräfta; Ål; Öring,gbif,
1595,Sörbygdens fvof,Jämtland,14,Abborre; Bergsimpa; Braxen; Bäckröding; Elritsa; Gädda; Harr; Lake; Regnbåge; Röding; Sik; Stensimpa; Ål; Öring,fiskekartan; slu_provfiske,www.sorbygdenfiske.se/
1101,Sörbäckens fvof,Västerbotten,9,Abborre; Gädda; Harr; Lake; Mört; Röding; Sik; Stensimpa; Öring,fiskekartan; slu_provfiske,karta.sorbackensfvo.se/?sidebar=true
1350,Sörflärke fvof,Västernorrland,10,Abborre; Benlöja; Bäcknejonöga; Flodnejonöga; Gädda; Lake; Mört; Nejonöga; Stensimpa; Öring,slu_provfiske,
1526,Sösjön-Hemsjön-Gråsjöns fvof,Jämtland,12,Abborre; Bergsimpa; Bäckröding; Elritsa; Gädda; Harr; Lake; Röding; Sik; Stensimpa; Ål; Öring,fiskekartan; slu_provfiske,
372,Sötåsasjöns fvof,Jönköping,5,Abborre; Gädda; Gärs; Mört; Siklöja,fiskekartan; slu_provfiske; gbif,
281,Tabergsåns fvof,Jönköping,15,Abborre; Bergsimpa; Bäcknejonöga; Elritsa; Flodnejonöga; Gädda; Gärs; Kräfta obestämd; Lake; Mört; Nejonöga; Signalkräfta; Simpa; Sutare; Öring,slu_provfiske,
1123,Tallsjö fvof,Västerbotten,10,Abborre; Braxen; Gädda; Harr; Id; Lake; Mört; Röding; Sik; Öring,fiskekartan,
555,Tannsjön-Hultasjöns fvof,Kronoberg,6,Abborre; Bäckröding; Gädda; Lake; Mört; Sutare,fiskekartan; slu_provfiske; gbif,
1382,Tappebosjöarnas fvof,Västmanland,10,Abborre; Benlöja; Björkna; Braxen; Gädda; Gärs; Gös; Lake; Mört; Sutare,fiskekartan,
1865,Taske å fvof,Västra Götaland,18,Abborre; Benlöja; Bäcknejonöga; Flodnejonöga; Gädda; Kräfta obestämd; Lake; Lax; Lax_Öring_Hybrid; Mört; Nejonöga; Signalkräfta; Skrubbskädda; Småspigg; Spigg obestämd; Storspigg; Ål; Öring,slu_provfiske,
1004,Tavelsjö fvof,Västerbotten,9,Abborre; Gädda; Gärs; Gös; Lake; Mört; Nors; Sik; Öring,fiskekartan; slu_provfiske,
1427,Tedensjöarnas fvof,Östergötland,8,Abborre; Braxen; Gädda; Gärs; Gös; Mört; Ruda; Sutare,fiskekartan; slu_provfiske,
999,Tegelträsk fvof,Västerbotten,8,Abborre; Bäckröding; Gädda; Lake; Mört; Röding; Sik; Öring,gbif,
510,Tegnabysjöns fvof,Kronoberg,6,Abborre; Braxen; Gädda; Lake; Mört; Sutare,gbif,
263,Tenhultasjöns fvof,Jönköping,11,Abborre; Braxen; Gädda; Gärs; Gös; Lake; Mört; Ruda; Sarv; Siklöja; Sutare,fiskekartan; slu_provfiske,
83,Testeboåns fvof,Gävleborg,21,Abborre; Benlöja; Björkna; Braxen; Bäcknejonöga; Flodkräfta; Gädda; Gärs; Harr; Havsöring; Lake; Lax; Mört; Nejonöga; Nors; Sik; Simpa; Stensimpa; Vimma; Ål; Öring,fiskekartan; slu_provfiske,
2092,Teåkerssjöns fvof,Västra Götaland,6,Abborre; Elritsa; Flodkräfta; Gädda; Mört; Öring,slu_provfiske,www.vattenagarna.se/fiskevattenagarna-i-vastra-sverige/?o=676
1866,Teåkersälvens fvof,Västra Götaland,11,Abborre; Bäcknejonöga; Bäckröding; Elritsa; Flodkräfta; Gädda; Kräfta obestämd; Nejonöga; Signalkräfta; Sutare; Öring,slu_provfiske,
2040,Tidaholms fvof,Västra Götaland,6,Abborre; Benlöja; Färna; Gädda; Gärs; Mört,slu_provfiske,
252,Tidan - Nässjöns fvof,Jönköping,11,Abborre; Benlöja; Braxen; Gädda; Gärs; Lake; Mört; Signalkräfta; Siklöja; Sutare; Öring,fiskekartan; slu_provfiske,
2113,Tidans fvof,Västra Götaland,15,Abborre; Benlöja; Braxen; Elritsa; Färna; Gädda; Gärs; Karpfisk obestämd; Lake; Mört; Nejonöga; Signalkräfta; Småspigg; Sutare; Öring,slu_provfiske,
2022,Tidans nedre fvof,Västra Götaland,19,Abborre; Asp; Benlöja; Björkna; Braxen; Färna; Gädda; Gärs; Gös; Id; Lake; Mört; Nors; Sarv; Stensimpa; Sutare; Vimma; Ål; Öring,fiskekartan; slu_provfiske,
512,Tikens fvof,Kronoberg,15,Abborre; Benlöja; Björkna; Braxen; Bäcknejonöga; Elritsa; Flodkräfta; Gädda; Gös; Lake; Mört; Sarv; Signalkräfta; Sutare; Öring,fiskekartan; slu_provfiske,www.vattenagarna.se/kronobergs-lans-fiskevattenagareforbund/?o=640
1995,Timmele-Flata fvof,Västra Götaland,6,Elritsa; Flodkräfta; Gädda; Lake; Mört; Öring,slu_provfiske,
1264,Timrådalens fvof,Västernorrland,13,Abborre; Benlöja; Braxen; Bäcknejonöga; Elritsa; Gädda; Gärs; Harr; Mört; Nejonöga; Ruda; Spigg obestämd; Öring,slu_provfiske,
2082,Tinnsjöns fvof,Västra Götaland,7,Abborre; Bäckröding; Gädda; Mört; Regnbåge; Ål; Öring,slu_provfiske; gbif,
1721,Tisarens fvof,Örebro,20,Abborre; Benlöja; Björkna; Braxen; Bäcknejonöga; Gädda; Gärs; Gös; Lake; Mört; Nissöga; Nors; Ruda; Röding; Sarv; Signalkräfta; Sik; Stensimpa; Sutare; Ål,fiskekartan; slu_provfiske; gbif,
1463,Tisnarens Västra fvof,Östergötland,16,Abborre; Benlöja; Björkna; Braxen; Gädda; Gärs; Gös; Lake; Mört; Nors; Ruda; Sarv; Sik; Sutare; Ål; Öring,fiskekartan; slu_provfiske,
1456,Tjens fvof,Östergötland,11,Abborre; Benlöja; Björkna; Braxen; Gädda; Gärs; Gös; Lake; Mört; Nors; Sarv,slu_provfiske,www.vattenagarna.se/ostergotlands-lans-fiskevattenagareforbund/?o=689
559,Tjuredasjöns fvof,Kronoberg,4,Abborre; Braxen; Gädda; Mört,slu_provfiske,
623,Tjurken m.fl sjöars fvof,Kronoberg,21,Abborre; Benlöja; Björkna; Braxen; Färna; Gädda; Gärs; Gös; Id; Kräfta obestämd; Lake; Mört; Nejonöga; Nors; Sarv; Signalkräfta; Sik; Siklöja; Sutare; Ål; Öring,fiskekartan; slu_provfiske,tjurkensfiske.se/
2387,Tjurken-Kalvens fvof,Jönköping,7,Abborre; Björkna; Braxen; Gädda; Mört; Sarv; Sutare,fiskekartan,
204,Tjurkens fvof,Jönköping,10,Abborre; Braxen; Gädda; Gös; Lake; Mört; Sarv; Siklöja; Sutare; Öring,fiskekartan; slu_provfiske,
179,Tjärnesjöns fvof,Halland,8,Abborre; Braxen; Gädda; Mört; Signalkräfta; Sik; Siklöja; Ål,fiskekartan; slu_provfiske,tjarnesjon.se/
2174,Tjörnarpssjöns fvof,Skåne,10,Abborre; Björkna; Braxen; Gädda; Gös; Mört; Ruda; Sarv; Sutare; Ål,slu_provfiske; gbif,tjornarpssjon.hemsida24.se/
1766,Toftan Hosjön fvof,Dalarna,15,Abborre; Benlöja; Braxen; Bäcknejonöga; Gädda; Gärs; Harr; Id; Lake; Mört; Sarv; Signalkräfta; Stensimpa; Sutare; Öring,slu_provfiske,
497,Toftasjöns fvof,Kronoberg,16,Abborre; Benlöja; Björkna; Braxen; Elritsa; Gädda; Gärs; Gös; Lake; Mört; Röding; Signalkräfta; Sik; Siklöja; Sutare; Ål,fiskekartan; slu_provfiske; gbif,www.vattenagarna.se/kronobergs-lans-fiskevattenagareforbund/?o=181
2075,Tolken i Marks fvof,Västra Götaland,19,Abborre; Benlöja; Braxen; Elritsa; Flodkräfta; Gädda; Gärs; Gös; Lake; Mört; Nors; Regnbåge; Ruda; Signalkräfta; Sik; Siklöja; Sutare; Ål; Öring,slu_provfiske; gbif,www.vattenagarna.se/sodra-alvsborgs-fiskevattenagareforbund/?o=537
425,Tolången m.fl. sjöars fvof,Kalmar,4,Abborre; Gädda; Mört; Sarv,fiskekartan; slu_provfiske,www.vattenagarna.se/kalmar-lans-fiskevattenagareforbund/?o=119
2181,Tommarpsåns fvof,Skåne,17,Abborre; Bäcknejonöga; Elritsa; Flodnejonöga; Färna; Gädda; Id; Kräfta obestämd; Lax; Mört; Nejonöga; Signalkräfta; Småspigg; Spigg obestämd; Stensimpa; Ål; Öring,slu_provfiske,
778,Tomta fvof,Stockholm,10,Abborre; Braxen; Flodnejonöga; Gädda; Gärs; Mört; Småspigg; Stensimpa; Storspigg; Öring,gbif,
643,Tornefors fvof,Norrbotten,14,Abborre; Bergsimpa; Bäcknejonöga; Elritsa; Gädda; Harr; Lake; Lax; Lax_Öring_Hybrid; Mört; Nejonöga; Simpa; Stensimpa; Öring,slu_provfiske,
870,Torp-Forshaga fvof,Värmland,21,Abborre; Benlöja; Braxen; Flodkräfta; Flodnejonöga; Gädda; Gärs; Harr; Id; Lake; Lax; Mört; Nors; Ruda; Siklöja; Simpa; Stensimpa; Stäm; Sutare; Ål; Öring,fiskekartan; slu_provfiske; gbif,
1931,Torp-Sollums fvof,Västra Götaland,12,Abborre; Bäckröding; Gädda; Lake; Mört; Regnbåge; Röding; Sik; Siklöja; Småspigg; Ål; Öring,gbif,
597,Torpa sockens fvof,Kronoberg,14,Abborre; Braxen; Flodkräfta; Gädda; Gärs; Gös; Lake; Mört; Regnbåge; Signalkräfta; Sik; Sutare; Ål; Öring,fiskekartan; slu_provfiske,www.vattenagarna.se/kronobergs-lans-fiskevattenagareforbund/?o=188
949,Torpsjöns fvof,Värmland,10,Abborre; Benlöja; Braxen; Gädda; Gärs; Gös; Mört; Ruda; Stensimpa; Ål,gbif,
1976,Torsbo-Rotenäs fvof,Västra Götaland,3,Abborre; Braxen; Gädda,fiskekartan,
627,Torserydssjöns fvof,Kronoberg,5,Abborre; Gädda; Gärs; Gös; Mört,fiskekartan; slu_provfiske,
795,Torshällaåns fvof,Södermanland,9,Abborre; Benlöja; Flodnejonöga; Gädda; Gärs; Mört; Nors; Sarv; Småspigg,slu_provfiske; gbif,www.eskilstuna.se/kultur-och-fritid/idrott-motion-och-friluftsliv/fiske/fredade-perioder-i-torshalla
556,"Torsjön,Skyeåns fvof",Kronoberg,17,Abborre; Benlöja; Björkna; Braxen; Elritsa; Gädda; Gärs; Gös; Lake; Mört; Sandkrypare; Signalkräfta; Sik; Siklöja; Sutare; Ål; Öring,slu_provfiske; gbif,www.vattenagarna.se/kronobergs-lans-fiskevattenagareforbund/?o=615
2140,Torskabottens fvof,Västra Götaland,6,Abborre; Gädda; Gärs; Mört; Ål; Öring,gbif,
1023,Torvsjö fvof,Västerbotten,18,Abborre; Benlöja; Braxen; Bäcknejonöga; Bäckröding; Elritsa; Gädda; Harr; Id; Lake; Mört; Röding; Sik; Siklöja; Simpa; Stensimpa; Stäm; Öring,fiskekartan; slu_provfiske; gbif,
118,Torvsjöns fvof,Halland,9,Abborre; Elritsa; Gädda; Lake; Lax; Mört; Regnbåge; Ål; Öring,fiskekartan; slu_provfiske,
157,Transjön och Svansjöns fvof,Halland,6,Abborre; Braxen; Gädda; Mört; Sutare; Ål,fiskekartan; slu_provfiske,
1742,Transtrands fvof,Dalarna,18,Abborre; Bergsimpa; Braxen; Bäcknejonöga; Bäckröding; Elritsa; Gädda; Harr; Id; Lake; Mört; Nejonöga; Röding; Sik; Siklöja; Simpa; Stensimpa; Öring,fiskekartan; slu_provfiske,www.transtrandfiske.se
791,Trehörningen-Mörtsjöns fvof,Stockholm,10,Abborre; Benlöja; Björkna; Braxen; Gädda; Gärs; Mört; Ruda; Sarv; Sutare,slu_provfiske,
2034,Trehörningens fvof,Västra Götaland,6,Abborre; Gädda; Id; Lake; Mört; Ål,gbif,
1042,Trehörningens fvof,Västerbotten,5,Abborre; Gädda; Gös; Mört; Regnbåge,fiskekartan,
1315,Trehörningsjö fvof,Västernorrland,17,Abborre; Benlöja; Bäcknejonöga; Bäckröding; Gädda; Gärs; Lake; Mört; Nors; Regnbåge; Röding; Sik; Siklöja; Småspigg; Stensimpa; Ål; Öring,slu_provfiske; gbif,
463,Triasjöns fvof,Kalmar,3,Abborre; Gädda; Mört,slu_provfiske,www.vattenagarna.se/kalmar-lans-fiskevattenagareforbund/?o=591
346,Trollebosjöns fvof,Jönköping,12,Abborre; Braxen; Elritsa; Gädda; Lake; Mört; Ruda; Röding; Sarv; Sik; Sutare; Ål,fiskekartan; slu_provfiske; gbif,
1417,Trons fvof,Östergötland,11,Abborre; Benlöja; Björkna; Braxen; Gädda; Gärs; Gös; Lake; Mört; Nissöga; Sutare,fiskekartan; slu_provfiske,
799,Trosaåns fvof,Södermanland,16,Abborre; Benlöja; Björkna; Braxen; Gädda; Gärs; Id; Karpfisk obestämd; Lake; Mört; Nissöga; Signalkräfta; Småspigg; Sutare; Vimma; Öring,slu_provfiske,
1022,Tryssjön-Ultervattnets fvof,Västerbotten,6,Abborre; Gädda; Gärs; Harr; Lake; Mört,fiskekartan; slu_provfiske,
408,Tränsjöns fvof,Kalmar,2,Abborre; Mört,slu_provfiske,
522,Trässhultasjöns fvof,Kronoberg,4,Abborre; Lake; Mört; Sandkrypare,slu_provfiske,
2080,Trästickelsjöarnas och Byrevattnets fvof,Västra Götaland,6,Abborre; Gädda; Mört; Nors; Ål; Öring,slu_provfiske; gbif,
1376,Trätten-Holmsjöns fvof,Västmanland,11,Abborre; Braxen; Bäckröding; Gädda; Id; Lake; Mört; Ruda; Sutare; Ål; Öring,slu_provfiske; gbif,
653,Trångforsens fvof,Norrbotten,18,Abborre; Benlöja; Bergsimpa; Braxen; Elritsa; Flodkräfta; Flodnejonöga; Gädda; Gärs; Harr; Id; Lake; Lax; Mört; Småspigg; Stensimpa; Storspigg; Stäm,gbif,
1699,Trösas fvof,Örebro,11,Abborre; Bäcknejonöga; Elritsa; Gädda; Gärs; Lake; Mört; Nejonöga; Signalkräfta; Stensimpa; Öring,slu_provfiske,
1174,Tuna Västra fvof,Västernorrland,6,Abborre; Benlöja; Gädda; Lake; Mört; Stensimpa,slu_provfiske,
546,Tuvesjön-Enasjöns fvof,Kronoberg,6,Abborre; Braxen; Gädda; Gärs; Mört; Sik,slu_provfiske,
2185,Tviggasjö- Tofta sjöarnas  fvof,Skåne,14,Abborre; Björkna; Braxen; Grönling; Gädda; Gärs; Karp; Mört; Ruda; Sarv; Signalkräfta; Sutare; Ål; Öring,slu_provfiske; gbif,
973,Tvärdalens fvof,Värmland,10,Abborre; Bäcknejonöga; Bäckröding; Elritsa; Gädda; Gärs; Mört; Nejonöga; Ål; Öring,slu_provfiske; gbif,
1117,Tväråns-Svartåns fvof,Västerbotten,11,Abborre; Bäcknejonöga; Elritsa; Gädda; Lake; Lax; Mört; Nejonöga; Simpa; Stensimpa; Öring,slu_provfiske,
2214,Tydingesjöns och Kallsjöns fvof,Skåne,13,Abborre; Benlöja; Björkna; Braxen; Gädda; Gärs; Gös; Lake; Mört; Ruda; Sarv; Sutare; Ål,fiskekartan; slu_provfiske,www.ifiske.se/index.php/fiskevatten/sweden?name=tydinge
985,Tyskas fvof,Värmland,3,Gädda; Signalkräfta; Öring,slu_provfiske,
756,Täby fvof,Stockholm,21,Abborre; Benlöja; Björkna; Braxen; Elritsa; Grönling; Gädda; Gärs; Gös; Id; Karp; Lake; Mört; Nors; Ruda; Sarv; Signalkräfta; Småspigg; Sutare; Ål; Öring,slu_provfiske; gbif,
1475,Täfternsjöarnas fvof,Östergötland,14,Abborre; Benlöja; Braxen; Flodkräfta; Gädda; Lake; Lax; Mört; Nors; Sarv; Signalkräfta; Siklöja; Sutare; Ål,slu_provfiske; gbif,www.vattenagarna.se/ostergotlands-lans-fiskevattenagareforbund/?o=691
1355,Täftsjöns fvof,Västernorrland,8,Abborre; Benlöja; Gädda; Gärs; Karpfisk obestämd; Lake; Mört; Stensimpa,slu_provfiske,
1365,Tälje-Näsets fvof,Västernorrland,13,Abborre; Elritsa; Flodkräfta; Gädda; Gärs; Id; Lake; Mört; Röding; Sik; Stensimpa; Ål; Öring,fiskekartan; slu_provfiske; gbif,
621,Tämmens fvof,Kronoberg,8,Abborre; Benlöja; Braxen; Gädda; Gös; Mört; Sarv; Sutare,fiskekartan; slu_provfiske,
810,Tämnarens fvof,Uppsala,11,Abborre; Benlöja; Björkna; Braxen; Gädda; Gärs; Gös; Id; Mört; Sarv; Sutare,fiskekartan; slu_provfiske,
1489,Tänndalssjön-Östersjöns fvof,Jämtland,5,Elritsa; Harr; Lake; Röding; Öring,fiskekartan; slu_provfiske,www.ifiske.se/fiske-tanndalssjon-ostersjon-samt-tannan.htm
1621,Tännsjöns fvof,Jämtland,4,Bäckröding; Regnbåge; Röding; Öring,slu_provfiske; gbif,
1616,Tännäs Funäsdalens fvof,Jämtland,17,Abborre; Bergsimpa; Bäckröding; Elritsa; Gädda; Harr; Lake; Mört; Regnbåge; Ruda; Röding; Signalkräfta; Sik; Siklöja; Simpa; Stensimpa; Öring,fiskekartan; slu_provfiske; gbif,tannasfiskecentrum.se
991,Tärna fvof,Västerbotten,8,Abborre; Bäckröding; Elritsa; Röding; Sik; Småspigg; Spigg obestämd; Öring,slu_provfiske,tarnafvo.se/
595,Tävelsåssjöns fvof,Kronoberg,6,Abborre; Braxen; Gädda; Mört; Sutare; Ål,fiskekartan,
1140,Tåmedalens fvof,Västerbotten,10,Abborre; Benlöja; Gädda; Gärs; Harr; Lake; Mört; Småspigg; Stensimpa; Storspigg,slu_provfiske,
1470,Tångens fvof,Östergötland,5,Abborre; Gädda; Lake; Mört; Ål,gbif,
373,Tångerdasjöns fvof,Jönköping,5,Abborre; Gädda; Mört; Ruda; Sutare,fiskekartan; slu_provfiske,
1612,Tåsjöns fvof,Jämtland,17,Abborre; Bergsimpa; Bäcknejonöga; Bäckröding; Elritsa; Flodnejonöga; Gädda; Gärs; Harr; Hornsimpa; Lake; Mört; Regnbåge; Sik; Siklöja; Stensimpa; Öring,fiskekartan; slu_provfiske,www.tasjonsfvof.se/
948,Töck-Hurrsjöarnas fvof,Värmland,23,Abborre; Benlöja; Bergsimpa; Braxen; Bäcknejonöga; Elritsa; Flodkräfta; Gädda; Gärs; Gös; Kräfta obestämd; Lake; Mört; Nors; Sarv; Signalkräfta; Sik; Siklöja; Simpa; Stensimpa; Sutare; Ål; Öring,fiskekartan; slu_provfiske,
2015,Töftedalsåns fvof,Västra Götaland,8,Abborre; Bäcknejonöga; Elritsa; Flodkräfta; Gädda; Lax; Nejonöga; Öring,slu_provfiske,
2086,Töftsjöns fvof,Västra Götaland,12,Abborre; Bäcknejonöga; Elritsa; Flodkräfta; Gädda; Mört; Nejonöga; Röding; Sik; Siklöja; Ål; Öring,slu_provfiske; gbif,
1977,Töllsjö fvof,Västra Götaland,12,Abborre; Braxen; Bäcknejonöga; Elritsa; Gädda; Mört; Nejonöga; Signalkräfta; Sik; Sutare; Ål; Öring,slu_provfiske,
124,Töresjöns fvof,Halland,5,Abborre; Gädda; Id; Mört; Ål,slu_provfiske; gbif,
473,Törn-Törngöls fvof,Kalmar,13,Abborre; Benlöja; Björkna; Braxen; Gädda; Gös; Lake; Mört; Sarv; Sik; Siklöja; Sutare; Ål,fiskekartan; slu_provfiske,
412,Törnsfalls fvof,Kalmar,11,Abborre; Björkna; Braxen; Gädda; Gärs; Gös; Mört; Ruda; Sarv; Sutare; Ål,fiskekartan; slu_provfiske; gbif,
2168,Tösjön Häcksjöns fvof,Västra Götaland,7,Abborre; Elritsa; Gädda; Harr; Id; Mört; Signalkräfta,gbif,
404,Ubbemålasjöns fvof,Kalmar,5,Abborre; Braxen; Gädda; Mört; Sutare,fiskekartan; slu_provfiske,
141,Ullasjöarnas fvof,Halland,4,Abborre; Gädda; Signalkräfta; Öring,fiskekartan; slu_provfiske,
658,Ullatti fvof,Norrbotten,15,Abborre; Bergsimpa; Bäcknejonöga; Elritsa; Gädda; Harr; Havsöring; Id; Lake; Lax; Mört; Regnbåge; Ruda; Sik; Öring,fiskekartan; slu_provfiske; gbif,
1017,Ullbergsträsks fvof,Västerbotten,12,Abborre; Elritsa; Gädda; Gärs; Harr; Lake; Lax; Mört; Regnbåge; Sik; Stensimpa; Öring,slu_provfiske; gbif,
943,Ullens fvof,Värmland,3,Elritsa; Simpa; Öring,slu_provfiske,
978,Ullvetterns fvof,Värmland,16,Abborre; Benlöja; Björkna; Braxen; Bäcknejonöga; Flodkräfta; Gädda; Gärs; Gös; Id; Lake; Mört; Nors; Sarv; Signalkräfta; Öring,fiskekartan; slu_provfiske,
1292,Ullångers fvof,Västernorrland,19,Abborre; Bäcknejonöga; Elritsa; Flodnejonöga; Gädda; Gärs; Lake; Lax; Lax_Öring_Hybrid; Mört; Nejonöga; Nors; Sik; Simpa; Spigg obestämd; Stensimpa; Storspigg; Ål; Öring,slu_provfiske,
40,Ulvsta fvof,Gävleborg,23,Abborre; Benlöja; Björkna; Braxen; Bäcknejonöga; Bäckröding; Elritsa; Flodkräfta; Gädda; Gärs; Gös; Harr; Havsöring; Lake; Mört; Regnbåge; Ruda; Sarv; Simpa; Stensimpa; Sutare; Ål; Öring,fiskekartan; slu_provfiske; gbif,www.ulvstafvof.se
1032,Umgransele fvof,Västerbotten,13,Abborre; Benlöja; Bäckröding; Elritsa; Gädda; Gärs; Harr; Lake; Mört; Regnbåge; Röding; Sik; Öring,fiskekartan; slu_provfiske; gbif,
2143,Undens fvof,Västra Götaland,25,Abborre; Benlöja; Bergsimpa; Braxen; Bäcknejonöga; Bäckröding; Elritsa; Gädda; Gärs; Harr; Kanadaröding; Lake; Mört; Nejonöga; Nors; Regnbåge; Röding; Sarv; Signalkräfta; Sik; Siklöja; Stensimpa; Storspigg; Ål; Öring,fiskekartan; slu_provfiske; gbif,www.skaraborgsfiske.se/unden/
1685,Undersåkersälvens fvof,Jämtland,5,Bäckröding; Elritsa; Lake; Röding; Öring,fiskekartan; slu_provfiske,www.vattenagarna.se/jamtlands-lans-fiskevattenagareforbund/?o=401
148,Unnens fvof,Halland,19,Abborre; Benlöja; Bergsimpa; Braxen; Flodkräfta; Gädda; Gärs; Gös; Lake; Mört; Regnbåge; Ruda; Sarv; Signalkräfta; Sik; Siklöja; Sutare; Ål; Öring,fiskekartan; slu_provfiske,
1667,Upplands fvof,Jämtland,8,Abborre; Bergsimpa; Bäckröding; Gädda; Regnbåge; Röding; Sik; Öring,gbif,www.vattenagarna.se/jamtlands-lans-fiskevattenagareforbund/?o=813
613,Urasjöns fvof,Kronoberg,11,Abborre; Benlöja; Braxen; Gädda; Gärs; Gös; Lake; Mört; Signalkräfta; Sutare; Ål,fiskekartan; slu_provfiske,
2379,Uskens fvof,Örebro,9,Abborre; Braxen; Bäcknejonöga; Gädda; Lake; Mört; Signalkräfta; Stensimpa; Öring,fiskekartan; slu_provfiske,www.usken.se
2112,Uspens fvof,Västra Götaland,10,Abborre; Braxen; Bäcknejonöga; Elritsa; Gädda; Lake; Mört; Signalkräfta; Ål; Öring,fiskekartan; slu_provfiske,
1260,Utbygdens fvof,Västernorrland,22,Abborre; Benlöja; Braxen; Bäckröding; Flodnejonöga; Gädda; Gärs; Gös; Harr; Id; Lake; Lax; Mört; Regnbåge; Ruda; Röding; Sik; Siklöja; Stensimpa; Storspigg; Ål; Öring,slu_provfiske; gbif,
1303,Uttersjö fvof,Västernorrland,6,Abborre; Bäckröding; Gädda; Lake; Röding; Öring,fiskekartan; slu_provfiske,
1183,Utteråns fvof,Västernorrland,18,Abborre; Benlöja; Bäcknejonöga; Bäckröding; Elritsa; Gädda; Gärs; Harr; Lake; Lax; Lax_Öring_Hybrid; Mört; Nejonöga; Röding; Sik; Simpa; Stensimpa; Öring,slu_provfiske,
841,Uvanå fvof,Värmland,11,Abborre; Bäcknejonöga; Elritsa; Gädda; Gärs; Lake; Mört; Nors; Sik; Siklöja; Öring,slu_provfiske,www.vattenagarna.se/varmlands-lans-fiskevardsforbund/?o=716
553,Uvasjöns fvof,Kronoberg,15,Abborre; Benlöja; Braxen; Elritsa; Gädda; Gärs; Gös; Lake; Mört; Signalkräfta; Siklöja; Stensimpa; Sutare; Ål; Öring,fiskekartan; slu_provfiske; extern_fvof,www.uvasjonsfvof.se
879,Vadjungens fvof,Värmland,9,Abborre; Benlöja; Braxen; Bäcknejonöga; Gädda; Gärs; Lake; Mört; Öring,fiskekartan; slu_provfiske,
664,Vaenvaara/Männikkö fvof,Norrbotten,12,Bergsimpa; Bäcknejonöga; Elritsa; Gädda; Harr; Lake; Lax; Lax_Öring_Hybrid; Nejonöga; Simpa; Stensimpa; Öring,slu_provfiske,
203,Vaggerydsortens fvof,Jönköping,14,Abborre; Braxen; Elritsa; Gädda; Gärs; Gös; Lake; Mört; Sarv; Sik; Siklöja; Sutare; Ål; Öring,fiskekartan; slu_provfiske; gbif,www.vattenagarna.se/jonkopings-lans-fiskevattenagareforbund/?o=869
314,Valdshults fvof,Jönköping,9,Abborre; Braxen; Gädda; Mört; Sik; Siklöja; Sutare; Ål; Öring,fiskekartan; slu_provfiske,
221,Valens fvof,Jönköping,8,Abborre; Gädda; Gärs; Lake; Mört; Sarv; Signalkräfta; Sutare,fiskekartan; slu_provfiske,
41,Vallbyåns fvof,Gävleborg,20,Abborre; Benlöja; Björkna; Braxen; Bäcknejonöga; Bäckröding; Elritsa; Gädda; Gärs; Gös; Id; Lake; Mört; Regnbåge; Sarv; Siklöja; Stensimpa; Sutare; Ål; Öring,fiskekartan; slu_provfiske,www.ifiske.se/fiske-vallbyans.htm
769,Vallentunasjöns fvof,Stockholm,11,Abborre; Benlöja; Björkna; Braxen; Gädda; Gärs; Gös; Mört; Ruda; Sarv; Sutare,slu_provfiske,
378,Vallsjöns fvof,Jönköping,6,Abborre; Gädda; Lake; Mört; Sik; Sutare,fiskekartan; slu_provfiske,www.vallsjonsfvo.se/
1900,Vallsjöns fvof,Västra Götaland,4,Abborre; Gädda; Gärs; Mört,slu_provfiske,
1781,Valsansjöarnas fvof,Dalarna,19,Abborre; Benlöja; Braxen; Bäcknejonöga; Bäckröding; Elritsa; Flodkräfta; Gädda; Gärs; Kanadaröding; Lake; Mört; Nors; Regnbåge; Röding; Sik; Siklöja; Stensimpa; Öring,fiskekartan; slu_provfiske; gbif,
1953,Valsjöns fvof,Västra Götaland,8,Abborre; Bäcknejonöga; Elritsa; Flodkräfta; Gädda; Gärs; Mört; Öring,slu_provfiske,
1677,Valsjöns fvof,Jämtland,9,Abborre; Bergsimpa; Elritsa; Gädda; Harr; Lake; Röding; Sik; Öring,fiskekartan; slu_provfiske,
1829,Vammens fvof,Västra Götaland,4,Abborre; Mört; Ål; Öring,slu_provfiske,
815,Vansjö-Nordsjö fvof,Uppsala,8,Abborre; Braxen; Gädda; Gärs; Mört; Ruda; Sarv; Sutare,slu_provfiske,
1726,Vansjöns fvof,Dalarna,9,Abborre; Benlöja; Björkna; Braxen; Gädda; Gärs; Mört; Ruda; Sutare,fiskekartan; slu_provfiske,
1826,Varnums och Marsjöarnas fvof,Västra Götaland,11,Abborre; Braxen; Gädda; Gös; Lake; Mört; Sik; Stensimpa; Sutare; Ål; Öring,fiskekartan; gbif,www.vattenagarna.se/sodra-alvsborgs-fiskevattenagareforbund/?o=365
1741,Varpans fvof,Dalarna,19,Abborre; Benlöja; Björkna; Braxen; Bäcknejonöga; Bäckröding; Gädda; Gärs; Id; Lake; Mört; Nors; Regnbåge; Röding; Signalkräfta; Siklöja; Stensimpa; Sutare; Öring,fiskekartan; slu_provfiske,www.varpanfvof.se/
1056,Varpsjö fvof,Västerbotten,14,Abborre; Braxen; Elritsa; Gädda; Harr; Id; Lake; Mört; Regnbåge; Röding; Siklöja; Simpa; Stensimpa; Öring,fiskekartan; slu_provfiske,
599,Vasens fvof,Kronoberg,13,Abborre; Björkna; Braxen; Gädda; Gärs; Gös; Lake; Mört; Sarv; Signalkräfta; Sik; Siklöja; Sutare,fiskekartan; slu_provfiske,
1954,Vassgårdens fvof,Västra Götaland,8,Abborre; Braxen; Gädda; Gös; Lake; Mört; Ruda; Sutare,fiskekartan,
884,Vassjöns fvof,Värmland,14,Abborre; Benlöja; Bergsimpa; Bäcknejonöga; Elritsa; Flodkräfta; Gädda; Lake; Mört; Signalkräfta; Simpa; Stensimpa; Ål; Öring,slu_provfiske,
2220,Vaxsjöns fvof,Skåne,1,Abborre,fiskekartan,www.Vaxsjon.se
490,Vederslövssjöns fvof,Kronoberg,16,Abborre; Benlöja; Björkna; Braxen; Gädda; Gärs; Gös; Lax; Mört; Regnbåge; Sarv; Sik; Siklöja; Sutare; Ål; Öring,fiskekartan; slu_provfiske; extern_fvof,www.vederslovssjonsfvof.se/
1696,Vedevåg-Högstaboda fvof,Örebro,7,Abborre; Benlöja; Gädda; Gärs; Mört; Signalkräfta; Stensimpa,slu_provfiske,www.vattenagarna.se/orebro-lans-fiskevattenagareforbund/?o=611
2230,Vegeåns fvof,Skåne,16,Abborre; Benlöja; Braxen; Gädda; Havsöring; Id; Lax; Mört; Regnbåge; Ruda; Sarv; Småspigg; Storspigg; Sutare; Ål; Öring,fiskekartan; slu_provfiske,www.ifiske.se/fiske-vegean.htm
1888,Veka-Buttorps fvof,Västra Götaland,20,Abborre; Bergsimpa; Björkna; Braxen; Bäckröding; Elritsa; Flodkräfta; Gädda; Gärs; Gös; Lake; Mört; Nors; Ruda; Sandkrypare; Signalkräfta; Sik; Sutare; Ål; Öring,fiskekartan; slu_provfiske; gbif,www.projektatranoring.se
858,Velens fvof,Värmland,23,Abborre; Benlöja; Bergsimpa; Björkna; Braxen; Bäcknejonöga; Elritsa; Flodnejonöga; Gädda; Gärs; Gös; Lake; Mört; Nors; Regnbåge; Ruda; Röding; Sarv; Signalkräfta; Siklöja; Sutare; Ål; Öring,fiskekartan; slu_provfiske; gbif,www.vattenagarna.se/varmlands-lans-fiskevardsforbund/?o=293
2183,Vemmentorpssjöns  fvof,Skåne,11,Abborre; Braxen; Elritsa; Gädda; Kräfta obestämd; Mört; Nejonöga; Sarv; Sutare; Ål; Öring,fiskekartan; slu_provfiske,
824,Vendelsjöns fvof,Uppsala,7,Abborre; Braxen; Gädda; Mört; Ruda; Sarv; Sutare,slu_provfiske,
1729,Venjanssjöns fvof,Dalarna,15,Abborre; Bergsimpa; Braxen; Bäcknejonöga; Elritsa; Gädda; Gärs; Harr; Lake; Mört; Sik; Simpa; Stensimpa; Stäm; Öring,fiskekartan; slu_provfiske,
2210,Vesljungasjöns fvof,Skåne,7,Abborre; Gädda; Gärs; Karp; Mört; Sarv; Sutare,fiskekartan; slu_provfiske,
2136,Vibosjöns fvof,Västra Götaland,5,Abborre; Elritsa; Gädda; Mört; Öring,fiskekartan; slu_provfiske,
739,Vidinge fvof,Stockholm,5,Abborre; Benlöja; Gädda; Småspigg; Storspigg,slu_provfiske,
336,Vidösterns fvof,Jönköping,16,Abborre; Benlöja; Bergsimpa; Braxen; Elritsa; Gädda; Gärs; Gös; Lake; Mört; Reg; Sarv; Sik; Siklöja; Sutare; Ål,fiskekartan; slu_provfiske,www.vattenagarna.se/kronobergs-lans-fiskevattenagareforbund/?o=355
1763,Viggens fvof,Dalarna,9,Abborre; Benlöja; Braxen; Flodkräfta; Gädda; Gärs; Gös; Lake; Mört,fiskekartan; slu_provfiske,
279,Vigottens och Lillesjöns fvof,Jönköping,12,Abborre; Björkna; Braxen; Gädda; Gös; Lake; Mört; Sik; Siklöja; Stensimpa; Sutare; Ål,fiskekartan; slu_provfiske,www.vattenagarna.se/jonkopings-lans-fiskevattenagareforbund/?o=873
1739,Vika fvof,Dalarna,28,Abborre; Benlöja; Bergsimpa; Björkna; Braxen; Bäcknejonöga; Bäckröding; Elritsa; Gädda; Gärs; Gös; Harr; Id; Lake; Mört; Nors; Regnbåge; Ruda; Röding; Sarv; Signalkräfta; Sik; Siklöja; Stensimpa; Stäm; Sutare; Ål; Öring,fiskekartan; slu_provfiske; gbif,"www.vikafvof,se"
2033,Vikens fvof,Västra Götaland,22,Abborre; Asp; Benlöja; Bergsimpa; Björkna; Braxen; Bäcknejonöga; Elritsa; Gädda; Gärs; Gös; Kräfta obestämd; Lake; Mört; Nejonöga; Nors; Sarv; Signalkräfta; Siklöja; Stensimpa; Sutare; Öring,fiskekartan; slu_provfiske,
1715,Vikerns fvof,Örebro,15,Abborre; Benlöja; Braxen; Bäcknejonöga; Elritsa; Flodkräfta; Gädda; Gärs; Lake; Mört; Nejonöga; Signalkräfta; Siklöja; Stensimpa; Öring,fiskekartan; slu_provfiske,
2115,Viksjöns fvof,Västra Götaland,14,Abborre; Benlöja; Björkna; Braxen; Gädda; Gärs; Gös; Lake; Mört; Nors; Ruda; Sarv; Sutare; Ål,fiskekartan; slu_provfiske,www.vattenagarna.se/fiskevattenagarna-i-vastra-sverige/?o=284
912,Vilångens fvof,Värmland,13,Abborre; Benlöja; Braxen; Flodkräfta; Gädda; Gärs; Lake; Mört; Sarv; Signalkräfta; Sutare; Ål; Öring,fiskekartan; slu_provfiske; gbif,
2271,Vimmersjöns fvof,Västra Götaland,7,Abborre; Braxen; Gädda; Gärs; Mört; Sarv; Sutare,slu_provfiske,
990,Vindelbygdens fvof,Västerbotten,18,Abborre; Benlöja; Bäcknejonöga; Bäckröding; Elritsa; Gädda; Gärs; Harr; Id; Lake; Lax; Mört; Nejonöga; Röding; Simpa; Stensimpa; Stäm; Öring,fiskekartan; slu_provfiske,www.vindelbygden.se
1409,Vindommens fvof,Östergötland,14,Abborre; Benlöja; Björkna; Braxen; Gädda; Gärs; Gös; Lake; Mört; Nissöga; Nors; Sarv; Signalkräfta; Sutare,fiskekartan; slu_provfiske,www.vindommen.com
513,Vinens fvof,Kronoberg,10,Abborre; Braxen; Gädda; Gärs; Mört; Sarv; Sik; Siklöja; Sutare; Ål,fiskekartan; slu_provfiske,
2002,Vingasjöns fvof,Västra Götaland,7,Abborre; Braxen; Gädda; Gärs; Id; Mört; Sarv,slu_provfiske,
2211,Vinslövs fvof,Skåne,11,Bäcknejonöga; Elritsa; Grönling; Gädda; Mört; Nejonöga; Sandkrypare; Signalkräfta; Storspigg; Ål; Öring,slu_provfiske,
171,Vinåns fvof,Halland,2,Elritsa; Öring,slu_provfiske,
492,Viren mfl sjöars fvof,Kronoberg,12,Abborre; Braxen; Färna; Gädda; Gärs; Gös; Lake; Mört; Sarv; Signalkräfta; Sik; Sutare,fiskekartan; slu_provfiske,www.virenfiske.se
565,Virestadsjöarnas fvof,Kronoberg,13,Abborre; Benlöja; Björkna; Braxen; Faren; Gädda; Gärs; Gös; Lake; Mört; Sarv; Sik; Sutare,slu_provfiske,
1383,Virsbosjöns fvof,Västmanland,15,Abborre; Asp; Benlöja; Björkna; Braxen; Gädda; Gärs; Gös; Lake; Mört; Nors; Regnbåge; Röding; Siklöja; Öring,slu_provfiske; extern_fvof,www.virsbofiske.se/
483,Virserumssjöns fvof,Kalmar,14,Abborre; Benlöja; Braxen; Elritsa; Gädda; Gös; Lake; Mört; Sarv; Signalkräfta; Sik; Siklöja; Sutare; Öring,fiskekartan; slu_provfiske,
2116,Visen och Opperhalens fvof,Västra Götaland,8,Abborre; Benlöja; Braxen; Gädda; Lake; Mört; Sik; Stensimpa,slu_provfiske,www.vattenagarna.se/sodra-alvsborgs-fiskevattenagareforbund/?o=503
1408,Visjöns fvof,Östergötland,3,Abborre; Gädda; Mört,slu_provfiske,www.vattenagarna.se/ostergotlands-lans-fiskevattenagareforbund/?o=686
1090,Viska fvof,Västerbotten,18,Abborre; Benlöja; Bäckröding; Elritsa; Gädda; Gärs; Harr; Lake; Lax; Mört; Regnbåge; Röding; Sik; Siklöja; Stensimpa; Stäm; Ål; Öring,slu_provfiske; gbif,
1924,Viskan vid Borås fvof,Västra Götaland,7,Abborre; Gädda; Lake; Mört; Signalkräfta; Ål; Öring,slu_provfiske,
1879,Viskan vid Osdal fvof,Västra Götaland,10,Abborre; Braxen; Gädda; Gärs; Lake; Mört; Sarv; Sutare; Ål; Öring,fiskekartan,
1845,Viskan vid Rydboholms fvof,Västra Götaland,10,Abborre; Braxen; Gädda; Gärs; Karp; Mört; Signalkräfta; Sutare; Ål; Öring,gbif,
1942,Viskans fvof,Västra Götaland,22,Abborre; Benlöja; Braxen; Bäcknejonöga; Elritsa; Färna; Groplöja; Gädda; Gärs; Id; Karpfisk obestämd; Lake; Lax; Mört; Nejonöga; Sarv; Siklöja; Simpa; Storspigg; Sutare; Ål; Öring,slu_provfiske,www.vattenagarna.se/sodra-alvsborgs-fiskevattenagareforbund/?o=538
127,Viskans nedre fvof,Halland,1,Sutare,gbif,www.vattenagarna.se/hallands-lans-radslagsgrupp/?o=863
172,Vismens fvof,Halland,5,Abborre; Braxen; Gädda; Mört; Sutare,slu_provfiske,
618,Vissjöns fvof,Kronoberg,12,Abborre; Benlöja; Björkna; Braxen; Gädda; Gärs; Gös; Lake; Mört; Siklöja; Sutare; Ål,fiskekartan; slu_provfiske; gbif,
2009,Visslaåns fvof,Västra Götaland,0,,,
2129,Vist-Timmele fvof,Västra Götaland,11,Abborre; Braxen; Bäckröding; Elritsa; Flodkräfta; Gädda; Lake; Mört; Signalkräfta; Ål; Öring,slu_provfiske,
982,Vistens fvof,Värmland,18,Abborre; Benlöja; Björkna; Braxen; Flodkräfta; Gädda; Gärs; Gös; Lake; Lax; Mört; Sarv; Siklöja; Simpa; Stensimpa; Sutare; Ål; Öring,fiskekartan; slu_provfiske,www.vistensfvof.se/
2304,Vistträsk FVO,Norrbotten,7,Abborre; Elritsa; Gädda; Harr; Lake; Mört; Öring,fiskekartan; gbif,
1911,Vitasjöns fvof,Västra Götaland,4,Abborre; Braxen; Gädda; Mört,fiskekartan; slu_provfiske,www.vattenagarna.se/sodra-alvsborgs-fiskevattenagareforbund/?o=173
1799,Vitavattens fvof,Blekinge,3,Abborre; Gädda; Mört,slu_provfiske,
641,Vittangi fvof,Norrbotten,8,Bergsimpa; Bäcknejonöga; Elritsa; Gädda; Harr; Lake; Lax; Öring,slu_provfiske,
2176,Vittsjö nya fvof,Skåne,17,Abborre; Benlöja; Björkna; Braxen; Bäcknejonöga; Gädda; Gärs; Gös; Karp; Lake; Mört; Sandkrypare; Sarv; Signalkräfta; Sutare; Ål; Öring,fiskekartan; slu_provfiske,www.vittsjo-nya-fvo.gundrastorp.se/
996,Vojmåns fvof,Västerbotten,11,Abborre; Benlöja; Elritsa; Gädda; Harr; Lake; Mört; Sik; Simpa; Stensimpa; Öring,fiskekartan; slu_provfiske,
1081,Volgsjöns fvof,Västerbotten,18,Abborre; Benlöja; Braxen; Bäckröding; Elritsa; Gädda; Harr; Id; Lake; Mört; Regnbåge; Röding; Sik; Siklöja; Simpa; Stensimpa; Ål; Öring,slu_provfiske; gbif,www.vattenagarna.se/vasterbottens-lans-radslagsgrupp/?o=919
1066,Vormsele fvof,Västerbotten,15,Abborre; Benlöja; Elritsa; Gädda; Gärs; Harr; Karpfisk obestämd; Lake; Lax; Laxfisk obestämd; Mört; Simpa; Stensimpa; Stäm; Öring,slu_provfiske,
1147,Vormträsk fvof,Västerbotten,15,Abborre; Benlöja; Elritsa; Gädda; Gärs; Harr; Lake; Lax; Mört; Röding; Sik; Siklöja; Stensimpa; Stäm; Öring,slu_provfiske; gbif,
2200,Vramsåns fvof,Skåne,19,Abborre; Braxen; Bäcknejonöga; Elritsa; Flodnejonöga; Grönling; Gädda; Havsöring; Id; Lake; Lax; Lax_Öring_Hybrid; Mört; Nejonöga; Sandkrypare; Signalkräfta; Sutare; Ål; Öring,fiskekartan; slu_provfiske,
324,Vrangsjöns fvof,Jönköping,4,Abborre; Gädda; Mört; Sik,gbif,
258,Vrigstadortens fvof,Jönköping,14,Abborre; Benlöja; Braxen; Elritsa; Gädda; Gös; Lake; Mört; Ruda; Sarv; Signalkräfta; Sutare; Ål; Öring,fiskekartan; slu_provfiske,www.ifiske.se
1945,Vristulvens fvof,Västra Götaland,11,Abborre; Benlöja; Braxen; Gädda; Gärs; Id; Lake; Mört; Ruda; Sarv; Sutare,fiskekartan; slu_provfiske,www.vristulven.se/
2057,Vrångsjöns fvof,Västra Götaland,8,Abborre; Benlöja; Braxen; Gädda; Gärs; Gös; Mört; Ål,gbif,
964,Vrångsälvens fvof,Värmland,24,Abborre; Benlöja; Bäcknejonöga; Elritsa; Faren; Flodkräfta; Färna; Gädda; Gärs; Gös; Id; Kräfta obestämd; Lake; Mört; Nejonöga; Nors; Regnbåge; Sarv; Stensimpa; Stäm; Sutare; Vimma; Ål; Öring,fiskekartan; slu_provfiske; extern_fvof,edafiske.se/
527,Väglasjöarnas fvof,Kronoberg,14,Abborre; Braxen; Gräskarp; Gädda; Gärs; Karp; Lake; Mal; Mört; Regnbåge; Signalkräfta; Sutare; Ål; Öring,fiskekartan; slu_provfiske,www.ifiske.se/fiske-vaglasjon-vitasjon-svartasjon.htm
1466,Vägsjöns fvof,Östergötland,0,,,
1919,Väktorsjösystemets fvof,Västra Götaland,15,Abborre; Benlöja; Bergsimpa; Bäcknejonöga; Elritsa; Gädda; Lake; Lax; Mört; Signalkräfta; Siklöja; Simpa; Stensimpa; Ål; Öring,slu_provfiske,
484,Välens fvof,Kalmar,4,Abborre; Benlöja; Gädda; Mört,slu_provfiske,www.vattenagarna.se/kalmar-lans-fiskevattenagareforbund/?o=586
1735,Vällans fvof,Dalarna,21,Abborre; Benlöja; Braxen; Bäcknejonöga; Bäckröding; Elritsa; Flodkräfta; Gädda; Gärs; Karp; Lake; Mört; Nors; Ruda; Röding; Sik; Siklöja; Stensimpa; Sutare; Ål; Öring,slu_provfiske; gbif,
832,Vällens fvof,Uppsala,16,Abborre; Benlöja; Björkna; Braxen; Färna; Gädda; Gärs; Gös; Id; Lake; Mört; Nors; Ruda; Sarv; St; Sutare,fiskekartan; slu_provfiske,
1530,Vängelälvens fvof,Jämtland,13,Abborre; Benlöja; Bäcknejonöga; Elritsa; Gädda; Harr; Lake; Mört; Röding; Sik; Simpa; Stensimpa; Öring,fiskekartan; slu_provfiske,
625,Vänneåns fvof,Kronoberg,17,Abborre; Bergsimpa; Björkna; Braxen; Elritsa; Flodkräfta; Gädda; Id; Kräfta obestämd; Lake; Mört; Regnbåge; Signalkräfta; Simpa; Stensimpa; Ål; Öring,fiskekartan; slu_provfiske,www.vattenagarna.se/kronobergs-lans-fiskevattenagareforbund/?o=345
333,Värmens fvof,Jönköping,11,Abborre; Benlöja; Bergsimpa; Braxen; Gädda; Lake; Mört; Sik; Siklöja; Stensimpa; Sutare,fiskekartan; slu_provfiske,
1458,Värnasjön-Strålången fvof,Östergötland,10,Abborre; Benlöja; Braxen; Gädda; Gärs; Lake; Mört; Nissöga; Ruda; Ål,gbif,
1426,Värnässjöns fvof,Östergötland,2,Abborre; Gädda,fiskekartan,
2229,Värsjöns fvof,Skåne,8,Abborre; Gädda; Gärs; Gös; Lake; Mört; Sutare; Ål,fiskekartan; slu_provfiske,
1385,Väsby-Bred fvof,Västmanland,6,Abborre; Benlöja; Färna; Gädda; Mört; Sandkrypare,slu_provfiske,
1757,Väsmans fvof,Dalarna,17,Abborre; Asp; Braxen; Bäcknejonöga; Elritsa; Gädda; Kräfta obestämd; Lake; Mört; Nors; Röding; Signalkräfta; Sik; Siklöja; Stensimpa; Ål; Öring,fiskekartan; slu_provfiske,
1072,Västansjö fvof,Västerbotten,5,Abborre; Gädda; Lake; Mört; Öring,fiskekartan,
849,Västansjö fvof,Värmland,8,Abborre; Gädda; Gärs; Lake; Mört; Nors; Ruda; Ål,gbif,
1213,Västanå-Östby fvof,Västernorrland,4,Elritsa; Lake; Stensimpa; Öring,slu_provfiske,
243,Väster - Lovsjö fvof,Jönköping,10,Abborre; Benlöja; Braxen; Elritsa; Gädda; Lake; Mört; Regnbåge; Signalkräfta; Sutare,fiskekartan; slu_provfiske; gbif,www.vattenagarna.se/jonkopings-lans-fiskevattenagareforbund/?o=904
1852,Västerlanda fvof,Västra Götaland,20,Abborre; Braxen; Bäcknejonöga; Elritsa; Färna; Gädda; Gös; Havsnejonöga; Lake; Lax; Lax_Öring_Hybrid; Mört; Nejonöga; Regnbåge; Ruda; Storspigg; Stäm; Sutare; Ål; Öring,slu_provfiske; gbif,
1476,Västerlösa-Älvestads fvof,Östergötland,18,Abborre; Asp; Benlöja; Björkna; Braxen; Elritsa; Färna; Gädda; Karpfisk obestämd; Lake; Mört; Nissöga; Sarv; Småspigg; Stensimpa; Sutare; Vimma; Ål,fiskekartan; slu_provfiske,www.vattenagarna.se/ostergotlands-lans-fiskevattenagareforbund/?o=63
913,Västerrottnabygdens fvof,Värmland,8,Abborre; Bergsimpa; Bäcknejonöga; Elritsa; Gädda; Lake; Röding; Öring,slu_provfiske,
1823,Västersjön-Lyckebyåns fvof,Blekinge,9,Abborre; Benlöja; Björkna; Braxen; Gädda; Gös; Mört; Sarv; Sutare,slu_provfiske,www.vattenagarna.se/blekinge-lans-radslagsgrupp/?o=849
2206,Västersjöns fvof,Skåne,15,Abborre; Benlöja; Braxen; Bäcknejonöga; Gädda; Gärs; Gös; Karp; Lake; Mört; Sarv; Siklöja; Sutare; Ål; Öring,fiskekartan; slu_provfiske; gbif,www.vfvo.se/
1724,Västersjöns fvof,Örebro,10,Abborre; Braxen; Faren; Gädda; Gärs; Gös; Id; Mört; Sarv; Signalkräfta,slu_provfiske,www.vattenagarna.se/orebro-lans-fiskevattenagareforbund/?o=604
1478,Västerskogs fvof,Östergötland,14,Abborre; Benlöja; Braxen; Gädda; Gärs; Lake; Mört; Nors; Signalkräfta; Siklöja; Stensimpa; Sutare; Ål; Öring,slu_provfiske,
1372,Västlandasjöns fvof,Västmanland,10,Abborre; Benlöja; Björkna; Braxen; Gädda; Gärs; Gös; Lake; Mört; Sutare,slu_provfiske,
891,Västra Karlanda fvof,Värmland,14,Abborre; Benlöja; Björkna; Braxen; Bäcknejonöga; Elritsa; Gädda; Gärs; Lake; Mört; Nors; Siklöja; Spigg obestämd; Öring,slu_provfiske,
1483,Västra Lägerns fvof,Östergötland,17,Abborre; Benlöja; Bergsimpa; Elritsa; Gädda; Gärs; Karpfisk obestämd; Kräfta obestämd; Lake; Mört; Nors; Sarv; Signalkräfta; Sik; Siklöja; Sutare; Öring,fiskekartan; slu_provfiske,vastralagern.se/
930,Västra Långseruds fvof,Värmland,10,Abborre; Benlöja; Elritsa; Flodkräfta; Gädda; Gärs; Lake; Mört; Nors; Öring,slu_provfiske,www.vattenagarna.se/varmlands-lans-fiskevardsforbund/?o=759
2383,Västra Mölndalsåns fvof,Jönköping,0,,,
2074,Västra Nedsjöns fvof,Västra Götaland,9,Abborre; Elritsa; Gädda; Mört; Nors; Röding; Siklöja; Sutare; Öring,fiskekartan; slu_provfiske,www.vastranedsjon.se/
971,Västra Silens fvof,Värmland,15,Abborre; Benlöja; Bergsimpa; Björkna; Bäcknejonöga; Bäckröding; Elritsa; Flodnejonöga; Gädda; Gärs; Lake; Mört; Nejonöga; Nors; Öring,slu_provfiske,www.vattenagarna.se/varmlands-lans-fiskevardsforbund/?o=737
2126,Västra Silens södra fvof,Västra Götaland,19,Abborre; Benlöja; Bergsimpa; Björkna; Braxen; Bäcknejonöga; Elritsa; Gädda; Gärs; Lake; Mört; Nors; Röding; Sarv; Sik; Siklöja; Vimma; Ål; Öring,fiskekartan; slu_provfiske,
2172,Västra Solsjöns fvof,Västra Götaland,13,Abborre; Bergsimpa; Elritsa; Flodkräfta; Gädda; Gärs; Lake; Mört; Nors; Röding; Siklöja; Småspigg; Öring,fiskekartan; slu_provfiske,
23,Västra Valbo fvof,Gävleborg,21,Abborre; Benlöja; Bergsimpa; Björkna; Braxen; Bäcknejonöga; Gädda; Gärs; Gös; Harr; Id; Lake; Mört; Nejonöga; Sarv; Signalkräfta; Simpa; Stensimpa; Sutare; Öri; Öring,fiskekartan; slu_provfiske,
1905,Västra Vättlefjälls fvof,Västra Götaland,8,Abborre; Gädda; Gärs; Karp; Mört; Sutare; Ål; Öring,fiskekartan; slu_provfiske,www.sportfiskarna.se/fiske/fiskevatten/fiske-i-goteborg/gula-kortet/
757,Västra Vätösunds fvof,Stockholm,8,Abborre; Braxen; Gädda; Id; Mört; Ruda; Storspigg; Sutare,gbif,
1872,Västra Örekilsälvens fvof,Västra Götaland,15,Abborre; Benlöja; Bäcknejonöga; Bäckröding; Elritsa; Flodkräfta; Färna; Gädda; Lax; Lax_Öring_Hybrid; Mört; Nejonöga; Spigg obestämd; Ål; Öring,fiskekartan; slu_provfiske,
847,Västra Örtens fvof,Värmland,14,Abborre; Benlöja; Björkna; Braxen; Gädda; Gärs; Gös; Lake; Mört; Nors; Signalkräfta; Stensimpa; Sutare; Ål,fiskekartan; slu_provfiske,www.vastraorten.se/
1969,Vättlefjälls fvof,Västra Götaland,3,Abborre; Elritsa; Öring,slu_provfiske,
528,Växjösjöarnas fvof,Kronoberg,25,Abborre; Benlöja; Bergsimpa; Björkna; Braxen; Bäcknejonöga; Elritsa; Färna; Gädda; Gärs; Gös; Karp; Lake; Mört; Nejonöga; Regnbåge; Ruda; Sandkrypare; Sarv; Signalkräfta; Sik; Siklöja; Sutare; Ål; Öring,fiskekartan; slu_provfiske; gbif,vaxjofvo.se/
442,Vållö fvof,Kalmar,14,Abborre; Benlöja; Björkna; Gädda; Gärs; Gös; Id; Mört; Ruda; Sarv; Storspigg; Sutare; Vimma; Ål,slu_provfiske,
771,Våmfjärdens fvof,Stockholm,0,,,
2031,Vångsjöns fvof,Västra Götaland,12,Abborre; Benlöja; Björkna; Braxen; Gädda; Gärs; Gös; Lake; Mört; Stensimpa; Sutare; Ål,gbif,
154,Yasjöns fvof,Halland,4,Abborre; Gädda; Mört; Regnbåge,slu_provfiske,
120,Yasjöns och Nejsjöns fvof,Halland,7,Abborre; Braxen; Gädda; Gärs; Mört; Siklöja; Sutare,slu_provfiske,
2179,Ybbarpssjöns och Henrikstorpssjöns fvof,Skåne,8,Abborre; Braxen; Gädda; Karp; Lake; Mört; Sarv; Sutare,fiskekartan; slu_provfiske; gbif,
2380,Ygdens fvof,Kronoberg,9,Abborre; Benlöja; Braxen; Gädda; Gös; Lake; Mört; Sarv; Sutare,slu_provfiske,
246,Ylens fvof,Jönköping,13,Abborre; Benlöja; Braxen; Gädda; Gärs; Gös; Lake; Mört; Nors; Sarv; Sik; Siklöja; Sutare,fiskekartan; slu_provfiske,www.ylen-fiske.se
2148,Ymsens fvof,Västra Götaland,17,Abborre; Asp; Benlöja; Björkna; Braxen; Gädda; Gärs; Gös; Lake; Mört; Nors; Ruda; Sarv; Signalkräfta; Stäm; Sutare; Ål,fiskekartan; slu_provfiske; gbif,www.skaraborgsfiske.se/ymsen/
806,Yngarens och Mäskarens fvof,Södermanland,25,Abborre; Benlöja; Björkna; Braxen; Flodkräfta; Gädda; Gärs; Gös; Id; Lake; Lax; Mal; Mört; Nissöga; Nors; Regnbåge; Ruda; Röding; Sarv; Signalkräfta; Sik; Stensimpa; Sutare; Ål; Öring,gbif; extern_fvof,
889,Yngens fvof,Värmland,15,Abborre; Benlöja; Bergsimpa; Elritsa; Gädda; Gärs; Lake; Lax; Mört; Nors; Röding; Signalkräfta; Sik; Siklöja; Öring,fiskekartan; slu_provfiske,
743,Yngerns fvof,Stockholm,11,Abborre; Benlöja; Björkna; Braxen; Gädda; Gärs; Mört; Nissöga; Nors; Sarv; Sutare,slu_provfiske,www.vattenagarna.se/stockholms-och-uppsala-lan/?o=911
1504,Ytterbergs fvof,Jämtland,12,Abborre; Bergsimpa; Elritsa; Gädda; Harr; Lake; Mört; Regnbåge; Röding; Simpa; Stensimpa; Öring,fiskekartan; slu_provfiske,
1496,Ytterhogdals fvof,Jämtland,8,Bergsimpa; Bäcknejonöga; Elritsa; Gädda; Harr; Lake; Stensimpa; Öring,slu_provfiske,
1119,Ytterklinten-Storbäckens fvof,Västerbotten,7,Abborre; Gädda; Gärs; Lake; Mört; Stensimpa; Öring,slu_provfiske,
1258,Yttre Lemesjöns fvof,Västernorrland,10,Abborre; Gädda; Gärs; Lake; Mört; Nors; Sik; Siklöja; Småspigg; Öring,slu_provfiske,
2025,Yttre Åsunden-Torpasjöns fvof,Västra Götaland,15,Abborre; Benlöja; Braxen; Gädda; Gärs; Gös; Lake; Mört; Sarv; Signalkräfta; Sik; Siklöja; Sutare; Ål; Öring,slu_provfiske,
153,Yx och Tussjöns fvof,Halland,6,Abborre; Gädda; Mört; Regnbåge; Sarv; Sutare,slu_provfiske,
458,Yxereds fvof,Kalmar,16,Abborre; Benlöja; Björkna; Braxen; Gädda; Gärs; Gös; Kräfta obestämd; Lake; Mört; Nors; Sarv; Signalkräfta; Siklöja; Sutare; Öring,fiskekartan; slu_provfiske,
435,Yxerns fvof,Kalmar,6,Abborre; Flodkräfta; Gädda; Gös; Signalkräfta; Siklöja,gbif; extern_fvof,yxern.se/
845,Yxesjöarnas fvof,Värmland,14,Abborre; Benlöja; Braxen; Elritsa; Flodkräfta; Groplöja; Gädda; Gärs; Lake; Mört; Nors; Sik; Siklöja; Öring,slu_provfiske,
788,Yxlö-Kolsviks fvof,Stockholm,10,Abborre; Benlöja; Elritsa; Gädda; Mört; Sarv; Småspigg; Stensimpa; Storspigg; Sutare,gbif,
1437,Yxningens fvof,Östergötland,11,Abborre; Gädda; Lake; Lax; Mört; Röding; Siklöja; Stensimpa; Sutare; Ål; Öring,fiskekartan; slu_provfiske,www.yxningenfiske.se/
1630,Yxskaftkälens fvof,Jämtland,7,Abborre; Elritsa; Gädda; Harr; Lake; Mört; Öring,fiskekartan; slu_provfiske,
433,Älens fvof,Kalmar,4,Abborre; Gädda; Mört; Regnbåge,slu_provfiske,
242,Älesjöns fvof,Jönköping,3,Gräskarp; Regnbåge; Öring,fiskekartan,
1850,Älesjöns fvof,Västra Götaland,0,,,
586,Älganässjöns fvof,Kronoberg,8,Abborre; Björkna; Braxen; Gädda; Gärs; Gös; Mört; Sutare,fiskekartan; slu_provfiske,
974,Älgsjöns fvof,Värmland,16,Abborre; Benlöja; Bergsimpa; Bäcknejonöga; Elritsa; Flodkräfta; Gädda; Gärs; Kräfta obestämd; Lake; Mört; Nejonöga; Nors; Siklöja; Stensimpa; Öring,fiskekartan; slu_provfiske,
581,Älmeboda-Eringsboda fvof,Kronoberg,16,Abborre; Bergsimpa; Braxen; Bäcknejonöga; Elritsa; Flodkräfta; Gädda; Gärs; Gös; Lake; Mört; Sarv; Signalkräfta; Sik; Siklöja; Sutare,slu_provfiske,www.vattenagarna.se/kronobergs-lans-fiskevattenagareforbund/?o=631
330,Älmeshultasjöns fvof,Jönköping,0,,,
1819,Älmtasjöns fvof,Blekinge,6,Abborre; Braxen; Gädda; Mört; Sarv; Sutare,slu_provfiske,
428,Älmtens-Broasjöns fvof,Kalmar,2,Abborre; Mört,slu_provfiske,www.vattenagarna.se/kalmar-lans-fiskevattenagareforbund/?o=587
1877,Älsjöns fvof,Västra Götaland,3,Abborre; Gädda; Sutare,fiskekartan,www.sportfiskarna.se/fiske/fiskevatten/fiske-i-goteborg/gula-kortet/
761,Ältasjöns fvof,Stockholm,11,Abborre; Benlöja; Björkna; Braxen; Gädda; Gärs; Gös; Mört; Ruda; Sarv; Sutare,fiskekartan; slu_provfiske,
1803,Ältens fvof,Blekinge,7,Abborre; Braxen; Gädda; Mört; Ruda; Sarv; Sutare,slu_provfiske,
1754,Älvdalens fvof,Dalarna,19,Abborre; Benlöja; Bergsimpa; Bäcknejonöga; Bäckröding; Bäckröding_Öring_Hybrid; Elritsa; Gädda; Harr; Id; Lake; Laxfisk obestämd; Mört; Nejonöga; Röding; Sik; Simpa; Stensimpa; Öring,fiskekartan; slu_provfiske,
818,Älvkarleby fvof,Uppsala,26,Abborre; Benlöja; Björkna; Elritsa; Gädda; Gärs; Gös; Harr; Id; Lake; Lax; Lax_Öring_Hybrid; Laxfisk obestämd; Mört; Nejonöga; Nors; Regnbåge; Sarv; Sik; Småspigg; Spigg obestämd; Stensimpa; Stäm; Vimma; Ål; Öring,slu_provfiske,www.alvkarlebysportfiske.nu
1709,Älvlångens fvof,Örebro,11,Abborre; Benlöja; Elritsa; Flodkräfta; Gädda; Lake; Mört; Nejonöga; Signalkräfta; Stensimpa; Öring,slu_provfiske,www.vattenagarna.se/orebro-lans-fiskevattenagareforbund/?o=605
1613,Älvros fvof,Jämtland,9,Abborre; Bergsimpa; Elritsa; Gädda; Lake; Mört; Sik; Stensimpa; Öring,slu_provfiske; gbif,
1425,Ämmerns fvof,Östergötland,11,Abborre; Benlöja; Björkna; Braxen; Gädda; Gärs; Gös; Lake; Mört; Ruda; Sarv,fiskekartan; slu_provfiske,www.vattenagarna.se/ostergotlands-lans-fiskevattenagareforbund/?o=696
897,Ängens fvof,Värmland,10,Abborre; Elritsa; Gädda; Lake; Mört; Ruda; Röding; Sik; Siklöja; Öring,fiskekartan; slu_provfiske; gbif,www.vattenagarna.se/varmlands-lans-fiskevardsforbund/?o=721
1509,Ängersjö fvof,Jämtland,8,Abborre; Elritsa; Gädda; Lake; Mört; Röding; Sik; Öring,fiskekartan; slu_provfiske,www.angersjo-fiske.info
649,Ängeså fvof,Norrbotten,29,Abborre; Benlöja; Bergsimpa; Braxen; Bäcknejonöga; Bäckröding; Elritsa; Flodkräfta; Gädda; Gärs; Gös; Harr; Havsöring; Id; Lake; Lax; Lax_Öring_Hybrid; Mört; Nejonöga; Nors; Regnbåge; Röding; Sik; Siklöja; Simpa; Stensimpa; Stäm; Ål; Öring,fiskekartan; slu_provfiske; gbif,www.angesan.se/
611,Änghultasjöns fvof,Kronoberg,14,Abborre; Benlöja; Bergsimpa; Braxen; Gädda; Lake; Mört; Regnbåge; Signalkräfta; Sik; Siklöja; Stensimpa; Sutare; Öring,fiskekartan; slu_provfiske,www.ifiske.se/fiske-anghultasjon.htm
1732,Äppelbo fvof,Dalarna,15,Abborre; Braxen; Bäcknejonöga; Bäckröding; Elritsa; Gädda; Harr; Lake; Mört; Regnbåge; Röding; Sik; Siklöja; Stensimpa; Öring,fiskekartan; slu_provfiske,
1422,Ärlångens-Rengensjöarnas fvof,Östergötland,15,Abborre; Asp; Benlöja; Björkna; Braxen; Gädda; Gärs; Gös; Lake; Mört; Nors; Sarv; Siklöja; Stensimpa; Sutare,slu_provfiske,
382,Ärnanäsasjöns fvof,Jönköping,7,Abborre; Benlöja; Gädda; Lake; Mört; Sik; Sutare,fiskekartan; slu_provfiske,
1967,Ärrsjöns fvof,Västra Götaland,19,Abborre; Benlöja; Björkna; Braxen; Bäcknejonöga; Bäckröding; Elritsa; Flodkräfta; Gädda; Id; Lake; Lax; Mört; Nors; Röding; Signalkräfta; Siklöja; Stensimpa; Öring,fiskekartan; slu_provfiske,
1930,Ärtingen-Borås fvof,Västra Götaland,11,Abborre; Elritsa; Gädda; Kräfta obestämd; Lake; Mört; Signalkräfta; Sik; Siklöja; Ål; Öring,fiskekartan; slu_provfiske,
2010,Ärtingens fvof,Västra Götaland,3,Abborre; Gädda; Siklöja,fiskekartan,
126,Ätrans nedre fvof,Halland,25,Abborre; Benlöja; Bergsimpa; Braxen; Bäcknejonöga; Bäckröding; Elritsa; Färna; Gädda; Gärs; Gös; Havsnejonöga; Id; Karpfisk obestämd; Lake; Lax; Mört; Nejonöga; S; Signalkräfta; Skrubbskädda; Storspigg; Sutare; Ål; Öring,fiskekartan; slu_provfiske,www.vattenagarna.se/hallands-lans-radslagsgrupp/?o=861
589,Åbodasjöns  fvof,Kronoberg,6,Abborre; Gädda; Harr; Mört; Sik; Ål,slu_provfiske; gbif,
1025,Åby älvs nedre fvof,Västerbotten,20,Abborre; Benlöja; Bäcknejonöga; Elritsa; Flodkräfta; Flodnejonöga; Gädda; Gärs; Harr; Kräfta obestämd; Lake; Lax; Laxfisk obestämd; Mört; Nejonöga; Siklöja; Simpa; Stensimpa; Stäm; Öring,fiskekartan; slu_provfiske,abyalven.se/
1052,Åby älvs övre fvof,Västerbotten,15,Abborre; Benlöja; Bäcknejonöga; Elritsa; Gädda; Harr; Lake; Lax; Lax_Öring_Hybrid; Mört; Nejonöga; Siklöja; Simpa; Stensimpa; Öring,slu_provfiske,
760,Ådrans fvof,Stockholm,5,Abborre; Gädda; Gärs; Mört; Nejonöga,slu_provfiske,
1135,Åhedåns fvof,Västerbotten,11,Benlöja; Bäcknejonöga; Elritsa; Flodnejonöga; Gädda; Id; Lake; Nejonöga; Småspigg; Storspigg; Öring,slu_provfiske,
292,Åhults fvof,Jönköping,8,Abborre; Braxen; Elritsa; Gädda; Lake; Mört; Signalkräfta; Öring,fiskekartan; slu_provfiske,
1664,Åkersjöns fvof,Jämtland,7,Bergsimpa; Bäckröding; Elritsa; Ruda; Röding; Sik; Öring,fiskekartan; slu_provfiske; gbif,
1950,Åklångs fvof,Västra Götaland,19,Abborre; Benlöja; Braxen; Elritsa; Gädda; Gärs; Lake; Lax; Mört; Nors; Ruda; Sik; Siklöja; Småspigg; Stensimpa; Storspigg; Sutare; Ål; Öring,gbif,
147,Åkulla fvof,Halland,6,Abborre; Gädda; Mört; Sarv; Sutare; Ål,fiskekartan; slu_provfiske,
1139,Åkullsjöns fvof,Västerbotten,13,Abborre; Bäcknejonöga; Bäckröding; Elritsa; Gädda; Gärs; Harr; Lake; Mört; Regnbåge; Röding; Stensimpa; Öring,slu_provfiske; gbif,
2121,Ålandasjöns fvof,Västra Götaland,20,Abborre; Bergsimpa; Braxen; Bäcknejonöga; Elritsa; Gädda; Gärs; Gös; Lake; Mört; Nejonöga; Nors; Regnbåge; Signalkräfta; Siklöja; Simpa; Stensimpa; Sutare; Ål; Öring,slu_provfiske,
1401,Åländerns fvof,Östergötland,13,Abborre; Benlöja; Braxen; Gädda; Gärs; Lake; Mört; Nors; Ruda; Sik; Stensimpa; Sutare; Ål,gbif,www.vattenagarna.se/ostergotlands-lans-fiskevattenagareforbund/?o=692
1061,Åmans fvof,Västerbotten,18,Abborre; Benlöja; Bäcknejonöga; Elritsa; Gädda; Gärs; Harr; Id; Lake; Mört; Nors; Regnbåge; Röding; Sik; Siklöja; Småspigg; Stäm; Öring,fiskekartan; slu_provfiske,
1697,Åmmelången-Kärrafjärdens fvof,Örebro,22,Abborre; Benlöja; Björkna; Braxen; Bäcknejonöga; Gädda; Gärs; Gös; Lake; Mört; Nejonöga; Nissöga; Nors; Röding; Sarv; Signalkräfta; Sik; Siklöja; Småspigg; Sutare; Ål; Öring,fiskekartan; slu_provfiske; gbif,
86,Åmots fvof,Gävleborg,17,Abborre; Benlöja; Bäcknejonöga; Bäckröding; Elritsa; Gädda; Harr; Lake; Mört; Nejonöga; Nors; Ruda; Röding; Siklöja; Simpa; Stensimpa; Öring,fiskekartan; slu_provfiske,
1035,Åmsele fvof,Västerbotten,22,Abborre; Benlöja; Bäckröding; Flodkräfta; Gädda; Gärs; Harr; Id; Kräfta obestämd; Lake; Lax; Mört; Nejonöga; Regnbåge; Ruda; Röding; Sik; Siklöja; Stensimpa; Stäm; Ål; Öring,fiskekartan; slu_provfiske; gbif,
1393,Åmänningens fvof,Västmanland,7,Abborre; Bäcknejonöga; Gädda; Gös; Lake; Mört; Öring,fiskekartan; slu_provfiske,
1884,Åmålsåns fvof,Västra Götaland,12,Abborre; Bäcknejonöga; Elritsa; Flodkräfta; Gädda; Karpfisk obestämd; Kräfta obestämd; Lake; Lax; Mört; Stensimpa; Öring,slu_provfiske,
1267,Ånge fvof,Västernorrland,2,Röding; Öring,gbif,www.vattenagarna.se/vasternorrlands-lans-fiskerattsagareforbund/?o=543
2167,Ånimmens fvof,Västra Götaland,26,Abborre; Benlöja; Bergsimpa; Braxen; Bäckröding; Elritsa; Flodkräfta; Gädda; Gärs; Gös; Id; Lake; Lax; Mört; Nors; Regnbåge; Röding; Signalkräfta; Sik; Siklöja; Småspigg; Stensimpa; Storspigg; Sutare; Ål; Öring,fiskekartan; slu_provfiske; gbif,animmen.net/
584,Åreda-Vikasjönssjöns fvof,Kronoberg,4,Abborre; Gädda; Gärs; Mört,slu_provfiske,
1415,Årsjöns fvof,Östergötland,9,Abborre; Benlöja; Braxen; Flodkräfta; Gädda; Lake; Mört; Ruda; Ål,gbif,www.vattenagarna.se/ostergotlands-lans-fiskevattenagareforbund/?o=683
610,Årydsjöns fvof,Kronoberg,13,Abborre; Benlöja; Björkna; Braxen; Gädda; Gärs; Gös; Lake; Mört; Signalkräfta; Siklöja; Sutare; Ål,slu_provfiske; gbif,www.vattenagarna.se/kronobergs-lans-fiskevattenagareforbund/?o=638
1908,Årås fvof,Västra Götaland,18,Abborre; Benlöja; Björkna; Braxen; Elritsa; Gädda; Gärs; Id; Lake; Lax; Lax_Öring_Hybrid; Mört; Sarv; Signalkräfta; Stensimpa; Stäm; Ål; Öring,slu_provfiske,
1946,Ås-Tolkens fvof,Västra Götaland,11,Abborre; Elritsa; Gädda; Gös; Lake; Mört; Sik; Siklöja; Sutare; Ål; Öring,fiskekartan; slu_provfiske,www.fiskeitolken.se
1564,Åsarna fvof,Jämtland,9,Bergsimpa; Bäckröding; Elritsa; Gädda; Harr; Lake; Simpa; Stensimpa; Öring,slu_provfiske,
1871,Åsens fvof,Västra Götaland,8,Abborre; Benlöja; Gädda; Gärs; Lake; Mört; Stensimpa; Ål,fiskekartan; gbif,
1807,Åsjön m.fl sjöars fvof,Blekinge,9,Abborre; Braxen; Gädda; Gös; Mört; Ruda; Sarv; Sutare; Öring,fiskekartan; slu_provfiske,www.vattenagarna.se/blekinge-lans-radslagsgrupp/?o=844
558,Åsnens fvof,Kronoberg,20,Abborre; Benlöja; Björkna; Braxen; Gädda; Gärs; Gös; Karp; Lake; Mört; Nors; Sandkrypare; Sarv; Signalkräfta; Sik; Siklöja; Stens; Sutare; Ål; Öring,fiskekartan; slu_provfiske; extern_fvof,asnensfvo.se/
1428,Åsundens fvof,Östergötland,22,Abborre; Benlöja; Bergsimpa; Björkna; Braxen; Bäcknejonöga; Gädda; Gärs; Gös; Hornsimpa; Lake; Mört; Nissöga; Nors; Ruda; Sarv; Si; Signalkräfta; Siklöja; Sutare; Ål; Öring,fiskekartan; slu_provfiske,www.asunden.com/
1922,Ö Frölunda-Mårdaklevs fvof,Västra Götaland,17,Abborre; Benlöja; Bergsimpa; Braxen; Elritsa; Gädda; Gärs; Gös; Karpfisk obestämd; Lake; Mört; Signalkräfta; Siklöja; Simpa; Sutare; Ål; Öring,fiskekartan; slu_provfiske,
384,Öasjöns fvof,Jönköping,5,Abborre; Gädda; Lake; Mört; Sik,fiskekartan,
1462,Ödesjöboda fvof,Östergötland,6,Abborre; Braxen; Gädda; Gärs; Mört; Sarv,gbif,
1412,Ödesjöns fvof,Östergötland,7,Abborre; Benlöja; Gädda; Lake; Mört; Nors; Ål,fiskekartan,
468,Ödevatens fvof,Kalmar,8,Abborre; Braxen; Gädda; Lake; Mört; Ruda; Sarv; Sutare,fiskekartan; slu_provfiske,www.odevatagardshotell.se/
1332,Öfjärdens fvof,Västernorrland,9,Abborre; Benlöja; Braxen; Gädda; Gärs; Id; Mört; Ruda; Öring,slu_provfiske,
366,Ögelns fvof,Jönköping,6,Abborre; Bergsimpa; Gädda; Mört; Sik; Siklöja,fiskekartan; slu_provfiske,
1404,Öjarens fvof,Östergötland,6,Abborre; Gädda; Gärs; Mört; Sarv; Sutare,slu_provfiske,www.vattenagarna.se/ostergotlands-lans-fiskevattenagareforbund/?o=697
578,Öjarens fvof,Kronoberg,14,Abborre; Benlöja; Björkna; Braxen; Gädda; Gärs; Lake; Mört; Sandkrypare; Sarv; Signalkräfta; Siklöja; Sutare; Öring,slu_provfiske,
39,Öjarens fvof,Gävleborg,12,Abborre; Braxen; Flodkräfta; Gädda; Gärs; Gös; Lake; Mört; Siklöja; Stensimpa; Sutare; Öring,fiskekartan; slu_provfiske,
1820,Öjasjöns fvof,Blekinge,9,Abborre; Braxen; Elritsa; Gädda; Lake; Mört; Sarv; Sutare; Öring,fiskekartan; slu_provfiske; extern_fvof,www.ringamala.info/index.php/foereningar/ojasjons-fvo
1468,Öjebro-Vågforsens fvof,Östergötland,12,Abborre; Braxen; Elritsa; Färna; Gädda; Karpfisk obestämd; Lake; Sarv; Signalkräfta; Småspigg; Stensimpa; Sutare,fiskekartan; slu_provfiske,www.vattenagarna.se/ostergotlands-lans-fiskevattenagareforbund/?o=139
622,Öjens fvof,Kronoberg,11,Abborre; Björkna; Braxen; Gädda; Gös; Lake; Mört; Sarv; Signalkräfta; Sutare; Öring,fiskekartan; slu_provfiske,
1723,Ölen-Storbjörkens fvof,Örebro,17,Abborre; Benlöja; Björkna; Braxen; Bäcknejonöga; Gädda; Gärs; Gös; Lake; Lax; Mört; Nors; Röding; Signalkräfta; Siklöja; Stensimpa; Öring,fiskekartan; slu_provfiske,svarta.nu/föreningar-org/storbjörken-ölens-fiskevårdsförening-4475679
802,Öljarens fvof,Södermanland,16,Abborre; Benlöja; Björkna; Braxen; Gädda; Gärs; Gös; Lake; Mört; Nors; Ruda; Sarv; Sik; Stensimpa; Sutare; Ål,gbif,www.oljaren.se/
915,Ömmelns fvof,Värmland,10,Abborre; Benlöja; Gädda; Gärs; Gös; Karpfisk obestämd; Lake; Mört; Ål; Öring,fiskekartan; slu_provfiske,
1825,Ömmern-Ören-Närens fvof,Västra Götaland,12,Abborre; Bäcknejonöga; Elritsa; Flodkräfta; Gädda; Gärs; Kräfta obestämd; Mört; Siklöja; Sutare; Ål; Öring,fiskekartan; slu_provfiske,www.vattenagarna.se/sodra-alvsborgs-fiskevattenagareforbund/?o=529
1632,Öns fvof,Jämtland,7,Bergsimpa; Elritsa; Gädda; Lake; Simpa; Stensimpa; Öring,slu_provfiske,www.vattenagarna.se/jamtlands-lans-fiskevattenagareforbund/?o=824
1193,Önskasjöns fvof,Västernorrland,11,Abborre; Gädda; Gärs; Lake; Mört; Nors; Regnbåge; Röding; Siklöja; Stensimpa; Öring,fiskekartan; slu_provfiske,
1148,Öre-Långsele fvof,Västerbotten,12,Abborre; Bäcknejonöga; Elritsa; Gädda; Harr; Karp; Lake; Mört; Röding; Stensimpa; Stäm; Öring,fiskekartan; slu_provfiske,
1973,Örekils- och Hajumälvens fvof,Västra Götaland,16,Abborre; Benlöja; Bäcknejonöga; Elritsa; Färna; Gädda; Gärs; Karpfisk obestämd; Lake; Lax; Lax_Öring_Hybrid; Mört; Nejonöga; Storspigg; Ål; Öring,slu_provfiske,www.vattenagarna.se/fiskevattenagarna-i-vastra-sverige/?o=665
215,Örens fvof,Jönköping,20,Abborre; Bergsimpa; Björkna; Braxen; Elritsa; Gädda; Gärs; Gös; Lake; Mört; Nors; Röding; Sarv; Signalkräfta; Sik; Siklöja; Sten; Stensimpa; Sutare; Ål,fiskekartan; slu_provfiske; gbif,
1405,Örens och Vins fvof,Östergötland,6,Abborre; Braxen; Gädda; Lake; Mört; Sutare,fiskekartan; slu_provfiske,www.vattenagarna.se/ostergotlands-lans-fiskevattenagareforbund/?o=464
2006,Öresjö fvof,Västra Götaland,10,Abborre; Benlöja; Braxen; Gädda; Gärs; Mört; Nors; Sarv; Siklöja; Sutare,fiskekartan; slu_provfiske,www.vattenagarna.se/fiskevattenagarna-i-vastra-sverige/?o=664
1968,Öresjöarnas fvof,Västra Götaland,18,Abborre; Benlöja; Braxen; Bäcknejonöga; Elritsa; Flodkräfta; Gädda; Gärs; Gös; Lake; Mört; Nors; Sarv; Signalkräfta; Siklöja; Sutare; Ål; Öring,slu_provfiske,www.vattenagarna.se/sodra-alvsborgs-fiskevattenagareforbund/?o=505
2058,Öresjöns fvof,Västra Götaland,0,,,
1044,Öreälvens fvof,Västerbotten,25,Abborre; Benlöja; Bäcknejonöga; Elritsa; Flodnejonöga; Gädda; Gärs; Harr; Id; Karpfisk obestämd; Lake; Lax; Mört; Nejonöga; Nors; Ruda; Sik; Siklöja; Simpa; Småspigg; Spigg obestämd; Stensimpa; Storspigg; Stäm; Öring,slu_provfiske,www.orealven.se/
1430,Öringe-Mjölby fvof,Östergötland,17,Abborre; Benlöja; Bergsimpa; Braxen; Bäcknejonöga; Elritsa; Färna; Gädda; Lake; Mört; Nejonöga; Signalkräfta; Simpa; Stensimpa; Vimma; Ål; Öring,fiskekartan; slu_provfiske,www.vattenagarna.se/ostergotlands-lans-fiskevattenagareforbund/?o=699
297,Örkens fvof,Jönköping,18,Abborre; Benlöja; Bergsimpa; Björkna; Braxen; Elritsa; Gädda; Kräfta obestämd; Lake; Mört; Sarv; Signalkräfta; Sik; Siklöja; Simpa; Sutare; Ål; Öring,fiskekartan; slu_provfiske,smalandsfiske.se
1993,Örlens fvof,Västra Götaland,16,Abborre; Benlöja; Björkna; Braxen; Bäcknejonöga; Gädda; Gärs; Gös; Lake; Mört; Nissöga; Nors; Sarv; Sik; Siklöja; Sutare,fiskekartan; slu_provfiske,orlen.nu/
744,Örnäs-Lillsjöns fvof,Stockholm,10,Abborre; Björkna; Braxen; Gädda; Gärs; Mört; Nissöga; Regnbåge; Sarv; Sutare,slu_provfiske,
421,Örsjö fvof,Kalmar,8,Abborre; Benlöja; Braxen; Gädda; Gärs; Mört; Sarv; Sutare,slu_provfiske,
927,Örsjöarnas fvof,Värmland,11,Abborre; Bergsimpa; Bäcknejonöga; Elritsa; Flodkräfta; Gädda; Lake; Nejonöga; Röding; Stensimpa; Öring,fiskekartan; slu_provfiske,www.vattenagarna.se/varmlands-lans-fiskevardsforbund/?o=735
587,Örsjön-Lillasjöns fvof,Kronoberg,16,Abborre; Benlöja; Björkna; Braxen; Bäcknejonöga; Gädda; Gärs; Gös; Lake; Mört; Sarv; Signalkräfta; Siklöja; Sutare; Ål; Öring,fiskekartan; slu_provfiske,www.orsjon-lillasjon.se/
377,Örsjöns fvof,Jönköping,8,Abborre; Braxen; Gädda; Lake; Mört; Sutare; Ål; Öring,fiskekartan; slu_provfiske,
1989,Örsjöns fvof,Västra Götaland,20,Abborre; Benlöja; Björkna; Braxen; Bäcknejonöga; Elritsa; Flodkräfta; Gädda; Gärs; Gös; Lake; Mört; Nors; Ruda; Sik; Siklöja; Stensimpa; Sutare; Ål; Öring,fiskekartan; slu_provfiske; gbif,www.orsjon.se
1020,Örträsk fvof,Västerbotten,25,Abborre; Benlöja; Bäcknejonöga; Bäckröding; Elritsa; Gädda; Gärs; Gös; Harr; Id; Kanadaröding; Lake; Lax; Mört; Nors; Regnbåge; Röding; Sik; Siklöja; Simpa; Småspigg; Stensimpa; Stäm; Ål; Öring,slu_provfiske; gbif,
1955,Ösans nedre fvof,Västra Götaland,16,Abborre; Asp; Benlöja; Björkna; Braxen; Elritsa; Färna; Gädda; Id; Lake; Mört; Sarv; Signalkräfta; Sutare; Ål; Öring,fiskekartan; slu_provfiske; gbif,
2094,Ösans övre fvof,Västra Götaland,5,Elritsa; Gädda; Lake; Signalkräfta; Öring,fiskekartan; slu_provfiske,
583,Össjasjöns fvof,Kronoberg,8,Abborre; Elritsa; Gädda; Kräfta obestämd; Mört; Signalkräfta; Sutare; Öring,fiskekartan; slu_provfiske,sites.google.com/view/ossjasjons-fvof
2139,Östads fvof,Västra Götaland,18,Abborre; Bäcknejonöga; Bäckröding; Elritsa; Flodkräfta; Gädda; Gärs; Kanadaröding; Lake; Mört; Nejonöga; Regnbåge; Ruda; Röding; Signalkräfta; Sutare; Ål; Öring,slu_provfiske; gbif,
1301,Östansjö-Remmarns fvof,Västernorrland,14,Abborre; Benlöja; Braxen; Bäckröding; Gädda; Gärs; Lake; Mört; Nors; Röding; Sik; Siklöja; Stensimpa; Öring,fiskekartan; slu_provfiske,
1249,Östanskärs fvof,Västernorrland,5,Abborre; Lax; Sik; Ål; Öring,gbif,
60,Östby fvof,Gävleborg,12,Abborre; Benlöja; Björkna; Braxen; Bäcknejonöga; Gädda; Gärs; Lake; Mört; Sarv; Simpa; Stensimpa,fiskekartan; slu_provfiske,
2003,Östens fvof,Västra Götaland,12,Abborre; Asp; Benlöja; Björkna; Braxen; Gädda; Gärs; Id; Mört; Ruda; Sarv; Sutare,slu_provfiske,
821,Öster Mörtarö fvof,Uppsala,10,Abborre; Benlöja; Björkna; Gärs; Id; Mört; Nors; Sarv; Småspigg; Storspigg,slu_provfiske,
1473,Österby fvof,Östergötland,7,Abborre; Benlöja; Gädda; Lake; Mört; Siklöja; Ål,fiskekartan; gbif,
571,Östersjöns fvof,Kronoberg,5,Abborre; Braxen; Gädda; Mört; Sarv,slu_provfiske,
890,Östervallskogs fvof,Värmland,20,Abborre; Benlöja; Bergsimpa; Braxen; Bäcknejonöga; Elritsa; Flodkräfta; Gädda; Gärs; Kräfta obestämd; Lake; Mört; Nejonöga; Nors; Sik; Siklöja; Simpa; Stensimpa; Ål; Öring,fiskekartan; slu_provfiske,www.vattenagarna.se/varmlands-lans-fiskevardsforbund/?o=375
813,Östhammarsfjärdarnas fvof,Uppsala,14,Abborre; Benlöja; Björkna; Braxen; Gädda; Gärs; Gös; Id; Mört; Nors; Ruda; Sarv; Småspigg; Sutare,slu_provfiske,
960,Östmarks fvof,Värmland,15,Abborre; Benlöja; Braxen; Bäcknejonöga; Elritsa; Flodkräfta; Gädda; Gärs; Lake; Mört; Nejonöga; Nors; Signalkräfta; Siklöja; Öring,slu_provfiske,
1873,Östra Hästefjordens fvof,Västra Götaland,18,Abborre; Benlöja; Björkna; Braxen; Elritsa; Gädda; Gärs; Gös; Lake; Mört; Nors; Ruda; Röding; Sik; Siklöja; Sutare; Ål; Öring,gbif,
1467,Östra Lägerns fvof,Östergötland,19,Abborre; Benlöja; Bergsimpa; Elritsa; Gädda; Gärs; Karpfisk obestämd; Lake; Mört; Nors; Regnbåge; Röding; Sarv; Signalkräfta; Sik; Siklöja; Sutare; Ål; Öring,fiskekartan; slu_provfiske; gbif,www.ostralagern.se/
2384,Östra Mölndalsån fvof,Jönköping,0,,,
1961,Östra Nedsjöns fvof,Västra Götaland,11,Abborre; Elritsa; Gädda; Mört; Nors; Röding; Signalkräfta; Siklöja; Storspigg; Sutare; Öring,fiskekartan; slu_provfiske,
972,Östra Silens fvof,Värmland,27,Abborre; Benlöja; Björkna; Braxen; Bäcknejonöga; Elritsa; Faren; Flodkräfta; Flodnejonöga; Gädda; Gärs; Kräfta obestämd; Lake; Lax; Mört; Nejonöga; Nors; Röding; Sarv; Signalkräfta; Sik; Siklöja; Simpa; Stensimpa; Stäm; Ål; Öring,fiskekartan; slu_provfiske,www.vattenagarna.se/varmlands-lans-fiskevardsforbund/?o=766
2156,Östra Solsjöns fvof,Västra Götaland,15,Abborre; Benlöja; Braxen; Elritsa; Flodkräfta; Gädda; Gärs; Id; Mört; Nejonöga; Nors; Röding; Siklöja; Stensimpa; Ål,fiskekartan; slu_provfiske; gbif,
857,Östra Tönnets fvof,Värmland,16,Abborre; Benlöja; Bäckröding; Elritsa; Gädda; Harr; Id; Lake; Lax; Mört; Regnbåge; Ruda; Sik; Siklöja; Ål; Öring,slu_provfiske; gbif,
1611,Östra Åresjöns fvof,Jämtland,6,Bäckröding; Elritsa; Lake; Regnbåge; Röding; Öring,slu_provfiske; gbif,www.vattenagarna.se/jamtlands-lans-fiskevattenagareforbund/?o=823
1862,Östra Örekilsälvens fvof,Västra Götaland,9,Abborre; Bäcknejonöga; Elritsa; Flodkräfta; Gädda; Mört; Nejonöga; Ål; Öring,fiskekartan; slu_provfiske,
2219,Östra Örkeneds fvof,Skåne,11,Abborre; Braxen; Flodkräfta; Gädda; Gös; Karp; Lake; Mört; Signalkräfta; Sutare; Öring,fiskekartan; slu_provfiske,
979,Östra Örtens fvof,Värmland,5,Gädda; Lake; Mört; Ål; Öring,slu_provfiske,www.vattenagarna.se/varmlands-lans-fiskevardsforbund/?o=389
605,Övdens fvof,Kronoberg,6,Abborre; Braxen; Gädda; Gärs; Mört; Sutare,slu_provfiske,www.vattenagarna.se/kronobergs-lans-fiskevattenagareforbund/?o=1028
1144,Överboda-Strands fvof,Västerbotten,11,Abborre; Gädda; Gärs; Harr; Havsöring; Lax; Mört; Regnbåge; Röding; Stensimpa; Öring,fiskekartan; slu_provfiske,
1532,Överhogdals fvof,Jämtland,12,Abborre; Bergsimpa; Elritsa; Gädda; Harr; Lake; Mört; Regnbåge; Röding; Sik; Stensimpa; Öring,slu_provfiske; gbif; extern_fvof,
2012,Överlida fvof,Västra Götaland,12,Abborre; Elritsa; Flodkräfta; Gädda; Gös; Lake; Mört; Signalkräfta; Sik; Sutare; Ål; Öring,fiskekartan; slu_provfiske,www.overlidafvo.se/
1679,Överoldsjöns-Korsvattnets fvof,Jämtland,3,Lake; Röding; Öring,slu_provfiske; gbif,www.vattenagarna.se/jamtlands-lans-fiskevattenagareforbund/?o=783
1155,Överumans fvof,Västerbotten,2,Röding; Öring,slu_provfiske,www.overuman.se/
207,Övrasjöns fvof,Jönköping,9,Abborre; Benlöja; Braxen; Gädda; Lake; Mört; Röding; Sarv; Sutare,fiskekartan,
1551,Övre Ammeråns fvof,Jämtland,15,Abborre; Bäckröding; Elritsa; Gädda; Gärs; Harr; Id; Lake; Mört; Regnbåge; Röding; Sik; Stensimpa; Stäm; Öring,fiskekartan; slu_provfiske; gbif,www.vattenagarna.se/jamtlands-lans-fiskevattenagareforbund/?o=818
986,Övre Fryksdalens fvof,Värmland,33,Abborre; Benlöja; Bergsimpa; Björkna; Braxen; Bäcknejonöga; Bäckröding; Elritsa; Flodkräfta; Gädda; Gärs; Gös; Hornsimpa; Id; Lake; Lax; Mört; Nejonöga; Nors; Regnbåge; Ruda; Rödi; Röding; Sarv; Signalkräfta; Sik; Siklöja; Simpa; Stensimpa; Stäm; Sutare; Ål; Öring,fiskekartan; slu_provfiske; gbif,www.vattenagarna.se/varmlands-lans-fiskevardsforbund/?o=755
1338,Övre Gideälvens fvof,Västernorrland,9,Abborre; Benlöja; Gädda; Gärs; Harr; Lake; Mört; Stensimpa; Öring,slu_provfiske,
1568,Övre Gimåns fvof,Jämtland,13,Abborre; Bergsimpa; Elritsa; Gädda; Gärs; Harr; Id; Lake; Mört; Regnbåge; Röding; Sik; Öring,fiskekartan; slu_provfiske,gimriver.se/
955,Övre Gla fvof,Värmland,18,Abborre; Benlöja; Braxen; Bäckröding; Elritsa; Gädda; Gärs; Gös; Lake; Lax; Mört; Nors; Ruda; Röding; Sik; Siklöja; Ål; Öring,fiskekartan; slu_provfiske; gbif,
1623,Övre Hoans fvof,Jämtland,10,Abborre; Bergsimpa; Bäckröding; Gädda; Harr; Regnbåge; Röding; Sik; Stensimpa; Öring,fiskekartan; slu_provfiske,www.facebook.com/share/1CmBKJAaT1/
827,Övre Tämnaråns fvof,Uppsala,13,Abborre; Benlöja; Bergsimpa; Björkna; Braxen; Gädda; Id; Lake; Mört; Signalkräfta; Stensimpa; Sutare; Öring,slu_provfiske,
1078,Övre Vargåns fvof,Västerbotten,8,Abborre; Elritsa; Gädda; Harr; Lake; Regnbåge; Simpa; Öring,fiskekartan; slu_provfiske,"Grupp på facebook, Övre Vargåns Fiskevårdsområde"
1520,Övre Vattudalens fvof,Jämtland,3,Lake; Stensimpa; Öring,slu_provfiske,www.vattenagarna.se/jamtlands-lans-fiskevattenagareforbund/?o=1067
2070,Övre Åsundens fvof,Västra Götaland,18,Abborre; Benlöja; Braxen; Bäckröding; Elritsa; Flodkräfta; Gädda; Gärs; Gös; Lake; Mört; Ruda; Sarv; Si; Signalkräfta; Sik; Ål; Öring,fiskekartan; slu_provfiske,www.vattenagarna.se/sodra-alvsborgs-fiskevattenagareforbund/?o=511
1518,Övre Öjåns fvof,Jämtland,3,Elritsa; Lake; Öring,slu_provfiske,www.vattenagarna.se/jamtlands-lans-fiskevattenagareforbund/?o=817
2149,Öxabäcks fvof,Västra Götaland,15,Abborre; Björkna; Braxen; Bäcknejonöga; Elritsa; Gädda; Gös; Lake; Mört; Regnbåge; Signalkräfta; Siklöja; Sutare; Ål; Öring,fiskekartan; slu_provfiske,
