county,fvo,water,type,id,status,verification,species_scope,evidence_signature
Dalarna,Nävdens fvof,Grytnäsån,Vattendrag,DAL-STRUCT:248688471ea218b71fba3afd,UNRESOLVED,Saknar artunderlag,KÄLLGAP,bd4726cf0b5d2e029ae6
Dalarna,Nävdens fvof,Hällsjöbäck,Vattendrag,DAL-STRUCT:d5a7b34a6ceb6bbe6031ad2e,UNRESOLVED,Saknar artunderlag,KÄLLGAP,1e297b533148c0f45c48
Jämtland,Albackens Jakt & Fiskecamp kfo,Bastutjärnen,Sjö,J-STRUCT:20fc92538197b0578935f0ba,UNRESOLVED,Saknar artunderlag,modeled_water_type_jamtland,72ab49bade4a4217985c
Jämtland,Albackens Jakt & Fiskecamp kfo,Bodtjärnbäcken,Vattendrag,J-STRUCT:dc227c757b296155aecbfd98,UNRESOLVED,Saknar artunderlag,modeled_water_type_jamtland,6073c3ae7b0e150e3054
Jämtland,Albackens Jakt & Fiskecamp kfo,Bodtjärnen,Sjö,J-STRUCT:ad121af403752270f38b5d59,UNRESOLVED,Saknar artunderlag,modeled_water_type_jamtland,001002cddeea2dd7553c
Jämtland,Albackens Jakt & Fiskecamp kfo,Delsjöbäcken,Vattendrag,J-STRUCT:430637ee496b1cd0746d58a0,UNRESOLVED,Saknar artunderlag,modeled_water_type_jamtland,7dc62d877a8fc478d000
Jämtland,Albackens Jakt & Fiskecamp kfo,Delsjön,Sjö,J-STRUCT:dda0042ae61a802fee71913d,UNRESOLVED,Saknar artunderlag,modeled_water_type_jamtland,54ac837e83d1b7d2d2d9
Jämtland,Albackens Jakt & Fiskecamp kfo,Drogsjön,Sjö,J-STRUCT:22f2a1df98cdf045a494fe83,UNRESOLVED,Saknar artunderlag,modeled_water_type_jamtland,480b9e52493d919bc906
Jämtland,Albackens Jakt & Fiskecamp kfo,Holmsjön,Sjö,J-STRUCT:fd29865ba546037d5beb918e,UNRESOLVED,Saknar artunderlag,modeled_water_type_jamtland,1b546b25b35ea3b89f7b
Jämtland,Albackens Jakt & Fiskecamp kfo,Kroktjärnen,Sjö,J-STRUCT:5620845de091a8d957818f1f,UNRESOLVED,Saknar artunderlag,modeled_water_type_jamtland,07b542c381948d1f92bb
Jämtland,Albackens Jakt & Fiskecamp kfo,Kroktjärnen,Sjö,J-STRUCT:bbae8d1b0a750fefd3c9e5f6,UNRESOLVED,Saknar artunderlag,modeled_water_type_jamtland,def71ede6f79eadeeea4
Jämtland,Albackens Jakt & Fiskecamp kfo,Lakatjärnen,Sjö,J-STRUCT:3e001f5c14637b8879c736f9,UNRESOLVED,Saknar artunderlag,modeled_water_type_jamtland,824678c566bb1d2db3b3
Jämtland,Albackens Jakt & Fiskecamp kfo,Lakattjärnbäcken,Vattendrag,J-STRUCT:320914ebf384d7e436eeb8a7,UNRESOLVED,Saknar artunderlag,modeled_water_type_jamtland,82b6e1042caadcb3c351
Jämtland,Albackens Jakt & Fiskecamp kfo,Landflyn,Sjö,J-STRUCT:574e1bfc94168c2359b84bb6,UNRESOLVED,Saknar artunderlag,modeled_water_type_jamtland,7e0e02306368f6363e49
Jämtland,Albackens Jakt & Fiskecamp kfo,Legtjärnen,Sjö,J-STRUCT:eb5dea561700c276a0ad7af6,UNRESOLVED,Saknar artunderlag,modeled_water_type_jamtland,5f76e7d976fd05f1f910
Jämtland,Albackens Jakt & Fiskecamp kfo,Legtjärnsbäcken,Vattendrag,J-STRUCT:ee9f98bdda2876686a132da8,UNRESOLVED,Saknar artunderlag,modeled_water_type_jamtland,3cba3d7e9e8868352660
Jämtland,Albackens Jakt & Fiskecamp kfo,Lill-Tivsjön,Sjö,J-STRUCT:88ecd69b65bc1d0f9105d106,UNRESOLVED,Saknar artunderlag,modeled_water_type_jamtland,25b4164dd3e9ed467ab3
Jämtland,Albackens Jakt & Fiskecamp kfo,Lill-Örasjön,Sjö,J-STRUCT:50567068e643c37828a4dfbd,UNRESOLVED,Saknar artunderlag,modeled_water_type_jamtland,c5351b2283c6321166ea
Jämtland,Albackens Jakt & Fiskecamp kfo,Lilltjärnen,Sjö,J-STRUCT:848aa564e3d140e6519e5f63,UNRESOLVED,Saknar artunderlag,modeled_water_type_jamtland,a657f21a552500483924
Jämtland,Albackens Jakt & Fiskecamp kfo,Ljungån,Vattendrag,J-STRUCT:f29c6869a6fb62d17414eab0,UNRESOLVED,Saknar artunderlag,modeled_water_type_jamtland,7cde3fa16472b6c133ef
Jämtland,Albackens Jakt & Fiskecamp kfo,Loken,Sjö,J-STRUCT:98aba461086926c1d55bf81a,UNRESOLVED,Saknar artunderlag,modeled_water_type_jamtland,683ffcf9f005fd096a15
Jämtland,Albackens Jakt & Fiskecamp kfo,Långtjärnen,Sjö,J-STRUCT:18e405a2f1ed91689f1b0708,UNRESOLVED,Saknar artunderlag,modeled_water_type_jamtland,6ec6ff77f20463257cf4
Jämtland,Albackens Jakt & Fiskecamp kfo,Mattistjärnen,Sjö,J-STRUCT:f29bd9eb86833a500ec03432,UNRESOLVED,Saknar artunderlag,modeled_water_type_jamtland,a8796652129ded32aa07
Jämtland,Albackens Jakt & Fiskecamp kfo,Mellantjärnen,Sjö,J-STRUCT:2fc47f3cd1c8db6c8cb4336e,UNRESOLVED,Saknar artunderlag,modeled_water_type_jamtland,10cabaa4d4ad1bad8f30
Jämtland,Albackens Jakt & Fiskecamp kfo,Mellantjärnen,Sjö,J-STRUCT:f247acae9e9cc7946feb6a5f,UNRESOLVED,Saknar artunderlag,modeled_water_type_jamtland,5f5a0df101b41e776ff1
Jämtland,Albackens Jakt & Fiskecamp kfo,Norra Örasjötjärnen,Sjö,J-STRUCT:7c20cfec2329fa9344b61312,UNRESOLVED,Saknar artunderlag,modeled_water_type_jamtland,4ed28914d731598518b2
Jämtland,Albackens Jakt & Fiskecamp kfo,Norrsjön,Sjö,J-STRUCT:38507d7c8abf69bfbd631c35,UNRESOLVED,Saknar artunderlag,modeled_water_type_jamtland,ba0d83d3c4245f8cb496
Jämtland,Albackens Jakt & Fiskecamp kfo,Nybodtjärnen,Sjö,J-STRUCT:9382958f920a8f2a4a5a86bc,UNRESOLVED,Saknar artunderlag,modeled_water_type_jamtland,1e69e59338ac2cc6ddbe
Jämtland,Albackens Jakt & Fiskecamp kfo,Nägelflobäcken,Vattendrag,J-STRUCT:ff69772fc8b8c66251df05d6,UNRESOLVED,Saknar artunderlag,modeled_water_type_jamtland,59e93b7d23d273c1f936
Jämtland,Albackens Jakt & Fiskecamp kfo,Ottersjön,Sjö,J-STRUCT:dacddbea2b8aa5307a8d8e75,UNRESOLVED,Saknar artunderlag,modeled_water_type_jamtland,363f9062e18210fe0397
Jämtland,Albackens Jakt & Fiskecamp kfo,Skalltjärnen,Sjö,J-STRUCT:d55d49b8be69b175b265e408,UNRESOLVED,Saknar artunderlag,modeled_water_type_jamtland,137dcdf73e99b66fd8a9
Jämtland,Albackens Jakt & Fiskecamp kfo,Skorvtjärnen,Sjö,J-STRUCT:d55e82e996003370c82ac970,UNRESOLVED,Saknar artunderlag,modeled_water_type_jamtland,ab83fc2bb5803bfbbe10
Jämtland,Albackens Jakt & Fiskecamp kfo,Slåttjärnen,Sjö,J-STRUCT:cb7eac1449d2a8f25542c807,UNRESOLVED,Saknar artunderlag,modeled_water_type_jamtland,f6646462b0292d7c6488
Jämtland,Albackens Jakt & Fiskecamp kfo,Slåttmyrtjärnen,Sjö,J-STRUCT:aa4cd061e772ee4da2e6cac9,UNRESOLVED,Saknar artunderlag,modeled_water_type_jamtland,5d07d9a051112d0f629a
Jämtland,Albackens Jakt & Fiskecamp kfo,Stor-Örasjön,Sjö,J-STRUCT:8711b263809e3b8f57b2bc1f,UNRESOLVED,Saknar artunderlag,modeled_water_type_jamtland,1292de9553faf3e1b967
Jämtland,Albackens Jakt & Fiskecamp kfo,Södra Örasjötjärnen,Sjö,J-STRUCT:f778cbdc106a374a86070c38,UNRESOLVED,Saknar artunderlag,modeled_water_type_jamtland,b00e485605d1aa933d2e
Jämtland,Albackens Jakt & Fiskecamp kfo,Sönnersttjärnen,Sjö,J-STRUCT:45ad54334381c3e9ccc53b55,UNRESOLVED,Saknar artunderlag,modeled_water_type_jamtland,d66519295bfdf5b1d0c9
Jämtland,Albackens Jakt & Fiskecamp kfo,Tivsjön,Sjö,J-STRUCT:a732c821e78b8136c041805a,UNRESOLVED,Saknar artunderlag,modeled_water_type_jamtland,6dabd3d9014d4cd22859
Jämtland,Albackens Jakt & Fiskecamp kfo,Tivsjöån,Vattendrag,J-STRUCT:02719812f5f0599c7e3a5559,UNRESOLVED,Saknar artunderlag,modeled_water_type_jamtland,5c382bca62f33fbfd454
Jämtland,Albackens Jakt & Fiskecamp kfo,Västanbäck-Örasjön,Sjö,J-STRUCT:334d43d7a61294597e44eafe,UNRESOLVED,Saknar artunderlag,modeled_water_type_jamtland,dec5a5477ea4e6239beb
Jämtland,Albackens Jakt & Fiskecamp kfo,Yttertjärnen,Sjö,J-STRUCT:bd2dc5421483571b6377ded7,UNRESOLVED,Saknar artunderlag,modeled_water_type_jamtland,79e147af9edd3e908112
Jämtland,Albackens Jakt & Fiskecamp kfo,Öraåtjärnen,Sjö,J-STRUCT:350546146fb72d68284abefa,UNRESOLVED,Saknar artunderlag,modeled_water_type_jamtland,a37a3e159f4f9465435d
Jämtland,Albackens Jakt & Fiskecamp kfo,Östmyrloken,Sjö,J-STRUCT:d21e0af63d31c2c0b2b300aa,UNRESOLVED,Saknar artunderlag,modeled_water_type_jamtland,ea7b2ea51716c561db93
Jämtland,Ankarvattnet-Lejarens kfo,Ankarvattnet,Sjö,J-STRUCT:9b163c56ea9b2505c9b2d315,UNRESOLVED,Saknar artunderlag,modeled_water_type_jamtland,532c171739a22b8cdd64
Jämtland,Ankarvattnet-Lejarens kfo,Blåsjöälven,Vattendrag,J-STRUCT:5c080e7a0b5d8638386910e0,UNRESOLVED,Saknar artunderlag,modeled_water_type_jamtland,46af671c2487611e1c2f
Jämtland,Ankarvattnet-Lejarens kfo,Klockarmyrbäcken,Vattendrag,J-STRUCT:d8487745ec5ae3a30eaa66b3,UNRESOLVED,Saknar artunderlag,modeled_water_type_jamtland,4d3497b6068e3e447b19
Jämtland,Ankarvattnet-Lejarens kfo,Lejarflyn,Sjö,J-STRUCT:aceaf0e49bcf60252d3977c9,UNRESOLVED,Saknar artunderlag,modeled_water_type_jamtland,c1303bc6eb5d3197501b
Jämtland,Ankarvattnet-Lejarens kfo,Lejarälven,Vattendrag,J-STRUCT:3da027c99cc9ab889f951c75,UNRESOLVED,Saknar artunderlag,modeled_water_type_jamtland,9a32ef1c0ac1b98ad3a6
Jämtland,Ankarvattnet-Lejarens kfo,Lillvattsbäcken,Vattendrag,J-STRUCT:01092c5e5b0f2b756a2c8a88,UNRESOLVED,Saknar artunderlag,modeled_water_type_jamtland,c0ffc2abffa93cdc5c71
Jämtland,Bonäsets-Risnäsets-Äspnäs samff,Bambäcken,Vattendrag,J-STRUCT:81ead589d4a49177b7d71d38,UNRESOLVED,Saknar artunderlag,modeled_water_type_jamtland,30e7604b3e9f54a5239b
Jämtland,Bonäsets-Risnäsets-Äspnäs samff,Bodflobäcken,Vattendrag,J-STRUCT:501a6f42736ac17a2a32be00,UNRESOLVED,Saknar artunderlag,modeled_water_type_jamtland,208a17c7c32a1b30e673
Jämtland,Bonäsets-Risnäsets-Äspnäs samff,Bodflotjärnen,Sjö,J-STRUCT:0951d4b0f0e7f9d6895ee4d2,UNRESOLVED,Saknar artunderlag,modeled_water_type_jamtland,5fe9cc5afe24cebd5a26
Jämtland,Bonäsets-Risnäsets-Äspnäs samff,Dödtjärnen,Sjö,J-STRUCT:95e3a1fbd64cc4330d92eac6,UNRESOLVED,Saknar artunderlag,modeled_water_type_jamtland,489b70abb380ef0c7edb
Jämtland,Bonäsets-Risnäsets-Äspnäs samff,Edsmyrtjärnen,Sjö,J-STRUCT:8799f42c34274441284fa702,UNRESOLVED,Saknar artunderlag,modeled_water_type_jamtland,b6f8c1c9cd351ac72d08
Jämtland,Bonäsets-Risnäsets-Äspnäs samff,Envägsån,Vattendrag,J-STRUCT:9563c0253b8fc19d5ed1bc6f,UNRESOLVED,Saknar artunderlag,modeled_water_type_jamtland,9d01b146ade0226bf98d
Jämtland,Bonäsets-Risnäsets-Äspnäs samff,Envågsån,Vattendrag,J-STRUCT:4f81206af81a9c7dd58969f8,UNRESOLVED,Saknar artunderlag,modeled_water_type_jamtland,14e9f8cac13dd532eae2
Jämtland,Bonäsets-Risnäsets-Äspnäs samff,Faxälven,Vattendrag,J-STRUCT:a698f78455c9f48e4f440992,UNRESOLVED,Saknar artunderlag,modeled_water_type_jamtland,bc7760344a4af1b72fbb
Jämtland,Bonäsets-Risnäsets-Äspnäs samff,Lermyrtjärnen,Sjö,J-STRUCT:f3861fb08b836584b566b426,UNRESOLVED,Saknar artunderlag,modeled_water_type_jamtland,42a1a8c3c835afae4853
Jämtland,Bonäsets-Risnäsets-Äspnäs samff,Lill-Allvattnet,Sjö,J-STRUCT:ac7bea8faadb8f8851b87db2,UNRESOLVED,Saknar artunderlag,modeled_water_type_jamtland,5fdbc569d5da40abfda8
Jämtland,Bonäsets-Risnäsets-Äspnäs samff,Lill-Lermyrtjärnen,Sjö,J-STRUCT:dd3c3764d98519b46e1a78fb,UNRESOLVED,Saknar artunderlag,modeled_water_type_jamtland,9f40f68851bce495e051
Jämtland,Bonäsets-Risnäsets-Äspnäs samff,Lilltjärnen,Sjö,J-STRUCT:399b8d98e0b37b73c79aecef,UNRESOLVED,Saknar artunderlag,modeled_water_type_jamtland,c7600a84c7f4d2c84505
Jämtland,Bonäsets-Risnäsets-Äspnäs samff,Långmarkbäcken,Vattendrag,J-STRUCT:3495ef2ed4ef96b7cce158d7,UNRESOLVED,Saknar artunderlag,modeled_water_type_jamtland,501aeceb3cdbfb0f2cea
Jämtland,Bonäsets-Risnäsets-Äspnäs samff,Nedre Spettnästjärnen,Sjö,J-STRUCT:0526a43295594d4cee7c1689,UNRESOLVED,Saknar artunderlag,modeled_water_type_jamtland,5e86b535d3ffe0ec3235
Jämtland,Bonäsets-Risnäsets-Äspnäs samff,Nedre Vågstjärnen,Sjö,J-STRUCT:07083ce6fea35122115baf6e,UNRESOLVED,Saknar artunderlag,modeled_water_type_jamtland,9e382912ee787a104646
Jämtland,Bonäsets-Risnäsets-Äspnäs samff,Nordbodsjön,Sjö,J-STRUCT:b9548f993953324f7f1dc32a,UNRESOLVED,Saknar artunderlag,modeled_water_type_jamtland,50736f73ff3fe5fe20fa
Jämtland,Bonäsets-Risnäsets-Äspnäs samff,Nymyrbäcken,Vattendrag,J-STRUCT:ef7de94dce1887efca294475,UNRESOLVED,Saknar artunderlag,modeled_water_type_jamtland,78e89e30b4aaf1e7eeca
Jämtland,Bonäsets-Risnäsets-Äspnäs samff,Ormtjärnen,Sjö,J-STRUCT:f8824ecf7ccd2784acd261e5,UNRESOLVED,Saknar artunderlag,modeled_water_type_jamtland,451a2c4def8d08cd30c4
Jämtland,Bonäsets-Risnäsets-Äspnäs samff,Skalflotjärnen,Sjö,J-STRUCT:ed337f2f42aac28bb1533ccf,UNRESOLVED,Saknar artunderlag,modeled_water_type_jamtland,01aa8a7bea2e8b6182c1
Jämtland,Bonäsets-Risnäsets-Äspnäs samff,Skarvsjöbäcken,Vattendrag,J-STRUCT:5a326dbd5eb1d7973c62be45,UNRESOLVED,Saknar artunderlag,modeled_water_type_jamtland,a9e4cdf7b4000b86a2cb
Jämtland,Bonäsets-Risnäsets-Äspnäs samff,Skarvsjön,Sjö,J-STRUCT:7dc7a9a38254baad27aeb60d,UNRESOLVED,Saknar artunderlag,modeled_water_type_jamtland,c646b6847c26b6edafb4
Jämtland,Bonäsets-Risnäsets-Äspnäs samff,Spettnäsbäcken,Vattendrag,J-STRUCT:ce22d46d6c49793879a53622,UNRESOLVED,Saknar artunderlag,modeled_water_type_jamtland,104c2b53e946449c89a1
Jämtland,Bonäsets-Risnäsets-Äspnäs samff,Spjutån,Vattendrag,J-STRUCT:95e9f0c4a13821a507aa1a77,UNRESOLVED,Saknar artunderlag,modeled_water_type_jamtland,0550045245fffd10fc29
Jämtland,Bonäsets-Risnäsets-Äspnäs samff,Stormyrtjärnen,Sjö,J-STRUCT:47baeccef39d031cddc35fc8,UNRESOLVED,Saknar artunderlag,modeled_water_type_jamtland,4ce7392877e075bfefda
Jämtland,Bonäsets-Risnäsets-Äspnäs samff,Ströms Vattudal,Sjö,J-STRUCT:36fd1fa96390f9522a4233be,UNRESOLVED,Saknar artunderlag,modeled_water_type_jamtland,11f3a03c9f688254d912
Jämtland,Bonäsets-Risnäsets-Äspnäs samff,Tjärnmyrtjärnen,Sjö,J-STRUCT:a9df4586c60c3802ac6df9ed,UNRESOLVED,Saknar artunderlag,modeled_water_type_jamtland,20f8759a1dd59e0481e2
Jämtland,Bonäsets-Risnäsets-Äspnäs samff,Vägsån,Vattendrag,J-STRUCT:9f6c0ed42c70770ef3a58b0f,UNRESOLVED,Saknar artunderlag,modeled_water_type_jamtland,6d7f95dc2d077ed352ed
Jämtland,Bonäsets-Risnäsets-Äspnäs samff,Vägsån,Vattendrag,J-STRUCT:ee39162c774f0adc3a09aa21,UNRESOLVED,Saknar artunderlag,modeled_water_type_jamtland,cdab256d8c3f190f673f
Jämtland,Bonäsets-Risnäsets-Äspnäs samff,Vågsån,Vattendrag,J-STRUCT:a72f98a564496f14237e7021,UNRESOLVED,Saknar artunderlag,modeled_water_type_jamtland,a3a2019af668d481b8be
Jämtland,Bonäsets-Risnäsets-Äspnäs samff,Övre Spettnästjärnen,Sjö,J-STRUCT:4f9671f9b9ea0fdaf24afd26,UNRESOLVED,Saknar artunderlag,modeled_water_type_jamtland,a163a10fdf00d75b1c8b
Jämtland,Bruksvallarnas kfo,Anån,Vattendrag,J-STRUCT:9d23cba48962a9debe4e4515,UNRESOLVED,Saknar artunderlag,modeled_water_type_jamtland,5b941968fd1a49445f7c
Jämtland,Bruksvallarnas kfo,Bränneggbäcken,Vattendrag,J-STRUCT:f6d3ebc88f0d25f24b8f5947,UNRESOLVED,Saknar artunderlag,modeled_water_type_jamtland,dc172486ccc4cfa1f489
Jämtland,Bruksvallarnas kfo,Bränneggtjärnarna,Sjö,J-STRUCT:247cd828b048ab5bcf4b7d06,UNRESOLVED,Saknar artunderlag,modeled_water_type_jamtland,2c5665cefaea3bd3e4ab
Jämtland,Bruksvallarnas kfo,Bränneggtjärnarna,Sjö,J-STRUCT:aa036ba1a4790b7c4760c5d7,UNRESOLVED,Saknar artunderlag,modeled_water_type_jamtland,47dca6d5738b290bc181
Jämtland,Bruksvallarnas kfo,Bränneggtjärnarna,Sjö,J-STRUCT:aa95a043a93b312ee606b7db,UNRESOLVED,Saknar artunderlag,modeled_water_type_jamtland,5622af29bbd81b5b18a2
Jämtland,Bruksvallarnas kfo,Bränneggtjärnarna,Sjö,J-STRUCT:c06ca1ac81169a3c697f6e0d,UNRESOLVED,Saknar artunderlag,modeled_water_type_jamtland,bf77b74137e34709bd4b
Jämtland,Bruksvallarnas kfo,Bränneggtjärnarna,Sjö,J-STRUCT:e90b8650b96923f8aff393d2,UNRESOLVED,Saknar artunderlag,modeled_water_type_jamtland,39d548e4d6ddbeb65748
Jämtland,Bruksvallarnas kfo,Dalatjärnarna,Sjö,J-STRUCT:a3f05c4c7a279787cfc01ff5,UNRESOLVED,Saknar artunderlag,modeled_water_type_jamtland,bb96d92e57f4c072ccc8
Jämtland,Bruksvallarnas kfo,Djupdalsbäcken,Vattendrag,J-STRUCT:5b4d1a8157a9997ed7137a92,UNRESOLVED,Saknar artunderlag,modeled_water_type_jamtland,96ad2088313f60409500
Jämtland,Bruksvallarnas kfo,Djuptjärnen,Sjö,J-STRUCT:07fa4b03ec9cb0c5fe2b821a,UNRESOLVED,Saknar artunderlag,modeled_water_type_jamtland,c42bcf8483fb275dc2f4
Jämtland,Bruksvallarnas kfo,Falktjärnarna,Sjö,J-STRUCT:e34b384396911a2c74cb21bc,UNRESOLVED,Saknar artunderlag,modeled_water_type_jamtland,8d47ff09e5ed213431ec
Jämtland,Bruksvallarnas kfo,Fålåtjärnen,Sjö,J-STRUCT:7371d82be14b6e1dd28e9b5f,UNRESOLVED,Saknar artunderlag,modeled_water_type_jamtland,fc8916d55f85e4b91db2
Jämtland,Bruksvallarnas kfo,Grönsjöarna,Sjö,J-STRUCT:1f7f107b9815b433bc1400d5,UNRESOLVED,Saknar artunderlag,modeled_water_type_jamtland,d6e58dfc72e248f76f54
Jämtland,Bruksvallarnas kfo,Grönsjöarna,Sjö,J-STRUCT:31dcd936f2930d1cb0934e31,UNRESOLVED,Saknar artunderlag,modeled_water_type_jamtland,f4d2ddbba1251c0e0fbe
Jämtland,Bruksvallarnas kfo,Grönsjöarna,Sjö,J-STRUCT:b631f1718272871562d9e361,UNRESOLVED,Saknar artunderlag,modeled_water_type_jamtland,1de81d6125d6a60b0351
Jämtland,Bruksvallarnas kfo,Jonsahålet,Sjö,J-STRUCT:3b17541f5a17ffc9e0c4edbf,UNRESOLVED,Saknar artunderlag,modeled_water_type_jamtland,f65850d73b0dd60ddee0
Jämtland,Bruksvallarnas kfo,Kläpptjärnen,Sjö,J-STRUCT:f8da30786938d80ea9ba39df,UNRESOLVED,Saknar artunderlag,modeled_water_type_jamtland,059f7d0c6f7073bdc742
Jämtland,Bruksvallarnas kfo,Kroktjärnen,Sjö,J-STRUCT:d371914639ab5949acdcd47b,UNRESOLVED,Saknar artunderlag,modeled_water_type_jamtland,eb61140dd47f0f2616e6
Jämtland,Bruksvallarnas kfo,Lill-Långtjärnen,Sjö,J-STRUCT:ee13838ee58d2af6a8774cee,UNRESOLVED,Saknar artunderlag,modeled_water_type_jamtland,873cfec3074db9818a69
Jämtland,Bruksvallarnas kfo,Lill-Storbäcken,Vattendrag,J-STRUCT:eabc603f1f5cb50193413af2,UNRESOLVED,Saknar artunderlag,modeled_water_type_jamtland,b2e1e3a194928f937310
Jämtland,Bruksvallarnas kfo,Ljusnan,Vattendrag,J-STRUCT:44e5c575b4237d5df8dc7bf6,UNRESOLVED,Saknar artunderlag,modeled_water_type_jamtland,dbc949c79cefc9eb2d74
Jämtland,Bruksvallarnas kfo,Ljusnetjärnen,Sjö,J-STRUCT:3ed9924478501c20301f938d,UNRESOLVED,Saknar artunderlag,modeled_water_type_jamtland,a7c964f39c3ad0a5b8c8
Jämtland,Bruksvallarnas kfo,Långtjärnarna,Sjö,J-STRUCT:5e8966fff89aba59130b8504,UNRESOLVED,Saknar artunderlag,modeled_water_type_jamtland,aca9b0d2e85fe0d54716
Jämtland,Bruksvallarnas kfo,Långtjärnarna,Sjö,J-STRUCT:e6931ea4c97b66c86db123b0,UNRESOLVED,Saknar artunderlag,modeled_water_type_jamtland,574cb235215d27524298
Jämtland,Bruksvallarnas kfo,Messlingtjärnen,Sjö,J-STRUCT:6ba79c505b01e4b79ee57ef3,UNRESOLVED,Saknar artunderlag,modeled_water_type_jamtland,f07d901bac93d151d52b
Jämtland,Bruksvallarnas kfo,Messmörtjärnen,Sjö,J-STRUCT:b29bd66405c9daae4c2a3c53,UNRESOLVED,Saknar artunderlag,modeled_water_type_jamtland,534d28d89ee260f51af6
Jämtland,Bruksvallarnas kfo,Orman,Vattendrag,J-STRUCT:fda1e4dad69fde83b479f626,UNRESOLVED,Saknar artunderlag,modeled_water_type_jamtland,431b98e0950d6b4d6ad1
Jämtland,Bruksvallarnas kfo,Storbäcken,Vattendrag,J-STRUCT:6ae7965b0d2fb02fc7ae84ef,UNRESOLVED,Saknar artunderlag,modeled_water_type_jamtland,b237819585a8f0dddee0
Jämtland,Bruksvallarnas kfo,Storbäcktjärnen,Sjö,J-STRUCT:cadb4f769e003156b9cfb064,UNRESOLVED,Saknar artunderlag,modeled_water_type_jamtland,68b41165f1fe97212683
Jämtland,Bruksvallarnas kfo,Storstjärnen,Sjö,J-STRUCT:7f31550ae7afe39eab883004,UNRESOLVED,Saknar artunderlag,modeled_water_type_jamtland,27d5fbd3ae75c64c8dbf
Jämtland,Bruksvallarnas kfo,Sveån,Vattendrag,J-STRUCT:0faf3fade86eaa25c653c13c,UNRESOLVED,Saknar artunderlag,modeled_water_type_jamtland,bce57173d1544fa88c5d
Jämtland,Bruksvallarnas kfo,Torrbergstjärnen,Sjö,J-STRUCT:e8eeed7e4da8197feb34f660,UNRESOLVED,Saknar artunderlag,modeled_water_type_jamtland,c42fbb6f10df91f95e52
Jämtland,Bruksvallarnas kfo,Tubbåstjärnen,Sjö,J-STRUCT:8b32526dcd9efdeeb22b0433,UNRESOLVED,Saknar artunderlag,modeled_water_type_jamtland,1c3a59a5f647febb631a
Jämtland,Bruksvallarnas kfo,Tvärån,Vattendrag,J-STRUCT:a69d16f518df0a86117eaf5f,UNRESOLVED,Saknar artunderlag,modeled_water_type_jamtland,a250ab2314687df7ef3f
Jämtland,Byvattnets kfo,Abborrtjärnen,Sjö,J-STRUCT:d1a5c772e57f43ba9629434a,UNRESOLVED,Saknar artunderlag,modeled_water_type_jamtland,957beced2a78991ff35a
Jämtland,Byvattnets kfo,Björnhålet,Sjö,J-STRUCT:e00aad43dfcb1b1311c629a5,UNRESOLVED,Saknar artunderlag,modeled_water_type_jamtland,0500cfa6eafb97c576d4
Jämtland,Byvattnets kfo,Byvatten-Långtjärnen,Sjö,J-STRUCT:3cddd56309fa7d33c982a286,UNRESOLVED,Saknar artunderlag,modeled_water_type_jamtland,e378325771a3bbe0e692
Jämtland,Byvattnets kfo,Byvattenån,Vattendrag,J-STRUCT:6685fbaf59cf51fed5ae2f23,UNRESOLVED,Saknar artunderlag,modeled_water_type_jamtland,fb4478363b8060197f31
Jämtland,Byvattnets kfo,Fisktjärnbäcken,Vattendrag,J-STRUCT:3209e954f5d6792f4acb31c6,UNRESOLVED,Saknar artunderlag,modeled_water_type_jamtland,1567ad010ea6448b3b39
Jämtland,Byvattnets kfo,Fisktjärnen,Sjö,J-STRUCT:800a4abd86b63b6ad8cff973,UNRESOLVED,Saknar artunderlag,modeled_water_type_jamtland,0499fc157c92745aba4c
Jämtland,Byvattnets kfo,Gammbåttjärnen,Sjö,J-STRUCT:9a29d52b2ce488522aa8ea74,UNRESOLVED,Saknar artunderlag,modeled_water_type_jamtland,d3041a5c624ae18cf93a
Jämtland,Byvattnets kfo,Gåstjärnen,Sjö,J-STRUCT:d56c33210302353adfe5f80d,UNRESOLVED,Saknar artunderlag,modeled_water_type_jamtland,13bffbcbca6b287db1df
Jämtland,Byvattnets kfo,Hemtjärnen,Sjö,J-STRUCT:afdabaf541f781548adca10c,UNRESOLVED,Saknar artunderlag,modeled_water_type_jamtland,74f88d2c0d543fc2812a
Jämtland,Byvattnets kfo,Hemvattenbäcken,Vattendrag,J-STRUCT:bad56586c5c92c1a18273cfe,UNRESOLVED,Saknar artunderlag,modeled_water_type_jamtland,dcd8e87cc59468a7d99f
Jämtland,Byvattnets kfo,Hemvattnet,Sjö,J-STRUCT:8187ba28bcba7e8ee650d035,UNRESOLVED,Saknar artunderlag,modeled_water_type_jamtland,dfee516bc85864285a6e
Jämtland,Byvattnets kfo,Herr-Olatjärnen,Sjö,J-STRUCT:22513c159737780b2b7a49ad,UNRESOLVED,Saknar artunderlag,modeled_water_type_jamtland,0913938cc1f59c679be6
Jämtland,Byvattnets kfo,Holmvattnet,Sjö,J-STRUCT:869c22c000550abdfd29c7de,UNRESOLVED,Saknar artunderlag,modeled_water_type_jamtland,b1c5fca6b5717f2c2712
Jämtland,Byvattnets kfo,Lassetjärnen,Sjö,J-STRUCT:46b54dc802919cb3629a8523,UNRESOLVED,Saknar artunderlag,modeled_water_type_jamtland,530c22fcb2d30977c17e
Jämtland,Byvattnets kfo,Lertjärnen,Sjö,J-STRUCT:db29ccb48cae7df6ee5ced98,UNRESOLVED,Saknar artunderlag,modeled_water_type_jamtland,61e035a16fb075370843
Jämtland,Byvattnets kfo,Lill-Byvattenbäcken,Vattendrag,J-STRUCT:f639c3d16adc0abd02cdcb94,UNRESOLVED,Saknar artunderlag,modeled_water_type_jamtland,7d91f8f871b7007d84e5
Jämtland,Byvattnets kfo,Lill-Herr-Olatjärnen,Sjö,J-STRUCT:01504253021e37a69e809e7f,UNRESOLVED,Saknar artunderlag,modeled_water_type_jamtland,96a207a24f8ec934c6d9
Jämtland,Byvattnets kfo,Lill-Örevattnet,Sjö,J-STRUCT:069e696f76a5eb3856b8b7f2,UNRESOLVED,Saknar artunderlag,modeled_water_type_jamtland,41e36cb3ccb7d7b8f8fd
Jämtland,Byvattnets kfo,Linjebäcken,Vattendrag,J-STRUCT:9e7ec7d0cef3af9726b2dd37,UNRESOLVED,Saknar artunderlag,modeled_water_type_jamtland,26f444f702eed4a20d97
Jämtland,Byvattnets kfo,Ländstadtjärnen,Sjö,J-STRUCT:5c8cd71c36fbba1fa2811df4,UNRESOLVED,Saknar artunderlag,modeled_water_type_jamtland,a6c70cd1cb6c764615cd
Jämtland,Byvattnets kfo,Millestvattnet,Sjö,J-STRUCT:48a5401058607f1217ee67d6,UNRESOLVED,Saknar artunderlag,modeled_water_type_jamtland,367268b8d3855cb5f3fc
Jämtland,Byvattnets kfo,Nedre Stor-Byvattenflyn,Sjö,J-STRUCT:6a37276fb53742949323f697,UNRESOLVED,Saknar artunderlag,modeled_water_type_jamtland,8c1c284174ec2ec72c08
Jämtland,Byvattnets kfo,Nytjärnen,Sjö,J-STRUCT:22afcbf62302b49cfafc5881,UNRESOLVED,Saknar artunderlag,modeled_water_type_jamtland,15337776700f86af0d04
Jämtland,Byvattnets kfo,Nörder-Rörtjärnen,Sjö,J-STRUCT:1ce1a162fe4dfd4f58538dab,UNRESOLVED,Saknar artunderlag,modeled_water_type_jamtland,b846d8777fd5e289e378
Jämtland,Byvattnets kfo,Stor-Byvattnet,Sjö,J-STRUCT:65fd100ed9106286a335cc19,UNRESOLVED,Saknar artunderlag,modeled_water_type_jamtland,168c4693bd7e66fcbdf5
Jämtland,Byvattnets kfo,Stor-Ringsjön,Sjö,J-STRUCT:1171c35a24fd2b95f601ec70,UNRESOLVED,Saknar artunderlag,modeled_water_type_jamtland,5baa0eba20c49b75027a
Jämtland,Byvattnets kfo,Stor-Örevattnet,Sjö,J-STRUCT:a21ac71e428a220eb13e1ea8,UNRESOLVED,Saknar artunderlag,modeled_water_type_jamtland,943503792fd263b892f5
Jämtland,Byvattnets kfo,Storbergstjärnen,Sjö,J-STRUCT:13c46c2837fc88a8e7d9f673,UNRESOLVED,Saknar artunderlag,modeled_water_type_jamtland,421473a3636ec92b3d31
Jämtland,Byvattnets kfo,Stortjärnen,Sjö,J-STRUCT:ac9fc7b3dd6aa3600fbad116,UNRESOLVED,Saknar artunderlag,modeled_water_type_jamtland,4e41868b7664164d97d5
Jämtland,Byvattnets kfo,Svanavattenån,Vattendrag,J-STRUCT:21704ee0d025fa052333bd3b,UNRESOLVED,Saknar artunderlag,modeled_water_type_jamtland,ff5029b9d4072e61a389
Jämtland,Byvattnets kfo,Svaningstjärnen,Sjö,J-STRUCT:333f53454db38086fd0fc2bd,UNRESOLVED,Saknar artunderlag,modeled_water_type_jamtland,f380e12c14fc4ab416df
Jämtland,Byvattnets kfo,Svarttjärnen,Sjö,J-STRUCT:6ea2cba63c73eb93c9f54361,UNRESOLVED,Saknar artunderlag,modeled_water_type_jamtland,b37b4775fe7e26ce422d
Jämtland,Byvattnets kfo,Svarttjärnen,Sjö,J-STRUCT:fbadbe024dc1cd6ba9bd514e,UNRESOLVED,Saknar artunderlag,modeled_water_type_jamtland,5c473e63b30f059d4a7c
Jämtland,Byvattnets kfo,Sönner-Rörtjärnen,Sjö,J-STRUCT:6ed0bd58178d34813c3e0966,UNRESOLVED,Saknar artunderlag,modeled_water_type_jamtland,2c2e0187e6d6edf5e64b
Jämtland,Byvattnets kfo,Tjuvtjärnarna,Sjö,J-STRUCT:fc7113abfc80dace4cbd9b5f,UNRESOLVED,Saknar artunderlag,modeled_water_type_jamtland,096f7e68d2061066f4c3
Jämtland,Byvattnets kfo,Ytter-Älgflyn,Sjö,J-STRUCT:a4523a656c6fb61622ca313b,UNRESOLVED,Saknar artunderlag,modeled_water_type_jamtland,b46c54437fb32af98ee0
Jämtland,Byvattnets kfo,Över-Älgflyn,Sjö,J-STRUCT:3a06225325ce9daa403aeb8e,UNRESOLVED,Saknar artunderlag,modeled_water_type_jamtland,5e8869f0d65d41aa9b4e
Jämtland,Byvattnets kfo,Övre-Stor Byvattenflyn,Sjö,J-STRUCT:d3c0e8e4b021583a8b93e42f,UNRESOLVED,Saknar artunderlag,modeled_water_type_jamtland,3c082698d17be955214a
Jämtland,Börtnan Västra kfo,Aloppan,Vattendrag,J-STRUCT:4f8cadd7899840f8f220bc51,UNRESOLVED,Saknar artunderlag,modeled_water_type_jamtland,134151f07584c94c5595
Jämtland,Börtnan Västra kfo,Arån,Vattendrag,J-STRUCT:f25bf0370999ef4ba1e2c11a,UNRESOLVED,Saknar artunderlag,modeled_water_type_jamtland,f0260b3d94521ddd8057
Jämtland,Börtnan Västra kfo,Brötedan,Sjö,J-STRUCT:16f85972da3560f177cdbc58,UNRESOLVED,Saknar artunderlag,modeled_water_type_jamtland,df0ca4694ad0ed250ec4
Jämtland,Börtnan Västra kfo,Båthustjärnen,Sjö,J-STRUCT:00f5a39d154c058d709a6071,UNRESOLVED,Saknar artunderlag,modeled_water_type_jamtland,dd00b5662a506364e5c4
Jämtland,Börtnan Västra kfo,Fisktjärnen,Sjö,J-STRUCT:a94abc2a1c5a18d7b6a04a9d,UNRESOLVED,Saknar artunderlag,modeled_water_type_jamtland,9f0b3769835871cf3f71
Jämtland,Börtnan Västra kfo,Flåsjön,Sjö,J-STRUCT:44f5bfce3bf7f831a41fb0be,UNRESOLVED,Saknar artunderlag,modeled_water_type_jamtland,60a39f15a631ba372d0f
Jämtland,Börtnan Västra kfo,Grönavan,Sjö,J-STRUCT:5c3be8244441e26019e68fcf,UNRESOLVED,Saknar artunderlag,modeled_water_type_jamtland,802ab7e5b8166a8fa55c
Jämtland,Börtnan Västra kfo,Gäddtjärnarna,Sjö,J-STRUCT:15c4bec0f6448e99aad9c098,UNRESOLVED,Saknar artunderlag,modeled_water_type_jamtland,23656530d92f6560d1b9
Jämtland,Börtnan Västra kfo,Gäddtjärnarna,Sjö,J-STRUCT:34408ad062704f3eb7d1ed10,UNRESOLVED,Saknar artunderlag,modeled_water_type_jamtland,69f10fca8e63f5dcce7b
Jämtland,Börtnan Västra kfo,Lilltjärnen,Sjö,J-STRUCT:e2b968dd9f0a863e59427eb8,UNRESOLVED,Saknar artunderlag,modeled_water_type_jamtland,c7f15fb41521a19ecc3f
Jämtland,Börtnan Västra kfo,Ljungan,Vattendrag,J-STRUCT:fd34404be38739eb8c07a00a,UNRESOLVED,Saknar artunderlag,modeled_water_type_jamtland,5240828e55aaed1383e9
Jämtland,Börtnan Västra kfo,Långavan,Sjö,J-STRUCT:51c6a6f5d8e5c3e9dca652c7,UNRESOLVED,Saknar artunderlag,modeled_water_type_jamtland,78f84b216241b2351e34
Jämtland,Börtnan Västra kfo,Långtjärnen,Sjö,J-STRUCT:c6d818a5867252f2adeb34c8,UNRESOLVED,Saknar artunderlag,modeled_water_type_jamtland,808d11b24841a75abcc7
Jämtland,Börtnan Västra kfo,Mellantjärnen,Sjö,J-STRUCT:e2c745f0eee392c07ba38d4c,UNRESOLVED,Saknar artunderlag,modeled_water_type_jamtland,292d2d0cbe3542e89ead
Jämtland,Börtnan Västra kfo,Mjöingsbäcken,Vattendrag,J-STRUCT:0b07addb31dd9f2b44c14f73,UNRESOLVED,Saknar artunderlag,modeled_water_type_jamtland,c93367b725d78d05efcb
Jämtland,Börtnan Västra kfo,Mjöingsbäcken,Vattendrag,J-STRUCT:58e3d4a2a6a8e6e0e12f2ecc,UNRESOLVED,Saknar artunderlag,modeled_water_type_jamtland,9203f57db13353b8e247
Jämtland,Börtnan Västra kfo,Neder-Råbergstjärnen,Sjö,J-STRUCT:b039fdff55209532d69f0c29,UNRESOLVED,Saknar artunderlag,modeled_water_type_jamtland,2a17a9913aad8da4f37c
Jämtland,Börtnan Västra kfo,Nils-Hanstjärnen,Sjö,J-STRUCT:b545132b9b22e41e9575dea4,UNRESOLVED,Saknar artunderlag,modeled_water_type_jamtland,010fbccc83776ad51223
Jämtland,Börtnan Västra kfo,Nordtjärnen,Sjö,J-STRUCT:ade8fb759c08894a7dbce91c,UNRESOLVED,Saknar artunderlag,modeled_water_type_jamtland,7a98f381d937e04f73cb
Jämtland,Börtnan Västra kfo,Näckrostjärnen,Sjö,J-STRUCT:210347c4a19e6546b1b6d716,UNRESOLVED,Saknar artunderlag,modeled_water_type_jamtland,35cd4e37aa68e4562e3d
Jämtland,Börtnan Västra kfo,Per-Karlstjärnen,Sjö,J-STRUCT:b0569dfe32e41d120050af0d,UNRESOLVED,Saknar artunderlag,modeled_water_type_jamtland,c8501b7d83fe61d2ba86
Jämtland,Börtnan Västra kfo,Piprörloken,Sjö,J-STRUCT:1681cef567e4d97dcf3be3b6,UNRESOLVED,Saknar artunderlag,modeled_water_type_jamtland,1f57f29f54c6c68f4800
Jämtland,Börtnan Västra kfo,Siktjärnarna,Sjö,J-STRUCT:51eecc5932530e778268ab70,UNRESOLVED,Saknar artunderlag,modeled_water_type_jamtland,b94853902738b2869b8e
Jämtland,Börtnan Västra kfo,Siktjärnarna,Sjö,J-STRUCT:666ea9a7167660ac6bac0ef4,UNRESOLVED,Saknar artunderlag,modeled_water_type_jamtland,a58c5a12ae2768bceaa2
Jämtland,Börtnan Västra kfo,Siltjärnarna,Sjö,J-STRUCT:8fe8a423c86a1351c8980e9e,UNRESOLVED,Saknar artunderlag,modeled_water_type_jamtland,f2450663230a9c211d52
Jämtland,Börtnan Västra kfo,Siltjärnarna,Sjö,J-STRUCT:ae6e648fa6f398301c0e1b78,UNRESOLVED,Saknar artunderlag,modeled_water_type_jamtland,77da03af650e8fa68655
Jämtland,Börtnan Västra kfo,Siltjärnarna,Sjö,J-STRUCT:b4ed473cdebe8175180977aa,UNRESOLVED,Saknar artunderlag,modeled_water_type_jamtland,fbde00b8544c0bdf064d
Jämtland,Börtnan Västra kfo,Skäftestjärnen,Sjö,J-STRUCT:b65f5cbef119eb8e6c632222,UNRESOLVED,Saknar artunderlag,modeled_water_type_jamtland,cf0c8c766f8aa16b7c06
Jämtland,Börtnan Västra kfo,Stavbrännbäcken,Vattendrag,J-STRUCT:b1415966fe4f4ebe3e1ba529,UNRESOLVED,Saknar artunderlag,modeled_water_type_jamtland,6ad32efe152a369fcdad
Jämtland,Börtnan Västra kfo,Stentjärnen,Sjö,J-STRUCT:03fcf97de490121c81b24b74,UNRESOLVED,Saknar artunderlag,modeled_water_type_jamtland,ac2602909993048b4185
Jämtland,Börtnan Västra kfo,Storavan,Sjö,J-STRUCT:bc55c883cecf2a76d1fbf97d,UNRESOLVED,Saknar artunderlag,modeled_water_type_jamtland,c9d5c06cc3998cd46760
Jämtland,Börtnan Västra kfo,Storsjön,Sjö,J-STRUCT:ab2708a8f0f672d70284baed,UNRESOLVED,Saknar artunderlag,modeled_water_type_jamtland,0260900721b75f01c66f
Jämtland,Börtnan Västra kfo,Stortjärnen,Sjö,J-STRUCT:43c6f679eaea9ee6b848be82,UNRESOLVED,Saknar artunderlag,modeled_water_type_jamtland,391d0c5025bd1193138e
Jämtland,Börtnan Västra kfo,Storöringtjärnen,Sjö,J-STRUCT:c72aaf4506facdab18e9728e,UNRESOLVED,Saknar artunderlag,modeled_water_type_jamtland,406f7c59aadb850c55b3
Jämtland,Börtnan Västra kfo,Styggtjärnen,Sjö,J-STRUCT:243fe3b3bf9cec64ea9a998e,UNRESOLVED,Saknar artunderlag,modeled_water_type_jamtland,c21a471e420c11f2449f
Jämtland,Börtnan Västra kfo,Sven-Erstjärnen,Sjö,J-STRUCT:4e175a3297c64ae5f5483e15,UNRESOLVED,Saknar artunderlag,modeled_water_type_jamtland,cf96bc5b2dc7c14639c7
Jämtland,Börtnan Västra kfo,Ytterst-Bodsjön,Sjö,J-STRUCT:2e804aee2a9874f6873c2f0c,UNRESOLVED,Saknar artunderlag,modeled_water_type_jamtland,c1d0b77d20202d9f620b
Jämtland,Börtnan Västra kfo,Älgtjärnen,Sjö,J-STRUCT:a9c0f2697f1b969205513269,UNRESOLVED,Saknar artunderlag,modeled_water_type_jamtland,0f796935f24fa326c442
Jämtland,Börtnan Västra kfo,Öster-Mjöingen,Sjö,J-STRUCT:651ec6bea429b822b9e42383,UNRESOLVED,Saknar artunderlag,modeled_water_type_jamtland,132de445b6596193a9ec
Jämtland,Börtnan Västra kfo,Över-Råbergstjärnen,Sjö,J-STRUCT:d887e25e5518a80b30f7cdf2,UNRESOLVED,Saknar artunderlag,modeled_water_type_jamtland,ee490f631a4580a969aa
Jämtland,Dunnervattnets samff,Dunnervattnet,Sjö,J-STRUCT:c64724d5938cf92040f18f76,UNRESOLVED,Saknar artunderlag,modeled_water_type_jamtland,d7a76e392b9ba7863069
Jämtland,Dunnervattnets samff,Klumpsjöbäcken,Vattendrag,J-STRUCT:40abd8d27c05297a72306cb9,UNRESOLVED,Saknar artunderlag,modeled_water_type_jamtland,e56e6d608a51b5df7bd5
Jämtland,Dunnervattnets samff,Nyvattenbäcken,Vattendrag,J-STRUCT:84954df927540580be19f78a,UNRESOLVED,Saknar artunderlag,modeled_water_type_jamtland,812959ed293c70fcabda
Jämtland,Dunnervattnets samff,Svaningsån,Vattendrag,J-STRUCT:07938c2730914466480a6f78,UNRESOLVED,Saknar artunderlag,modeled_water_type_jamtland,401c9fb87a4fe0433da6
Jämtland,Fiskeklubben Droppen,Svarttjärnen,Sjö,J-STRUCT:7314d0a83185504a4885201b,UNRESOLVED,Saknar artunderlag,modeled_water_type_jamtland,a057684720ebef5cebc6
Jämtland,Fjällsjö fvof,Abborrtjärnen,Sjö,J-STRUCT:558b0e00d3ee1aa5530a68b8,UNRESOLVED,Saknar artunderlag,WATER_IDENTITY_WITH_FVO_LEVEL_MODEL,296d46e9795cd892ac08
Jämtland,Fjällsjö fvof,Abborrvattnet,Sjö,J-STRUCT:de2dbf4ee4fe40273ea62fd6,UNRESOLVED,Saknar artunderlag,WATER_IDENTITY_WITH_FVO_LEVEL_MODEL,51bf09364e22f34f0ce5
Jämtland,Fjällsjö fvof,Backesjön,Sjö,J-STRUCT:d77a76aeac6c1424c9307e48,UNRESOLVED,Saknar artunderlag,WATER_IDENTITY_WITH_FVO_LEVEL_MODEL,c1d0eb93ec4ee007c97b
Jämtland,Fjällsjö fvof,Bergsjöflärken,Sjö,J-STRUCT:5bc449fd0bb3245213813afa,UNRESOLVED,Saknar artunderlag,WATER_IDENTITY_WITH_FVO_LEVEL_MODEL,90a0cb0ad30c5f239942
Jämtland,Fjällsjö fvof,Bergsjöloken,Sjö,J-STRUCT:80b170524414c69c12a74977,UNRESOLVED,Saknar artunderlag,WATER_IDENTITY_WITH_FVO_LEVEL_MODEL,e77aa01f0bb22f69f1eb
Jämtland,Fjällsjö fvof,Bergsjömyrtjärnen,Sjö,J-STRUCT:056449a4fa7fa36339c0cd35,UNRESOLVED,Saknar artunderlag,WATER_IDENTITY_WITH_FVO_LEVEL_MODEL,691277d726d2c353e3ff
Jämtland,Fjällsjö fvof,Bergsjön,Sjö,J-STRUCT:39a7afc017da70fa6de8a73e,UNRESOLVED,Saknar artunderlag,WATER_IDENTITY_WITH_FVO_LEVEL_MODEL,858a8959678047318952
Jämtland,Fjällsjö fvof,Bjurbäcken,Vattendrag,J-STRUCT:643f365a0a8ce95aebd2abb5,UNRESOLVED,Saknar artunderlag,WATER_IDENTITY_WITH_FVO_LEVEL_MODEL,827fcb5e300fd546e512
Jämtland,Fjällsjö fvof,Bjurtjärnen,Sjö,J-STRUCT:004e04f8693b0283a0689274,UNRESOLVED,Saknar artunderlag,WATER_IDENTITY_WITH_FVO_LEVEL_MODEL,6b3fc0a95c3a6466fd3d
Jämtland,Fjällsjö fvof,Bjäsbäcktjärnen,Sjö,J-STRUCT:e71b29dc2e0e2fb669e3dea2,UNRESOLVED,Saknar artunderlag,WATER_IDENTITY_WITH_FVO_LEVEL_MODEL,268bcee8ff558f51a157
Jämtland,Fjällsjö fvof,Björntjärnen,Sjö,J-STRUCT:1ef7ce8e4114abbd93038fbf,UNRESOLVED,Saknar artunderlag,WATER_IDENTITY_WITH_FVO_LEVEL_MODEL,4b69ef7dfd86f5bff68c
Jämtland,Fjällsjö fvof,Blåtjärnen,Sjö,J-STRUCT:d7a6a842dccf883c295e8d6d,UNRESOLVED,Saknar artunderlag,WATER_IDENTITY_WITH_FVO_LEVEL_MODEL,07289bc607bba25bebb2
Jämtland,Fjällsjö fvof,Bodtjärnen,Sjö,J-STRUCT:5053f1d0bd5071d4a97abaa4,UNRESOLVED,Saknar artunderlag,WATER_IDENTITY_WITH_FVO_LEVEL_MODEL,43aacf533d56c815cdfe
Jämtland,Fjällsjö fvof,Bodtjärnen,Sjö,J-STRUCT:de8c5a68bbc04c0d6073651a,UNRESOLVED,Saknar artunderlag,WATER_IDENTITY_WITH_FVO_LEVEL_MODEL,7f9e3b8ba398be9c379b
Jämtland,Fjällsjö fvof,Bomtjärnen,Sjö,J-STRUCT:48709c869be88fd02de620b7,UNRESOLVED,Saknar artunderlag,WATER_IDENTITY_WITH_FVO_LEVEL_MODEL,3a4f789f83a0c6970427
Jämtland,Fjällsjö fvof,Brattmyrtjärnen,Sjö,J-STRUCT:600a13c027be936eaf0eb772,UNRESOLVED,Saknar artunderlag,WATER_IDENTITY_WITH_FVO_LEVEL_MODEL,ccc0f475ebbce975847f
Jämtland,Fjällsjö fvof,Bulltjärnbäcken,Vattendrag,J-STRUCT:3e478029e82863b6959cfc77,UNRESOLVED,Saknar artunderlag,WATER_IDENTITY_WITH_FVO_LEVEL_MODEL,d0da83f0ce894ce5af90
Jämtland,Fjällsjö fvof,Bulltjärnen,Sjö,J-STRUCT:51e6d8f9fba4c186f281f7e9,UNRESOLVED,Saknar artunderlag,WATER_IDENTITY_WITH_FVO_LEVEL_MODEL,0cab9b74805587b1c407
Jämtland,Fjällsjö fvof,Djuptjärnen,Sjö,J-STRUCT:ea2602e4795a06865ac1caba,UNRESOLVED,Saknar artunderlag,WATER_IDENTITY_WITH_FVO_LEVEL_MODEL,d9ce463c2c5b009b4968
Jämtland,Fjällsjö fvof,Dragasjöbäcken,Vattendrag,J-STRUCT:b70a81a030160917de785a79,UNRESOLVED,Saknar artunderlag,WATER_IDENTITY_WITH_FVO_LEVEL_MODEL,562ceddcc9189e97f753
Jämtland,Fjällsjö fvof,Erik-Olovstjärnen,Sjö,J-STRUCT:00d998cfe8711cbff490c7ed,UNRESOLVED,Saknar artunderlag,WATER_IDENTITY_WITH_FVO_LEVEL_MODEL,271d6806bb66dc0b973d
Jämtland,Fjällsjö fvof,Flärken,Sjö,J-STRUCT:41b50e3e0f742ada01a1c1ea,UNRESOLVED,Saknar artunderlag,WATER_IDENTITY_WITH_FVO_LEVEL_MODEL,e0374f7f85c2db65ebf0
Jämtland,Fjällsjö fvof,Gammrågan,Sjö,J-STRUCT:91e28101f26007cbc695c648,UNRESOLVED,Saknar artunderlag,WATER_IDENTITY_WITH_FVO_LEVEL_MODEL,b75904c6e08e78aef031
Jämtland,Fjällsjö fvof,Godhålstjärnen,Sjö,J-STRUCT:0d74a5ae27bd1cf5c715b407,UNRESOLVED,Saknar artunderlag,WATER_IDENTITY_WITH_FVO_LEVEL_MODEL,622055750e4c7f2f3c46
Jämtland,Fjällsjö fvof,Gransjötjärnen,Sjö,J-STRUCT:0aa7538edc257d52e798cac3,UNRESOLVED,Saknar artunderlag,WATER_IDENTITY_WITH_FVO_LEVEL_MODEL,838699b93a07cc51a4e2
Jämtland,Fjällsjö fvof,Gransjöån,Vattendrag,J-STRUCT:3738fadb5f3716e07f8a2bf0,UNRESOLVED,Saknar artunderlag,WATER_IDENTITY_WITH_FVO_LEVEL_MODEL,91f1f78460996249feac
Jämtland,Fjällsjö fvof,Grubbmyrlokarna,Sjö,J-STRUCT:c5420a441a56e0cc32df3f0e,UNRESOLVED,Saknar artunderlag,WATER_IDENTITY_WITH_FVO_LEVEL_MODEL,42381205cf26b220a12c
Jämtland,Fjällsjö fvof,Grundtjärnen,Sjö,J-STRUCT:8cf87f0185005b44d4f419e4,UNRESOLVED,Saknar artunderlag,WATER_IDENTITY_WITH_FVO_LEVEL_MODEL,ab1f453ca60caa0b6ac1
Jämtland,Fjällsjö fvof,Grytåstjärnarna,Sjö,J-STRUCT:523a5f51edef99287ab805a8,UNRESOLVED,Saknar artunderlag,WATER_IDENTITY_WITH_FVO_LEVEL_MODEL,c1279b63beb5318270bb
Jämtland,Fjällsjö fvof,Grytåstjärnarna,Sjö,J-STRUCT:cd363657055bd135b6e475f0,UNRESOLVED,Saknar artunderlag,WATER_IDENTITY_WITH_FVO_LEVEL_MODEL,c6bcb3c6daa1d05db648
Jämtland,Fjällsjö fvof,Gråtartjärnen,Sjö,J-STRUCT:a548fc049166525dcbcb59ea,UNRESOLVED,Saknar artunderlag,WATER_IDENTITY_WITH_FVO_LEVEL_MODEL,d817eab1f47e0c50be34
Jämtland,Fjällsjö fvof,Grössjöloken,Sjö,J-STRUCT:2b8ea71e3a91ed2296f596ce,UNRESOLVED,Saknar artunderlag,WATER_IDENTITY_WITH_FVO_LEVEL_MODEL,a632d72ba3a578c6e038
Jämtland,Fjällsjö fvof,Grössjön,Sjö,J-STRUCT:311eef96abaa350a2caea9cd,UNRESOLVED,Saknar artunderlag,WATER_IDENTITY_WITH_FVO_LEVEL_MODEL,88e7fa44ab9e1c79fb21
Jämtland,Fjällsjö fvof,Gröttjärnbäcken,Vattendrag,J-STRUCT:5d2dd678787cac30f8520f07,UNRESOLVED,Saknar artunderlag,WATER_IDENTITY_WITH_FVO_LEVEL_MODEL,89315b3a62207c151da6
Jämtland,Fjällsjö fvof,Gäddtjärnen,Sjö,J-STRUCT:e8e00eb4a2dd6e61cfb8bc67,UNRESOLVED,Saknar artunderlag,WATER_IDENTITY_WITH_FVO_LEVEL_MODEL,6e89627c87f6ed692bc5
Jämtland,Fjällsjö fvof,Gäddvattnet,Sjö,J-STRUCT:fd7dcb8483c6ea8657ea35bb,UNRESOLVED,Saknar artunderlag,WATER_IDENTITY_WITH_FVO_LEVEL_MODEL,8535dabaf196bb97af15
Jämtland,Fjällsjö fvof,Gässtjärnen,Sjö,J-STRUCT:54be036b2ac8b515cf022a9c,UNRESOLVED,Saknar artunderlag,WATER_IDENTITY_WITH_FVO_LEVEL_MODEL,1271c5a710530cb34b52
Jämtland,Fjällsjö fvof,Gårdtjärnen,Sjö,J-STRUCT:b40c40df11ea0e7071133bd9,UNRESOLVED,Saknar artunderlag,WATER_IDENTITY_WITH_FVO_LEVEL_MODEL,28c4ebc966c8ba8c229c
Jämtland,Fjällsjö fvof,Holmtjärnen,Sjö,J-STRUCT:a17e40459bc8498a3dcf39d7,UNRESOLVED,Saknar artunderlag,WATER_IDENTITY_WITH_FVO_LEVEL_MODEL,980531fbb0bc887259b9
Jämtland,Fjällsjö fvof,Husmyrtjärnen,Sjö,J-STRUCT:7bd2c5f4e8d840565c14fcbb,UNRESOLVED,Saknar artunderlag,WATER_IDENTITY_WITH_FVO_LEVEL_MODEL,9cf53855115dad0e834b
Jämtland,Fjällsjö fvof,Håltjärnen,Sjö,J-STRUCT:77e77629e11e83b0ea42e315,UNRESOLVED,Saknar artunderlag,WATER_IDENTITY_WITH_FVO_LEVEL_MODEL,a35d8192d8f0ae0107b6
Jämtland,Fjällsjö fvof,Jansjömyrtjärnen,Sjö,J-STRUCT:e6d9c1c54d1f7c793ec5073d,UNRESOLVED,Saknar artunderlag,WATER_IDENTITY_WITH_FVO_LEVEL_MODEL,a4a0b0e377d40f98c493
Jämtland,Fjällsjö fvof,Jansjön,Sjö,J-STRUCT:2ee4b6fd8745afd21380ab94,UNRESOLVED,Saknar artunderlag,WATER_IDENTITY_WITH_FVO_LEVEL_MODEL,2b9a114c2e7f9aea2a3e
Jämtland,Fjällsjö fvof,Jansjönoret,Vattendrag,J-STRUCT:cd5e9233f519235d6cb342fe,UNRESOLVED,Saknar artunderlag,WATER_IDENTITY_WITH_FVO_LEVEL_MODEL,f126ef9ede26d2e3dfcf
Jämtland,Fjällsjö fvof,Joggmyrtjärnen,Sjö,J-STRUCT:9617fcc8c5387d563d6e2291,UNRESOLVED,Saknar artunderlag,WATER_IDENTITY_WITH_FVO_LEVEL_MODEL,e80f976cb47cf781b491
Jämtland,Fjällsjö fvof,Järphustjärnen,Sjö,J-STRUCT:ee28ee78bd2530d64cf73e77,UNRESOLVED,Saknar artunderlag,WATER_IDENTITY_WITH_FVO_LEVEL_MODEL,6615b3c800b2a29908b7
Jämtland,Fjällsjö fvof,Kalvkroken,Sjö,J-STRUCT:fffc3f3d548304a15d19c81f,UNRESOLVED,Saknar artunderlag,WATER_IDENTITY_WITH_FVO_LEVEL_MODEL,5043eb55c3666b7ee50e
Jämtland,Fjällsjö fvof,Kitteltjärnen,Sjö,J-STRUCT:4b2265bcfb29cb12ea537955,UNRESOLVED,Saknar artunderlag,WATER_IDENTITY_WITH_FVO_LEVEL_MODEL,f3d0d97b1f686cd530f4
Jämtland,Fjällsjö fvof,Koögat,Sjö,J-STRUCT:30529c0f2de37a483606cbbc,UNRESOLVED,Saknar artunderlag,WATER_IDENTITY_WITH_FVO_LEVEL_MODEL,1c8bdd8a7d3732ac3cc6
Jämtland,Fjällsjö fvof,Kråktjärnen,Sjö,J-STRUCT:9747d166465d8779f96fb3b1,UNRESOLVED,Saknar artunderlag,WATER_IDENTITY_WITH_FVO_LEVEL_MODEL,34ba4b89d0ce9c975ba4
Jämtland,Fjällsjö fvof,Kråkån,Vattendrag,J-STRUCT:e2d4911d44d6703fd8860536,UNRESOLVED,Saknar artunderlag,WATER_IDENTITY_WITH_FVO_LEVEL_MODEL,59452956b69fc63f395a
Jämtland,Fjällsjö fvof,Kulltjärnen,Sjö,J-STRUCT:09166130566207968efb07df,UNRESOLVED,Saknar artunderlag,WATER_IDENTITY_WITH_FVO_LEVEL_MODEL,373c222ffef29b735891
Jämtland,Fjällsjö fvof,Kvarnbäcken,Vattendrag,J-STRUCT:5dc2a33b65de65c665895ffb,UNRESOLVED,Saknar artunderlag,WATER_IDENTITY_WITH_FVO_LEVEL_MODEL,8eab5938f56eaa4e700d
Jämtland,Fjällsjö fvof,Kvarntjärnen,Sjö,J-STRUCT:fcb59621cbc0ba6023c8a681,UNRESOLVED,Saknar artunderlag,WATER_IDENTITY_WITH_FVO_LEVEL_MODEL,f72430672d2d733f451c
Jämtland,Fjällsjö fvof,Kyrkflotjärnen,Sjö,J-STRUCT:4874013bac445871d64474f2,UNRESOLVED,Saknar artunderlag,WATER_IDENTITY_WITH_FVO_LEVEL_MODEL,76e51c9b23295681631b
Jämtland,Fjällsjö fvof,Källmyrlokarna,Sjö,J-STRUCT:24123c4afd56d48ebea0cbf7,UNRESOLVED,Saknar artunderlag,WATER_IDENTITY_WITH_FVO_LEVEL_MODEL,10cf57f2ae83b3f4f6a4
Jämtland,Fjällsjö fvof,Källmyrlokarna,Sjö,J-STRUCT:3ede2eb15e1aad704faa083e,UNRESOLVED,Saknar artunderlag,WATER_IDENTITY_WITH_FVO_LEVEL_MODEL,d6f2c8a3c49215d62180
Jämtland,Fjällsjö fvof,Källmyrlokarna,Sjö,J-STRUCT:6bc60468e6221e95c199064b,UNRESOLVED,Saknar artunderlag,WATER_IDENTITY_WITH_FVO_LEVEL_MODEL,487dd0cf63c9e7aeccb4
Jämtland,Fjällsjö fvof,Källmyrlokarna,Sjö,J-STRUCT:7b9da386015d5c7cd17e4811,UNRESOLVED,Saknar artunderlag,WATER_IDENTITY_WITH_FVO_LEVEL_MODEL,eeecb59cf4321937fe79
Jämtland,Fjällsjö fvof,Källmyrlokarna,Sjö,J-STRUCT:f09ebc9ae4f62c097700ae5c,UNRESOLVED,Saknar artunderlag,WATER_IDENTITY_WITH_FVO_LEVEL_MODEL,461ad77b842eacc49823
Jämtland,Fjällsjö fvof,Källmyrtjärnen,Sjö,J-STRUCT:6925be93c6b5808f08fa6bff,UNRESOLVED,Saknar artunderlag,WATER_IDENTITY_WITH_FVO_LEVEL_MODEL,20fea251a434815d2d48
Jämtland,Fjällsjö fvof,Källmyrtjärnen,Sjö,J-STRUCT:947ee711752d19993a85d14e,UNRESOLVED,Saknar artunderlag,WATER_IDENTITY_WITH_FVO_LEVEL_MODEL,a95b7c4100df3cf5b3a5
Jämtland,Fjällsjö fvof,Lill-Bergsjön,Sjö,J-STRUCT:c8de03d67ce7e96039add0fb,UNRESOLVED,Saknar artunderlag,WATER_IDENTITY_WITH_FVO_LEVEL_MODEL,91f88464dc20054fa38e
Jämtland,Fjällsjö fvof,Lill-Lidtjärnen,Sjö,J-STRUCT:999b53f6b410bdc601ab94f2,UNRESOLVED,Saknar artunderlag,WATER_IDENTITY_WITH_FVO_LEVEL_MODEL,043ce10fd0d3843f4350
Jämtland,Fjällsjö fvof,Lill-Lindströmstjärnen,Sjö,J-STRUCT:423d278fa9ae705346818c8f,UNRESOLVED,Saknar artunderlag,WATER_IDENTITY_WITH_FVO_LEVEL_MODEL,9cac6297aa77c8f2a442
Jämtland,Fjällsjö fvof,Lill-Lätjärnen,Sjö,J-STRUCT:a776bf7950131746da7df993,UNRESOLVED,Saknar artunderlag,WATER_IDENTITY_WITH_FVO_LEVEL_MODEL,4d838f2eabb5c26c53fe
Jämtland,Fjällsjö fvof,Lill-Mörttjärnen,Sjö,J-STRUCT:93de60afbbe1a12903fe606e,UNRESOLVED,Saknar artunderlag,WATER_IDENTITY_WITH_FVO_LEVEL_MODEL,a0665caa85084f3bbdc5
Jämtland,Fjällsjö fvof,Lillforsen,Vattendrag,J-STRUCT:a89f211a71b6ecd00a7abae6,UNRESOLVED,Saknar artunderlag,WATER_IDENTITY_WITH_FVO_LEVEL_MODEL,e7f65478147d48c82be0
Jämtland,Fjällsjö fvof,Lilltjärnen,Sjö,J-STRUCT:5e2fd82972febd9fe2dae70c,UNRESOLVED,Saknar artunderlag,WATER_IDENTITY_WITH_FVO_LEVEL_MODEL,f3245d82f7b9fc8ae8e3
Jämtland,Fjällsjö fvof,Ljustjärnen,Sjö,J-STRUCT:b7c544a92fbf5e68c3bf7fcc,UNRESOLVED,Saknar artunderlag,WATER_IDENTITY_WITH_FVO_LEVEL_MODEL,a10687c01655baeda870
Jämtland,Fjällsjö fvof,Lomhåltjärnen,Sjö,J-STRUCT:a16b8c0a3b5e562aed22dc89,UNRESOLVED,Saknar artunderlag,WATER_IDENTITY_WITH_FVO_LEVEL_MODEL,ab049c265d70f6e236d0
Jämtland,Fjällsjö fvof,Lomtjärnen,Sjö,J-STRUCT:94ff91e6b9f62beaabdbdfbf,UNRESOLVED,Saknar artunderlag,WATER_IDENTITY_WITH_FVO_LEVEL_MODEL,409bb514e97e50a53a7e
Jämtland,Fjällsjö fvof,Långtjärnen,Sjö,J-STRUCT:08f262c6cff142493073fc9f,UNRESOLVED,Saknar artunderlag,WATER_IDENTITY_WITH_FVO_LEVEL_MODEL,9ea7fba77cf6c3606449
Jämtland,Fjällsjö fvof,Lånvattentjärnen,Sjö,J-STRUCT:cb40ae0122b7ec9210e0f800,UNRESOLVED,Saknar artunderlag,WATER_IDENTITY_WITH_FVO_LEVEL_MODEL,3a2bcc14806cad9af136
Jämtland,Fjällsjö fvof,Mellerst-Svarttjärnen,Sjö,J-STRUCT:0aa8ebc154af5951c5ca35fb,UNRESOLVED,Saknar artunderlag,WATER_IDENTITY_WITH_FVO_LEVEL_MODEL,b4d2ae0437324fab49d0
Jämtland,Fjällsjö fvof,Midskogstjärnen,Sjö,J-STRUCT:9f830af7af0676c10a81c907,UNRESOLVED,Saknar artunderlag,WATER_IDENTITY_WITH_FVO_LEVEL_MODEL,ea12d10e1ca35805739f
Jämtland,Fjällsjö fvof,Moggsjöbodtjärnen,Sjö,J-STRUCT:85b87a4cba36cccd36ad1824,UNRESOLVED,Saknar artunderlag,WATER_IDENTITY_WITH_FVO_LEVEL_MODEL,9a4537f789023b8c5049
Jämtland,Fjällsjö fvof,Moggsjöbäcken,Vattendrag,J-STRUCT:a700c3299e57250c5182ac3a,UNRESOLVED,Saknar artunderlag,WATER_IDENTITY_WITH_FVO_LEVEL_MODEL,7a50eda44b9065260a11
Jämtland,Fjällsjö fvof,Moggsjön,Sjö,J-STRUCT:0efc0772ed2fedfe5a5c47ed,UNRESOLVED,Saknar artunderlag,WATER_IDENTITY_WITH_FVO_LEVEL_MODEL,324454eb12cb7d4d3a9c
Jämtland,Fjällsjö fvof,Mossatjärnen,Sjö,J-STRUCT:c7973d3f451e9462cc588f06,UNRESOLVED,Saknar artunderlag,WATER_IDENTITY_WITH_FVO_LEVEL_MODEL,706eed11c80116e1d865
Jämtland,Fjällsjö fvof,Mörtsjöbäcken,Vattendrag,J-STRUCT:c113f795aa4bf2b822e90e7f,UNRESOLVED,Saknar artunderlag,WATER_IDENTITY_WITH_FVO_LEVEL_MODEL,e76ee690b16b88462c3d
Jämtland,Fjällsjö fvof,Namnlöstjärnen,Sjö,J-STRUCT:402e20d6b7b64dd4b743a920,UNRESOLVED,Saknar artunderlag,WATER_IDENTITY_WITH_FVO_LEVEL_MODEL,9e0ffeeb2c053f0a3484
Jämtland,Fjällsjö fvof,Namnlöstjärnen,Sjö,J-STRUCT:996a8349f88d4de31c894f40,UNRESOLVED,Saknar artunderlag,WATER_IDENTITY_WITH_FVO_LEVEL_MODEL,00df92fe5c110a4e703d
Jämtland,Fjällsjö fvof,Nedre Svarttjärnen,Sjö,J-STRUCT:bf50f8e3dc5c87743b8d8a65,UNRESOLVED,Saknar artunderlag,WATER_IDENTITY_WITH_FVO_LEVEL_MODEL,61efb33a06d2bcc8c2c2
Jämtland,Fjällsjö fvof,Nordån,Vattendrag,J-STRUCT:7c696a314b8faa9476cb819a,UNRESOLVED,Saknar artunderlag,WATER_IDENTITY_WITH_FVO_LEVEL_MODEL,44e487ae7e6d8de32138
Jämtland,Fjällsjö fvof,Norstadtjärnen,Sjö,J-STRUCT:f95ec7d5a0ae2e562e0af0d2,UNRESOLVED,Saknar artunderlag,WATER_IDENTITY_WITH_FVO_LEVEL_MODEL,ba66baee5d959ab91d0f
Jämtland,Fjällsjö fvof,Nördloken,Sjö,J-STRUCT:e51de08a54b25f45c1facd29,UNRESOLVED,Saknar artunderlag,WATER_IDENTITY_WITH_FVO_LEVEL_MODEL,2b2fb18a19fd50a6625d
Jämtland,Fjällsjö fvof,Olletjärnen,Sjö,J-STRUCT:8007d150d854b22e330953e7,UNRESOLVED,Saknar artunderlag,WATER_IDENTITY_WITH_FVO_LEVEL_MODEL,8af1244fe3c3b85af6fe
Jämtland,Fjällsjö fvof,Oxögat,Sjö,J-STRUCT:c68d8b699d4714457ef8f998,UNRESOLVED,Saknar artunderlag,WATER_IDENTITY_WITH_FVO_LEVEL_MODEL,7b4571ebe0f68244fb92
Jämtland,Fjällsjö fvof,Piptjärnen,Sjö,J-STRUCT:0b91c0091a640d67dd0b2ffa,UNRESOLVED,Saknar artunderlag,WATER_IDENTITY_WITH_FVO_LEVEL_MODEL,57b0675cf6eb3bc569b1
Jämtland,Fjällsjö fvof,Rinnån,Vattendrag,J-STRUCT:7cb14c579748f2434a718fa9,UNRESOLVED,Saknar artunderlag,WATER_IDENTITY_WITH_FVO_LEVEL_MODEL,07cc29ddd24ee1b0977e
Jämtland,Fjällsjö fvof,Rödflotjärnen,Sjö,J-STRUCT:58690d23fe96f3c631baf9ef,UNRESOLVED,Saknar artunderlag,WATER_IDENTITY_WITH_FVO_LEVEL_MODEL,630f060025ebf2d19294
Jämtland,Fjällsjö fvof,Rörfloloken,Sjö,J-STRUCT:727bc0ec3c5872e2e897b47b,UNRESOLVED,Saknar artunderlag,WATER_IDENTITY_WITH_FVO_LEVEL_MODEL,e28e35a0e03cec5c46c5
Jämtland,Fjällsjö fvof,Rörtjärnen,Sjö,J-STRUCT:3b49cf43d1fb9e40aed4e1da,UNRESOLVED,Saknar artunderlag,WATER_IDENTITY_WITH_FVO_LEVEL_MODEL,e6c1deeac3e65f5319ff
Jämtland,Fjällsjö fvof,Sabbsjöbäcken,Vattendrag,J-STRUCT:81be8d8966290dbb91f13f99,UNRESOLVED,Saknar artunderlag,WATER_IDENTITY_WITH_FVO_LEVEL_MODEL,b26b96439d501fdd8bd8
Jämtland,Fjällsjö fvof,Sabbsjöbäcken,Vattendrag,J-STRUCT:dd6a7b0d4e1c26cf2313e187,UNRESOLVED,Saknar artunderlag,WATER_IDENTITY_WITH_FVO_LEVEL_MODEL,864dec5230e62407c25b
Jämtland,Fjällsjö fvof,Sabbsjön,Sjö,J-STRUCT:8a9457fb32d12b365194e3fc,UNRESOLVED,Saknar artunderlag,WATER_IDENTITY_WITH_FVO_LEVEL_MODEL,547511bc29ccae92363d
Jämtland,Fjällsjö fvof,Skarpabborrtjärnen,Sjö,J-STRUCT:bf3181d049cf21ab28f6bbac,UNRESOLVED,Saknar artunderlag,WATER_IDENTITY_WITH_FVO_LEVEL_MODEL,5b8f7bf80124292e2591
Jämtland,Fjällsjö fvof,Skirsjöån,Vattendrag,J-STRUCT:0cf3a9c4e21620f436ae1dfc,UNRESOLVED,Saknar artunderlag,WATER_IDENTITY_WITH_FVO_LEVEL_MODEL,cca797ce5efd84dc0072
Jämtland,Fjällsjö fvof,Småtjärnarna,Sjö,J-STRUCT:0595404a3fa62bf82f6cc8a9,UNRESOLVED,Saknar artunderlag,WATER_IDENTITY_WITH_FVO_LEVEL_MODEL,dac05807301baf42babd
Jämtland,Fjällsjö fvof,Småtjärnarna,Sjö,J-STRUCT:1d10788e472ee93c5639de33,UNRESOLVED,Saknar artunderlag,WATER_IDENTITY_WITH_FVO_LEVEL_MODEL,5b7e5bd81716c1cc3afa
Jämtland,Fjällsjö fvof,Småtjärnarna,Sjö,J-STRUCT:1e6908b08f7cdc48266d3414,UNRESOLVED,Saknar artunderlag,WATER_IDENTITY_WITH_FVO_LEVEL_MODEL,d976c9600b36c75494be
Jämtland,Fjällsjö fvof,Småtjärnarna,Sjö,J-STRUCT:8f1d7f02494a2b79ba5e236d,UNRESOLVED,Saknar artunderlag,WATER_IDENTITY_WITH_FVO_LEVEL_MODEL,49ccc95878abc746c07b
Jämtland,Fjällsjö fvof,Småtjärnarna,Sjö,J-STRUCT:fb5994a5fad97f17a49bc98b,UNRESOLVED,Saknar artunderlag,WATER_IDENTITY_WITH_FVO_LEVEL_MODEL,a6b215f0d29f0df4401a
Jämtland,Fjällsjö fvof,Stampån,Vattendrag,J-STRUCT:3281fb5409b94b06b8a92463,UNRESOLVED,Saknar artunderlag,WATER_IDENTITY_WITH_FVO_LEVEL_MODEL,2eb5a4d8a1a28c2048ed
Jämtland,Fjällsjö fvof,Stenmyrtjärnen,Sjö,J-STRUCT:1b2120f59cb66871103a4572,UNRESOLVED,Saknar artunderlag,WATER_IDENTITY_WITH_FVO_LEVEL_MODEL,a5d364ff4ea102126463
Jämtland,Fjällsjö fvof,Stensvattentjärnen,Sjö,J-STRUCT:cd68db84bcab77e44fe13f33,UNRESOLVED,Saknar artunderlag,WATER_IDENTITY_WITH_FVO_LEVEL_MODEL,41712018afb03f2d3f9f
Jämtland,Fjällsjö fvof,Stensvattnet,Sjö,J-STRUCT:379452ef56c0190a4be287d2,UNRESOLVED,Saknar artunderlag,WATER_IDENTITY_WITH_FVO_LEVEL_MODEL,172e7def37da02bb3235
Jämtland,Fjällsjö fvof,Stentjärnen,Sjö,J-STRUCT:743a797c3da029ce0f87fa10,UNRESOLVED,Saknar artunderlag,WATER_IDENTITY_WITH_FVO_LEVEL_MODEL,7e41329ae62dff0de112
Jämtland,Fjällsjö fvof,Stor-Lidtjärnen,Sjö,J-STRUCT:68932e68a272aea3fd847622,UNRESOLVED,Saknar artunderlag,WATER_IDENTITY_WITH_FVO_LEVEL_MODEL,b4c78afe07eeb3507883
Jämtland,Fjällsjö fvof,Stor-Lindströmstjärnen,Sjö,J-STRUCT:8c078f9bb5b1a2f201d57256,UNRESOLVED,Saknar artunderlag,WATER_IDENTITY_WITH_FVO_LEVEL_MODEL,de4fb5d447bb7f4e9d2e
Jämtland,Fjällsjö fvof,Stor-Lätjärnen,Sjö,J-STRUCT:1807c37e80506646dcca281b,UNRESOLVED,Saknar artunderlag,WATER_IDENTITY_WITH_FVO_LEVEL_MODEL,99c8967240d949a52648
Jämtland,Fjällsjö fvof,Stor-Mörttjärnen,Sjö,J-STRUCT:90211319c2e14d330016e486,UNRESOLVED,Saknar artunderlag,WATER_IDENTITY_WITH_FVO_LEVEL_MODEL,fdb218fc6b5e9a23f506
Jämtland,Fjällsjö fvof,Stor-Älgsjön,Sjö,J-STRUCT:d65e8a73b82678b5027530d9,UNRESOLVED,Saknar artunderlag,WATER_IDENTITY_WITH_FVO_LEVEL_MODEL,e47e78351f723ad27a11
Jämtland,Fjällsjö fvof,Storforsen,Vattendrag,J-STRUCT:00a3ad69e94b8e84987f49ec,UNRESOLVED,Saknar artunderlag,WATER_IDENTITY_WITH_FVO_LEVEL_MODEL,adf698262e587f75a2f1
Jämtland,Fjällsjö fvof,Stormyrtjärnen,Sjö,J-STRUCT:361c771e84424e465354a2c4,UNRESOLVED,Saknar artunderlag,WATER_IDENTITY_WITH_FVO_LEVEL_MODEL,cf1c79bf44ac223ddcdd
Jämtland,Fjällsjö fvof,Storstensvattnet,Sjö,J-STRUCT:2a30064d60c80c9caf1d9fd6,UNRESOLVED,Saknar artunderlag,WATER_IDENTITY_WITH_FVO_LEVEL_MODEL,44ffb83f62f0aa98b4e4
Jämtland,Fjällsjö fvof,Stortjärnen,Sjö,J-STRUCT:94de6b1b4d48173ce51320e2,UNRESOLVED,Saknar artunderlag,WATER_IDENTITY_WITH_FVO_LEVEL_MODEL,72ba2732d26f8445c44e
Jämtland,Fjällsjö fvof,Stortjärnen,Sjö,J-STRUCT:b6f0421808ea79842e65d47a,UNRESOLVED,Saknar artunderlag,WATER_IDENTITY_WITH_FVO_LEVEL_MODEL,c6317dfd44cfab909fbd
Jämtland,Fjällsjö fvof,Stortjärnlokarna,Sjö,J-STRUCT:18ce0d29908b31079090a30f,UNRESOLVED,Saknar artunderlag,WATER_IDENTITY_WITH_FVO_LEVEL_MODEL,7522612a1e6b62894b8e
Jämtland,Fjällsjö fvof,Stortjärnlokarna,Sjö,J-STRUCT:5112848d1abca893e9b87307,UNRESOLVED,Saknar artunderlag,WATER_IDENTITY_WITH_FVO_LEVEL_MODEL,8296a20fb15f43e96818
Jämtland,Fjällsjö fvof,Stuguvattnet,Sjö,J-STRUCT:92cacaf2ead39f4b4177a88b,UNRESOLVED,Saknar artunderlag,WATER_IDENTITY_WITH_FVO_LEVEL_MODEL,da7bf3ba9ade0005ed16
Jämtland,Fjällsjö fvof,Svartabborrtjärnen,Sjö,J-STRUCT:c007c1a0b7eb014095634c9c,UNRESOLVED,Saknar artunderlag,WATER_IDENTITY_WITH_FVO_LEVEL_MODEL,24154af0d6e8a68d6698
Jämtland,Fjällsjö fvof,Svartbergstjärnen,Sjö,J-STRUCT:9795161f4e132182b67b212e,UNRESOLVED,Saknar artunderlag,WATER_IDENTITY_WITH_FVO_LEVEL_MODEL,8148ebfc17ced0209719
Jämtland,Fjällsjö fvof,Svarttjärnen,Sjö,J-STRUCT:a425af68f0bad23effaf745a,UNRESOLVED,Saknar artunderlag,WATER_IDENTITY_WITH_FVO_LEVEL_MODEL,21315c36266fa6192714
Jämtland,Fjällsjö fvof,Svarttjärnen,Sjö,J-STRUCT:f18c1700129054645b2ae1c9,UNRESOLVED,Saknar artunderlag,WATER_IDENTITY_WITH_FVO_LEVEL_MODEL,18eb762f13186722bc9f
Jämtland,Fjällsjö fvof,Syskontjärnarna,Sjö,J-STRUCT:b7aa74b775993116a09f78dd,UNRESOLVED,Saknar artunderlag,WATER_IDENTITY_WITH_FVO_LEVEL_MODEL,cbe439c4e89e45d08653
Jämtland,Fjällsjö fvof,Sörloken,Sjö,J-STRUCT:081e4472f2e1874f8915d1e9,UNRESOLVED,Saknar artunderlag,WATER_IDENTITY_WITH_FVO_LEVEL_MODEL,f5a3a98aa9352eb7da7b
Jämtland,Fjällsjö fvof,Tarån,Vattendrag,J-STRUCT:243232114773ffa6b2ee8917,UNRESOLVED,Saknar artunderlag,WATER_IDENTITY_WITH_FVO_LEVEL_MODEL,2a78d2207fa3352470e2
Jämtland,Fjällsjö fvof,Tjöråtjärnen,Sjö,J-STRUCT:93cebd7eaa10d59b5f28b171,UNRESOLVED,Saknar artunderlag,WATER_IDENTITY_WITH_FVO_LEVEL_MODEL,3793a24257d9685dcedb
Jämtland,Fjällsjö fvof,Tjöråtjärnen,Sjö,J-STRUCT:fb2a743097bb333d95802938,UNRESOLVED,Saknar artunderlag,WATER_IDENTITY_WITH_FVO_LEVEL_MODEL,4254475ca97916183830
Jämtland,Fjällsjö fvof,Torsktjärnbäcken,Vattendrag,J-STRUCT:49e6d194b0cba93c7e1369c0,UNRESOLVED,Saknar artunderlag,WATER_IDENTITY_WITH_FVO_LEVEL_MODEL,12239108dc8267531d10
Jämtland,Fjällsjö fvof,Tuvtjärnen,Sjö,J-STRUCT:a373ed2b31a85b3cc5d6b627,UNRESOLVED,Saknar artunderlag,WATER_IDENTITY_WITH_FVO_LEVEL_MODEL,66d1378f474dca01550a
Jämtland,Fjällsjö fvof,Tågsjön,Sjö,J-STRUCT:b0cd65e08b2f40e34c73a6b6,UNRESOLVED,Saknar artunderlag,WATER_IDENTITY_WITH_FVO_LEVEL_MODEL,7ac52bcafeb000c1d114
Jämtland,Fjällsjö fvof,Vattudalstjärnen,Sjö,J-STRUCT:80f7988c2cf76873099732c8,UNRESOLVED,Saknar artunderlag,WATER_IDENTITY_WITH_FVO_LEVEL_MODEL,9d9db0da17dc15a2249c
Jämtland,Fjällsjö fvof,Väster-Grössjötjärne,Sjö,J-STRUCT:1f298cf1f386649f8dcaa0f0,UNRESOLVED,Saknar artunderlag,WATER_IDENTITY_WITH_FVO_LEVEL_MODEL,44770f66e032c9405e56
Jämtland,Fjällsjö fvof,Väster-Lapptjärnen,Sjö,J-STRUCT:a1c28d3f7afe27c8c3417867,UNRESOLVED,Saknar artunderlag,WATER_IDENTITY_WITH_FVO_LEVEL_MODEL,c6f8dfbbb0da9f19547f
Jämtland,Fjällsjö fvof,Väster-Långvattnet,Sjö,J-STRUCT:051f7c7bec515ba88ad5251f,UNRESOLVED,Saknar artunderlag,WATER_IDENTITY_WITH_FVO_LEVEL_MODEL,3e4f6c0ff5e0fb361597
Jämtland,Fjällsjö fvof,Väster-Silsjön,Sjö,J-STRUCT:700e40e5eeb5556ca86bdb54,UNRESOLVED,Saknar artunderlag,WATER_IDENTITY_WITH_FVO_LEVEL_MODEL,fb1143b0a2d5ade765fc
Jämtland,Fjällsjö fvof,Väster-Uddbärvattnet,Sjö,J-STRUCT:35a522428a723b337d1d00f8,UNRESOLVED,Saknar artunderlag,WATER_IDENTITY_WITH_FVO_LEVEL_MODEL,16b2ba875851ab8ff8be
Jämtland,Fjällsjö fvof,Västersjön,Sjö,J-STRUCT:02b8dcbe5042b453663a8f99,UNRESOLVED,Saknar artunderlag,WATER_IDENTITY_WITH_FVO_LEVEL_MODEL,d32462efcd992697034d
Jämtland,Fjällsjö fvof,Västra Brattmyrtjärnen,Sjö,J-STRUCT:5d451bb830f1f0a7d9cf4f1f,UNRESOLVED,Saknar artunderlag,WATER_IDENTITY_WITH_FVO_LEVEL_MODEL,93973e448dc73a5bc4e4
Jämtland,Fjällsjö fvof,Älggårdsbäcken,Vattendrag,J-STRUCT:b68cbc4fd476f63dd341254b,UNRESOLVED,Saknar artunderlag,WATER_IDENTITY_WITH_FVO_LEVEL_MODEL,b9b858e81812dddd1944
Jämtland,Fjällsjö fvof,Älggårdstjärnen,Sjö,J-STRUCT:2248c7f5dcb93735eba04a06,UNRESOLVED,Saknar artunderlag,WATER_IDENTITY_WITH_FVO_LEVEL_MODEL,57c36a86b66a487739af
Jämtland,Fjällsjö fvof,Älgsjötjärnen,Sjö,J-STRUCT:ffa41ec1113109b73fbfe761,UNRESOLVED,Saknar artunderlag,WATER_IDENTITY_WITH_FVO_LEVEL_MODEL,90327ca3d1258f55493a
Jämtland,Fjällsjö fvof,Åsjöbäcken,Vattendrag,J-STRUCT:551df9b410cdc13446f66dff,UNRESOLVED,Saknar artunderlag,WATER_IDENTITY_WITH_FVO_LEVEL_MODEL,70853135e2248b564c38
Jämtland,Fjällsjö fvof,Åsjömyrtjärnen,Sjö,J-STRUCT:4b4de15c0cdb68d3ab5a336e,UNRESOLVED,Saknar artunderlag,WATER_IDENTITY_WITH_FVO_LEVEL_MODEL,407f1656b9b6c05d2de0
Jämtland,Fjällsjö fvof,Åsjön,Sjö,J-STRUCT:f969b09c4ed1b8bd431906d0,UNRESOLVED,Saknar artunderlag,WATER_IDENTITY_WITH_FVO_LEVEL_MODEL,5a6a1a59f928c047746a
Jämtland,Fjällsjö fvof,Öster-Grössjötjärnen,Sjö,J-STRUCT:3abd448c1e6b2ceec48ca9a8,UNRESOLVED,Saknar artunderlag,WATER_IDENTITY_WITH_FVO_LEVEL_MODEL,604759518a0f6918fd54
Jämtland,Fjällsjö fvof,Öster-Jansjön,Sjö,J-STRUCT:8d2ebd546daa5e7ffb833ac6,UNRESOLVED,Saknar artunderlag,WATER_IDENTITY_WITH_FVO_LEVEL_MODEL,f123e4ec16b8aa8fa220
Jämtland,Fjällsjö fvof,Öster-Lapptjärnen,Sjö,J-STRUCT:c78858fc92ff10b6ae021b78,UNRESOLVED,Saknar artunderlag,WATER_IDENTITY_WITH_FVO_LEVEL_MODEL,eeeb5cc9e34c461747f0
Jämtland,Fjällsjö fvof,Öster-Långvattnet,Sjö,J-STRUCT:fa71ff0958b6994b409b36fa,UNRESOLVED,Saknar artunderlag,WATER_IDENTITY_WITH_FVO_LEVEL_MODEL,bd26e2582d1afb0c8eb7
Jämtland,Fjällsjö fvof,Öster-Uddbärvattnet,Sjö,J-STRUCT:3061556b36e439748e89139d,UNRESOLVED,Saknar artunderlag,WATER_IDENTITY_WITH_FVO_LEVEL_MODEL,231047c6b1273dc85054
Jämtland,Fjällsjö fvof,Östra Brattmyrtjärnen,Sjö,J-STRUCT:302e0d9fd86520c95f2a54e8,UNRESOLVED,Saknar artunderlag,WATER_IDENTITY_WITH_FVO_LEVEL_MODEL,039079df378b5725d91d
Jämtland,Fjällsjö fvof,Östvattenbäcken,Vattendrag,J-STRUCT:2283a545315b931221b07100,UNRESOLVED,Saknar artunderlag,WATER_IDENTITY_WITH_FVO_LEVEL_MODEL,c893c010509f5c547a50
Jämtland,Fjällsjö fvof,Övre Svarttjärnen,Sjö,J-STRUCT:2a7ed64380fea4dcaefd9094,UNRESOLVED,Saknar artunderlag,WATER_IDENTITY_WITH_FVO_LEVEL_MODEL,4a982e2bb8400e2c627c
Jämtland,Frostvikens sportfiskeklubb,Bleriken,Sjö,J-STRUCT:91f3b9294cd8c0d71d5aaa87,UNRESOLVED,Saknar artunderlag,modeled_water_type_jamtland,566b38b81a9d9438d45f
Jämtland,Frostvikens sportfiskeklubb,Bodtjärnen,Sjö,J-STRUCT:ab6d14a2b5bce06147b1f248,UNRESOLVED,Saknar artunderlag,modeled_water_type_jamtland,05b2ab390e32ce93406a
Jämtland,Frostvikens sportfiskeklubb,Dödmanstjärnen,Sjö,J-STRUCT:862be13934bb2178e00c38f1,UNRESOLVED,Saknar artunderlag,modeled_water_type_jamtland,580bb0fce8d1c59f345d
Jämtland,Frostvikens sportfiskeklubb,Finnhusbäcken,Vattendrag,J-STRUCT:0c7cccb70774d295e9339b1a,UNRESOLVED,Saknar artunderlag,modeled_water_type_jamtland,c2c0c663ce35e6c15708
Jämtland,Frostvikens sportfiskeklubb,Goffartjärnen,Sjö,J-STRUCT:0a1fc5b6862f0bb2fc5b8d86,UNRESOLVED,Saknar artunderlag,modeled_water_type_jamtland,386d1574f29ca4199838
Jämtland,Frostvikens sportfiskeklubb,Grangen,Sjö,J-STRUCT:52f94a417c5e64ab536d74ff,UNRESOLVED,Saknar artunderlag,modeled_water_type_jamtland,48c9eb29d13446e5d6f9
Jämtland,Frostvikens sportfiskeklubb,Junsterbäcken,Vattendrag,J-STRUCT:bbef7c38edbd1f623be0b9ee,UNRESOLVED,Saknar artunderlag,modeled_water_type_jamtland,31a5cec6c4ea550a28e5
Jämtland,Frostvikens sportfiskeklubb,Kroktjärnen,Sjö,J-STRUCT:56e2ae3ce02df7afd3a5fdf3,UNRESOLVED,Saknar artunderlag,modeled_water_type_jamtland,9da56178634948cafeff
Jämtland,Frostvikens sportfiskeklubb,Långtjärnen,Sjö,J-STRUCT:16858529d9d627070307bbf7,UNRESOLVED,Saknar artunderlag,modeled_water_type_jamtland,c27d7f40ccdf10e829f8
Jämtland,Frostvikens sportfiskeklubb,Mossbäcken,Vattendrag,J-STRUCT:8fa22142f504a4635a59b839,UNRESOLVED,Saknar artunderlag,modeled_water_type_jamtland,033462fb4a593a6f0a85
Jämtland,Frostvikens sportfiskeklubb,Rörtjärnen,Sjö,J-STRUCT:afce6b720594af18b7bed69c,UNRESOLVED,Saknar artunderlag,modeled_water_type_jamtland,442b69b652a36b91026d
Jämtland,Frostvikens sportfiskeklubb,Rörtjärnsbäcken,Vattendrag,J-STRUCT:021c6a686096bb854554a70f,UNRESOLVED,Saknar artunderlag,modeled_water_type_jamtland,52af65a62dca90bd9afb
Jämtland,Frostvikens sportfiskeklubb,Storbäcken,Vattendrag,J-STRUCT:5113abda16f10971931de588,UNRESOLVED,Saknar artunderlag,modeled_water_type_jamtland,12f08f1ae88f5876b72f
Jämtland,Frostvikens sportfiskeklubb,Storöretjärnen,Sjö,J-STRUCT:c63d2f922af5748c09d2faaf,UNRESOLVED,Saknar artunderlag,modeled_water_type_jamtland,e4d37a18faa857aae575
Jämtland,Frostvikens sportfiskeklubb,Svarttjärnen,Sjö,J-STRUCT:c48858ce81615735c3ca25e5,UNRESOLVED,Saknar artunderlag,modeled_water_type_jamtland,7b56d9bf0fc54af121c6
Jämtland,Fröåtjärns fvof,Fröån,Vattendrag,J-STRUCT:56e3a51c8fd3ab6e7e625cc6,UNRESOLVED,Saknar artunderlag,WATER_IDENTITY_WITH_FVO_LEVEL_MODEL,b3821f8e421aec8fe8c2
Jämtland,Fröåtjärns fvof,Slagsån,Vattendrag,J-STRUCT:aaaee830d64825b7f7706081,UNRESOLVED,Saknar artunderlag,WATER_IDENTITY_WITH_FVO_LEVEL_MODEL,995eb75af601a4c3ac74
Jämtland,Fåssjö samff,Björntjärnen,Sjö,J-STRUCT:988d7bec4fff8e9ee31838a5,UNRESOLVED,Saknar artunderlag,modeled_water_type_jamtland,bb112f3f95f03b2619b6
Jämtland,Fåssjö samff,Blöttjärnarna,Sjö,J-STRUCT:48d638dffa65c9f294430401,UNRESOLVED,Saknar artunderlag,modeled_water_type_jamtland,850e38b8b531aab0e6b4
Jämtland,Fåssjö samff,Blöttjärnarna,Sjö,J-STRUCT:a111b1181e0d50a2b7f277f1,UNRESOLVED,Saknar artunderlag,modeled_water_type_jamtland,55a881d8422b9eba7d50
Jämtland,Fåssjö samff,Bröttjärnen,Sjö,J-STRUCT:25c04037db081d8a7d6c9e80,UNRESOLVED,Saknar artunderlag,modeled_water_type_jamtland,0f7ac32f34e377f72b2b
Jämtland,Fåssjö samff,Busjön,Sjö,J-STRUCT:2030a1f4871bc579d27584fe,UNRESOLVED,Saknar artunderlag,modeled_water_type_jamtland,09efd7dcd4e35ce46226
Jämtland,Fåssjö samff,Flarksjön,Sjö,J-STRUCT:fdcc3d545f3efdc83cace5c7,UNRESOLVED,Saknar artunderlag,modeled_water_type_jamtland,e889c375cea37df5d5eb
Jämtland,Fåssjö samff,Fåssjö,Sjö,J-STRUCT:1d12b81cebb12b671f5b5299,UNRESOLVED,Saknar artunderlag,modeled_water_type_jamtland,10b016165f959222ae6c
Jämtland,Fåssjö samff,Fåssjöån,Vattendrag,J-STRUCT:af7a2130f494ca93f27cbeb2,UNRESOLVED,Saknar artunderlag,modeled_water_type_jamtland,4a49b01255e47a8c46c8
Jämtland,Fåssjö samff,Grubbsjön,Sjö,J-STRUCT:a2c5901d0eab9b918c45659d,UNRESOLVED,Saknar artunderlag,modeled_water_type_jamtland,30479156b04ce47fd4f4
Jämtland,Fåssjö samff,Grytsjön,Sjö,J-STRUCT:9da980dc40f195afc73f4697,UNRESOLVED,Saknar artunderlag,modeled_water_type_jamtland,181d579508b0413f66c6
Jämtland,Fåssjö samff,Gäddtjärnarna,Sjö,J-STRUCT:2717fab3f7c640895169ff09,UNRESOLVED,Saknar artunderlag,modeled_water_type_jamtland,9b9bc60238b070aa6451
Jämtland,Fåssjö samff,Gäddtjärnarna,Sjö,J-STRUCT:888909d496c44466b6da445c,UNRESOLVED,Saknar artunderlag,modeled_water_type_jamtland,c862f99d5bae09c96611
Jämtland,Fåssjö samff,Göstjärnbäcken,Vattendrag,J-STRUCT:04de45a61a18d4728d225b6b,UNRESOLVED,Saknar artunderlag,modeled_water_type_jamtland,0ca2abb2aa2573b90af5
Jämtland,Fåssjö samff,Göstjärnen,Sjö,J-STRUCT:8d09878d4abb0372642498ca,UNRESOLVED,Saknar artunderlag,modeled_water_type_jamtland,dcdde2e09bb45d6370ec
Jämtland,Fåssjö samff,Havern,Sjö,J-STRUCT:ac9dc4f2d55b4b13881c7419,UNRESOLVED,Saknar artunderlag,modeled_water_type_jamtland,15684114942bd05f875d
Jämtland,Fåssjö samff,Karsvattnet,Sjö,J-STRUCT:03fa92f0f508ac07314fa0d1,UNRESOLVED,Saknar artunderlag,modeled_water_type_jamtland,0228a29b2464db6c3af7
Jämtland,Fåssjö samff,Klemmesån,Vattendrag,J-STRUCT:4e6a1a4ab62404d56584f40f,UNRESOLVED,Saknar artunderlag,modeled_water_type_jamtland,fe6d01a2c89ce0dae9d2
Jämtland,Fåssjö samff,Känneån,Vattendrag,J-STRUCT:6b76ed6c367f8cad48b0afec,UNRESOLVED,Saknar artunderlag,modeled_water_type_jamtland,75da88a090b54805cb76
Jämtland,Fåssjö samff,Lill-Råtjärnen,Sjö,J-STRUCT:320a03606e56d3c030e4b228,UNRESOLVED,Saknar artunderlag,modeled_water_type_jamtland,5023dd31fa95596a157a
Jämtland,Fåssjö samff,Lill-Åtjärnen,Sjö,J-STRUCT:ca6f8bcd49280ce7db5352f1,UNRESOLVED,Saknar artunderlag,modeled_water_type_jamtland,927de5460cd31c60ce5f
Jämtland,Fåssjö samff,Lilltjärnen,Sjö,J-STRUCT:7c7c01152c8f78a6c7575fb5,UNRESOLVED,Saknar artunderlag,modeled_water_type_jamtland,1c0d1f9ddff4cd7c313b
Jämtland,Fåssjö samff,Mickeltjärnen,Sjö,J-STRUCT:d4bd50a3a7300c23e1cb199b,UNRESOLVED,Saknar artunderlag,modeled_water_type_jamtland,da3ae771ce43794c530b
Jämtland,Fåssjö samff,Mullbergstjärnen,Sjö,J-STRUCT:078044f86bac0f18262d9fa7,UNRESOLVED,Saknar artunderlag,modeled_water_type_jamtland,cccf161ed0aa1ddb3bc1
Jämtland,Fåssjö samff,Målsvattnet,Sjö,J-STRUCT:458de8ea544a103172c8c45b,UNRESOLVED,Saknar artunderlag,modeled_water_type_jamtland,809ebfce848621e11be2
Jämtland,Fåssjö samff,Nybrukstjärnen,Sjö,J-STRUCT:38ac76d3caa0dfb2db9b5ba3,UNRESOLVED,Saknar artunderlag,modeled_water_type_jamtland,cb99bc03128836b5e3f3
Jämtland,Fåssjö samff,Närmovallokarna,Sjö,J-STRUCT:c250c1a209a2c09c7af70b7f,UNRESOLVED,Saknar artunderlag,modeled_water_type_jamtland,f953c781f83096d2b224
Jämtland,Fåssjö samff,Oxtjärnen,Sjö,J-STRUCT:b096a38c4fe0d81fc325cb63,UNRESOLVED,Saknar artunderlag,modeled_water_type_jamtland,6aad89fc2a09d7ea61af
Jämtland,Fåssjö samff,Pålstjärnen,Sjö,J-STRUCT:ac0dec0179c1116c59b4b819,UNRESOLVED,Saknar artunderlag,modeled_water_type_jamtland,9656be1e83ea89e8a197
Jämtland,Fåssjö samff,Rannmyrtjärnen,Sjö,J-STRUCT:5c603bf77d1a7c2b8321cbfe,UNRESOLVED,Saknar artunderlag,modeled_water_type_jamtland,e1e81816f1498dfd84f4
Jämtland,Fåssjö samff,Råbäcken,Vattendrag,J-STRUCT:596ccba1a63d9cddb46c7732,UNRESOLVED,Saknar artunderlag,modeled_water_type_jamtland,6f9d24f0a40682ad3ec1
Jämtland,Fåssjö samff,Råtjärnarna,Sjö,J-STRUCT:d3ab31b6aaffd970a253d2cb,UNRESOLVED,Saknar artunderlag,modeled_water_type_jamtland,733233567a91cb30b1c2
Jämtland,Fåssjö samff,Rörflotjärnen,Sjö,J-STRUCT:c24a6bd02f9cb4a5d12f725b,UNRESOLVED,Saknar artunderlag,modeled_water_type_jamtland,ab8ef070e16147db5bc9
Jämtland,Fåssjö samff,Röstbäcken,Vattendrag,J-STRUCT:57db41f9a1774cd659cc0303,UNRESOLVED,Saknar artunderlag,modeled_water_type_jamtland,0d49991dc6fe232692ef
Jämtland,Fåssjö samff,Skarpabborrtjärnen,Sjö,J-STRUCT:db7944c290173e9ae639e214,UNRESOLVED,Saknar artunderlag,modeled_water_type_jamtland,f050acaa69b946c52957
Jämtland,Fåssjö samff,Skruckmyrtjärnen,Sjö,J-STRUCT:210d7d5398f4535ab5de3a2b,UNRESOLVED,Saknar artunderlag,modeled_water_type_jamtland,ae78e9749c01f46b798a
Jämtland,Fåssjö samff,Skålvattnet,Sjö,J-STRUCT:ec7fc1ee9a9ee9626d7dec72,UNRESOLVED,Saknar artunderlag,modeled_water_type_jamtland,c4071934c765fae537d0
Jämtland,Fåssjö samff,Skålvattstjärnen,Sjö,J-STRUCT:2ecddb181b6205470922bf19,UNRESOLVED,Saknar artunderlag,modeled_water_type_jamtland,9762cec1c9ccaee63644
Jämtland,Fåssjö samff,Slåttjärnen,Sjö,J-STRUCT:cca45330ffb1c71e4e4a9296,UNRESOLVED,Saknar artunderlag,modeled_water_type_jamtland,efd7a85a34410e58265d
Jämtland,Fåssjö samff,Småtjärnarna,Sjö,J-STRUCT:592024b3043ff3437ecee78c,UNRESOLVED,Saknar artunderlag,modeled_water_type_jamtland,1bc7f24845742e330d7b
Jämtland,Fåssjö samff,Småtjärnarna,Sjö,J-STRUCT:c226491138774e12f6ae0100,UNRESOLVED,Saknar artunderlag,modeled_water_type_jamtland,62c0a38aedb42f8c089f
Jämtland,Fåssjö samff,Stavsjön,Sjö,J-STRUCT:afdce12f0ac2c59d5055d8e6,UNRESOLVED,Saknar artunderlag,modeled_water_type_jamtland,ff965380532372b128eb
Jämtland,Fåssjö samff,Stensjön,Sjö,J-STRUCT:7da0252f3cd2d0338ddeefa1,UNRESOLVED,Saknar artunderlag,modeled_water_type_jamtland,9331f97709778e8f9fd5
Jämtland,Fåssjö samff,Stensån,Vattendrag,J-STRUCT:4b32fc8f05d854174697a609,UNRESOLVED,Saknar artunderlag,modeled_water_type_jamtland,59fa54de62c72e51feb5
Jämtland,Fåssjö samff,Stor-Rösttjärnen,Sjö,J-STRUCT:0151c0809efd0801bcb48c91,UNRESOLVED,Saknar artunderlag,modeled_water_type_jamtland,02a7e141799f658c6a28
Jämtland,Fåssjö samff,Stor-Åtjärnen,Sjö,J-STRUCT:934b6c4ab0919c19077b4b9f,UNRESOLVED,Saknar artunderlag,modeled_water_type_jamtland,00e41a8f893586bd2f6b
Jämtland,Fåssjö samff,Sundsjön,Sjö,J-STRUCT:c71360afd1a1565c5021175e,UNRESOLVED,Saknar artunderlag,modeled_water_type_jamtland,0919cf165eff47d3cf9c
Jämtland,Fåssjö samff,Trolltjärnen,Sjö,J-STRUCT:b29ce8f1175eb6d1f2d4f781,UNRESOLVED,Saknar artunderlag,modeled_water_type_jamtland,daf8975c03570e1738b6
Jämtland,Fåssjö samff,Vanntjärnarna,Sjö,J-STRUCT:77c7e7b7f1fa6e1030447a03,UNRESOLVED,Saknar artunderlag,modeled_water_type_jamtland,07e1f31e99b4d07f3d42
Jämtland,Fåssjö samff,Vanntjärnarna,Sjö,J-STRUCT:cc7103a8ee7b92b77360faa7,UNRESOLVED,Saknar artunderlag,modeled_water_type_jamtland,bc872359f9cc49d51187
Jämtland,Fåssjö samff,Yttertjärnen,Sjö,J-STRUCT:28124e435c2dfa587b298bd2,UNRESOLVED,Saknar artunderlag,modeled_water_type_jamtland,49cc15a2ea03924fae1a
Jämtland,Fåssjö samff,Älgtjärnarna,Sjö,J-STRUCT:6c5060cb842ce9dcfcf0900e,UNRESOLVED,Saknar artunderlag,modeled_water_type_jamtland,a35925b56700bc3b2360
Jämtland,Fåssjö samff,Älgtjärnarna,Sjö,J-STRUCT:8827c97aa7d88c28059f8aff,UNRESOLVED,Saknar artunderlag,modeled_water_type_jamtland,15a48a5ed14810f18626
Jämtland,Fåssjö samff,Älgtjärnsån,Vattendrag,J-STRUCT:519feeff3238653e370b978f,UNRESOLVED,Saknar artunderlag,modeled_water_type_jamtland,c6453063f4ef3ba095c3
Jämtland,Fåssjö samff,Åkerstjärnen,Sjö,J-STRUCT:64cb040b0f20c90871b4630c,UNRESOLVED,Saknar artunderlag,modeled_water_type_jamtland,871f7cafa32bdd1f3645
Jämtland,Fåssjö samff,Åsmyrtjärnen,Sjö,J-STRUCT:4a631eaf47c10fe593cc571b,UNRESOLVED,Saknar artunderlag,modeled_water_type_jamtland,2b6ce2647e307314ed21
Jämtland,Fåssjö samff,Örasjön,Sjö,J-STRUCT:ab74dea496f1d53a797b36f1,UNRESOLVED,Saknar artunderlag,modeled_water_type_jamtland,8c45e894a28cec4fc525
Jämtland,Fåssjö samff,Övre Rösttjärnen,Sjö,J-STRUCT:a31d4f5ca86cdf024ed2dfaa,UNRESOLVED,Saknar artunderlag,modeled_water_type_jamtland,0d817ac48b23815de8a4
Jämtland,Gruckarnas fvf,Ekorrbäcken,Vattendrag,J-STRUCT:6699aeb079fe7771af6f71aa,UNRESOLVED,Saknar artunderlag,modeled_water_type_jamtland,8d3e3fdeb9c9d9f48db5
Jämtland,Gruckarnas fvf,Flåsjön,Sjö,J-STRUCT:2acc87e5d4a9dc729013af8e,UNRESOLVED,Saknar artunderlag,modeled_water_type_jamtland,ccbc92579481513d3df0
Jämtland,Gruckarnas fvf,Gruckhån,Sjö,J-STRUCT:13341df52dd7f3345a17f5a7,UNRESOLVED,Saknar artunderlag,modeled_water_type_jamtland,3f99a29a399e9cad3dfd
Jämtland,Gruckarnas fvf,Ljungan,Vattendrag,J-STRUCT:7911d37118391413906bbde8,UNRESOLVED,Saknar artunderlag,modeled_water_type_jamtland,d55c602138f00151f792
Jämtland,Gruckarnas fvf,Ringbrynnsbäcken,Vattendrag,J-STRUCT:aefc658089948480f09ef75a,UNRESOLVED,Saknar artunderlag,modeled_water_type_jamtland,d93bf3322351881f4755
Jämtland,Gruckarnas fvf,Rövran,Vattendrag,J-STRUCT:592e6abb61233535ea3197a4,UNRESOLVED,Saknar artunderlag,modeled_water_type_jamtland,07092c373cdffb1dc6e5
Jämtland,Gruckarnas fvf,Ytter-Grucken,Sjö,J-STRUCT:9b625ebb6bbaa3a55ddb75ff,UNRESOLVED,Saknar artunderlag,modeled_water_type_jamtland,23ac01d48a4b1d99f517
Jämtland,Gruckarnas fvf,Över-Grucken,Sjö,J-STRUCT:9f5b0102cb55bdfb29316a61,UNRESOLVED,Saknar artunderlag,modeled_water_type_jamtland,90552a4ef67cc2b23544
Jämtland,Gräpplingens samff,Högdalstjärnen,Sjö,J-STRUCT:f8019c17184305e843a7b6ea,UNRESOLVED,Saknar artunderlag,modeled_water_type_jamtland,75487a6fa57912681247
Jämtland,Gräpplingens samff,Killingtjärnen,Sjö,J-STRUCT:ea33931f99874ec7d637ca8d,UNRESOLVED,Saknar artunderlag,modeled_water_type_jamtland,7a1e857696a04d184ba8
Jämtland,Gräpplingens samff,Lill-Gräpplingen,Sjö,J-STRUCT:229f9d82fe9f7f0a19210256,UNRESOLVED,Saknar artunderlag,modeled_water_type_jamtland,598366a977f834b1c751
Jämtland,Gräpplingens samff,Lill-Offsjön,Sjö,J-STRUCT:965206671a7b66ed62b574ff,UNRESOLVED,Saknar artunderlag,modeled_water_type_jamtland,8d2b1b07153d36541583
Jämtland,Gräpplingens samff,Oxögat,Sjö,J-STRUCT:919d7d3e0cff577061eda318,UNRESOLVED,Saknar artunderlag,modeled_water_type_jamtland,4be4594e807732d0024d
Jämtland,Gräpplingens samff,Sandsbäcken,Vattendrag,J-STRUCT:411a5ce7ca124662dfe7f82a,UNRESOLVED,Saknar artunderlag,modeled_water_type_jamtland,73614c8283f2330abe29
Jämtland,Gräpplingens samff,Skaltjärnen,Sjö,J-STRUCT:b73b9698f03561cfcf146057,UNRESOLVED,Saknar artunderlag,modeled_water_type_jamtland,fb0297ba04a9bf9e2aba
Jämtland,Gräpplingens samff,Skårrån,Vattendrag,J-STRUCT:960ca2884ac58404d49f4f84,UNRESOLVED,Saknar artunderlag,modeled_water_type_jamtland,d0714d6fb5d27df96bd0
Jämtland,Gräpplingens samff,Stentjärnen,Sjö,J-STRUCT:eac6414b9a93997b11594af7,UNRESOLVED,Saknar artunderlag,modeled_water_type_jamtland,4de1d05ec0314e9ad0a6
Jämtland,Gräpplingens samff,Stor-Gräpplingen,Sjö,J-STRUCT:f1453f9ea6e9ccbaab02f076,UNRESOLVED,Saknar artunderlag,modeled_water_type_jamtland,f4eb045b9754a2d8d520
Jämtland,Gräpplingens samff,Stor-Offsjön,Sjö,J-STRUCT:ea6603357b5536625bd9ae04,UNRESOLVED,Saknar artunderlag,modeled_water_type_jamtland,4c6f5a8fda944821f224
Jämtland,Gräpplingens samff,Storbäcken,Vattendrag,J-STRUCT:b5ab49c1dcc417078bc01e0d,UNRESOLVED,Saknar artunderlag,modeled_water_type_jamtland,bb7d3f32a46d93d055d8
Jämtland,Gräpplingens samff,Svarttjärnen,Sjö,J-STRUCT:61f7fd7928b23ad7a5adc7bc,UNRESOLVED,Saknar artunderlag,modeled_water_type_jamtland,b0b0a0fb99793cf60ab1
Jämtland,Gräpplingens samff,Tarmen,Sjö,J-STRUCT:c225c207a1c1bd6b90d75f9f,UNRESOLVED,Saknar artunderlag,modeled_water_type_jamtland,06a4aea3616952f8a782
Jämtland,Gräpplingens samff,Tjärndalstjärnen,Sjö,J-STRUCT:34f42d251fb213826c1b0e1c,UNRESOLVED,Saknar artunderlag,modeled_water_type_jamtland,e853db4bc8b0e7899182
Jämtland,Gräpplingens samff,Topptjärnen,Sjö,J-STRUCT:7a839c6da3ba46b5dd93fe72,UNRESOLVED,Saknar artunderlag,modeled_water_type_jamtland,23109ee05bf9f0aabe0f
Jämtland,Gräpplingens samff,Ygyln,Sjö,J-STRUCT:8695396fc6b05361c713501d,UNRESOLVED,Saknar artunderlag,modeled_water_type_jamtland,39cdcdddc13d33b30fc2
Jämtland,Handöls skifteslag samff,Brattåsbäcken,Vattendrag,J-STRUCT:9127d15faaa606cf27b81901,UNRESOLVED,Saknar artunderlag,modeled_water_type_jamtland,fae5e3ac5bb5e0cf360d
Jämtland,Handöls skifteslag samff,Brännbäcken,Vattendrag,J-STRUCT:4fecb70bd85bc81879d87347,UNRESOLVED,Saknar artunderlag,modeled_water_type_jamtland,5633d9cdd08a3c397ef0
Jämtland,Handöls skifteslag samff,Dragsån,Vattendrag,J-STRUCT:759232a0e3d569203aa0d408,UNRESOLVED,Saknar artunderlag,modeled_water_type_jamtland,5246469f42f0b9546856
Jämtland,Handöls skifteslag samff,Enan,Vattendrag,J-STRUCT:caa2862ee704ff343517aced,UNRESOLVED,Saknar artunderlag,modeled_water_type_jamtland,d8b787c61f054cc627b9
Jämtland,Handöls skifteslag samff,Fiskbäcken,Vattendrag,J-STRUCT:35cc0a9f28da0dcd346df784,UNRESOLVED,Saknar artunderlag,modeled_water_type_jamtland,72af2addcf488b0910ff
Jämtland,Handöls skifteslag samff,Härängestjärnen,Sjö,J-STRUCT:26397810f20d99ceaabdaa72,UNRESOLVED,Saknar artunderlag,modeled_water_type_jamtland,6764fd122a10cfa9ab14
Jämtland,Handöls skifteslag samff,Hästskotjärnen,Sjö,J-STRUCT:73067fe8083a6b9f990edcd7,UNRESOLVED,Saknar artunderlag,modeled_water_type_jamtland,a3abb493b8fa668b6bb3
Jämtland,Handöls skifteslag samff,Indalsälven,Vattendrag,J-STRUCT:538932c8d2e470a3fe2812ae,UNRESOLVED,Saknar artunderlag,modeled_water_type_jamtland,b96cad3e8a889642b25f
Jämtland,Handöls skifteslag samff,Ingolvån,Vattendrag,J-STRUCT:5d8cfa68528bc63c5b3f61ba,UNRESOLVED,Saknar artunderlag,modeled_water_type_jamtland,7f9c3f648a3886e3060d
Jämtland,Handöls skifteslag samff,Lomtjärnen,Sjö,J-STRUCT:cd7e1b0001b28917287782df,UNRESOLVED,Saknar artunderlag,modeled_water_type_jamtland,6abc1a5bd933bb7242d4
Jämtland,Handöls skifteslag samff,Långtjärnen,Sjö,J-STRUCT:cfdcb346ab2e3607a4b251d4,UNRESOLVED,Saknar artunderlag,modeled_water_type_jamtland,d1d7d04080d4574a34c4
Jämtland,Handöls skifteslag samff,Myckelbäcken,Vattendrag,J-STRUCT:373344d2f1c592f19164e60b,UNRESOLVED,Saknar artunderlag,modeled_water_type_jamtland,0308c5bf74ecf42b9c51
Jämtland,Handöls skifteslag samff,Oppdalsbäcken,Vattendrag,J-STRUCT:c93db6934a0d5aa85249ddc5,UNRESOLVED,Saknar artunderlag,modeled_water_type_jamtland,d0d75f6c324c5fb6d150
Jämtland,Handöls skifteslag samff,Oppdalstjärnen,Sjö,J-STRUCT:1e426090c29c64dd0aa55717,UNRESOLVED,Saknar artunderlag,modeled_water_type_jamtland,7e611aa5b17ffc19696e
Jämtland,Handöls skifteslag samff,Pautatjärnen,Sjö,J-STRUCT:9207ef2eba1aa66c76fda257,UNRESOLVED,Saknar artunderlag,modeled_water_type_jamtland,59fb41b15e1a9c15b34b
Jämtland,Handöls skifteslag samff,Svarttjärnen,Sjö,J-STRUCT:e77476cb2c0b44faab4fac45,UNRESOLVED,Saknar artunderlag,modeled_water_type_jamtland,b815bc8a3cf09636eaf4
Jämtland,Handöls skifteslag samff,Sönner-Rensjön,Sjö,J-STRUCT:85854babd5445dc152d56177,UNRESOLVED,Saknar artunderlag,modeled_water_type_jamtland,aa0b1dc2a4e388b236a4
Jämtland,Handöls skifteslag samff,Vallbäcken,Vattendrag,J-STRUCT:9121f6288007829674438259,UNRESOLVED,Saknar artunderlag,modeled_water_type_jamtland,27c4184e79c10b45e854
Jämtland,Handöls skifteslag samff,Visjöån,Vattendrag,J-STRUCT:9681f544ca0c3f3f47ba2110,UNRESOLVED,Saknar artunderlag,modeled_water_type_jamtland,6c2de16c090e02cc353a
Jämtland,Handöls skifteslag samff,Åtjärnen,Sjö,J-STRUCT:de2d6dc319e4141a54b8f140,UNRESOLVED,Saknar artunderlag,modeled_water_type_jamtland,e06308ae78ed3fbd2ff5
Jämtland,Hede samff,Aftonbrynnet,Vattendrag,J-STRUCT:3ba7c27c1ce41bc16b767b1d,UNRESOLVED,Saknar artunderlag,modeled_water_type_jamtland,2ce264bc23a028c5fef0
Jämtland,Hede samff,Andåtjärnen,Sjö,J-STRUCT:95c55f1652fa6fcc15d582f7,UNRESOLVED,Saknar artunderlag,modeled_water_type_jamtland,e82f3f848ad96aa84866
Jämtland,Hede samff,Bjurbäcken,Vattendrag,J-STRUCT:5cab6207665df6fbfbc7a003,UNRESOLVED,Saknar artunderlag,modeled_water_type_jamtland,04c977c012403244a72e
Jämtland,Hede samff,Blankbäcken,Vattendrag,J-STRUCT:01b33506b8a22b3fcb0b5549,UNRESOLVED,Saknar artunderlag,modeled_water_type_jamtland,289b3681674539bfec31
Jämtland,Hede samff,Bockhammartjärnen,Sjö,J-STRUCT:880b832ca2077c4f6a985769,UNRESOLVED,Saknar artunderlag,modeled_water_type_jamtland,366c2b58ac392d9d5be5
Jämtland,Hede samff,Brottjärnen,Sjö,J-STRUCT:1df87aa8b153f5c0248169af,UNRESOLVED,Saknar artunderlag,modeled_water_type_jamtland,dc0220266f34b06f4be1
Jämtland,Hede samff,Brovalltjärnen,Sjö,J-STRUCT:c9134b61b0c5e0c519cab879,UNRESOLVED,Saknar artunderlag,modeled_water_type_jamtland,d5769b9d205b39f31d79
Jämtland,Hede samff,Brynnet,Vattendrag,J-STRUCT:653c62dde9054c26f74c386e,UNRESOLVED,Saknar artunderlag,modeled_water_type_jamtland,d36560387eea4a0d6355
Jämtland,Hede samff,Finkbäcken,Vattendrag,J-STRUCT:995336980e6d9aa23451e47c,UNRESOLVED,Saknar artunderlag,modeled_water_type_jamtland,58d85c75034f3eb0f2a3
Jämtland,Hede samff,Fittjebäcken,Vattendrag,J-STRUCT:5968d8635a1d93bdd5a7f81e,UNRESOLVED,Saknar artunderlag,modeled_water_type_jamtland,a45824b7fdad8239c5a7
Jämtland,Hede samff,Flöttjärnarna,Sjö,J-STRUCT:3749b258d4ed849d51bd9932,UNRESOLVED,Saknar artunderlag,modeled_water_type_jamtland,79785768258de5c3556f
Jämtland,Hede samff,Flöttjärnarna,Sjö,J-STRUCT:7f3be79e6550d6a850371cd1,UNRESOLVED,Saknar artunderlag,modeled_water_type_jamtland,2a63ab86bd0ebee2cd68
Jämtland,Hede samff,Flöttjärnarna,Sjö,J-STRUCT:864a0450ba2ca96f5dcd8cab,UNRESOLVED,Saknar artunderlag,modeled_water_type_jamtland,1e9203a46244e7c48b32
Jämtland,Hede samff,Flöttjärnarna,Sjö,J-STRUCT:abf1dbffac46e37c5f2cddf1,UNRESOLVED,Saknar artunderlag,modeled_water_type_jamtland,18cbce86a936a907e46e
Jämtland,Hede samff,Frägnstjärnen,Sjö,J-STRUCT:801827dbf27c65195215b0b9,UNRESOLVED,Saknar artunderlag,modeled_water_type_jamtland,27466f2f2b82fbd876af
Jämtland,Hede samff,Fröedutjärnen,Sjö,J-STRUCT:fa472680675dbc58f669a0b1,UNRESOLVED,Saknar artunderlag,modeled_water_type_jamtland,e5a9f07ab237d84ff666
Jämtland,Hede samff,Furubergstjärnen,Sjö,J-STRUCT:ebe707ccf1e8a60d5457dd81,UNRESOLVED,Saknar artunderlag,modeled_water_type_jamtland,f44acffb198cfafc33fa
Jämtland,Hede samff,Galttjärnen,Sjö,J-STRUCT:fe29c2e9be567363700c5c8d,UNRESOLVED,Saknar artunderlag,modeled_water_type_jamtland,ccfb7f1f219472c1bec0
Jämtland,Hede samff,Halvfardammen,Sjö,J-STRUCT:2483b427267f8a9b3c68249b,UNRESOLVED,Saknar artunderlag,modeled_water_type_jamtland,85f079fec65fa78c835b
Jämtland,Hede samff,Halvfartjärnen,Sjö,J-STRUCT:5c5ae4b8300bed2a92b694e4,UNRESOLVED,Saknar artunderlag,modeled_water_type_jamtland,0f473bd0b8c831092e9e
Jämtland,Hede samff,Haralden,Sjö,J-STRUCT:8f710eb022c90fd18f1d8205,UNRESOLVED,Saknar artunderlag,modeled_water_type_jamtland,f1564c7cb9894f6c26d1
Jämtland,Hede samff,Harrtjärnbäcken,Vattendrag,J-STRUCT:2d32ad706ebc7de0a4cf6e23,UNRESOLVED,Saknar artunderlag,modeled_water_type_jamtland,1983a35d3c24da76cba0
Jämtland,Hede samff,Hemsjöbrynnet,Vattendrag,J-STRUCT:8070b857c4a7f13632664361,UNRESOLVED,Saknar artunderlag,modeled_water_type_jamtland,198ae794aaa8e3303d93
Jämtland,Hede samff,Hemsjön,Sjö,J-STRUCT:f25f7fb75c192869d96681c7,UNRESOLVED,Saknar artunderlag,modeled_water_type_jamtland,8c8f89202f0395616fdc
Jämtland,Hede samff,Kattjärnen,Sjö,J-STRUCT:09bd9f0ec7d6e171f6fc71ba,UNRESOLVED,Saknar artunderlag,modeled_water_type_jamtland,27dbb5f2e48b3e42f8c5
Jämtland,Hede samff,Klacktjärnen,Sjö,J-STRUCT:c03c8ce31a5d647e53fd1feb,UNRESOLVED,Saknar artunderlag,modeled_water_type_jamtland,ecdd092deb2ead41e17f
Jämtland,Hede samff,Knättjärnen,Sjö,J-STRUCT:608522be95697aadeb9cf9a6,UNRESOLVED,Saknar artunderlag,modeled_water_type_jamtland,9d526fe2879bd9a5ac4a
Jämtland,Hede samff,Kvarnån,Vattendrag,J-STRUCT:286d4b5c8ece424019aa07d8,UNRESOLVED,Saknar artunderlag,modeled_water_type_jamtland,fab5bf8b8421fce2ad9d
Jämtland,Hede samff,Källbäcken,Vattendrag,J-STRUCT:b29d84ad2251e65477a9af52,UNRESOLVED,Saknar artunderlag,modeled_water_type_jamtland,a4f3fb3d3922e0aa07e9
Jämtland,Hede samff,Lill-Brottjärnen,Sjö,J-STRUCT:dbb00320368785a1d21ee68a,UNRESOLVED,Saknar artunderlag,modeled_water_type_jamtland,d780dc69038f161613d8
Jämtland,Hede samff,Lill-Rånden,Vattendrag,J-STRUCT:19029ad197fbfcb0abdf6d15,UNRESOLVED,Saknar artunderlag,modeled_water_type_jamtland,01b8b29763015ec135ef
Jämtland,Hede samff,Lill-Stalltjärnen,Sjö,J-STRUCT:51185dd1a5b60ac6617c257b,UNRESOLVED,Saknar artunderlag,modeled_water_type_jamtland,4f9d2ef0a80ed9bad45b
Jämtland,Hede samff,Lill-Öratjärnen,Sjö,J-STRUCT:2d530cc5711a2e8eaf9390b5,UNRESOLVED,Saknar artunderlag,modeled_water_type_jamtland,30ff390609651e771fb4
Jämtland,Hede samff,Lilltjärnen,Sjö,J-STRUCT:b5eb0174a0850e5fc92d2c22,UNRESOLVED,Saknar artunderlag,modeled_water_type_jamtland,bfed3548c96f9258e7c3
Jämtland,Hede samff,Ljusnan,Vattendrag,J-STRUCT:8327d3fdd8a9256b3e0d1d58,UNRESOLVED,Saknar artunderlag,modeled_water_type_jamtland,a8eafb50a373d359f5fe
Jämtland,Hede samff,Lunen,Vattendrag,J-STRUCT:fa5531b3f2bff4b83bacdcdc,UNRESOLVED,Saknar artunderlag,modeled_water_type_jamtland,70c31957cdd4ed79a788
Jämtland,Hede samff,Lunsjön,Sjö,J-STRUCT:3cd9e56422fabdf3add2e76a,UNRESOLVED,Saknar artunderlag,modeled_water_type_jamtland,d467bbd38c780674048d
Jämtland,Hede samff,Luntjärnen,Sjö,J-STRUCT:a57d19b516e2dd6e2d8d3479,UNRESOLVED,Saknar artunderlag,modeled_water_type_jamtland,13b54436944adc7d4406
Jämtland,Hede samff,Långtjärnen,Sjö,J-STRUCT:5654be779d569af1536380ab,UNRESOLVED,Saknar artunderlag,modeled_water_type_jamtland,71364b400908c29ab052
Jämtland,Hede samff,Magrassen,Sjö,J-STRUCT:7de89ade978d03ae68ba90ff,UNRESOLVED,Saknar artunderlag,modeled_water_type_jamtland,e8a9c0f0058e96e6a508
Jämtland,Hede samff,Mammerstjärnen,Sjö,J-STRUCT:4788dc48255ca9f2e01f0cb3,UNRESOLVED,Saknar artunderlag,modeled_water_type_jamtland,e9f1c93434767139fa47
Jämtland,Hede samff,Minnet,Vattendrag,J-STRUCT:90224a42f3bb0925b03aee09,UNRESOLVED,Saknar artunderlag,modeled_water_type_jamtland,4601c26c29763e4174e0
Jämtland,Hede samff,Nudsjön,Sjö,J-STRUCT:4d35cf5bd502873bb4712cc7,UNRESOLVED,Saknar artunderlag,modeled_water_type_jamtland,44a8ef197334200713ea
Jämtland,Hede samff,Nupan,Vattendrag,J-STRUCT:a8fd35d809495b0be12472c2,UNRESOLVED,Saknar artunderlag,modeled_water_type_jamtland,1d0b5416110a6243aec1
Jämtland,Hede samff,Nyhållbäcken,Vattendrag,J-STRUCT:e2ed2a87f27a47b68be3abb4,UNRESOLVED,Saknar artunderlag,modeled_water_type_jamtland,4cb87ec5a0ec11e10781
Jämtland,Hede samff,Orten,Sjö,J-STRUCT:b662548dbddd5a6d47f127a0,UNRESOLVED,Saknar artunderlag,modeled_water_type_jamtland,c2ff53f31e5c340a34cb
Jämtland,Hede samff,Ortjärnarna,Sjö,J-STRUCT:44241ac1622cd5ebe69863ee,UNRESOLVED,Saknar artunderlag,modeled_water_type_jamtland,ac969d1f31a6f184a0ca
Jämtland,Hede samff,Ortjärnarna,Sjö,J-STRUCT:be5d26cd3375a210a7ca346c,UNRESOLVED,Saknar artunderlag,modeled_water_type_jamtland,7ab62d15837dfd22e11a
Jämtland,Hede samff,Persmyrtjärnen,Sjö,J-STRUCT:3f42756334ac78e6410eb2e6,UNRESOLVED,Saknar artunderlag,modeled_water_type_jamtland,9f391f84036a737cab38
Jämtland,Hede samff,Prästflobäcken,Vattendrag,J-STRUCT:8254085dce3382a16429c5fd,UNRESOLVED,Saknar artunderlag,modeled_water_type_jamtland,26c94e10898c20897520
Jämtland,Hede samff,Ryan,Vattendrag,J-STRUCT:089419c536eccd8703b0a454,UNRESOLVED,Saknar artunderlag,modeled_water_type_jamtland,10d2e72cedfe7e4dd810
Jämtland,Hede samff,Rytjärnen,Sjö,J-STRUCT:2a61684487de35722ea5e8b7,UNRESOLVED,Saknar artunderlag,modeled_water_type_jamtland,3db0ebcca71e9689ad1f
Jämtland,Hede samff,Rytjärnen,Sjö,J-STRUCT:425893a38422a0abec99379a,UNRESOLVED,Saknar artunderlag,modeled_water_type_jamtland,ec75f9bedc663f41bce9
Jämtland,Hede samff,Rörtjärnen,Sjö,J-STRUCT:2eb0b177c1f6c2dbe639cb1c,UNRESOLVED,Saknar artunderlag,modeled_water_type_jamtland,8140ccb239ea6514d827
Jämtland,Hede samff,Röst-Olatjärnen,Sjö,J-STRUCT:5d2e25817c50741c8e3ef77b,UNRESOLVED,Saknar artunderlag,modeled_water_type_jamtland,03665a36488e8c1b16ca
Jämtland,Hede samff,Skärsjön,Sjö,J-STRUCT:ef9e1a1967af71ee6acc33d7,UNRESOLVED,Saknar artunderlag,modeled_water_type_jamtland,abd7dd5bf13a50590f72
Jämtland,Hede samff,Skärsjötjärnen,Sjö,J-STRUCT:e7c01ecb4d04095ed3a7cc63,UNRESOLVED,Saknar artunderlag,modeled_water_type_jamtland,6012cdead5c1eb68c5ac
Jämtland,Hede samff,Sodan,Vattendrag,J-STRUCT:c442363a70b0c11582f5cc98,UNRESOLVED,Saknar artunderlag,modeled_water_type_jamtland,9f34a73a2ebe34f9504a
Jämtland,Hede samff,Stockån,Vattendrag,J-STRUCT:e16298f43c9ea2825ad88ff8,UNRESOLVED,Saknar artunderlag,modeled_water_type_jamtland,11435ad6a68a548549d5
Jämtland,Hede samff,Stor-Stalltjärnen,Sjö,J-STRUCT:fb005f1f3361acc03f0a886b,UNRESOLVED,Saknar artunderlag,modeled_water_type_jamtland,e71083c76a5e3c443db3
Jämtland,Hede samff,Stor-Öratjärnen,Sjö,J-STRUCT:8e05cabb829826700539e576,UNRESOLVED,Saknar artunderlag,modeled_water_type_jamtland,8d267e0240a778c9981a
Jämtland,Hede samff,Stortjärnen,Sjö,J-STRUCT:b24da8a3c784bc0ecd58d86d,UNRESOLVED,Saknar artunderlag,modeled_water_type_jamtland,0da2e783e170b83d195e
Jämtland,Hede samff,Stöpsjön,Sjö,J-STRUCT:f94343059e573591103320ca,UNRESOLVED,Saknar artunderlag,modeled_water_type_jamtland,74b5ff8d55e74bb749d5
Jämtland,Hede samff,Svartåstjärnen,Sjö,J-STRUCT:e003bb15a3ef49add3720883,UNRESOLVED,Saknar artunderlag,modeled_water_type_jamtland,9535389f41459cf5982d
Jämtland,Hede samff,Särvan,Vattendrag,J-STRUCT:fb6939b0f743a83f8d47786b,UNRESOLVED,Saknar artunderlag,modeled_water_type_jamtland,e78aa342eaa463928c46
Jämtland,Hede samff,Sör-Veman,Vattendrag,J-STRUCT:be9005113024d5de7a6f2b07,UNRESOLVED,Saknar artunderlag,modeled_water_type_jamtland,2afaf733352ebd56e081
Jämtland,Hede samff,Torrbergsbäcken,Vattendrag,J-STRUCT:47430278480d8a4e41cf9c63,UNRESOLVED,Saknar artunderlag,modeled_water_type_jamtland,1cc2389e613c69b9ffb1
Jämtland,Hede samff,Tävjetjärnen,Sjö,J-STRUCT:a6a951c85ef98a68deda3e90,UNRESOLVED,Saknar artunderlag,modeled_water_type_jamtland,de90e29eee1f8ecb8388
Jämtland,Hede samff,Valmen,Vattendrag,J-STRUCT:b28f919cefd880bc8f56b584,UNRESOLVED,Saknar artunderlag,modeled_water_type_jamtland,09f3a88aeb8184ee1dea
Jämtland,Hede samff,Vitan,Vattendrag,J-STRUCT:75cb31cc7898c40e3273b3ca,UNRESOLVED,Saknar artunderlag,modeled_water_type_jamtland,c56e7806b9b99aa2a891
Jämtland,Hede samff,Vitåstjärnen,Sjö,J-STRUCT:927318b1dd470d011a9cbed4,UNRESOLVED,Saknar artunderlag,modeled_water_type_jamtland,fb9f1f20dab375a6bb99
Jämtland,Hede samff,Vägabäcken,Vattendrag,J-STRUCT:434be0e52c13a3e78605a37f,UNRESOLVED,Saknar artunderlag,modeled_water_type_jamtland,24d8c51be36e9c3d12ba
Jämtland,Hede samff,Västvalltjärnen,Sjö,J-STRUCT:26d12464a724910b25474f47,UNRESOLVED,Saknar artunderlag,modeled_water_type_jamtland,08a1e498c4ef66b9c6dd
Jämtland,Hede samff,Vålungsbäcken,Vattendrag,J-STRUCT:8c0bb655a4891100b42e3252,UNRESOLVED,Saknar artunderlag,modeled_water_type_jamtland,9b46621de2f0bec6ebd2
Jämtland,Hede samff,Älgtjärnen,Sjö,J-STRUCT:9b05eb5c0ee50712e55e4b4c,UNRESOLVED,Saknar artunderlag,modeled_water_type_jamtland,1f239ec834c54dccdeb9
Jämtland,Hede samff,Åstjärnen,Sjö,J-STRUCT:6638db859c10e037a9cbd98f,UNRESOLVED,Saknar artunderlag,modeled_water_type_jamtland,544f1907a7ae076b9484
Jämtland,Hede samff,Österbrynnet,Vattendrag,J-STRUCT:e82e27fbb6c0975c63416d16,UNRESOLVED,Saknar artunderlag,modeled_water_type_jamtland,9cddce64c120045d70f3
Jämtland,Hede samff,Österhållbäcken,Vattendrag,J-STRUCT:ab0e6966d4fdbeb54b2aa274,UNRESOLVED,Saknar artunderlag,modeled_water_type_jamtland,f3a45b2e83c4e0dccb3f
Jämtland,Juvulns kfo,Grimsån,Vattendrag,J-STRUCT:d6107869d8a69c6580fb365d,UNRESOLVED,Saknar artunderlag,modeled_water_type_jamtland,11161ef7302a4c4d2b79
Jämtland,Juvulns kfo,Gråvalsån,Vattendrag,J-STRUCT:92a8196f6cf0e3d42eda3c80,UNRESOLVED,Saknar artunderlag,modeled_water_type_jamtland,c0ef51c30c93771709d5
Jämtland,Juvulns kfo,Hästbäcken,Vattendrag,J-STRUCT:354f167f4c3bb72b98c30b1d,UNRESOLVED,Saknar artunderlag,modeled_water_type_jamtland,edd54799a2ee7ff041fb
Jämtland,Juvulns kfo,Indalsälven,Vattendrag,J-STRUCT:6316a1a1172366fe16cd8425,UNRESOLVED,Saknar artunderlag,modeled_water_type_jamtland,1814854aecf7908be363
Jämtland,Juvulns kfo,Juvuln,Sjö,J-STRUCT:2bb6b53bbe1f7ba6efa84b4f,UNRESOLVED,Saknar artunderlag,modeled_water_type_jamtland,df7baf403b5b5db7b7d9
Jämtland,Juvulns kfo,Västra Bångbäcken,Vattendrag,J-STRUCT:23224a4b9e0f3ac9cb12588b,UNRESOLVED,Saknar artunderlag,modeled_water_type_jamtland,a1bc39ac2875dc0174fc
Jämtland,Juvulns kfo,Ycklan,Vattendrag,J-STRUCT:c57a2636ca71fb8c6b575323,UNRESOLVED,Saknar artunderlag,modeled_water_type_jamtland,d50c60a9305dfd08082d
Jämtland,Kall-Kyrkslätts samff,Bergsjön,Sjö,J-STRUCT:c28fb910469121c5cfbc1247,UNRESOLVED,Saknar artunderlag,modeled_water_type_jamtland,87fe93997681b4e108cf
Jämtland,Kall-Kyrkslätts samff,Bladatjärnen,Sjö,J-STRUCT:cd30e9c47203053988a8e587,UNRESOLVED,Saknar artunderlag,modeled_water_type_jamtland,ce2bb8605b63a5a89eb7
Jämtland,Kall-Kyrkslätts samff,Blecktjärnen,Sjö,J-STRUCT:1a8b1d8b27b98e2b078759eb,UNRESOLVED,Saknar artunderlag,modeled_water_type_jamtland,1fba4d32511445edc878
Jämtland,Kall-Kyrkslätts samff,Bromyrdolpen,Sjö,J-STRUCT:9416c5a541b2f1b5c27a44d9,UNRESOLVED,Saknar artunderlag,modeled_water_type_jamtland,bf830eeca5860fab79d5
Jämtland,Kall-Kyrkslätts samff,Godviken,Sjö,J-STRUCT:b988f59f0390f2d5231c0714,UNRESOLVED,Saknar artunderlag,modeled_water_type_jamtland,636e91a4e37d0654c2ee
Jämtland,Kall-Kyrkslätts samff,Gristjärnen,Sjö,J-STRUCT:15df9fbae2d880f39c3b8476,UNRESOLVED,Saknar artunderlag,modeled_water_type_jamtland,5b778dea1bc2779c3a67
Jämtland,Kall-Kyrkslätts samff,Gärstjärnen,Sjö,J-STRUCT:ca3aa28c5dd129975735059d,UNRESOLVED,Saknar artunderlag,modeled_water_type_jamtland,82b6cc128315cd3c2eeb
Jämtland,Kall-Kyrkslätts samff,Gåstjärnarna,Sjö,J-STRUCT:54a836b746a37c83cbc58773,UNRESOLVED,Saknar artunderlag,modeled_water_type_jamtland,e20f135bb5d522eacf0c
Jämtland,Kall-Kyrkslätts samff,Gåstjärnarna,Sjö,J-STRUCT:c45d1fa362cbb8a34573c4ce,UNRESOLVED,Saknar artunderlag,modeled_water_type_jamtland,b7c4192ed1272813eec8
Jämtland,Kall-Kyrkslätts samff,Göstjärnen,Sjö,J-STRUCT:d9f570fcbf0c1f803e3f7a32,UNRESOLVED,Saknar artunderlag,modeled_water_type_jamtland,57eb8c9f5044ac92b2a9
Jämtland,Kall-Kyrkslätts samff,Hundtjärnen,Sjö,J-STRUCT:2be87e25cbf7bd2cfa40e7a7,UNRESOLVED,Saknar artunderlag,modeled_water_type_jamtland,51e37012964f780b9193
Jämtland,Kall-Kyrkslätts samff,Häggsjön,Sjö,J-STRUCT:c5bd9c3d3c567b1472f97123,UNRESOLVED,Saknar artunderlag,modeled_water_type_jamtland,d65eade05d1e6d6b1d90
Jämtland,Kall-Kyrkslätts samff,Härrån,Vattendrag,J-STRUCT:be1f0e4b41c87a86bd7b910b,UNRESOLVED,Saknar artunderlag,modeled_water_type_jamtland,1befa94a40f41145bc68
Jämtland,Kall-Kyrkslätts samff,Hässjemyrdolpen,Sjö,J-STRUCT:844bce1f6cffbd376686d773,UNRESOLVED,Saknar artunderlag,modeled_water_type_jamtland,164b878c0678dd7e0b0f
Jämtland,Kall-Kyrkslätts samff,Järpströmmen,Vattendrag,J-STRUCT:2a2af2267acbf3709fc4ed3a,UNRESOLVED,Saknar artunderlag,modeled_water_type_jamtland,49755b20cbd30eeb3033
Jämtland,Kall-Kyrkslätts samff,Kalktjärnen,Sjö,J-STRUCT:5a5256b629bf14e50987cabc,UNRESOLVED,Saknar artunderlag,modeled_water_type_jamtland,a9bac789a5a037b71ca0
Jämtland,Kall-Kyrkslätts samff,Kvarnbäcken,Vattendrag,J-STRUCT:262f862ca9442f0d1acfe335,UNRESOLVED,Saknar artunderlag,modeled_water_type_jamtland,d0e6c2d05dcd7e4fb2cd
Jämtland,Kall-Kyrkslätts samff,Kvarntjärnen,Sjö,J-STRUCT:71991d18c5786a85223683a0,UNRESOLVED,Saknar artunderlag,modeled_water_type_jamtland,d16e94b3fcc11ff15ea2
Jämtland,Kall-Kyrkslätts samff,Lakatjärnen,Sjö,J-STRUCT:b4fd3644eae74d01687a3713,UNRESOLVED,Saknar artunderlag,modeled_water_type_jamtland,49bdddcd5d63c3634f3d
Jämtland,Kall-Kyrkslätts samff,Ledalstjärnen,Sjö,J-STRUCT:4f5cee72942967ef0cd22c01,UNRESOLVED,Saknar artunderlag,modeled_water_type_jamtland,51e7339bb92d98696c0a
Jämtland,Kall-Kyrkslätts samff,Lill-Blecktjärnen,Sjö,J-STRUCT:674bd21d8523ae21fa4a1972,UNRESOLVED,Saknar artunderlag,modeled_water_type_jamtland,3ae62da6f3ec3af28408
Jämtland,Kall-Kyrkslätts samff,Lillblomman,Sjö,J-STRUCT:5ac8b135112933b0afdcf6f5,UNRESOLVED,Saknar artunderlag,modeled_water_type_jamtland,7d3033c12abec9f8c453
Jämtland,Kall-Kyrkslätts samff,Lillfisklösen,Sjö,J-STRUCT:ac703d91061be77393ea3509,UNRESOLVED,Saknar artunderlag,modeled_water_type_jamtland,ca5309cbdd284aeb2426
Jämtland,Kall-Kyrkslätts samff,Lillstortjärnen,Sjö,J-STRUCT:9bd9eb62db666535ebfbeb6e,UNRESOLVED,Saknar artunderlag,modeled_water_type_jamtland,3d9201d6eb8d3a8e637d
Jämtland,Kall-Kyrkslätts samff,Lillvalldolpen,Sjö,J-STRUCT:13b81c2041934e451af0a030,UNRESOLVED,Saknar artunderlag,modeled_water_type_jamtland,007376016fe365c11a1c
Jämtland,Kall-Kyrkslätts samff,Lomtjärnen,Sjö,J-STRUCT:1765e5fb312fa93484cb6528,UNRESOLVED,Saknar artunderlag,modeled_water_type_jamtland,604430aeb413e6fe46f1
Jämtland,Kall-Kyrkslätts samff,Mellersttjärnen,Sjö,J-STRUCT:a9164028cd112e450dc1bc01,UNRESOLVED,Saknar artunderlag,modeled_water_type_jamtland,4ae3727fe1d04a47c258
Jämtland,Kall-Kyrkslätts samff,Movallbäcken,Vattendrag,J-STRUCT:362ee2d98c97f62e2ffeebb9,UNRESOLVED,Saknar artunderlag,modeled_water_type_jamtland,b3ca02ef3ae5759aea3e
Jämtland,Kall-Kyrkslätts samff,Nyladängesdolpen,Sjö,J-STRUCT:327b88bb5409fa694ccb18c8,UNRESOLVED,Saknar artunderlag,modeled_water_type_jamtland,6f1e890ccf2cd7f51dee
Jämtland,Kall-Kyrkslätts samff,Orstjärnen,Sjö,J-STRUCT:7eb68900aed63d87f545df16,UNRESOLVED,Saknar artunderlag,modeled_water_type_jamtland,84594b154c4acf5f872f
Jämtland,Kall-Kyrkslätts samff,Oxögtjärnen,Sjö,J-STRUCT:877fa0c90a9c423bde38ed77,UNRESOLVED,Saknar artunderlag,modeled_water_type_jamtland,7767fc89f809884bfb46
Jämtland,Kall-Kyrkslätts samff,Pauten,Sjö,J-STRUCT:c15885e3a88232c7b5588306,UNRESOLVED,Saknar artunderlag,modeled_water_type_jamtland,4ca3108b9bc50674d919
Jämtland,Kall-Kyrkslätts samff,Pautån,Vattendrag,J-STRUCT:a82bc279a51ea649a3ffa0f4,UNRESOLVED,Saknar artunderlag,modeled_water_type_jamtland,7a3847f8206e536e5fa7
Jämtland,Kall-Kyrkslätts samff,Påltjärnen,Sjö,J-STRUCT:0a2e3b95518f687f7f22ca69,UNRESOLVED,Saknar artunderlag,modeled_water_type_jamtland,85269ba0b07578e3cce3
Jämtland,Kall-Kyrkslätts samff,Rentjärnarna,Sjö,J-STRUCT:3b1690e4b256ec33c41ad6e4,UNRESOLVED,Saknar artunderlag,modeled_water_type_jamtland,fb9f0cbb60f3d8c9c5b6
Jämtland,Kall-Kyrkslätts samff,Slåttjärnen,Sjö,J-STRUCT:a5d97d22a102bf9d76e8035d,UNRESOLVED,Saknar artunderlag,modeled_water_type_jamtland,6c007cfd5e9dce2c7a93
Jämtland,Kall-Kyrkslätts samff,Sokkitjärnen,Sjö,J-STRUCT:21aee70734e0a99452f42174,UNRESOLVED,Saknar artunderlag,modeled_water_type_jamtland,1176045b61b7af6164ad
Jämtland,Kall-Kyrkslätts samff,Stamtjärnarna,Sjö,J-STRUCT:b7a22ac38bd2acb21e7b40dc,UNRESOLVED,Saknar artunderlag,modeled_water_type_jamtland,a9fb558cc73920b5ab6a
Jämtland,Kall-Kyrkslätts samff,Stamtjärnarna,Sjö,J-STRUCT:e35696411f610fd55f4eb5bc,UNRESOLVED,Saknar artunderlag,modeled_water_type_jamtland,9a4fd7d4ba64a42cabf0
Jämtland,Kall-Kyrkslätts samff,Stora Fisklössjön,Sjö,J-STRUCT:c23eef7f09a8cb20ed55657c,UNRESOLVED,Saknar artunderlag,modeled_water_type_jamtland,e91f15207add99915fc8
Jämtland,Kall-Kyrkslätts samff,Storblomman,Sjö,J-STRUCT:ddfe05f80569b275f04e17e2,UNRESOLVED,Saknar artunderlag,modeled_water_type_jamtland,7a0365545eeeac36ecd8
Jämtland,Kall-Kyrkslätts samff,Stordalstjärnen,Sjö,J-STRUCT:54d497fc0572cd55d7d50fe0,UNRESOLVED,Saknar artunderlag,modeled_water_type_jamtland,f9572a829dad7e308e57
Jämtland,Kall-Kyrkslätts samff,Stortjärnen,Sjö,J-STRUCT:88b35cfc7a21223bf31b193b,UNRESOLVED,Saknar artunderlag,modeled_water_type_jamtland,0d7f44769bcb680d875c
Jämtland,Kall-Kyrkslätts samff,Sulsjön,Sjö,J-STRUCT:7aafb5c6e6af222d5c429003,UNRESOLVED,Saknar artunderlag,modeled_water_type_jamtland,9fb9c97fc5adeed41d74
Jämtland,Kall-Kyrkslätts samff,Svarttjärnen,Sjö,J-STRUCT:02fe4325e9aee20d3e8d5684,UNRESOLVED,Saknar artunderlag,modeled_water_type_jamtland,aeb453a5f981bd23bc15
Jämtland,Kall-Kyrkslätts samff,Sätertjärnen,Sjö,J-STRUCT:fdb5700a3f06aa7b266e9d46,UNRESOLVED,Saknar artunderlag,modeled_water_type_jamtland,f94a56e1202b94c1bed4
Jämtland,Kall-Kyrkslätts samff,Vällingsflon,Sjö,J-STRUCT:b9674521780e0b693f66a93c,UNRESOLVED,Saknar artunderlag,modeled_water_type_jamtland,7a673d1dda9137bd16f7
Jämtland,Kall-Kyrkslätts samff,Västra Nästtjärnen,Sjö,J-STRUCT:d440498f8fb0283a28186dc9,UNRESOLVED,Saknar artunderlag,modeled_water_type_jamtland,38ad3b803108dbffb1ee
Jämtland,Kall-Kyrkslätts samff,Ytterån,Vattendrag,J-STRUCT:1e68042adabe4c2c92b2c510,UNRESOLVED,Saknar artunderlag,modeled_water_type_jamtland,b90594ff4210b9ffbce0
Jämtland,Kall-Kyrkslätts samff,Ytterån,Vattendrag,J-STRUCT:ce4f02836d9af0e743e87c9e,UNRESOLVED,Saknar artunderlag,modeled_water_type_jamtland,76c536dde9a0e84593c2
Jämtland,Kall-Kyrkslätts samff,Östra Nästtjärnen,Sjö,J-STRUCT:21a0cbe38119b2454232ef23,UNRESOLVED,Saknar artunderlag,modeled_water_type_jamtland,a49b7e28f85f81872c22
Jämtland,Klövsjö samff,Bredflotjärnen,Sjö,J-STRUCT:9c4484593f30ccb70725cc8b,UNRESOLVED,Saknar artunderlag,modeled_water_type_jamtland,054bb8bcc698980115a6
Jämtland,Klövsjö samff,Flobäcken,Vattendrag,J-STRUCT:d0dd183f7027206d5eaa2a02,UNRESOLVED,Saknar artunderlag,modeled_water_type_jamtland,5dfe804213d08813afde
Jämtland,Klövsjö samff,Gräsbäcken,Vattendrag,J-STRUCT:40fc169b894a88cd0bbf155c,UNRESOLVED,Saknar artunderlag,modeled_water_type_jamtland,deb68fd7ad7bf887a0fa
Jämtland,Klövsjö samff,Kvarnån,Vattendrag,J-STRUCT:8ce32967706448c941b16ef8,UNRESOLVED,Saknar artunderlag,modeled_water_type_jamtland,3cd571d041d44b318003
Jämtland,Klövsjö samff,Kvällshögtjärnen,Sjö,J-STRUCT:d51ee5dd562bd6602eb2f93c,UNRESOLVED,Saknar artunderlag,modeled_water_type_jamtland,e64c866d41426127d1e8
Jämtland,Klövsjö samff,Lillbäcken,Vattendrag,J-STRUCT:1b078d348469ea26821693f9,UNRESOLVED,Saknar artunderlag,modeled_water_type_jamtland,be4346e0d78c7d11272d
Jämtland,Klövsjö samff,Lillån,Vattendrag,J-STRUCT:733d193085be44dfa79a037c,UNRESOLVED,Saknar artunderlag,modeled_water_type_jamtland,74f4c7f3f6c98f681f2b
Jämtland,Klövsjö samff,Lokarna,Sjö,J-STRUCT:3972f09b8c52fe6730247856,UNRESOLVED,Saknar artunderlag,modeled_water_type_jamtland,6cdc7a66639a3da2788c
Jämtland,Klövsjö samff,Lokarna,Sjö,J-STRUCT:8564de6f8bc9f8294c185612,UNRESOLVED,Saknar artunderlag,modeled_water_type_jamtland,be7c2ae5a60f287ddd25
Jämtland,Klövsjö samff,Lokarna,Sjö,J-STRUCT:9554dcf1989c037ceddbd695,UNRESOLVED,Saknar artunderlag,modeled_water_type_jamtland,ce7398b07efe76bf8a6e
Jämtland,Klövsjö samff,Lännässjön/Fotingen,Sjö,J-STRUCT:e67b50901ff85e9c764c8b35,UNRESOLVED,Saknar artunderlag,modeled_water_type_jamtland,c123e18b23aa2ab588d0
Jämtland,Klövsjö samff,Märkesstenstjärnen,Sjö,J-STRUCT:80a590c0dd51ca926fa51e2c,UNRESOLVED,Saknar artunderlag,modeled_water_type_jamtland,905c9e26b4212ae83bc4
Jämtland,Klövsjö samff,Oxsjön,Sjö,J-STRUCT:24cf01f43d1c40f349a25c73,UNRESOLVED,Saknar artunderlag,modeled_water_type_jamtland,db74d9c5c58c4f7d513e
Jämtland,Klövsjö samff,Oxsjöån,Vattendrag,J-STRUCT:f3e4f76d5301a5698c74ea5b,UNRESOLVED,Saknar artunderlag,modeled_water_type_jamtland,77b0a80a65ea74db5883
Jämtland,Klövsjö samff,Risbäcken,Vattendrag,J-STRUCT:0bdea3ad021b5d8f3b711b4b,UNRESOLVED,Saknar artunderlag,modeled_water_type_jamtland,70f06ed9745df7bb2cff
Jämtland,Klövsjö samff,Röjan,Vattendrag,J-STRUCT:b83aeb96493ea74d5daacb17,UNRESOLVED,Saknar artunderlag,modeled_water_type_jamtland,4f1007e9c862636851dc
Jämtland,Klövsjö samff,Rönnbergsån,Vattendrag,J-STRUCT:022b3695a143ffb47550d9e1,UNRESOLVED,Saknar artunderlag,modeled_water_type_jamtland,a057f66bdc051d1cf855
Jämtland,Klövsjö samff,Rönningsbäcken,Vattendrag,J-STRUCT:7f3a9178a6ff6ce01b29e2c6,UNRESOLVED,Saknar artunderlag,modeled_water_type_jamtland,e94d421651f7b8439fc0
Jämtland,Klövsjö samff,Sandvikån,Vattendrag,J-STRUCT:63903892ab56afb0609816fc,UNRESOLVED,Saknar artunderlag,modeled_water_type_jamtland,61af4c6ada6c10f019b9
Jämtland,Klövsjö samff,Skalbäcken,Vattendrag,J-STRUCT:f7912d78b157fe93216b0e54,UNRESOLVED,Saknar artunderlag,modeled_water_type_jamtland,5fe6485beb5293f52e31
Jämtland,Klövsjö samff,Stockån,Vattendrag,J-STRUCT:2a7f5ebf5587411a8314ccea,UNRESOLVED,Saknar artunderlag,modeled_water_type_jamtland,48f6812d7db286005f53
Jämtland,Klövsjö samff,Stor-Fättjeån,Vattendrag,J-STRUCT:a0fae48583d8eee6f0f72b72,UNRESOLVED,Saknar artunderlag,modeled_water_type_jamtland,0b1115cd56164b246c6b
Jämtland,Klövsjö samff,Svartåstjärnen,Sjö,J-STRUCT:7eebcd4ad340fab10f4dbcdf,UNRESOLVED,Saknar artunderlag,modeled_water_type_jamtland,61582c983927cad26b20
Jämtland,Klövsjö samff,Svinkan,Vattendrag,J-STRUCT:3243f3909103bcec4a8fc7b1,UNRESOLVED,Saknar artunderlag,modeled_water_type_jamtland,d3534b133388b0438c39
Jämtland,Klövsjö samff,Tjärnarna,Sjö,J-STRUCT:ea14d040ca022e68fa9d17a5,UNRESOLVED,Saknar artunderlag,modeled_water_type_jamtland,f0c09d5f97a77654aa31
Jämtland,Klövsjö samff,Tvär-Hoan,Vattendrag,J-STRUCT:7945e054e0a0a1db03b787ec,UNRESOLVED,Saknar artunderlag,modeled_water_type_jamtland,0ccca5dc35a32b8db8a4
Jämtland,Klövsjö samff,Väster-Kvarnbäcken,Vattendrag,J-STRUCT:c186b6fab6b03cc6801536af,UNRESOLVED,Saknar artunderlag,modeled_water_type_jamtland,f4ba563ddc029d3c3c05
Jämtland,Kycklingvattnets kfo,Faxälven,Vattendrag,J-STRUCT:d8766ed4eb1bb0b08b013134,UNRESOLVED,Saknar artunderlag,modeled_water_type_jamtland,bb18f91f2f5daa0c76a3
Jämtland,Kycklingvattnets kfo,Kycklingvattnet,Sjö,J-STRUCT:da0987da98628abdc0e1efb0,UNRESOLVED,Saknar artunderlag,modeled_water_type_jamtland,35117ebb02e3d720d8a0
Jämtland,Kycklingvattnets kfo,Stor-Jorm,Sjö,J-STRUCT:0d181f6697c561feee59f064,UNRESOLVED,Saknar artunderlag,modeled_water_type_jamtland,598b3ea32f3baf7aab25
Jämtland,Kycklingvattnets kfo,Storbäcken,Vattendrag,J-STRUCT:6d8602be196bd7500b54129f,UNRESOLVED,Saknar artunderlag,modeled_water_type_jamtland,02382d16a9a4c3008682
Jämtland,Landsomsjöns fvof,Landsomsjöbäcken,Vattendrag,J-STRUCT:3fd622f708f631584b8e885b,UNRESOLVED,Saknar artunderlag,WATER_IDENTITY_WITH_FVO_LEVEL_MODEL,3efcd567ccc6588a9ba2
Jämtland,Landsomsjöns fvof,Landsomsjön,Sjö,J-STRUCT:33425e281167acd1e3ad6075,UNRESOLVED,Saknar artunderlag,WATER_IDENTITY_WITH_FVO_LEVEL_MODEL,8cde5e48073ac077e3c8
Jämtland,Leipikvattnets kfo,Bjurälven,Vattendrag,J-STRUCT:501a591bbca4ae5a94c190e2,UNRESOLVED,Saknar artunderlag,modeled_water_type_jamtland,21a7312cd6ad26473e18
Jämtland,Leipikvattnets kfo,Faxälven,Vattendrag,J-STRUCT:8cc115de9467afaaf9c05832,UNRESOLVED,Saknar artunderlag,modeled_water_type_jamtland,d11389acb28491081c63
Jämtland,Leipikvattnets kfo,Gauste,Vattendrag,J-STRUCT:744325a2de78ca420553dac7,UNRESOLVED,Saknar artunderlag,modeled_water_type_jamtland,b57b03d2ae30bf2d3c3c
Jämtland,Leipikvattnets kfo,Hetenjaurbäcken,Vattendrag,J-STRUCT:ced742874291f508df878b16,UNRESOLVED,Saknar artunderlag,modeled_water_type_jamtland,875470d38446a05b564d
Jämtland,Leipikvattnets kfo,Hovdbäcken,Vattendrag,J-STRUCT:9c2ab79d5378eb99eb186bb0,UNRESOLVED,Saknar artunderlag,modeled_water_type_jamtland,479333b4dced812d4ab4
Jämtland,Leipikvattnets kfo,Rörsjöbäcken,Vattendrag,J-STRUCT:8485748b39b5805172c020ba,UNRESOLVED,Saknar artunderlag,modeled_water_type_jamtland,b8f41d876e27d54e7e32
Jämtland,Leipikvattnets kfo,Särksjöbäcken,Vattendrag,J-STRUCT:5d5de06fdadda2e5c52b974b,UNRESOLVED,Saknar artunderlag,modeled_water_type_jamtland,652f907bc4e43455178f
Jämtland,Ljusnedals kfo,Abborrtjärnen,Sjö,J-STRUCT:f0c799995377b2940d0a7431,UNRESOLVED,Saknar artunderlag,modeled_water_type_jamtland,60c0883e08332e34667b
Jämtland,Ljusnedals kfo,Anån,Vattendrag,J-STRUCT:2b060fe447b130c98847a363,UNRESOLVED,Saknar artunderlag,modeled_water_type_jamtland,125122e6b8a9deeb22ae
Jämtland,Ljusnedals kfo,Anån,Vattendrag,J-STRUCT:f6df9b69362250b2ea48dd92,UNRESOLVED,Saknar artunderlag,modeled_water_type_jamtland,aa74bd6a39fa9870e5ac
Jämtland,Ljusnedals kfo,Anåsjöarna,Sjö,J-STRUCT:1118f2c5de4fb1e138cb6f0d,UNRESOLVED,Saknar artunderlag,modeled_water_type_jamtland,1ed6fa83643f8b75e579
Jämtland,Ljusnedals kfo,Anåsjöarna,Sjö,J-STRUCT:5efce7365902d07941e0d099,UNRESOLVED,Saknar artunderlag,modeled_water_type_jamtland,a0bdf250e448acd2ba81
Jämtland,Ljusnedals kfo,Anåsjöarna,Sjö,J-STRUCT:9863ee56a00e325d12fdef99,UNRESOLVED,Saknar artunderlag,modeled_water_type_jamtland,1101d3ce9d69f394c5c9
Jämtland,Ljusnedals kfo,Anåsjöarna,Sjö,J-STRUCT:d448a90ddb3cc4fc87a88cde,UNRESOLVED,Saknar artunderlag,modeled_water_type_jamtland,fed79c9c2f1c3b023622
Jämtland,Ljusnedals kfo,Anåsjöarna H.784,Sjö,J-STRUCT:9777d1e6d914e0f7f8f0fa21,UNRESOLVED,Saknar artunderlag,modeled_water_type_jamtland,59a459395d1834b6b2db
Jämtland,Ljusnedals kfo,Dålåtjärnen,Sjö,J-STRUCT:72cd2679597c2a0e7a2b2c09,UNRESOLVED,Saknar artunderlag,modeled_water_type_jamtland,1e59f646a0f8a6649d06
Jämtland,Ljusnedals kfo,Engelsmansjön,Sjö,J-STRUCT:d6e7b084ff486337684442eb,UNRESOLVED,Saknar artunderlag,modeled_water_type_jamtland,74cb2240f150267e5deb
Jämtland,Ljusnedals kfo,Fisklöstjärnen,Sjö,J-STRUCT:f17d9155a42090feb95a6c2c,UNRESOLVED,Saknar artunderlag,modeled_water_type_jamtland,df2f41ff1ebde8077c7c
Jämtland,Ljusnedals kfo,Fröstån,Vattendrag,J-STRUCT:411573b1c5329128c61e04e3,UNRESOLVED,Saknar artunderlag,modeled_water_type_jamtland,914ea6a8f1077e7447ea
Jämtland,Ljusnedals kfo,Funnan,Vattendrag,J-STRUCT:300fb8a2e3e5dd69ebe61283,UNRESOLVED,Saknar artunderlag,modeled_water_type_jamtland,2530ac18dab8d4db228d
Jämtland,Ljusnedals kfo,Fätjärnen,Sjö,J-STRUCT:586f3456b5d4b9be9d037db7,UNRESOLVED,Saknar artunderlag,modeled_water_type_jamtland,99f42170d3ebe60cef12
Jämtland,Ljusnedals kfo,Grönstacksbäcken,Vattendrag,J-STRUCT:8f8ae51fe2dea31a6527750b,UNRESOLVED,Saknar artunderlag,modeled_water_type_jamtland,8d65a0808045430ae372
Jämtland,Ljusnedals kfo,Holmsjön,Sjö,J-STRUCT:369e92a950bdf970834ea1d7,UNRESOLVED,Saknar artunderlag,modeled_water_type_jamtland,26c442ae9215f07113a1
Jämtland,Ljusnedals kfo,Holmtjärnen,Sjö,J-STRUCT:c57f7444437feecde25149a3,UNRESOLVED,Saknar artunderlag,modeled_water_type_jamtland,9f0059667cd76814610a
Jämtland,Ljusnedals kfo,Häckelsjön,Sjö,J-STRUCT:97c8496e077a13d057cded5c,UNRESOLVED,Saknar artunderlag,modeled_water_type_jamtland,4f8a8df04fd3cfcf875e
Jämtland,Ljusnedals kfo,Häckeltjärnen,Sjö,J-STRUCT:90d482a756418a14ee133826,UNRESOLVED,Saknar artunderlag,modeled_water_type_jamtland,780fc5c6286c9616afbc
Jämtland,Ljusnedals kfo,Hösterbäcken,Vattendrag,J-STRUCT:133f895f80632bf6515e7b20,UNRESOLVED,Saknar artunderlag,modeled_water_type_jamtland,496ab68678535c5854ca
Jämtland,Ljusnedals kfo,Ivarstjärnen,Sjö,J-STRUCT:3229ce1bdf3cc43fa9447a42,UNRESOLVED,Saknar artunderlag,modeled_water_type_jamtland,4fdb041c151f6ee41409
Jämtland,Ljusnedals kfo,Juvtenjaevrie,Sjö,J-STRUCT:6c053d38f52038f23964b941,UNRESOLVED,Saknar artunderlag,modeled_water_type_jamtland,811bd890bb2dfd21f395
Jämtland,Ljusnedals kfo,Kolbensbäcken,Vattendrag,J-STRUCT:84b00acb637c31d19ca03bea,UNRESOLVED,Saknar artunderlag,modeled_water_type_jamtland,ceab4c0a6b3ac0e8d58c
Jämtland,Ljusnedals kfo,Kolbensjön,Sjö,J-STRUCT:1f22a0e89cf9c673267dafb0,UNRESOLVED,Saknar artunderlag,modeled_water_type_jamtland,f2f7218c2c7d1774c1c6
Jämtland,Ljusnedals kfo,Kolbenstjärn,Sjö,J-STRUCT:902c140199b720694d55b281,UNRESOLVED,Saknar artunderlag,modeled_water_type_jamtland,e845825f153afb406c55
Jämtland,Ljusnedals kfo,Kvannilan,Vattendrag,J-STRUCT:9ae28e127fb92f8675b478b1,UNRESOLVED,Saknar artunderlag,modeled_water_type_jamtland,417ebc078833e72a7f61
Jämtland,Ljusnedals kfo,Lill-Galtjärnen,Sjö,J-STRUCT:6bea39db5e691d8e1b63a533,UNRESOLVED,Saknar artunderlag,modeled_water_type_jamtland,96bd678a25c78c4659df
Jämtland,Ljusnedals kfo,Ljusnan,Vattendrag,J-STRUCT:f9eb808e3a52fce9c24d7162,UNRESOLVED,Saknar artunderlag,modeled_water_type_jamtland,a2b267d9179600e99149
Jämtland,Ljusnedals kfo,Ljusnedalssjön,Sjö,J-STRUCT:04baf4aa72456fb837997d16,UNRESOLVED,Saknar artunderlag,modeled_water_type_jamtland,c8f703ff82fe3e441e6f
Jämtland,Ljusnedals kfo,Lossen,Sjö,J-STRUCT:faad7e545b3846525666876e,UNRESOLVED,Saknar artunderlag,modeled_water_type_jamtland,293174a2322cbd009082
Jämtland,Ljusnedals kfo,Middagstjärnen,Sjö,J-STRUCT:0f6bb825e00c07de897c2c35,UNRESOLVED,Saknar artunderlag,modeled_water_type_jamtland,343f85562197ae3f9fcb
Jämtland,Ljusnedals kfo,Mysklan,Vattendrag,J-STRUCT:c0e33ebfbca6717524b0e8c4,UNRESOLVED,Saknar artunderlag,modeled_water_type_jamtland,80dbf238bbb858efa235
Jämtland,Ljusnedals kfo,Nedre Ulvbergstjärnen,Sjö,J-STRUCT:ea0085102e17a0e1273ddb16,UNRESOLVED,Saknar artunderlag,modeled_water_type_jamtland,1833976c9f34269a746e
Jämtland,Ljusnedals kfo,Orman,Vattendrag,J-STRUCT:42d4cc8fbaa3490c39d6d0cd,UNRESOLVED,Saknar artunderlag,modeled_water_type_jamtland,963baf6934363584fad8
Jämtland,Ljusnedals kfo,Rosselbäcken,Vattendrag,J-STRUCT:c95f86f59ace00b847b76527,UNRESOLVED,Saknar artunderlag,modeled_water_type_jamtland,d27fcaa6ea6d73288a1e
Jämtland,Ljusnedals kfo,Rändan,Vattendrag,J-STRUCT:944d4f8f9b524f77020ef795,UNRESOLVED,Saknar artunderlag,modeled_water_type_jamtland,96e4f9db2490d3ebaf41
Jämtland,Ljusnedals kfo,Rändsjön,Sjö,J-STRUCT:a44305b3d02212d2da61e125,UNRESOLVED,Saknar artunderlag,modeled_water_type_jamtland,124c8edd5b9fee8966a5
Jämtland,Ljusnedals kfo,Röan,Vattendrag,J-STRUCT:bf0bfc0accb1eb0c77fedf3b,UNRESOLVED,Saknar artunderlag,modeled_water_type_jamtland,30ac409847458fd557a5
Jämtland,Ljusnedals kfo,Rödsjöarna,Sjö,J-STRUCT:1c1b4c7c808270f01ea8a6d4,UNRESOLVED,Saknar artunderlag,modeled_water_type_jamtland,67cadae4021d793a74b3
Jämtland,Ljusnedals kfo,Rödsjöarna,Sjö,J-STRUCT:2ff5fb7eac014fa3d08b2d3a,UNRESOLVED,Saknar artunderlag,modeled_water_type_jamtland,ee19915daef39181a0b7
Jämtland,Ljusnedals kfo,Rödtjärnen,Sjö,J-STRUCT:b815b24d7831047f43ceabca,UNRESOLVED,Saknar artunderlag,modeled_water_type_jamtland,e0499b92837068482f67
Jämtland,Ljusnedals kfo,Rörhån,Sjö,J-STRUCT:4e4038c25d5bc2f894f2992c,UNRESOLVED,Saknar artunderlag,modeled_water_type_jamtland,4fade67e16dc3b01c38f
Jämtland,Ljusnedals kfo,Stor-Valtjärnen,Sjö,J-STRUCT:d253990395d10f7caa3cdbd3,UNRESOLVED,Saknar artunderlag,modeled_water_type_jamtland,23fa7ab77374c5c632d6
Jämtland,Ljusnedals kfo,Stortjärnen,Sjö,J-STRUCT:6dec790b9ee988a8e4b75d20,UNRESOLVED,Saknar artunderlag,modeled_water_type_jamtland,2fab359fdcf1b6410cae
Jämtland,Ljusnedals kfo,Sör-Rändan,Vattendrag,J-STRUCT:b80e8e826b56d53737422a22,UNRESOLVED,Saknar artunderlag,modeled_water_type_jamtland,cff3eda65b524e1c8f2f
Jämtland,Ljusnedals kfo,Tevsjön,Sjö,J-STRUCT:7fbb393983ae917e8925ae4e,UNRESOLVED,Saknar artunderlag,modeled_water_type_jamtland,3424ca168431c35fad58
Jämtland,Ljusnedals kfo,Tevån,Vattendrag,J-STRUCT:0eadf525c1d7da6264b1cc43,UNRESOLVED,Saknar artunderlag,modeled_water_type_jamtland,21d9beae7e087ef54d00
Jämtland,Ljusnedals kfo,Tännån,Vattendrag,J-STRUCT:0d40502c077a1cdf9321db56,UNRESOLVED,Saknar artunderlag,modeled_water_type_jamtland,9e34417713ea8d7d94b1
Jämtland,Ljusnedals kfo,Uggtjärnen,Sjö,J-STRUCT:4c75de8e8d81fe42214cc6f1,UNRESOLVED,Saknar artunderlag,modeled_water_type_jamtland,ab4ac475b2408b45fa2d
Jämtland,Ljusnedals kfo,Ulvån,Vattendrag,J-STRUCT:a7e74b573f55b05c4c1ebd66,UNRESOLVED,Saknar artunderlag,modeled_water_type_jamtland,0ca42413a9117851059c
Jämtland,Ljusnedals kfo,Västra Storbäcken,Vattendrag,J-STRUCT:131f33f8d8c4e0ea784a4d4b,UNRESOLVED,Saknar artunderlag,modeled_water_type_jamtland,151887f3f8fe7fa7d556
Jämtland,Ljusnedals kfo,Östra Storbäcken,Vattendrag,J-STRUCT:0411526250673c563a40a727,UNRESOLVED,Saknar artunderlag,modeled_water_type_jamtland,e3a02dee0081aea7b8f6
Jämtland,Ljusnedals kfo,Övre Sjön,Sjö,J-STRUCT:f338cf080acd08b5181af5ec,UNRESOLVED,Saknar artunderlag,modeled_water_type_jamtland,8d0d72eb36ed16c8b778
Jämtland,Ljusnedals kfo,Övre Ulvbergstjärnen,Sjö,J-STRUCT:6b1222d6f503803897a2eba6,UNRESOLVED,Saknar artunderlag,modeled_water_type_jamtland,84d48e0783a2587267eb
Jämtland,Malmsjöns fvof,Bergsjötjärnen,Sjö,J-STRUCT:40c66ddf58f3246058b99cc1,UNRESOLVED,Saknar artunderlag,WATER_IDENTITY_WITH_FVO_LEVEL_MODEL,05a7cb258d6e97c4a66c
Jämtland,Malmsjöns fvof,Bergsjöån,Vattendrag,J-STRUCT:65cad47b5b2e8cc69761e152,UNRESOLVED,Saknar artunderlag,WATER_IDENTITY_WITH_FVO_LEVEL_MODEL,a504f05fe3a3cc297eec
Jämtland,Malmsjöns fvof,Björnbergsbäcken,Vattendrag,J-STRUCT:e2fa9d2a6e519568ffcfcf5b,UNRESOLVED,Saknar artunderlag,WATER_IDENTITY_WITH_FVO_LEVEL_MODEL,62e30dc91080b057d1ff
Jämtland,Malmsjöns fvof,Bodflyttningstjärnen,Sjö,J-STRUCT:905a833bc707bc4810b18c26,UNRESOLVED,Saknar artunderlag,WATER_IDENTITY_WITH_FVO_LEVEL_MODEL,d25cb1f89421bfcd9d6e
Jämtland,Malmsjöns fvof,Dammholmtjärnen,Sjö,J-STRUCT:41d0d273f8614267cb3e89c4,UNRESOLVED,Saknar artunderlag,WATER_IDENTITY_WITH_FVO_LEVEL_MODEL,764b512896bebc221166
Jämtland,Malmsjöns fvof,Ekorrtjärnen,Sjö,J-STRUCT:482baa973d128a89f2dd1684,UNRESOLVED,Saknar artunderlag,WATER_IDENTITY_WITH_FVO_LEVEL_MODEL,73271121b0c59317a4de
Jämtland,Malmsjöns fvof,Flärkarna,Sjö,J-STRUCT:538ac23c77643266fa155a7b,UNRESOLVED,Saknar artunderlag,WATER_IDENTITY_WITH_FVO_LEVEL_MODEL,72365e53b103f6298492
Jämtland,Malmsjöns fvof,Flärkarna,Sjö,J-STRUCT:ff870c4e69917f4eab1135a9,UNRESOLVED,Saknar artunderlag,WATER_IDENTITY_WITH_FVO_LEVEL_MODEL,952e05cb5fb6767a0b7e
Jämtland,Malmsjöns fvof,Flärktjärnen,Sjö,J-STRUCT:c7312fa14e4ef5ffefa00800,UNRESOLVED,Saknar artunderlag,WATER_IDENTITY_WITH_FVO_LEVEL_MODEL,17c140ce7cddc7d01298
Jämtland,Malmsjöns fvof,Getklövtjärnen,Sjö,J-STRUCT:336eb91494dc3af2c8e11022,UNRESOLVED,Saknar artunderlag,WATER_IDENTITY_WITH_FVO_LEVEL_MODEL,18ec1bc84ff1a55d5917
Jämtland,Malmsjöns fvof,Gåxsjöbäcken,Vattendrag,J-STRUCT:0ec5b0edddd46ca76a2d148b,UNRESOLVED,Saknar artunderlag,WATER_IDENTITY_WITH_FVO_LEVEL_MODEL,c695f14688676d086594
Jämtland,Malmsjöns fvof,Gåxsjön,Sjö,J-STRUCT:6d7a79ff082d2bcb10a9d1fc,UNRESOLVED,Saknar artunderlag,WATER_IDENTITY_WITH_FVO_LEVEL_MODEL,10266464b383b911cb2e
Jämtland,Malmsjöns fvof,Jörntjärnen,Sjö,J-STRUCT:464e10bb44a223bdadf861fc,UNRESOLVED,Saknar artunderlag,WATER_IDENTITY_WITH_FVO_LEVEL_MODEL,bb64811a70af5dc1eead
Jämtland,Malmsjöns fvof,Kvarnbäcken,Vattendrag,J-STRUCT:3dad2c849e40b285294c89c8,UNRESOLVED,Saknar artunderlag,WATER_IDENTITY_WITH_FVO_LEVEL_MODEL,abd8369499378d39297a
Jämtland,Malmsjöns fvof,Lill-Bergsjön,Sjö,J-STRUCT:1d561b6f071d5bf836cbf8a2,UNRESOLVED,Saknar artunderlag,WATER_IDENTITY_WITH_FVO_LEVEL_MODEL,f3d51201c3e3990e748b
Jämtland,Malmsjöns fvof,Lill-Hyssjön,Sjö,J-STRUCT:8bc6d211b75d1392f7ddb19d,UNRESOLVED,Saknar artunderlag,WATER_IDENTITY_WITH_FVO_LEVEL_MODEL,f6e384897e74b32a6da5
Jämtland,Malmsjöns fvof,Lill-Hössjön,Sjö,J-STRUCT:1ac55ddfcc1b21995ec922c8,UNRESOLVED,Saknar artunderlag,WATER_IDENTITY_WITH_FVO_LEVEL_MODEL,bee288a88c6241157cae
Jämtland,Malmsjöns fvof,Lilltjärnen,Sjö,J-STRUCT:a0193daa4a01b6103cd8a5ad,UNRESOLVED,Saknar artunderlag,WATER_IDENTITY_WITH_FVO_LEVEL_MODEL,3f669c33de3e63b01e70
Jämtland,Malmsjöns fvof,Lilltjärnen,Sjö,J-STRUCT:bee06a1617194ecea8506193,UNRESOLVED,Saknar artunderlag,WATER_IDENTITY_WITH_FVO_LEVEL_MODEL,e057c5df26f30b8efeef
Jämtland,Malmsjöns fvof,Lomtjärnen,Sjö,J-STRUCT:633ceaa72b1a29ca947e8c6a,UNRESOLVED,Saknar artunderlag,WATER_IDENTITY_WITH_FVO_LEVEL_MODEL,6a1aa6d8f6d9de501c57
Jämtland,Malmsjöns fvof,Lomtjärnen,Sjö,J-STRUCT:b18eb4e025cbfe73fb4be359,UNRESOLVED,Saknar artunderlag,WATER_IDENTITY_WITH_FVO_LEVEL_MODEL,0c2ea024a2819ef988b2
Jämtland,Malmsjöns fvof,Långdanstjärnen,Sjö,J-STRUCT:2f3db219f8b0f938b917d5ec,UNRESOLVED,Saknar artunderlag,WATER_IDENTITY_WITH_FVO_LEVEL_MODEL,937054d8dd597fb0be4d
Jämtland,Malmsjöns fvof,Långsjöbäcken,Vattendrag,J-STRUCT:5ff25e462ea094c23a445cf0,UNRESOLVED,Saknar artunderlag,WATER_IDENTITY_WITH_FVO_LEVEL_MODEL,65465f2c925b6b8008f8
Jämtland,Malmsjöns fvof,Långsjön,Sjö,J-STRUCT:52e83c9864c7f4892c68a5dd,UNRESOLVED,Saknar artunderlag,WATER_IDENTITY_WITH_FVO_LEVEL_MODEL,adfb2f87fc8fd73f695d
Jämtland,Malmsjöns fvof,Malmån,Vattendrag,J-STRUCT:889f0d3d11f25af1f82121b0,UNRESOLVED,Saknar artunderlag,WATER_IDENTITY_WITH_FVO_LEVEL_MODEL,c63bb13db8884fe11164
Jämtland,Malmsjöns fvof,Mellantjärnen,Sjö,J-STRUCT:d9bb4c1e8298f553f98b7d2f,UNRESOLVED,Saknar artunderlag,WATER_IDENTITY_WITH_FVO_LEVEL_MODEL,6071ce164d99cbfcbda4
Jämtland,Malmsjöns fvof,Midsjötjärnen,Sjö,J-STRUCT:d923374c141801a1746e92a4,UNRESOLVED,Saknar artunderlag,WATER_IDENTITY_WITH_FVO_LEVEL_MODEL,5b1ccfae42ed43e16022
Jämtland,Malmsjöns fvof,Mörtsjöbäcken,Vattendrag,J-STRUCT:8aaf6316918314de8ca47e6e,UNRESOLVED,Saknar artunderlag,WATER_IDENTITY_WITH_FVO_LEVEL_MODEL,9e43e21383f17932c6ec
Jämtland,Malmsjöns fvof,Mörttjärnbäcken,Vattendrag,J-STRUCT:f6f0ba913ce53d5aadfd9b27,UNRESOLVED,Saknar artunderlag,WATER_IDENTITY_WITH_FVO_LEVEL_MODEL,2238a612f270b8cf23c9
Jämtland,Malmsjöns fvof,Mörttjärnen,Sjö,J-STRUCT:942f093f0965f5feffa63feb,UNRESOLVED,Saknar artunderlag,WATER_IDENTITY_WITH_FVO_LEVEL_MODEL,65dcc017671c6f1e2fd5
Jämtland,Malmsjöns fvof,Nymyrtjärnen,Sjö,J-STRUCT:28876ee196f95ab1e3ff1979,UNRESOLVED,Saknar artunderlag,WATER_IDENTITY_WITH_FVO_LEVEL_MODEL,89ba5ca37aee0d547b38
Jämtland,Malmsjöns fvof,Piprörflotjärnen,Sjö,J-STRUCT:928e4c2a80a849731b1fd47b,UNRESOLVED,Saknar artunderlag,WATER_IDENTITY_WITH_FVO_LEVEL_MODEL,abf01c33c9526edb1343
Jämtland,Malmsjöns fvof,Regasjöån,Vattendrag,J-STRUCT:3f65acf42b66ba56a1c47254,UNRESOLVED,Saknar artunderlag,WATER_IDENTITY_WITH_FVO_LEVEL_MODEL,bfec7b1c3afdfa1e3611
Jämtland,Malmsjöns fvof,Remmyrtjärnen,Sjö,J-STRUCT:d1802b8250b09b5f1ab39eb8,UNRESOLVED,Saknar artunderlag,WATER_IDENTITY_WITH_FVO_LEVEL_MODEL,5d019b33f9f1e22c07c0
Jämtland,Malmsjöns fvof,Risflotjärnen,Sjö,J-STRUCT:3ce1c1a73d439945a9cdf9df,UNRESOLVED,Saknar artunderlag,WATER_IDENTITY_WITH_FVO_LEVEL_MODEL,6e248df4a0a3bc628788
Jämtland,Malmsjöns fvof,Rishöjdtjärnen,Sjö,J-STRUCT:50ff0616768d3bd58792e944,UNRESOLVED,Saknar artunderlag,WATER_IDENTITY_WITH_FVO_LEVEL_MODEL,8e92a0660a7a0e0fd80f
Jämtland,Malmsjöns fvof,Ristjärnarna,Sjö,J-STRUCT:61f2bdeea00576be4049ceeb,UNRESOLVED,Saknar artunderlag,WATER_IDENTITY_WITH_FVO_LEVEL_MODEL,8d79923857ff96544c40
Jämtland,Malmsjöns fvof,Ristjärnarna,Sjö,J-STRUCT:75cf610f990890de598cbf2e,UNRESOLVED,Saknar artunderlag,WATER_IDENTITY_WITH_FVO_LEVEL_MODEL,9f3942e626ca4e4ddc0f
Jämtland,Malmsjöns fvof,Rudsjömyrtjärnen,Sjö,J-STRUCT:a6ae226ba9ca801f1d2342bb,UNRESOLVED,Saknar artunderlag,WATER_IDENTITY_WITH_FVO_LEVEL_MODEL,33c3f8f767384e259c51
Jämtland,Malmsjöns fvof,Småtjärnmyrtjärnen,Sjö,J-STRUCT:15c7698ecf1889dcd09c4540,UNRESOLVED,Saknar artunderlag,WATER_IDENTITY_WITH_FVO_LEVEL_MODEL,38c4af86ac507533c001
Jämtland,Malmsjöns fvof,Spånsjöbäcken,Vattendrag,J-STRUCT:d04316c506ae7aef28722ea3,UNRESOLVED,Saknar artunderlag,WATER_IDENTITY_WITH_FVO_LEVEL_MODEL,6b638147e71d417f376d
Jämtland,Malmsjöns fvof,Stenmyrtjärnarna,Sjö,J-STRUCT:158f77500eb0d5d202ccc479,UNRESOLVED,Saknar artunderlag,WATER_IDENTITY_WITH_FVO_LEVEL_MODEL,2ffcd795ecb8bbeef8a2
Jämtland,Malmsjöns fvof,Stenmyrtjärnarna,Sjö,J-STRUCT:e248140d270787ada873dcc9,UNRESOLVED,Saknar artunderlag,WATER_IDENTITY_WITH_FVO_LEVEL_MODEL,f5c10439d969c51cb34a
Jämtland,Malmsjöns fvof,Stenmyrtjärnen,Sjö,J-STRUCT:205e8dd8ca30f76d60d00707,UNRESOLVED,Saknar artunderlag,WATER_IDENTITY_WITH_FVO_LEVEL_MODEL,75c725bbd258e7b065e7
Jämtland,Malmsjöns fvof,Stentjärnen,Sjö,J-STRUCT:680ba04e8e5d87a44ded810b,UNRESOLVED,Saknar artunderlag,WATER_IDENTITY_WITH_FVO_LEVEL_MODEL,98edc16c49d3ed73b828
Jämtland,Malmsjöns fvof,Stockbergflotjärnen,Sjö,J-STRUCT:a6f35d0c90d75f65080a7bc0,UNRESOLVED,Saknar artunderlag,WATER_IDENTITY_WITH_FVO_LEVEL_MODEL,8de615f75c3c964ffdae
Jämtland,Malmsjöns fvof,Stockbergtjärnen,Sjö,J-STRUCT:5b7a2dfd68339b1bd23e9644,UNRESOLVED,Saknar artunderlag,WATER_IDENTITY_WITH_FVO_LEVEL_MODEL,6e05174acbefe7f6a383
Jämtland,Malmsjöns fvof,Stor-Gåxsjöflotjärnen,Sjö,J-STRUCT:2842d3857dc779938b6804f5,UNRESOLVED,Saknar artunderlag,WATER_IDENTITY_WITH_FVO_LEVEL_MODEL,41ee201c0c3b814d3f97
Jämtland,Malmsjöns fvof,Stor-Hössjön,Sjö,J-STRUCT:45a64d9375ee170aff291260,UNRESOLVED,Saknar artunderlag,WATER_IDENTITY_WITH_FVO_LEVEL_MODEL,acbb4a5596f0cba120b1
Jämtland,Malmsjöns fvof,Storvattenbäcken,Vattendrag,J-STRUCT:06655b25bdc349b3c06138b5,UNRESOLVED,Saknar artunderlag,WATER_IDENTITY_WITH_FVO_LEVEL_MODEL,88c6b01777ad2cb32a46
Jämtland,Malmsjöns fvof,Storvattnet,Sjö,J-STRUCT:319d975b38c3f402e1aadb84,UNRESOLVED,Saknar artunderlag,WATER_IDENTITY_WITH_FVO_LEVEL_MODEL,92a7602c2cb0158f0e4f
Jämtland,Malmsjöns fvof,Svarttjärnen,Sjö,J-STRUCT:89befed1327a8f90bf3f4d81,UNRESOLVED,Saknar artunderlag,WATER_IDENTITY_WITH_FVO_LEVEL_MODEL,e650ef42d6cd4d41e822
Jämtland,Malmsjöns fvof,Svåltjärnen,Sjö,J-STRUCT:5ae2bb0207a34648277fffb0,UNRESOLVED,Saknar artunderlag,WATER_IDENTITY_WITH_FVO_LEVEL_MODEL,7f5f8aec17b722097b81
Jämtland,Malmsjöns fvof,Sörnoret,Vattendrag,J-STRUCT:f0dc9afe9d90eccd5555f71c,UNRESOLVED,Saknar artunderlag,WATER_IDENTITY_WITH_FVO_LEVEL_MODEL,e061a3f8a055dfc2ee85
Jämtland,Malmsjöns fvof,Sörtjärnarna,Sjö,J-STRUCT:0a5726091197572309e29791,UNRESOLVED,Saknar artunderlag,WATER_IDENTITY_WITH_FVO_LEVEL_MODEL,bf01f117de3d2d8de180
Jämtland,Malmsjöns fvof,Sörtjärnarna,Sjö,J-STRUCT:9d0c826f08c277bf10ade26a,UNRESOLVED,Saknar artunderlag,WATER_IDENTITY_WITH_FVO_LEVEL_MODEL,bf3f775ce5e722b0f75c
Jämtland,Malmsjöns fvof,Sörtjärnarna,Sjö,J-STRUCT:a467c9564728ce304cb870fa,UNRESOLVED,Saknar artunderlag,WATER_IDENTITY_WITH_FVO_LEVEL_MODEL,373e47db2501bfd6c20e
Jämtland,Malmsjöns fvof,Toksjön,Sjö,J-STRUCT:0bb2770a6a1cbdc694776672,UNRESOLVED,Saknar artunderlag,WATER_IDENTITY_WITH_FVO_LEVEL_MODEL,2032620c3730e7465895
Jämtland,Malmsjöns fvof,Trångsjöflotjärnen,Sjö,J-STRUCT:078f87aa09c0b5601c41b229,UNRESOLVED,Saknar artunderlag,WATER_IDENTITY_WITH_FVO_LEVEL_MODEL,cb95bbbae6753eeca9fc
Jämtland,Malmsjöns fvof,Vackermyrtjärnen,Sjö,J-STRUCT:d231ebaa6b057643fbfbe158,UNRESOLVED,Saknar artunderlag,WATER_IDENTITY_WITH_FVO_LEVEL_MODEL,fd8706aff2f028c9d4f6
Jämtland,Malmsjöns fvof,Väster-Bergsjötjärnen,Sjö,J-STRUCT:e35c5a50879fe653b8429dae,UNRESOLVED,Saknar artunderlag,WATER_IDENTITY_WITH_FVO_LEVEL_MODEL,4cc4e655e6feb8e4472e
Jämtland,Malmsjöns fvof,Väster-Broktjärnen,Sjö,J-STRUCT:02de2a88c6bff77a6f2d4059,UNRESOLVED,Saknar artunderlag,WATER_IDENTITY_WITH_FVO_LEVEL_MODEL,9ffddbd496e42eeebfd0
Jämtland,Malmsjöns fvof,Väster-Gåtjärnen,Sjö,J-STRUCT:812ea5fa920b12ace6ad87a8,UNRESOLVED,Saknar artunderlag,WATER_IDENTITY_WITH_FVO_LEVEL_MODEL,9e77c032d1156b8162b2
Jämtland,Malmsjöns fvof,Västersttjärnen,Sjö,J-STRUCT:5f0b3d2d38ff8cd3151b3467,UNRESOLVED,Saknar artunderlag,WATER_IDENTITY_WITH_FVO_LEVEL_MODEL,e5def49240fa5fa8dec4
Jämtland,Malmsjöns fvof,Öster-Bergsjötjärnen,Sjö,J-STRUCT:1d4111c8fe20b05ed40799e0,UNRESOLVED,Saknar artunderlag,WATER_IDENTITY_WITH_FVO_LEVEL_MODEL,8a17249d2d854870b48f
Jämtland,Malmsjöns fvof,Öster-Broktjärnen,Sjö,J-STRUCT:07d3ac6e6cf14bcb1a9e45bd,UNRESOLVED,Saknar artunderlag,WATER_IDENTITY_WITH_FVO_LEVEL_MODEL,57127dfe0f3f5992bdcc
Jämtland,Malmsjöns fvof,Öster-Gåstjärnen,Sjö,J-STRUCT:d47a84c0d3a25c4ebb6e3f01,UNRESOLVED,Saknar artunderlag,WATER_IDENTITY_WITH_FVO_LEVEL_MODEL,165308c2b554accbc83e
Jämtland,Medstugans samff,Anjeströmmen,Vattendrag,J-STRUCT:8a02eafebd677f9fc290feb2,UNRESOLVED,Saknar artunderlag,modeled_water_type_jamtland,5b04fa728d461142f100
Jämtland,Medstugans samff,Asån,Vattendrag,J-STRUCT:68dbeefac41dcf5d24472b9b,UNRESOLVED,Saknar artunderlag,modeled_water_type_jamtland,c554a648efab48e71d22
Jämtland,Medstugans samff,Bustadtjärnen,Sjö,J-STRUCT:31e15961a261c4e489ff7522,UNRESOLVED,Saknar artunderlag,modeled_water_type_jamtland,7a38b32607d81abd0111
Jämtland,Medstugans samff,Finnån,Vattendrag,J-STRUCT:e21ce46bafaf9b9b032583c5,UNRESOLVED,Saknar artunderlag,modeled_water_type_jamtland,2b7eaef0f619326209d2
Jämtland,Medstugans samff,Gåstjärnarna,Sjö,J-STRUCT:1833e67cee371342be5c23d3,UNRESOLVED,Saknar artunderlag,modeled_water_type_jamtland,3c690e70a5e97157cb25
Jämtland,Medstugans samff,Gåstjärnarna,Sjö,J-STRUCT:6041f1ebfebabb6ee922113b,UNRESOLVED,Saknar artunderlag,modeled_water_type_jamtland,16b9e8a9ace97ec2b319
Jämtland,Medstugans samff,Gåstjärnarna,Sjö,J-STRUCT:89538f08ba79d554b974c3d0,UNRESOLVED,Saknar artunderlag,modeled_water_type_jamtland,3dc5b308275d41761a8b
Jämtland,Medstugans samff,Gåstjärnarna,Sjö,J-STRUCT:ac69b676741459bfae794809,UNRESOLVED,Saknar artunderlag,modeled_water_type_jamtland,0cf8dab6956b8f873933
Jämtland,Medstugans samff,Gåstjärnarna,Sjö,J-STRUCT:b49f51634e547843f5f8137f,UNRESOLVED,Saknar artunderlag,modeled_water_type_jamtland,da9fe81e97c63c9d34a5
Jämtland,Medstugans samff,Gåstjärnarna,Sjö,J-STRUCT:d4265699d6714a4c554b3e77,UNRESOLVED,Saknar artunderlag,modeled_water_type_jamtland,9111dbf7b0d39e914b2c
Jämtland,Medstugans samff,Gåstjärnarna,Sjö,J-STRUCT:ebbf327f58b463d11e215519,UNRESOLVED,Saknar artunderlag,modeled_water_type_jamtland,ae3330c686b6131327f0
Jämtland,Medstugans samff,Gåstjärnarna,Sjö,J-STRUCT:f4b865834fbdfe50d0c50727,UNRESOLVED,Saknar artunderlag,modeled_water_type_jamtland,d4c210b5bce35a2149f7
Jämtland,Medstugans samff,Gåstjärnarna H.630,Sjö,J-STRUCT:8bf4707dbab154a4a2b4095b,UNRESOLVED,Saknar artunderlag,modeled_water_type_jamtland,531a7dec1b00eefdd08e
Jämtland,Medstugans samff,Gåstjärnarna H.669,Sjö,J-STRUCT:4df0ed8cde84fac2730909c2,UNRESOLVED,Saknar artunderlag,modeled_water_type_jamtland,ae3bda5cc487e50b9487
Jämtland,Medstugans samff,Holmsjön,Sjö,J-STRUCT:5a5471b4ef20f8dabc3f44d9,UNRESOLVED,Saknar artunderlag,modeled_water_type_jamtland,b84e7df31b42d0dc2a85
Jämtland,Medstugans samff,Lill-Asåtjärnen,Sjö,J-STRUCT:a8775ec5c9932375bbd5e432,UNRESOLVED,Saknar artunderlag,modeled_water_type_jamtland,c85752e503ebbfd0d894
Jämtland,Medstugans samff,Lillsjön,Sjö,J-STRUCT:54b28f7e7962a6213530faf6,UNRESOLVED,Saknar artunderlag,modeled_water_type_jamtland,a0e783c9074eda3eaa31
Jämtland,Medstugans samff,Lillån,Vattendrag,J-STRUCT:396caf0cb6b069552cceaba1,UNRESOLVED,Saknar artunderlag,modeled_water_type_jamtland,7d17855de544a92e9cda
Jämtland,Medstugans samff,Medstugu-Musvaltjärnen,Sjö,J-STRUCT:c5af86cb3ceb2f4b78842637,UNRESOLVED,Saknar artunderlag,modeled_water_type_jamtland,b28c9eb4c843dc0478b6
Jämtland,Medstugans samff,Medstuguån,Vattendrag,J-STRUCT:44496f090fd8e9b03dd23913,UNRESOLVED,Saknar artunderlag,modeled_water_type_jamtland,fc0ca5588128b5c1b2b0
Jämtland,Medstugans samff,Rölan,Vattendrag,J-STRUCT:a1d468d8245fbcae25b5ee6d,UNRESOLVED,Saknar artunderlag,modeled_water_type_jamtland,e460d12a83f7ea9ad4f3
Jämtland,Medstugans samff,Saxsjön,Sjö,J-STRUCT:87333e2bf936711780aec714,UNRESOLVED,Saknar artunderlag,modeled_water_type_jamtland,a45e2464d33709d5272b
Jämtland,Medstugans samff,Saxtjärnen,Sjö,J-STRUCT:f4b3ce636117d75b06575d4d,UNRESOLVED,Saknar artunderlag,modeled_water_type_jamtland,5f8b022a591a4aefc072
Jämtland,Medstugans samff,Saxvalltjärnen,Sjö,J-STRUCT:aa42211fd046167a9b6e06f2,UNRESOLVED,Saknar artunderlag,modeled_water_type_jamtland,3408707152683e3b8117
Jämtland,Medstugans samff,Saxån,Vattendrag,J-STRUCT:03d55ccb7bcb1130b2cd95fc,UNRESOLVED,Saknar artunderlag,modeled_water_type_jamtland,c69e28c70090fd49e729
Jämtland,Medstugans samff,Småmyrtjärnarna,Sjö,J-STRUCT:519cfb590b57cab0c242531e,UNRESOLVED,Saknar artunderlag,modeled_water_type_jamtland,8b3e494c9bd1e3fea6bc
Jämtland,Medstugans samff,Småmyrtjärnarna,Sjö,J-STRUCT:60858981d5e98daa702fc322,UNRESOLVED,Saknar artunderlag,modeled_water_type_jamtland,b105a80d62cdd37073fa
Jämtland,Medstugans samff,Småmyrtjärnarna,Sjö,J-STRUCT:8659e5f8bd65a38d3387fb2e,UNRESOLVED,Saknar artunderlag,modeled_water_type_jamtland,bbac6024513ca975f714
Jämtland,Medstugans samff,Småmyrtjärnarna,Sjö,J-STRUCT:a94d362a16d33b1e66bf8f7f,UNRESOLVED,Saknar artunderlag,modeled_water_type_jamtland,a941a803a3cf880afd25
Jämtland,Medstugans samff,Stor-Asåtjärnen,Sjö,J-STRUCT:b15b0df02e767b152674177c,UNRESOLVED,Saknar artunderlag,modeled_water_type_jamtland,87c9bf5247c1406cfca6
Jämtland,Medstugans samff,Tvärån,Vattendrag,J-STRUCT:8262e80a39b944239815aec9,UNRESOLVED,Saknar artunderlag,modeled_water_type_jamtland,b34d291d3ed588416720
Jämtland,Medstugans samff,Valbäcken,Vattendrag,J-STRUCT:a67b933784c42ac8852c87ac,UNRESOLVED,Saknar artunderlag,modeled_water_type_jamtland,1b907c4b07368d21074b
Jämtland,Medstugans samff,Villåsbäcken,Vattendrag,J-STRUCT:6983f4a3d2b3cbc7be6d79e5,UNRESOLVED,Saknar artunderlag,modeled_water_type_jamtland,2374c293365019c506f3
Jämtland,Medstugans samff,Väster-Lillån,Vattendrag,J-STRUCT:4335ee9f9ca5ab2151a3981f,UNRESOLVED,Saknar artunderlag,modeled_water_type_jamtland,c29fcea78e9b9fa4aaec
Jämtland,Medstugans samff,Väster-Rölan,Vattendrag,J-STRUCT:1938d53507f59d5c80b0a575,UNRESOLVED,Saknar artunderlag,modeled_water_type_jamtland,6a877915b606b7af8b3d
Jämtland,Medstugans samff,Ådalstjärnen,Sjö,J-STRUCT:b4ef86bdc35a63758eee0276,UNRESOLVED,Saknar artunderlag,modeled_water_type_jamtland,2000b1da38590c64644e
Jämtland,Medstugans samff,Öster-Lillån,Vattendrag,J-STRUCT:0797908eee5c2ecfe35890cd,UNRESOLVED,Saknar artunderlag,modeled_water_type_jamtland,4a0f257eaab451994314
Jämtland,Messlingens fvof,Brändåstjärnen,Sjö,J-STRUCT:100f288169cb5e791bfb5639,UNRESOLVED,Saknar artunderlag,WATER_IDENTITY_WITH_FVO_LEVEL_MODEL,ad30a0b32c5016c3a9fa
Jämtland,Messlingens fvof,Djuptjärnen,Sjö,J-STRUCT:b21ffd311b5b44aba3548ff3,UNRESOLVED,Saknar artunderlag,WATER_IDENTITY_WITH_FVO_LEVEL_MODEL,d8883b2f15c74007c0a2
Jämtland,Messlingens fvof,Kockslåttjärnen,Sjö,J-STRUCT:fc8e550233d2501e898ea923,UNRESOLVED,Saknar artunderlag,WATER_IDENTITY_WITH_FVO_LEVEL_MODEL,887ec145028b1a903ee4
Jämtland,Messlingens fvof,Långvåltjärnen,Sjö,J-STRUCT:e7b3e711ea91d0596c96d970,UNRESOLVED,Saknar artunderlag,WATER_IDENTITY_WITH_FVO_LEVEL_MODEL,b399561897515ef0d819
Jämtland,Messlingens fvof,Starrtjärnen,Sjö,J-STRUCT:b6e553f50bcf5bb33d737e9c,UNRESOLVED,Saknar artunderlag,WATER_IDENTITY_WITH_FVO_LEVEL_MODEL,4b08f6ac6e508821c2f4
Jämtland,Messlingens fvof,Stortjärnen,Sjö,J-STRUCT:9d1216c7c72112598317274d,UNRESOLVED,Saknar artunderlag,WATER_IDENTITY_WITH_FVO_LEVEL_MODEL,50830c1ddcb679ca1c33
Jämtland,Messlingens fvof,Svartmortjärnen,Sjö,J-STRUCT:02465a40a5a8dfbf654dca1a,UNRESOLVED,Saknar artunderlag,WATER_IDENTITY_WITH_FVO_LEVEL_MODEL,5f77afcb406bd570cf30
Jämtland,Mo-Östersjöns fvof,Branatjärnen,Sjö,J-STRUCT:49b67af5ca92925b9463e180,UNRESOLVED,Saknar artunderlag,WATER_IDENTITY_WITH_FVO_LEVEL_MODEL,f86f4f46c752689e07c3
Jämtland,Mo-Östersjöns fvof,Byesbäcken,Vattendrag,J-STRUCT:12d36987cfe319e2b334e718,UNRESOLVED,Saknar artunderlag,WATER_IDENTITY_WITH_FVO_LEVEL_MODEL,c16eb7a28f72325c2e86
Jämtland,Mo-Östersjöns fvof,Fjälån,Vattendrag,J-STRUCT:85f6597bdee7eb2e49897494,UNRESOLVED,Saknar artunderlag,WATER_IDENTITY_WITH_FVO_LEVEL_MODEL,06e2da80704ae40888d3
Jämtland,Mo-Östersjöns fvof,Hökbäcken,Vattendrag,J-STRUCT:19599b65d0a26c867603cfe2,UNRESOLVED,Saknar artunderlag,WATER_IDENTITY_WITH_FVO_LEVEL_MODEL,b743baf3ca3f06fea800
Jämtland,Mo-Östersjöns fvof,Lillflärken,Sjö,J-STRUCT:b7a57237b51a6c1464803647,UNRESOLVED,Saknar artunderlag,WATER_IDENTITY_WITH_FVO_LEVEL_MODEL,b622d1fab9c9c918d31a
Jämtland,Mo-Östersjöns fvof,Lilltjärnen,Sjö,J-STRUCT:87a6f69febb8ca20de5503ea,UNRESOLVED,Saknar artunderlag,WATER_IDENTITY_WITH_FVO_LEVEL_MODEL,a3598e789c443e032842
Jämtland,Mo-Östersjöns fvof,Mosjön,Sjö,J-STRUCT:eeccd39feb8ff49bfad26393,UNRESOLVED,Saknar artunderlag,WATER_IDENTITY_WITH_FVO_LEVEL_MODEL,8ab80f218c70864f1053
Jämtland,Mo-Östersjöns fvof,Nästsjön,Sjö,J-STRUCT:75af3ed5c3446b88ab70b06f,UNRESOLVED,Saknar artunderlag,WATER_IDENTITY_WITH_FVO_LEVEL_MODEL,ca039bec4ac1f9937a2e
Jämtland,Mo-Östersjöns fvof,Sjörtjärnen,Sjö,J-STRUCT:882b92fba99bc854a9340a8b,UNRESOLVED,Saknar artunderlag,WATER_IDENTITY_WITH_FVO_LEVEL_MODEL,ee296d0bc4039682a120
Jämtland,Mo-Östersjöns fvof,Storflärken,Sjö,J-STRUCT:df824086da50b61610495004,UNRESOLVED,Saknar artunderlag,WATER_IDENTITY_WITH_FVO_LEVEL_MODEL,15c132ff8255dd7b518b
Jämtland,Mo-Östersjöns fvof,Stortjärnen,Sjö,J-STRUCT:039a87723348715b11cbacd2,UNRESOLVED,Saknar artunderlag,WATER_IDENTITY_WITH_FVO_LEVEL_MODEL,f0c8ee9ed805bc2a82af
Jämtland,Mo-Östersjöns fvof,Svanatjärnbäcken,Vattendrag,J-STRUCT:020fc763935055f322ad311e,UNRESOLVED,Saknar artunderlag,WATER_IDENTITY_WITH_FVO_LEVEL_MODEL,856497dbfb2c2c9cd238
Jämtland,Mo-Östersjöns fvof,Svarttjärnen,Sjö,J-STRUCT:512dda0124935ad44f1f8f22,UNRESOLVED,Saknar artunderlag,WATER_IDENTITY_WITH_FVO_LEVEL_MODEL,0a1caf1bdc1d3b711436
Jämtland,Mo-Östersjöns fvof,Vinkällbäcken,Vattendrag,J-STRUCT:63ce83458fe99d949462e00a,UNRESOLVED,Saknar artunderlag,WATER_IDENTITY_WITH_FVO_LEVEL_MODEL,b8a5e3f3220daa2b1757
Jämtland,Mo-Östersjöns fvof,Östersjön,Sjö,J-STRUCT:98678d7cca4621d2e45d7934,UNRESOLVED,Saknar artunderlag,WATER_IDENTITY_WITH_FVO_LEVEL_MODEL,07dc479210c11a91cb03
Jämtland,Rusvattnets kfo,Blindtjärnen,Sjö,J-STRUCT:a6c4456cd29799ebc97fc1ab,UNRESOLVED,Saknar artunderlag,modeled_water_type_jamtland,8f2984335744e8f9fde8
Jämtland,Rusvattnets kfo,Edsån,Vattendrag,J-STRUCT:b48ca9b93bc619fca106a51c,UNRESOLVED,Saknar artunderlag,modeled_water_type_jamtland,47f2fad1e68f5787b48a
Jämtland,Rusvattnets kfo,Godmjölktjärnen,Sjö,J-STRUCT:5fad0650836b52b156c2d11f,UNRESOLVED,Saknar artunderlag,modeled_water_type_jamtland,c7957d6919024c02ff24
Jämtland,Rusvattnets kfo,Grundtjärnen,Sjö,J-STRUCT:3ef782bcd89c9cb3b2447722,UNRESOLVED,Saknar artunderlag,modeled_water_type_jamtland,6c5e847649ca5f937ccf
Jämtland,Rusvattnets kfo,Gränstjärnen,Sjö,J-STRUCT:ab98b529e83e604bb64659b6,UNRESOLVED,Saknar artunderlag,modeled_water_type_jamtland,ecb3fcbeabadcde11ab1
Jämtland,Rusvattnets kfo,Hästtjärnen,Sjö,J-STRUCT:0b12476539af000031160d87,UNRESOLVED,Saknar artunderlag,modeled_water_type_jamtland,009ac364a9ef5fecf12c
Jämtland,Rusvattnets kfo,Igeltjärnen,Sjö,J-STRUCT:8d67f246492e50e79a86d6fc,UNRESOLVED,Saknar artunderlag,modeled_water_type_jamtland,73f99c65db5fab3344ed
Jämtland,Rusvattnets kfo,Klumpån,Vattendrag,J-STRUCT:b337dac58b8ad843d288ca23,UNRESOLVED,Saknar artunderlag,modeled_water_type_jamtland,f3216e0e4ba419d9fc4d
Jämtland,Rusvattnets kfo,Lapptjärnarna,Sjö,J-STRUCT:7ec57507d70e7ee343ee2052,UNRESOLVED,Saknar artunderlag,modeled_water_type_jamtland,783c65390c89ee2dd3db
Jämtland,Rusvattnets kfo,Lapptjärnarna,Sjö,J-STRUCT:a34c720c6b25da8add1fd756,UNRESOLVED,Saknar artunderlag,modeled_water_type_jamtland,fe59b970a0b631d486ab
Jämtland,Rusvattnets kfo,Lapptjärnarna,Sjö,J-STRUCT:b7a1e901f6bfde6989707f76,UNRESOLVED,Saknar artunderlag,modeled_water_type_jamtland,52b6c7f06236a473d54d
Jämtland,Rusvattnets kfo,Lapptjärnarna,Sjö,J-STRUCT:dde0e9e484ab0ddb542b5bb1,UNRESOLVED,Saknar artunderlag,modeled_water_type_jamtland,4133bffe51c0038eb103
Jämtland,Rusvattnets kfo,Lill-Byvattenbäcken,Vattendrag,J-STRUCT:42437a837d7794c414fde21a,UNRESOLVED,Saknar artunderlag,modeled_water_type_jamtland,8c8991b0df285c86a29f
Jämtland,Rusvattnets kfo,Lill-Rörtjärnen,Sjö,J-STRUCT:fb5b827629d0e257291f7c6a,UNRESOLVED,Saknar artunderlag,modeled_water_type_jamtland,553b47bc35c23437291b
Jämtland,Rusvattnets kfo,Luvkullvattenån,Vattendrag,J-STRUCT:e8932d51c15251be5c63e44e,UNRESOLVED,Saknar artunderlag,modeled_water_type_jamtland,e7b5060fcd1a05b23d0f
Jämtland,Rusvattnets kfo,Långtjärnen,Sjö,J-STRUCT:370c1e9af8ac82c90044a4ed,UNRESOLVED,Saknar artunderlag,modeled_water_type_jamtland,38f12a4b4958c1489e9e
Jämtland,Rusvattnets kfo,Maretullvattnet,Sjö,J-STRUCT:eafcf9df970e1a39ec71dde9,UNRESOLVED,Saknar artunderlag,modeled_water_type_jamtland,8a5647570add70a04a37
Jämtland,Rusvattnets kfo,Mellantjärnen,Sjö,J-STRUCT:d2da6fec0777fb83c31df298,UNRESOLVED,Saknar artunderlag,modeled_water_type_jamtland,208108653691b53abb72
Jämtland,Rusvattnets kfo,Nörder-Grundtjärnen,Sjö,J-STRUCT:029cbf4da2431563f099425a,UNRESOLVED,Saknar artunderlag,modeled_water_type_jamtland,61c5b797c84c2c439b1e
Jämtland,Rusvattnets kfo,Passtjärnen,Sjö,J-STRUCT:1a549336d7ca6172ef717cd0,UNRESOLVED,Saknar artunderlag,modeled_water_type_jamtland,e213572c2283d14d2f82
Jämtland,Rusvattnets kfo,Posttjärnen,Sjö,J-STRUCT:773e2ccbdfd6f3956a5db115,UNRESOLVED,Saknar artunderlag,modeled_water_type_jamtland,c94c45669e2ac6dbaf2e
Jämtland,Rusvattnets kfo,Pölen,Sjö,J-STRUCT:f5be5b75072f8941e92ec204,UNRESOLVED,Saknar artunderlag,modeled_water_type_jamtland,ba8adae5fed13f94a082
Jämtland,Rusvattnets kfo,Rusfjälltjärnen,Sjö,J-STRUCT:d382b93897c1362b6c624cdd,UNRESOLVED,Saknar artunderlag,modeled_water_type_jamtland,699d6f7d7509493955e0
Jämtland,Rusvattnets kfo,Rusvattenbaksjön,Sjö,J-STRUCT:2c65e66ad540750b5abec91d,UNRESOLVED,Saknar artunderlag,modeled_water_type_jamtland,93b7f1a75086bf6e9e8c
Jämtland,Rusvattnets kfo,Rusvattenflyn,Sjö,J-STRUCT:8493127d039c17a56f2c26a5,UNRESOLVED,Saknar artunderlag,modeled_water_type_jamtland,bc0027431220dcc114d4
Jämtland,Rusvattnets kfo,Rusvattnet,Sjö,J-STRUCT:1dfb517350124ed2d3820391,UNRESOLVED,Saknar artunderlag,modeled_water_type_jamtland,19238e41265dfec8b4d4
Jämtland,Rusvattnets kfo,Råkvattentjärnen,Sjö,J-STRUCT:cf5e1dc01453fc12972251b5,UNRESOLVED,Saknar artunderlag,modeled_water_type_jamtland,3b78ddd8c50db37564fc
Jämtland,Rusvattnets kfo,Råkvattnet,Sjö,J-STRUCT:db1cef1df32d24cab0a3b354,UNRESOLVED,Saknar artunderlag,modeled_water_type_jamtland,21983bae56209929f287
Jämtland,Rusvattnets kfo,Siverflyn,Sjö,J-STRUCT:d5436335b40d9f6ac9df7964,UNRESOLVED,Saknar artunderlag,modeled_water_type_jamtland,76c8c20ecc4df9e4461b
Jämtland,Rusvattnets kfo,Stor-Rörtjärn,Sjö,J-STRUCT:7e5bc7228a5547b5b68e477e,UNRESOLVED,Saknar artunderlag,modeled_water_type_jamtland,bab6d08d254a420c7006
Jämtland,Rusvattnets kfo,Uddvattenbäcken,Vattendrag,J-STRUCT:67d7d1a9c644e3f33443fa80,UNRESOLVED,Saknar artunderlag,modeled_water_type_jamtland,9f8ce32159682e2ac1b2
Jämtland,Rusvattnets kfo,Västra Rörvattnet,Sjö,J-STRUCT:008a8e734b91a74f2a916117,UNRESOLVED,Saknar artunderlag,modeled_water_type_jamtland,aec7d7ef85e3e79fb014
Jämtland,Rusvattnets kfo,Öringtjärnen,Sjö,J-STRUCT:b7015ede6738649865bed3a9,UNRESOLVED,Saknar artunderlag,modeled_water_type_jamtland,261e9ec0d954a511c5e3
Jämtland,Sjougdälvens kfo,Bergtjärnen,Sjö,J-STRUCT:f6dce441d2ceb0a4383e3674,UNRESOLVED,Saknar artunderlag,modeled_water_type_jamtland,d47a23af9da2db54398b
Jämtland,Sjougdälvens kfo,Bergvattensbäcken,Vattendrag,J-STRUCT:6a4f94ad8b24ca9c16e4cd8b,UNRESOLVED,Saknar artunderlag,modeled_water_type_jamtland,cbf3ae9c0a3acaf73739
Jämtland,Sjougdälvens kfo,Bergvattnet,Sjö,J-STRUCT:9afc5a9d4334b9ebd5bddac2,UNRESOLVED,Saknar artunderlag,modeled_water_type_jamtland,2b41acc482358806a213
Jämtland,Sjougdälvens kfo,Björnhåltjärnen,Sjö,J-STRUCT:e8f3d176298ed82d8f7914ba,UNRESOLVED,Saknar artunderlag,modeled_water_type_jamtland,3cd916d743c9b10e14f9
Jämtland,Sjougdälvens kfo,Brädkojtjärnen,Sjö,J-STRUCT:9acead41a2101eab1d035e6f,UNRESOLVED,Saknar artunderlag,modeled_water_type_jamtland,9b21bf9b0b55d102ca6a
Jämtland,Sjougdälvens kfo,Bunksjöbäcken,Vattendrag,J-STRUCT:0a0b02438c413f18bfd95cd9,UNRESOLVED,Saknar artunderlag,modeled_water_type_jamtland,c1e19469122ec90a320d
Jämtland,Sjougdälvens kfo,Bunksjön,Sjö,J-STRUCT:112fda0c8b091d7ab8bc7d44,UNRESOLVED,Saknar artunderlag,modeled_water_type_jamtland,a8de6a77bd0c24df2ddc
Jämtland,Sjougdälvens kfo,Bygdvattenbäcken,Vattendrag,J-STRUCT:b6e2b10f7d2dd73129634ab0,UNRESOLVED,Saknar artunderlag,modeled_water_type_jamtland,04865a0f45d61fabbb92
Jämtland,Sjougdälvens kfo,Bäckmyrbäcken,Vattendrag,J-STRUCT:d00a2ad33db52f72530f8fcc,UNRESOLVED,Saknar artunderlag,modeled_water_type_jamtland,2b299605d6b5b978a7c5
Jämtland,Sjougdälvens kfo,Bäckmyrtjärnen,Sjö,J-STRUCT:4f73798015059b1ffdb309b2,UNRESOLVED,Saknar artunderlag,modeled_water_type_jamtland,3512544f0c76351475a7
Jämtland,Sjougdälvens kfo,Bäverdammbäcken,Vattendrag,J-STRUCT:95a3891ce925e65ec68f470b,UNRESOLVED,Saknar artunderlag,modeled_water_type_jamtland,cd98f5c08eadea3fa47f
Jämtland,Sjougdälvens kfo,Danielstjärnen,Sjö,J-STRUCT:fa37f244610f6c5bff17f627,UNRESOLVED,Saknar artunderlag,modeled_water_type_jamtland,86ff00442bcdf45f282e
Jämtland,Sjougdälvens kfo,Erik-Matsselet,Sjö,J-STRUCT:83f97a5886be313994612a62,UNRESOLVED,Saknar artunderlag,modeled_water_type_jamtland,ca5fbc95c4f9143487da
Jämtland,Sjougdälvens kfo,Fettjan,Sjö,J-STRUCT:075079e243e9ffd347928330,UNRESOLVED,Saknar artunderlag,modeled_water_type_jamtland,854451919546dbf4d7ee
Jämtland,Sjougdälvens kfo,Finnloken,Sjö,J-STRUCT:09d7733c8e0717451966477f,UNRESOLVED,Saknar artunderlag,modeled_water_type_jamtland,77aa49c1df2ffa7bff9d
Jämtland,Sjougdälvens kfo,Fisktjärnen,Sjö,J-STRUCT:60eb2fd27a9c8265ef7728ad,UNRESOLVED,Saknar artunderlag,modeled_water_type_jamtland,76d247777e63fbdd312e
Jämtland,Sjougdälvens kfo,Fjälltjärnarna,Sjö,J-STRUCT:a6d5b961096b292e8e4a7053,UNRESOLVED,Saknar artunderlag,modeled_water_type_jamtland,9a9ba4848e1b520b3c7b
Jämtland,Sjougdälvens kfo,Fjälltjärnarna,Sjö,J-STRUCT:e89228046209cac861203d6d,UNRESOLVED,Saknar artunderlag,modeled_water_type_jamtland,0e7f796fc6d8c343d11e
Jämtland,Sjougdälvens kfo,Flåsjöån,Vattendrag,J-STRUCT:8a6a625aa51abe6dad8d9865,UNRESOLVED,Saknar artunderlag,modeled_water_type_jamtland,a3f2c57c2f6a29cd9367
Jämtland,Sjougdälvens kfo,Fånsjön,Sjö,J-STRUCT:4c0d64cfa169ef4c4e33aced,UNRESOLVED,Saknar artunderlag,modeled_water_type_jamtland,0419e1d4aa2dff204758
Jämtland,Sjougdälvens kfo,Fånån,Vattendrag,J-STRUCT:082697b84da7135c09832eb4,UNRESOLVED,Saknar artunderlag,modeled_water_type_jamtland,844fc4f331be1823c834
Jämtland,Sjougdälvens kfo,Gravatjärnen,Sjö,J-STRUCT:633bf1f483429e4b5b5a4873,UNRESOLVED,Saknar artunderlag,modeled_water_type_jamtland,cca89e88231e44428bb4
Jämtland,Sjougdälvens kfo,Grubbmyrtjärnen,Sjö,J-STRUCT:91be7c968d8af357cab85b00,UNRESOLVED,Saknar artunderlag,modeled_water_type_jamtland,9abbe2ff595247618ff6
Jämtland,Sjougdälvens kfo,Grundtjärnen,Sjö,J-STRUCT:b03566da7c7c86d28648d016,UNRESOLVED,Saknar artunderlag,modeled_water_type_jamtland,cda1cabc8daaeded33bf
Jämtland,Sjougdälvens kfo,Gräventjärnen,Sjö,J-STRUCT:18a1a60d2620fa415a536aff,UNRESOLVED,Saknar artunderlag,modeled_water_type_jamtland,85d5921110ad22c0fa04
Jämtland,Sjougdälvens kfo,Hansselet,Sjö,J-STRUCT:2fb236497e7744be0ae5c558,UNRESOLVED,Saknar artunderlag,modeled_water_type_jamtland,daec78a90a7b1f524bf8
Jämtland,Sjougdälvens kfo,Harrsjön,Sjö,J-STRUCT:a6cb4a707c7324507de75caa,UNRESOLVED,Saknar artunderlag,modeled_water_type_jamtland,9b95d25e7a5af2f71b34
Jämtland,Sjougdälvens kfo,Hovdetjärnen,Sjö,J-STRUCT:15dbe3ba0c2a2bba5323b52e,UNRESOLVED,Saknar artunderlag,modeled_water_type_jamtland,fd7ef1113e478e45802d
Jämtland,Sjougdälvens kfo,Hyktabergtjärnen,Sjö,J-STRUCT:b71b522471001cfc95eb1f80,UNRESOLVED,Saknar artunderlag,modeled_water_type_jamtland,80bcf6ccd0a4aec13cea
Jämtland,Sjougdälvens kfo,Hällholmbäcken,Vattendrag,J-STRUCT:0e238dac063f4667908e821f,UNRESOLVED,Saknar artunderlag,modeled_water_type_jamtland,997d00855057a24f3038
Jämtland,Sjougdälvens kfo,Hällholmtjärnen,Sjö,J-STRUCT:1c55c9696366e8bdf91b9a75,UNRESOLVED,Saknar artunderlag,modeled_water_type_jamtland,5c946143c7e07a79899a
Jämtland,Sjougdälvens kfo,Klingermyrtjärnen,Sjö,J-STRUCT:baa212dad7ca63dce9387c63,UNRESOLVED,Saknar artunderlag,modeled_water_type_jamtland,1a8169ce37fe88a55d42
Jämtland,Sjougdälvens kfo,Klingerselet,Sjö,J-STRUCT:613f0fb1488a0888fa4018c4,UNRESOLVED,Saknar artunderlag,modeled_water_type_jamtland,d3630c5536166ac0af91
Jämtland,Sjougdälvens kfo,Korsflobäcken,Vattendrag,J-STRUCT:f15434a60f2a70000037fe02,UNRESOLVED,Saknar artunderlag,modeled_water_type_jamtland,a2123dfd6965d7ae402f
Jämtland,Sjougdälvens kfo,Korsselet,Sjö,J-STRUCT:a171f7ea68f1177b8ae27ca5,UNRESOLVED,Saknar artunderlag,modeled_water_type_jamtland,1f5f6b93e2700cf75cd5
Jämtland,Sjougdälvens kfo,Kroktjärnen,Sjö,J-STRUCT:e3dd8920e8939ebeae3f5fc1,UNRESOLVED,Saknar artunderlag,modeled_water_type_jamtland,f3791b7b2a44f2650e96
Jämtland,Sjougdälvens kfo,Kvarnbergtjärnen,Sjö,J-STRUCT:ff5e65736987aab13733dac1,UNRESOLVED,Saknar artunderlag,modeled_water_type_jamtland,71a061dc62555b1a67d1
Jämtland,Sjougdälvens kfo,Kvarnbäcken,Vattendrag,J-STRUCT:4593a6c3c8780c69aa44d011,UNRESOLVED,Saknar artunderlag,modeled_water_type_jamtland,4c6144fbbce0fc739b83
Jämtland,Sjougdälvens kfo,Kvarnflyn,Sjö,J-STRUCT:5ef5b9aae305020c19ba3fea,UNRESOLVED,Saknar artunderlag,modeled_water_type_jamtland,08f2daaf20d997c06449
Jämtland,Sjougdälvens kfo,Kvarntjärnen,Sjö,J-STRUCT:ed078a589ad6d810edd93fbf,UNRESOLVED,Saknar artunderlag,modeled_water_type_jamtland,0e4b9cef2e9c6ce961fc
Jämtland,Sjougdälvens kfo,Lapptjärnen,Sjö,J-STRUCT:bcca399a3e8a65a613f6b875,UNRESOLVED,Saknar artunderlag,modeled_water_type_jamtland,7c9202fb7410b4b7b051
Jämtland,Sjougdälvens kfo,Lidtjärnarna,Sjö,J-STRUCT:2834ec693da15faa1f3bc2fb,UNRESOLVED,Saknar artunderlag,modeled_water_type_jamtland,b8f5ba81c0a37a97b392
Jämtland,Sjougdälvens kfo,Lidtjärnarna,Sjö,J-STRUCT:4dd4fce48a809db230eaece1,UNRESOLVED,Saknar artunderlag,modeled_water_type_jamtland,b2614762d0cf39db7582
Jämtland,Sjougdälvens kfo,Lidtjärnarna,Sjö,J-STRUCT:ef883014e12a63edfc9f027e,UNRESOLVED,Saknar artunderlag,modeled_water_type_jamtland,83d11b1c14ff25d7e70d
Jämtland,Sjougdälvens kfo,Lill-Bergvattnet,Sjö,J-STRUCT:744ff3e20773d4f72cc43783,UNRESOLVED,Saknar artunderlag,modeled_water_type_jamtland,8cefaa6345e52ec89cfd
Jämtland,Sjougdälvens kfo,Lill-Laxtjärnen,Sjö,J-STRUCT:3cd038248e2e74520eeef653,UNRESOLVED,Saknar artunderlag,modeled_water_type_jamtland,7cd70201076b4339b851
Jämtland,Sjougdälvens kfo,Lill-Rot-Karltjärnen,Sjö,J-STRUCT:e358a2e1064c99ea6f348852,UNRESOLVED,Saknar artunderlag,modeled_water_type_jamtland,32959ba706ef8217f635
Jämtland,Sjougdälvens kfo,Lill-Stensjön,Sjö,J-STRUCT:bc90504ce6d76540c6cd0b5a,UNRESOLVED,Saknar artunderlag,modeled_water_type_jamtland,0446c2918e275102a9dd
Jämtland,Sjougdälvens kfo,Lilla Hällholmtjärnen,Sjö,J-STRUCT:fe650164a4787a464feb5df4,UNRESOLVED,Saknar artunderlag,modeled_water_type_jamtland,bd3a7ee3848417372993
Jämtland,Sjougdälvens kfo,Lillflyn,Sjö,J-STRUCT:2f92dbd1a541f3d384578a64,UNRESOLVED,Saknar artunderlag,modeled_water_type_jamtland,ef69eaf930a59c020c4b
Jämtland,Sjougdälvens kfo,Lillhålet,Sjö,J-STRUCT:f6ee33b9c26b4ee4b5745621,UNRESOLVED,Saknar artunderlag,modeled_water_type_jamtland,1ea5700b6019942c1ca3
Jämtland,Sjougdälvens kfo,Lilltjärnen,Sjö,J-STRUCT:054a712a80108ca230330fe5,UNRESOLVED,Saknar artunderlag,modeled_water_type_jamtland,1e6b6c859852f7200e8e
Jämtland,Sjougdälvens kfo,Lilltjärnen,Sjö,J-STRUCT:503ba8de9933d809895c63b5,UNRESOLVED,Saknar artunderlag,modeled_water_type_jamtland,30e8314575cb66189654
Jämtland,Sjougdälvens kfo,Lilltjärnen,Sjö,J-STRUCT:f1301921436d2f5942ef76f7,UNRESOLVED,Saknar artunderlag,modeled_water_type_jamtland,b061b4a16ad5c60aa236
Jämtland,Sjougdälvens kfo,Lintjärnen,Sjö,J-STRUCT:8b0a6e537f9e91786dc4ad41,UNRESOLVED,Saknar artunderlag,modeled_water_type_jamtland,b13a95ee654aead898c1
Jämtland,Sjougdälvens kfo,Lomtjärnen,Sjö,J-STRUCT:38db2b7cf71cca06f8f1618a,UNRESOLVED,Saknar artunderlag,modeled_water_type_jamtland,abbe438e0da4d5fc6b5c
Jämtland,Sjougdälvens kfo,Långmarksjöbäcken,Vattendrag,J-STRUCT:d702522f5a7f95f5e405ebf5,UNRESOLVED,Saknar artunderlag,modeled_water_type_jamtland,d3059720b17198e534aa
Jämtland,Sjougdälvens kfo,Långmarksjön,Sjö,J-STRUCT:ee15c0745d0a505c16dfa023,UNRESOLVED,Saknar artunderlag,modeled_water_type_jamtland,fb8e613b6c71519eca1f
Jämtland,Sjougdälvens kfo,Långmarktjärnen,Sjö,J-STRUCT:c546d40f841b9d52efed032c,UNRESOLVED,Saknar artunderlag,modeled_water_type_jamtland,0478ef4b2725184f4b44
Jämtland,Sjougdälvens kfo,Långmarktjärnen,Sjö,J-STRUCT:c76d9a2b2a23a69308c22b52,UNRESOLVED,Saknar artunderlag,modeled_water_type_jamtland,c639d6fc2a33963e2ed0
Jämtland,Sjougdälvens kfo,Långtjärnarna,Sjö,J-STRUCT:7d9afd3fdd504651a2813cef,UNRESOLVED,Saknar artunderlag,modeled_water_type_jamtland,f4f1661dce8decb83491
Jämtland,Sjougdälvens kfo,Långtjärnarna,Sjö,J-STRUCT:dd78d70e8d0fa6100b8a6711,UNRESOLVED,Saknar artunderlag,modeled_water_type_jamtland,27ca3cb57bce4a9c725e
Jämtland,Sjougdälvens kfo,Långtjärnbäcken,Vattendrag,J-STRUCT:a4713ba5b738bd88acda597b,UNRESOLVED,Saknar artunderlag,modeled_water_type_jamtland,171be56c236f1dadd38d
Jämtland,Sjougdälvens kfo,Långtjärnen,Sjö,J-STRUCT:3b7128f9fdd1d9d0d50247a0,UNRESOLVED,Saknar artunderlag,modeled_water_type_jamtland,4512ecec926fd0e1dddb
Jämtland,Sjougdälvens kfo,Långtjärnen,Sjö,J-STRUCT:6d4d1083624a032d5d1d243f,UNRESOLVED,Saknar artunderlag,modeled_water_type_jamtland,4d8d0c21e986ae16b57a
Jämtland,Sjougdälvens kfo,Långtjärnen,Sjö,J-STRUCT:c468502e87a41627a0398ca2,UNRESOLVED,Saknar artunderlag,modeled_water_type_jamtland,bc6474b8b5d737996252
Jämtland,Sjougdälvens kfo,Långtjärnen,Sjö,J-STRUCT:ffa783259a0e41c6abd51cb0,UNRESOLVED,Saknar artunderlag,modeled_water_type_jamtland,1d8f393e9b641a02b305
Jämtland,Sjougdälvens kfo,Neder-Kvarnmotjärnen,Sjö,J-STRUCT:22035e06383359302efb205e,UNRESOLVED,Saknar artunderlag,modeled_water_type_jamtland,f89e38265e96818d7a4a
Jämtland,Sjougdälvens kfo,Nedre Granbacktjärnen,Sjö,J-STRUCT:75e1f62a361d25b9b07d6a0f,UNRESOLVED,Saknar artunderlag,modeled_water_type_jamtland,30cec5b884b38b7d7c49
Jämtland,Sjougdälvens kfo,Nedre Lilltjärnen,Sjö,J-STRUCT:502f3563606900a022fafac6,UNRESOLVED,Saknar artunderlag,modeled_water_type_jamtland,386bf49612243be7ad20
Jämtland,Sjougdälvens kfo,Nolltjärnen,Sjö,J-STRUCT:8ca1d2009b2d5fa6d64ad892,UNRESOLVED,Saknar artunderlag,modeled_water_type_jamtland,4c065b7bb8880123b15d
Jämtland,Sjougdälvens kfo,Nyselet,Sjö,J-STRUCT:614f3ddd02c7eecb7b295c3f,UNRESOLVED,Saknar artunderlag,modeled_water_type_jamtland,e4fb8f516c1fdb4ab4e8
Jämtland,Sjougdälvens kfo,Nytjärnarna,Sjö,J-STRUCT:a9ed4b34855ec401b9759c55,UNRESOLVED,Saknar artunderlag,modeled_water_type_jamtland,2c5072fac53796d1113d
Jämtland,Sjougdälvens kfo,Nytjärnarna,Sjö,J-STRUCT:aff118cc2239190122488355,UNRESOLVED,Saknar artunderlag,modeled_water_type_jamtland,b189ec278f252dc79e13
Jämtland,Sjougdälvens kfo,Nytjärnarna,Sjö,J-STRUCT:c5bacaf1b9e977f8a21abb37,UNRESOLVED,Saknar artunderlag,modeled_water_type_jamtland,5b8364ec575fff78dd45
Jämtland,Sjougdälvens kfo,Nytjärnarna,Sjö,J-STRUCT:dbda654361f7fc52f84c043d,UNRESOLVED,Saknar artunderlag,modeled_water_type_jamtland,156a3fe5b1baee071186
Jämtland,Sjougdälvens kfo,Nytjärnarna,Sjö,J-STRUCT:e2c735e79899f09263f79e14,UNRESOLVED,Saknar artunderlag,modeled_water_type_jamtland,c906dbd46f52d861fa3e
Jämtland,Sjougdälvens kfo,Nytjärnen,Sjö,J-STRUCT:f27a483552b7c94f4acd5267,UNRESOLVED,Saknar artunderlag,modeled_water_type_jamtland,9c3a6141f15c7f3fd5eb
Jämtland,Sjougdälvens kfo,Nåsjöbäcken,Vattendrag,J-STRUCT:177bfa8b40ed686b9d08f649,UNRESOLVED,Saknar artunderlag,modeled_water_type_jamtland,3bf57b0d54d0e2fd943b
Jämtland,Sjougdälvens kfo,Nåsjöflyn,Sjö,J-STRUCT:ed5087c452bad5bd932ed0b8,UNRESOLVED,Saknar artunderlag,modeled_water_type_jamtland,9144274079b0ec175e50
Jämtland,Sjougdälvens kfo,Nåsjön,Sjö,J-STRUCT:3675d8973e83597f03a26e84,UNRESOLVED,Saknar artunderlag,modeled_water_type_jamtland,ee2ca12b658661454056
Jämtland,Sjougdälvens kfo,Nörd-Slåttesbergtjärnen,Sjö,J-STRUCT:cf51692ce8e4ae9348b53fe9,UNRESOLVED,Saknar artunderlag,modeled_water_type_jamtland,23549f636fcb954e7b38
Jämtland,Sjougdälvens kfo,Odugligsjöbäcken,Vattendrag,J-STRUCT:60026929c388401e6c3b6bb7,UNRESOLVED,Saknar artunderlag,modeled_water_type_jamtland,120916c0a64b27f67aff
Jämtland,Sjougdälvens kfo,Odugligsjön,Sjö,J-STRUCT:6d3372c6f5970fbc3eed7498,UNRESOLVED,Saknar artunderlag,modeled_water_type_jamtland,3e723d01bad1dc03cfde
Jämtland,Sjougdälvens kfo,Plopptjärnen,Sjö,J-STRUCT:aaa2a4a86179b831fb9b8748,UNRESOLVED,Saknar artunderlag,modeled_water_type_jamtland,4728e71f4d42669b4e9e
Jämtland,Sjougdälvens kfo,Sakariastjärnarna,Sjö,J-STRUCT:cb2f5ed3b5548126793fa00f,UNRESOLVED,Saknar artunderlag,modeled_water_type_jamtland,d0b0a071888c8fd0d70e
Jämtland,Sjougdälvens kfo,Sakariastjärnarna,Sjö,J-STRUCT:d90accbaa8362355f4e7bd9f,UNRESOLVED,Saknar artunderlag,modeled_water_type_jamtland,2e0ace31d28ba797de9f
Jämtland,Sjougdälvens kfo,Sakristjärnen,Sjö,J-STRUCT:9e522c72db71820ab920c252,UNRESOLVED,Saknar artunderlag,modeled_water_type_jamtland,523241f5fca81d2c458f
Jämtland,Sjougdälvens kfo,Sjoutälven,Vattendrag,J-STRUCT:f98142757b5ba7d6d518ccf4,UNRESOLVED,Saknar artunderlag,modeled_water_type_jamtland,76f61b24cd20259c9b41
Jämtland,Sjougdälvens kfo,Skarpabborrtjärnen,Sjö,J-STRUCT:b079ab6cb732ea25921f334b,UNRESOLVED,Saknar artunderlag,modeled_water_type_jamtland,07449d8c9b0257d9980c
Jämtland,Sjougdälvens kfo,Skraveltjärnen,Sjö,J-STRUCT:677718202fd0f8332b311b4d,UNRESOLVED,Saknar artunderlag,modeled_water_type_jamtland,d34f6ce6cc6bbb818bd6
Jämtland,Sjougdälvens kfo,Skraveltjärnen,Sjö,J-STRUCT:dfab0b92139a3bb2f8cac86f,UNRESOLVED,Saknar artunderlag,modeled_water_type_jamtland,0baef97b520929d5400a
Jämtland,Sjougdälvens kfo,Slåttesselet,Sjö,J-STRUCT:c5d34500377a2acba78ea70c,UNRESOLVED,Saknar artunderlag,modeled_water_type_jamtland,e5c28a5ba08d3b56d886
Jämtland,Sjougdälvens kfo,Stensjöfjällstjärnarn,Sjö,J-STRUCT:48ed44d1e2276b8106023acc,UNRESOLVED,Saknar artunderlag,modeled_water_type_jamtland,4840565ce07664de9960
Jämtland,Sjougdälvens kfo,Stensjöfjällstjärnarna,Sjö,J-STRUCT:0856b68002f7d8436a638a4f,UNRESOLVED,Saknar artunderlag,modeled_water_type_jamtland,8ed18a2c6801ea10bd16
Jämtland,Sjougdälvens kfo,Stensjön,Sjö,J-STRUCT:35bf13d63200fe85a1f3d82d,UNRESOLVED,Saknar artunderlag,modeled_water_type_jamtland,3037f8ccb9c35174869e
Jämtland,Sjougdälvens kfo,Stentjärnen,Sjö,J-STRUCT:577655445e16a7aca333c243,UNRESOLVED,Saknar artunderlag,modeled_water_type_jamtland,b21242e85533214eb305
Jämtland,Sjougdälvens kfo,Stentjärnen,Sjö,J-STRUCT:643990a2a033e34f73166ed5,UNRESOLVED,Saknar artunderlag,modeled_water_type_jamtland,4dbec510f2941d77ba58
Jämtland,Sjougdälvens kfo,Stor-Laxtjärnen,Sjö,J-STRUCT:843a1520ad2c308c6e247aeb,UNRESOLVED,Saknar artunderlag,modeled_water_type_jamtland,479eea2fc2dec77cee96
Jämtland,Sjougdälvens kfo,Stor-Rot-Karltjärn,Sjö,J-STRUCT:30ead72b1060b87bda84b18d,UNRESOLVED,Saknar artunderlag,modeled_water_type_jamtland,fea43d9928c2734d01a3
Jämtland,Sjougdälvens kfo,Stortjärnbäcken,Vattendrag,J-STRUCT:ede39ee74ae484bceff61069,UNRESOLVED,Saknar artunderlag,modeled_water_type_jamtland,42416ecb0c2f50b6c80b
Jämtland,Sjougdälvens kfo,Stortjärnen,Sjö,J-STRUCT:62c5ac124506c865352d65f9,UNRESOLVED,Saknar artunderlag,modeled_water_type_jamtland,51667c17e571be87eaab
Jämtland,Sjougdälvens kfo,Stortjärnen,Sjö,J-STRUCT:ad19c5de1c6762ab6c2e706a,UNRESOLVED,Saknar artunderlag,modeled_water_type_jamtland,911d982787c31a447f3f
Jämtland,Sjougdälvens kfo,Stortjärnen,Sjö,J-STRUCT:f2845c757a1f5f449ab83824,UNRESOLVED,Saknar artunderlag,modeled_water_type_jamtland,bf198529a22f39ce0682
Jämtland,Sjougdälvens kfo,Storöretjärnen,Sjö,J-STRUCT:1cd307d3397b922f2e184d32,UNRESOLVED,Saknar artunderlag,modeled_water_type_jamtland,d9155e064e4d9fe5fafb
Jämtland,Sjougdälvens kfo,Svanselet,Sjö,J-STRUCT:ae17b3fa090d2ccb550a8899,UNRESOLVED,Saknar artunderlag,modeled_water_type_jamtland,7d3c0892f6653081381b
Jämtland,Sjougdälvens kfo,Svantjärnen,Sjö,J-STRUCT:7edd317ab78ae7c16c7ee077,UNRESOLVED,Saknar artunderlag,modeled_water_type_jamtland,198d7dfaa3f77be85955
Jämtland,Sjougdälvens kfo,Svarttjärnen,Sjö,J-STRUCT:ed1d89ecc5cef30d001db7d1,UNRESOLVED,Saknar artunderlag,modeled_water_type_jamtland,0328b0d01c6276c78c76
Jämtland,Sjougdälvens kfo,Sågbäcken,Vattendrag,J-STRUCT:f1a6599c8d1892abd3ca7690,UNRESOLVED,Saknar artunderlag,modeled_water_type_jamtland,3c4e1bae18b7da1614af
Jämtland,Sjougdälvens kfo,Sör-Slåttesbergtjärnen,Sjö,J-STRUCT:dead304564a56761c6efc39d,UNRESOLVED,Saknar artunderlag,modeled_water_type_jamtland,54376cb4b35d2c23c13f
Jämtland,Sjougdälvens kfo,Sörsjön,Sjö,J-STRUCT:606010c7f737b258156d2dae,UNRESOLVED,Saknar artunderlag,modeled_water_type_jamtland,fb032decc44d98a26887
Jämtland,Sjougdälvens kfo,Sörsjön,Sjö,J-STRUCT:a5e094107b6a663320e16372,UNRESOLVED,Saknar artunderlag,modeled_water_type_jamtland,c6555319f717b84ca1f9
Jämtland,Sjougdälvens kfo,Tjädervintjärnen,Sjö,J-STRUCT:26fe40737464acec4a7c7b84,UNRESOLVED,Saknar artunderlag,modeled_water_type_jamtland,11a5acd24fc01b5334da
Jämtland,Sjougdälvens kfo,Tjörpestjärnen,Sjö,J-STRUCT:9c50e3224315f54f1930015f,UNRESOLVED,Saknar artunderlag,modeled_water_type_jamtland,97916aa63ebce8f937c2
Jämtland,Sjougdälvens kfo,Tomas-Hansselet,Sjö,J-STRUCT:9c8265f3fd5a87e6bfabcc83,UNRESOLVED,Saknar artunderlag,modeled_water_type_jamtland,d1ae8701ae73e5a9207a
Jämtland,Sjougdälvens kfo,Tvillingtjärnarna,Sjö,J-STRUCT:d738ec55cb6dd8e7e2ad9561,UNRESOLVED,Saknar artunderlag,modeled_water_type_jamtland,370bd2be028950d2c007
Jämtland,Sjougdälvens kfo,Tåsjön,Sjö,J-STRUCT:68f2dda9400545933dbaab4f,UNRESOLVED,Saknar artunderlag,modeled_water_type_jamtland,82701fcecce57a77bbc7
Jämtland,Sjougdälvens kfo,Villestjärnarna,Sjö,J-STRUCT:8df69c85a449066a69cb1158,UNRESOLVED,Saknar artunderlag,modeled_water_type_jamtland,31b7c6022ab995a9289b
Jämtland,Sjougdälvens kfo,Villestjärnarna,Sjö,J-STRUCT:ba0721ab6694d67f91ec102d,UNRESOLVED,Saknar artunderlag,modeled_water_type_jamtland,e3959e5057f1c20c2ac6
Jämtland,Sjougdälvens kfo,Vittermyrtjärnen,Sjö,J-STRUCT:52878df9224728dd528b2754,UNRESOLVED,Saknar artunderlag,modeled_water_type_jamtland,585b4eec8037f9d40098
Jämtland,Sjougdälvens kfo,Väster-Bjurbäcken,Vattendrag,J-STRUCT:b6e88e58ce4b9d7230a00095,UNRESOLVED,Saknar artunderlag,modeled_water_type_jamtland,8536e916b3dfe49097b0
Jämtland,Sjougdälvens kfo,Öster-Bjurbäcken,Vattendrag,J-STRUCT:d273c1c275a06f10b053ab71,UNRESOLVED,Saknar artunderlag,modeled_water_type_jamtland,00b13cc4ed9921ccc7f4
Jämtland,Sjougdälvens kfo,Över-Kvarnmotjärnen,Sjö,J-STRUCT:1f029dfe7de1f8db1cdbea69,UNRESOLVED,Saknar artunderlag,modeled_water_type_jamtland,ab20cccb4fe01dd1d2df
Jämtland,Sjougdälvens kfo,Övre Granbacktjärnen,Sjö,J-STRUCT:77ed8ad5f914d79c3e6d2d91,UNRESOLVED,Saknar artunderlag,modeled_water_type_jamtland,8734a72486dc6c213942
Jämtland,Stor-Raftsjöns fvo,Djupbäcken,Vattendrag,J-STRUCT:e11f572c09f8ca7e26628f62,UNRESOLVED,Saknar artunderlag,WATER_IDENTITY_WITH_FVO_LEVEL_MODEL,0106dd0841cdfb0641bd
Jämtland,Stor-Raftsjöns fvo,Fyringssjön,Sjö,J-STRUCT:06eb2c00ca600753276912f0,UNRESOLVED,Saknar artunderlag,WATER_IDENTITY_WITH_FVO_LEVEL_MODEL,719347b8667e8e5c8974
Jämtland,Stor-Raftsjöns fvo,Fyrån,Vattendrag,J-STRUCT:30eec737267ee7aed573df92,UNRESOLVED,Saknar artunderlag,WATER_IDENTITY_WITH_FVO_LEVEL_MODEL,0968fe1f8256ca374965
Jämtland,Stor-Raftsjöns fvo,Kälabäcken,Vattendrag,J-STRUCT:a22e1e8ecab58c1a475f38b2,UNRESOLVED,Saknar artunderlag,WATER_IDENTITY_WITH_FVO_LEVEL_MODEL,707c6b48bcc12c7570df
Jämtland,Stor-Raftsjöns fvo,Lill-Raftsjön,Sjö,J-STRUCT:575c80559e2a2fdf2d05ca64,UNRESOLVED,Saknar artunderlag,WATER_IDENTITY_WITH_FVO_LEVEL_MODEL,efad58978b1254d93323
Jämtland,Stor-Raftsjöns fvo,Norsksjön,Sjö,J-STRUCT:9cf522019a7a79fb9de8fe5a,UNRESOLVED,Saknar artunderlag,WATER_IDENTITY_WITH_FVO_LEVEL_MODEL,d1eedbcb2efa270bd5c1
Jämtland,Stor-Raftsjöns fvo,Raftan,Vattendrag,J-STRUCT:d7f40d71877d553a08997f73,UNRESOLVED,Saknar artunderlag,WATER_IDENTITY_WITH_FVO_LEVEL_MODEL,9f88092ba9214a37b943
Jämtland,Stor-Raftsjöns fvo,Sandvikbäcken,Vattendrag,J-STRUCT:afeaa4e19269ae6dd29b7b70,UNRESOLVED,Saknar artunderlag,WATER_IDENTITY_WITH_FVO_LEVEL_MODEL,f655d3c71abb07a51df2
Jämtland,Stor-Raftsjöns fvo,Stor-Raftsjön,Sjö,J-STRUCT:a6d24d1ce591d7868763025d,UNRESOLVED,Saknar artunderlag,WATER_IDENTITY_WITH_FVO_LEVEL_MODEL,90d32e82d6e0b04de6de
Jämtland,Stor-Raftsjöns fvo,Töjsan,Vattendrag,J-STRUCT:9803acb24e71d1344a44d9ff,UNRESOLVED,Saknar artunderlag,WATER_IDENTITY_WITH_FVO_LEVEL_MODEL,828b9402171e60d4782f
Jämtland,Stora Blåsjöns samff,Blåsjöälven,Vattendrag,J-STRUCT:1588cbc8b9926c6a47a32f50,UNRESOLVED,Saknar artunderlag,modeled_water_type_jamtland,81f0ebdf53626a336576
Jämtland,Stora Blåsjöns samff,Brakkån,Vattendrag,J-STRUCT:8aa446b126cdb4406c1e5727,UNRESOLVED,Saknar artunderlag,modeled_water_type_jamtland,1a8792b063fa91a69eeb
Jämtland,Stora Blåsjöns samff,Brännälven,Vattendrag,J-STRUCT:aa55e834ed7e565d34356921,UNRESOLVED,Saknar artunderlag,modeled_water_type_jamtland,7aabcc67b140cf349770
Jämtland,Stora Blåsjöns samff,Brännälven,Vattendrag,J-STRUCT:ef3def5ded40d3b27cd58e23,UNRESOLVED,Saknar artunderlag,modeled_water_type_jamtland,bbb0281383c4a7b8894f
Jämtland,Stora Blåsjöns samff,Lejarälven,Vattendrag,J-STRUCT:5a87759613b233d237f75950,UNRESOLVED,Saknar artunderlag,modeled_water_type_jamtland,9a108569e3183158b4d0
Jämtland,Stora Blåsjöns samff,Mittibäcken,Vattendrag,J-STRUCT:16c1192b4ca07ed4bda9e863,UNRESOLVED,Saknar artunderlag,modeled_water_type_jamtland,bf534049582c93787e15
Jämtland,Stora Blåsjöns samff,Mittiälven,Vattendrag,J-STRUCT:c7957edf5605f7aa82b6ba1b,UNRESOLVED,Saknar artunderlag,modeled_water_type_jamtland,ef1a871cd92fd6334a03
Jämtland,Stora Blåsjöns samff,Ruplutten,Sjö,J-STRUCT:0318fda446d3c11a2a76b439,UNRESOLVED,Saknar artunderlag,modeled_water_type_jamtland,7be23be3b678bba63e15
Jämtland,Stora Blåsjöns samff,Rödknultjärnen,Sjö,J-STRUCT:fccb69df62ca8ae01b57cfd9,UNRESOLVED,Saknar artunderlag,modeled_water_type_jamtland,125bc288c3bd44dda1ff
Jämtland,Stora Blåsjöns samff,Sigridlidplutten,Sjö,J-STRUCT:5bd2185f7970d4215e138bd8,UNRESOLVED,Saknar artunderlag,modeled_water_type_jamtland,f5da02865be9a54c94c2
Jämtland,Stora Blåsjöns samff,Storvallsbäcken,Vattendrag,J-STRUCT:9fe97b38292bbd6f21d717d2,UNRESOLVED,Saknar artunderlag,modeled_water_type_jamtland,fefd0d0bd8d4d1161777
Jämtland,Stora Blåsjöns samff,Svarttjärnen,Sjö,J-STRUCT:13f84945f980a673bda892f1,UNRESOLVED,Saknar artunderlag,modeled_water_type_jamtland,188c635a1930ab8189f6
Jämtland,Stora Blåsjöns samff,Tjärndrolet,Sjö,J-STRUCT:56c8aeadcc0afb4f330e3893,UNRESOLVED,Saknar artunderlag,modeled_water_type_jamtland,5dac4a527a1d05e5e27c
Jämtland,Stora Blåsjöns samff,Ullersjöbäcken,Vattendrag,J-STRUCT:a3b29b7e6e1894c81d056c25,UNRESOLVED,Saknar artunderlag,modeled_water_type_jamtland,0c7b5d9b271ac5c4bebf
Jämtland,Stora Blåsjöns samff,Västra Småvattnet,Sjö,J-STRUCT:3175438b5c0a14b1435631c8,UNRESOLVED,Saknar artunderlag,modeled_water_type_jamtland,f91c2b33e2c900387fb5
Jämtland,Stora Blåsjöns samff,Östra Vallarvattnet,Sjö,J-STRUCT:e7af9e4b5ca170323e0080d6,UNRESOLVED,Saknar artunderlag,modeled_water_type_jamtland,031a3495452aa0a04103
Jämtland,Stora Rensjöns kfo,Kvarnbäcken,Vattendrag,J-STRUCT:80a8d38894e2b81e3a30c455,UNRESOLVED,Saknar artunderlag,modeled_water_type_jamtland,9aab64ff4212091b8e1f
Jämtland,Stora Rensjöns kfo,Stor-Rensjön,Sjö,J-STRUCT:d7adf684ebd9aabb136fbbd5,UNRESOLVED,Saknar artunderlag,modeled_water_type_jamtland,0ff1e10e1c4e84e0c1db
Jämtland,Storliens Jakt & Fiskeområde,Bergtjärnen,Sjö,J-STRUCT:a9a7733c2e5854e09b005a15,UNRESOLVED,Saknar artunderlag,modeled_water_type_jamtland,a0121cfe40444189c0dc
Jämtland,Storliens Jakt & Fiskeområde,Brudslöjan,Sjö,J-STRUCT:14c32f1dfafeb70587e33c71,UNRESOLVED,Saknar artunderlag,modeled_water_type_jamtland,64879286422cae55fe68
Jämtland,Storliens Jakt & Fiskeområde,Klevsjön,Sjö,J-STRUCT:8c12283937cf44e2039af451,UNRESOLVED,Saknar artunderlag,modeled_water_type_jamtland,29d60a6d1ebbd20f0b01
Jämtland,Storliens Jakt & Fiskeområde,Lill-Brudslöjan,Sjö,J-STRUCT:9a8ce3b7b2ce1044deda16b2,UNRESOLVED,Saknar artunderlag,modeled_water_type_jamtland,f62aa53cc6fa1baed608
Jämtland,Storliens Jakt & Fiskeområde,Lövhögstjärnen,Sjö,J-STRUCT:790f20c68309bd85042cf0fa,UNRESOLVED,Saknar artunderlag,modeled_water_type_jamtland,4d6c828cb4f8ba99df98
Jämtland,Storliens Jakt & Fiskeområde,Norder-Sandtjärn,Sjö,J-STRUCT:a396cb869475b98315204c7f,UNRESOLVED,Saknar artunderlag,modeled_water_type_jamtland,3715d724c50b1beb1793
Jämtland,Storliens Jakt & Fiskeområde,Norder-Åsvalltjärnen,Sjö,J-STRUCT:89e64f9597797641498b4f29,UNRESOLVED,Saknar artunderlag,modeled_water_type_jamtland,ba177e03b0e42840eb11
Jämtland,Storliens Jakt & Fiskeområde,Rundtjärnen,Sjö,J-STRUCT:ccb088a86350439bb92c70de,UNRESOLVED,Saknar artunderlag,modeled_water_type_jamtland,096425c57c6ce9afa4d3
Jämtland,Storliens Jakt & Fiskeområde,Skurdalssjön,Sjö,J-STRUCT:f4a6e309b313a10b10069384,UNRESOLVED,Saknar artunderlag,modeled_water_type_jamtland,26d2455d0f75ecf2cefa
Jämtland,Storliens Jakt & Fiskeområde,Stallsjön,Sjö,J-STRUCT:fa1ee3e6d56743c4ec3af218,UNRESOLVED,Saknar artunderlag,modeled_water_type_jamtland,432b9ebacc4142d15c64
Jämtland,Storliens Jakt & Fiskeområde,Sönner-Sandtjärn,Sjö,J-STRUCT:f43d3868b8895f422101534f,UNRESOLVED,Saknar artunderlag,modeled_water_type_jamtland,e566608a2e489ec9a575
Jämtland,Storliens Jakt & Fiskeområde,Sönner-Åsvalltjärnen,Sjö,J-STRUCT:d3b989b9bd3ba5f3d346f505,UNRESOLVED,Saknar artunderlag,modeled_water_type_jamtland,caf60c96b7cc61e250ac
Jämtland,Storliens Jakt & Fiskeområde,Tevla,Vattendrag,J-STRUCT:3e50d537854bd29fc0566a94,UNRESOLVED,Saknar artunderlag,modeled_water_type_jamtland,84e4102c6f7de2d51c96
Jämtland,Storliens Jakt & Fiskeområde,Topptjärnen,Sjö,J-STRUCT:4082bcc59245ed5456274283,UNRESOLVED,Saknar artunderlag,modeled_water_type_jamtland,a1a92b37562c0d77b7b0
Jämtland,Storliens Jakt & Fiskeområde,Väster-Fjällån,Vattendrag,J-STRUCT:6434225ac58805415bfdbf99,UNRESOLVED,Saknar artunderlag,modeled_water_type_jamtland,1f04cbb87080f6c045b4
Jämtland,Storsjoutens skattefiske,Bäverån,Vattendrag,J-STRUCT:bf7d86e27aa9994e4e0d1d88,UNRESOLVED,Saknar artunderlag,modeled_water_type_jamtland,eebe0048add12bef56ab
Jämtland,Storsjoutens skattefiske,Gransjöån,Vattendrag,J-STRUCT:687f466bb4cfae66282822ea,UNRESOLVED,Saknar artunderlag,modeled_water_type_jamtland,115de6de79ea6927953d
Jämtland,Storsjoutens skattefiske,Rörvattenån,Vattendrag,J-STRUCT:64acebb2605ae4034056b6cb,UNRESOLVED,Saknar artunderlag,modeled_water_type_jamtland,13d46ae1481c5dc4282f
Jämtland,Storsjoutens skattefiske,Sjoutälven,Vattendrag,J-STRUCT:d4e5226d87f5b4e825bd1515,UNRESOLVED,Saknar artunderlag,modeled_water_type_jamtland,29ac8ff13bb165c5f994
Jämtland,Storsjoutens skattefiske,Stor-Sjouten,Sjö,J-STRUCT:a5dca8f60405e90797829e9d,UNRESOLVED,Saknar artunderlag,modeled_water_type_jamtland,4eeea05c2c9d58aaf535
Jämtland,Storsjoutens skattefiske,Stortjärnbäcken,Vattendrag,J-STRUCT:b27bab0cb4cd78de15392c81,UNRESOLVED,Saknar artunderlag,modeled_water_type_jamtland,7ec9595772a3ab3e1220
Jämtland,Storsjoutens skattefiske,Storån,Vattendrag,J-STRUCT:54013308c97e3ca511506748,UNRESOLVED,Saknar artunderlag,modeled_water_type_jamtland,4aea53edaa3242c45bdd
Jämtland,Storsjoutens skattefiske,Stugubäcken,Vattendrag,J-STRUCT:a706ee3166ae7d4a461f1d8f,UNRESOLVED,Saknar artunderlag,modeled_water_type_jamtland,b19450ebcffc1ad2f200
Jämtland,Svaninge fritidsområde,Abborrtjärnen,Sjö,J-STRUCT:901e3f1746d39514d6b7fd57,UNRESOLVED,Saknar artunderlag,modeled_water_type_jamtland,bf2b066ace1c7b35bf22
Jämtland,Svaninge fritidsområde,Abborrvattenån,Vattendrag,J-STRUCT:c0dbeca067979d76ae3a1540,UNRESOLVED,Saknar artunderlag,modeled_water_type_jamtland,89d0c415389170742d93
Jämtland,Svaninge fritidsområde,Abborrvattnet,Sjö,J-STRUCT:823390f639a765aaa9baf002,UNRESOLVED,Saknar artunderlag,modeled_water_type_jamtland,c82a6f562d7496f6b490
Jämtland,Svaninge fritidsområde,Abborrvattnet,Sjö,J-STRUCT:abe2cb39807625ec6fcde648,UNRESOLVED,Saknar artunderlag,modeled_water_type_jamtland,82f47e96774382f8e08e
Jämtland,Svaninge fritidsområde,Bergtjärnen,Sjö,J-STRUCT:ffe1a821cd44642002565426,UNRESOLVED,Saknar artunderlag,modeled_water_type_jamtland,2c8ff355635b8b3a250c
Jämtland,Svaninge fritidsområde,Björnflotjärnen,Sjö,J-STRUCT:a4b49eef3db63079f2d189e2,UNRESOLVED,Saknar artunderlag,modeled_water_type_jamtland,6ac6dbbcec6e8cb702e2
Jämtland,Svaninge fritidsområde,Byvattentjärnen,Sjö,J-STRUCT:c8cbc41b0b479a140cfcf6e0,UNRESOLVED,Saknar artunderlag,modeled_water_type_jamtland,8aee3a2a618b6752f95a
Jämtland,Svaninge fritidsområde,Byvattenån,Vattendrag,J-STRUCT:f6bd45d10f762f57fbd3f749,UNRESOLVED,Saknar artunderlag,modeled_water_type_jamtland,c41ac38e37b7b4d19d2a
Jämtland,Svaninge fritidsområde,Djupvattnet,Sjö,J-STRUCT:be47b31733a8f0ae86092810,UNRESOLVED,Saknar artunderlag,modeled_water_type_jamtland,40c6348c419276f624af
Jämtland,Svaninge fritidsområde,Fisktjärnbäcken,Vattendrag,J-STRUCT:4ea39f5ba6d41a1e9b009b50,UNRESOLVED,Saknar artunderlag,modeled_water_type_jamtland,55aabadfa29732e3b303
Jämtland,Svaninge fritidsområde,Fisktjärnen,Sjö,J-STRUCT:6ea631364b17abf5e77e3756,UNRESOLVED,Saknar artunderlag,modeled_water_type_jamtland,26e834fbf74a48cb5f99
Jämtland,Svaninge fritidsområde,Flyarna,Sjö,J-STRUCT:98d47e38b8d5344fbf7321ad,UNRESOLVED,Saknar artunderlag,modeled_water_type_jamtland,7292c1d83a49bc30e712
Jämtland,Svaninge fritidsområde,Godfisktjärnen,Sjö,J-STRUCT:316c00fb79b2045cf6771a7f,UNRESOLVED,Saknar artunderlag,modeled_water_type_jamtland,8e1e35942860ffccf001
Jämtland,Svaninge fritidsområde,Granhöjdvattnet,Sjö,J-STRUCT:898c91fa07c3770d8093650c,UNRESOLVED,Saknar artunderlag,modeled_water_type_jamtland,0e4a8934c91e1bd03965
Jämtland,Svaninge fritidsområde,Gräsvattentjärn,Sjö,J-STRUCT:2f8ab38caba197ba2ccd6d04,UNRESOLVED,Saknar artunderlag,modeled_water_type_jamtland,8aa2baf9c34f388cf2b1
Jämtland,Svaninge fritidsområde,Gräventjärnen,Sjö,J-STRUCT:3095f50f337dcb553aa17b47,UNRESOLVED,Saknar artunderlag,modeled_water_type_jamtland,489086936dec95001cff
Jämtland,Svaninge fritidsområde,Gåstjärnen,Sjö,J-STRUCT:8751ebeada5a6bf3b9839d9b,UNRESOLVED,Saknar artunderlag,modeled_water_type_jamtland,ac93b51f593ea3dc0837
Jämtland,Svaninge fritidsområde,Haratjärnen,Sjö,J-STRUCT:9777a6be9c9389f21dbae6f6,UNRESOLVED,Saknar artunderlag,modeled_water_type_jamtland,21b02575a8998598723e
Jämtland,Svaninge fritidsområde,Hemvattenbäcken,Vattendrag,J-STRUCT:8af11838e34686886627b372,UNRESOLVED,Saknar artunderlag,modeled_water_type_jamtland,6eebb13f28f513edb144
Jämtland,Svaninge fritidsområde,Högmyrtjärnen,Sjö,J-STRUCT:0dab02fa15b2d25b6c865ca8,UNRESOLVED,Saknar artunderlag,modeled_water_type_jamtland,886b3c7e336b1d72806a
Jämtland,Svaninge fritidsområde,Klubbtjärnen,Sjö,J-STRUCT:3877a0df00ee6bea4a9f3df6,UNRESOLVED,Saknar artunderlag,modeled_water_type_jamtland,5a461e74bb68eef35be9
Jämtland,Svaninge fritidsområde,Klubbtjärnen,Sjö,J-STRUCT:a4fcf6767437487d7d29a64a,UNRESOLVED,Saknar artunderlag,modeled_water_type_jamtland,6d607610dcdc0e475828
Jämtland,Svaninge fritidsområde,Koktjärnen,Sjö,J-STRUCT:1510b55f852884c4c24d4a86,UNRESOLVED,Saknar artunderlag,modeled_water_type_jamtland,74cd8a23aea36350758e
Jämtland,Svaninge fritidsområde,Kroktjärnen,Sjö,J-STRUCT:60f1e3d8b5e02ef532129dcb,UNRESOLVED,Saknar artunderlag,modeled_water_type_jamtland,3abba08f500cbaa04622
Jämtland,Svaninge fritidsområde,Kvarnbäcken,Vattendrag,J-STRUCT:f338cc0a7e49c9e463739fca,UNRESOLVED,Saknar artunderlag,modeled_water_type_jamtland,e3440357611251bac0f3
Jämtland,Svaninge fritidsområde,Kvisselnvattnet,Sjö,J-STRUCT:98c2cfec66b3f0327958ce7c,UNRESOLVED,Saknar artunderlag,modeled_water_type_jamtland,ef8e9f6386546b27820a
Jämtland,Svaninge fritidsområde,Lakatjärnen,Sjö,J-STRUCT:fa6d4837e9cb86428a53b448,UNRESOLVED,Saknar artunderlag,modeled_water_type_jamtland,bb0f2ed542385785dcf8
Jämtland,Svaninge fritidsområde,Lars-Larsavattnet,Sjö,J-STRUCT:572156a9653f3225c773664d,UNRESOLVED,Saknar artunderlag,modeled_water_type_jamtland,6cfb3ef9509a2a1907f5
Jämtland,Svaninge fritidsområde,Lill-Abborrtjärnen,Sjö,J-STRUCT:317ce2d05c61af455241473d,UNRESOLVED,Saknar artunderlag,modeled_water_type_jamtland,ddee17c41a739c9bca3d
Jämtland,Svaninge fritidsområde,Lill-Ringsjön,Sjö,J-STRUCT:6e9882ace893f257e93b278c,UNRESOLVED,Saknar artunderlag,modeled_water_type_jamtland,c7b17cb5efe772356d9f
Jämtland,Svaninge fritidsområde,Lillströmvattnet,Sjö,J-STRUCT:dfb9db95f1e412bc5662637d,UNRESOLVED,Saknar artunderlag,modeled_water_type_jamtland,84ee8fc609a27091b8b2
Jämtland,Svaninge fritidsområde,Luvkulltjärnen,Sjö,J-STRUCT:f05859d8fe1f11511c7a45d8,UNRESOLVED,Saknar artunderlag,modeled_water_type_jamtland,99c6cae4636604ad1060
Jämtland,Svaninge fritidsområde,Luvkullvattenån,Vattendrag,J-STRUCT:5482f069aeb0e98adc6d9211,UNRESOLVED,Saknar artunderlag,modeled_water_type_jamtland,3cb765d9a34839322336
Jämtland,Svaninge fritidsområde,Luvkullvattnet,Sjö,J-STRUCT:b7f859373cf3b5c81dc24c97,UNRESOLVED,Saknar artunderlag,modeled_water_type_jamtland,0fa6876935de9d513fac
Jämtland,Svaninge fritidsområde,Långtjärnen,Sjö,J-STRUCT:1ad9ed88210c2c4f0fa83455,UNRESOLVED,Saknar artunderlag,modeled_water_type_jamtland,982973572cf298872dca
Jämtland,Svaninge fritidsområde,Långtjärnen,Sjö,J-STRUCT:7de357af80d4b6af1db3ce59,UNRESOLVED,Saknar artunderlag,modeled_water_type_jamtland,579cae0d1e88d95aa87e
Jämtland,Svaninge fritidsområde,Lövhöjdvattnet,Sjö,J-STRUCT:c55fbdbb7555758054867e8f,UNRESOLVED,Saknar artunderlag,modeled_water_type_jamtland,4a579523e87d240d2378
Jämtland,Svaninge fritidsområde,Nedre Klementtjärnen,Sjö,J-STRUCT:4a71c36f8a22d16102c5e4aa,UNRESOLVED,Saknar artunderlag,modeled_water_type_jamtland,a462f51f8e2642c076e9
Jämtland,Svaninge fritidsområde,Nytjärnen,Sjö,J-STRUCT:4cffe6dfc4aae2993a6844ba,UNRESOLVED,Saknar artunderlag,modeled_water_type_jamtland,7b21581b87ba9def4816
Jämtland,Svaninge fritidsområde,Odugligsjöflyn,Sjö,J-STRUCT:9677ceda442bdf2ebd8adc7a,UNRESOLVED,Saknar artunderlag,modeled_water_type_jamtland,7acf587d3b58c4e72219
Jämtland,Svaninge fritidsområde,Odugligsjön,Sjö,J-STRUCT:4bae8aef79767819d5a78479,UNRESOLVED,Saknar artunderlag,modeled_water_type_jamtland,c9d307b1d097f9eaf197
Jämtland,Svaninge fritidsområde,Rörvattenbäcken,Vattendrag,J-STRUCT:113e28af8c860fe3e346c441,UNRESOLVED,Saknar artunderlag,modeled_water_type_jamtland,b5fcf5f37d2e0408c477
Jämtland,Svaninge fritidsområde,Slåttestjärnen,Sjö,J-STRUCT:323bc5cf270bec072eea9eac,UNRESOLVED,Saknar artunderlag,modeled_water_type_jamtland,cc4b6ef1981e5a4a2444
Jämtland,Svaninge fritidsområde,Stor-Abborrtjärn,Sjö,J-STRUCT:157ef7e4746e8151daf6fbfd,UNRESOLVED,Saknar artunderlag,modeled_water_type_jamtland,269ad1c8d192f8c272c6
Jämtland,Svaninge fritidsområde,Stor-Ringsjön,Sjö,J-STRUCT:6c6a2bd86119342612518aa2,UNRESOLVED,Saknar artunderlag,modeled_water_type_jamtland,e9438f6889d05a2df0bb
Jämtland,Svaninge fritidsområde,Stor-Öretjärnen,Sjö,J-STRUCT:f3184d90563df9e367aca771,UNRESOLVED,Saknar artunderlag,modeled_water_type_jamtland,1e0d3ec914fc5c450521
Jämtland,Svaninge fritidsområde,Stortjärnen,Sjö,J-STRUCT:8939dd33600d84a61aad0ca2,UNRESOLVED,Saknar artunderlag,modeled_water_type_jamtland,6d296a939baa99c53f17
Jämtland,Svaninge fritidsområde,Sundtjärnbäcken,Vattendrag,J-STRUCT:a4b85a703756bc414aa55a3c,UNRESOLVED,Saknar artunderlag,modeled_water_type_jamtland,3cae3a5291ced0c6bf92
Jämtland,Svaninge fritidsområde,Sundtjärnen,Sjö,J-STRUCT:787179041ea143991d1381b3,UNRESOLVED,Saknar artunderlag,modeled_water_type_jamtland,27a1c29fe322951e053e
Jämtland,Svaninge fritidsområde,Svaningssjön,Sjö,J-STRUCT:68c6bddb1f80fee889506551,UNRESOLVED,Saknar artunderlag,modeled_water_type_jamtland,9479fc0aeebc8828afac
Jämtland,Svaninge fritidsområde,Svaningsån,Vattendrag,J-STRUCT:e589bd769ae27f6950231fb1,UNRESOLVED,Saknar artunderlag,modeled_water_type_jamtland,17490d4fc6bf464f0f59
Jämtland,Svaninge fritidsområde,Svarttjärnen,Sjö,J-STRUCT:280c38f22528399fb587cb35,UNRESOLVED,Saknar artunderlag,modeled_water_type_jamtland,8010aee0207394c9d560
Jämtland,Svaninge fritidsområde,Sönnestvattnet,Sjö,J-STRUCT:1a50ac7308170cc0aeb36be3,UNRESOLVED,Saknar artunderlag,modeled_water_type_jamtland,40f2be329c07c52bc833
Jämtland,Svaninge fritidsområde,Tjäderlekstjärnen,Sjö,J-STRUCT:08968012f1f94be7d6835fbd,UNRESOLVED,Saknar artunderlag,modeled_water_type_jamtland,61243177c54a519db2ff
Jämtland,Svaninge fritidsområde,Tjärnmyrtjärnen,Sjö,J-STRUCT:bd17664d10939285c2d67245,UNRESOLVED,Saknar artunderlag,modeled_water_type_jamtland,a979631d94b06b38d4ba
Jämtland,Svaninge fritidsområde,Trolltjärnen,Sjö,J-STRUCT:596dc88eb9d107b0c069449f,UNRESOLVED,Saknar artunderlag,modeled_water_type_jamtland,9b91fbc077096074b99e
Jämtland,Svaninge fritidsområde,Tvåtjärnarna,Sjö,J-STRUCT:2ce8b753084bb1fad9e691ad,UNRESOLVED,Saknar artunderlag,modeled_water_type_jamtland,7be8e840be127b7ff66a
Jämtland,Svaninge fritidsområde,Tvåtjärnarna,Sjö,J-STRUCT:d8f9db944376f562f0f11137,UNRESOLVED,Saknar artunderlag,modeled_water_type_jamtland,461e2df547379d0ad261
Jämtland,Svaninge fritidsområde,Vågtjärnen,Sjö,J-STRUCT:fbf5b84c4613a5215f4bbfa7,UNRESOLVED,Saknar artunderlag,modeled_water_type_jamtland,f703eaf5ddf7d89ad736
Jämtland,Svaninge fritidsområde,Östervågen,Sjö,J-STRUCT:b38bb2d51422b703a382b6f4,UNRESOLVED,Saknar artunderlag,modeled_water_type_jamtland,71f843da5e66cca9eaff
Jämtland,Svaninge fritidsområde,Övre Klementtjärnen,Sjö,J-STRUCT:4007dbe8ea97176f7526c82e,UNRESOLVED,Saknar artunderlag,modeled_water_type_jamtland,8759fa4ff5edbdcd885d
Jämtland,Svaninge fritidsområde,Övre-Stor Byvattenflyn,Sjö,J-STRUCT:cca2f190e57073494d33163e,UNRESOLVED,Saknar artunderlag,modeled_water_type_jamtland,6736cc86fde43cf7d316
Jämtland,Särvsjö samff,Benstigtjärnen,Sjö,J-STRUCT:cbd6f0f45561d14fd09d96bd,UNRESOLVED,Saknar artunderlag,modeled_water_type_jamtland,7b820954c5ec54a8b3c5
Jämtland,Särvsjö samff,Brynnet,Vattendrag,J-STRUCT:ab71b39475bbab13bfb1b007,UNRESOLVED,Saknar artunderlag,modeled_water_type_jamtland,f5c2132dff272864cac2
Jämtland,Särvsjö samff,Farån,Vattendrag,J-STRUCT:07e7ad2f72516ffee43e1852,UNRESOLVED,Saknar artunderlag,modeled_water_type_jamtland,cce05d0ec152c9677be4
Jämtland,Särvsjö samff,Finnvalltjärnen,Sjö,J-STRUCT:c78cb1a285f50b02f0175dd7,UNRESOLVED,Saknar artunderlag,modeled_water_type_jamtland,7c953c128800e6548255
Jämtland,Särvsjö samff,Fågelbacktjärnen,Sjö,J-STRUCT:f978a3678a51e87c3eb24d04,UNRESOLVED,Saknar artunderlag,modeled_water_type_jamtland,514fed7edaddeb814d21
Jämtland,Särvsjö samff,Gravarbäcken,Vattendrag,J-STRUCT:b4acb25990e906906d9e57a4,UNRESOLVED,Saknar artunderlag,modeled_water_type_jamtland,8612fa0ba35795094901
Jämtland,Särvsjö samff,Isstarrtjärnen,Sjö,J-STRUCT:0c662585e82aab50b942fcc9,UNRESOLVED,Saknar artunderlag,modeled_water_type_jamtland,09b038ec32deca465f16
Jämtland,Särvsjö samff,Kroktjärnen,Sjö,J-STRUCT:0a79fa2854f4dd499d2ba174,UNRESOLVED,Saknar artunderlag,modeled_water_type_jamtland,0b68ba85cb91e6a34e16
Jämtland,Särvsjö samff,Kroktjärnen,Sjö,J-STRUCT:5b36dce6910510991e5ce12a,UNRESOLVED,Saknar artunderlag,modeled_water_type_jamtland,a97b81a992344568aa5d
Jämtland,Särvsjö samff,Lilltjärnen,Sjö,J-STRUCT:df531a2d5dcaa0f7f508e497,UNRESOLVED,Saknar artunderlag,modeled_water_type_jamtland,b6dde938c2c5f4812744
Jämtland,Särvsjö samff,Neder-Särvsjön,Sjö,J-STRUCT:e9feee9474703cc875e76039,UNRESOLVED,Saknar artunderlag,modeled_water_type_jamtland,9d8b14b826dd97bd5755
Jämtland,Särvsjö samff,Storflyet,Sjö,J-STRUCT:27d84078279661c8896dcdd8,UNRESOLVED,Saknar artunderlag,modeled_water_type_jamtland,48142b4273976109233c
Jämtland,Särvsjö samff,Stortjärnen,Sjö,J-STRUCT:91a47131a770f42936a194dc,UNRESOLVED,Saknar artunderlag,modeled_water_type_jamtland,47d6a37e304895ff742a
Jämtland,Särvsjö samff,Särvan,Vattendrag,J-STRUCT:6a458d8fffa1d3dbab19bb9a,UNRESOLVED,Saknar artunderlag,modeled_water_type_jamtland,6752f18236f73f4c6e69
Jämtland,Särvsjö samff,Våltjärnen,Sjö,J-STRUCT:e8683a1340526c436f409598,UNRESOLVED,Saknar artunderlag,modeled_water_type_jamtland,e26fbbffd9a68f67f1da
Jämtland,Särvsjö samff,Över-Särvsjön,Sjö,J-STRUCT:43db008056e211e3c9e7b20f,UNRESOLVED,Saknar artunderlag,modeled_water_type_jamtland,cc3eb706f5d5e7c58bee
Jämtland,Sörvattnets kfo,Abborrtjärnen,Sjö,J-STRUCT:4c670c05b34fe81c5c625624,UNRESOLVED,Saknar artunderlag,modeled_water_type_jamtland,bf72811fc3366ec210ac
Jämtland,Sörvattnets kfo,Björnkällputten,Sjö,J-STRUCT:cc6d5fc95c684b80ea0d81b9,UNRESOLVED,Saknar artunderlag,modeled_water_type_jamtland,d6ba8f28ee219dbdf782
Jämtland,Sörvattnets kfo,Boktjärnen,Sjö,J-STRUCT:fa5a51bc09481b9b9e89e9f4,UNRESOLVED,Saknar artunderlag,modeled_water_type_jamtland,c5d78e616fd9082f3d0c
Jämtland,Sörvattnets kfo,Brändåsbäcken,Vattendrag,J-STRUCT:b2b545aecdde48b2d846e5e8,UNRESOLVED,Saknar artunderlag,modeled_water_type_jamtland,8d3b80757f9a75d43dc0
Jämtland,Sörvattnets kfo,Brändåstjärnen,Sjö,J-STRUCT:a40d752f85cc3f8b7069e225,UNRESOLVED,Saknar artunderlag,modeled_water_type_jamtland,73af1c80fccbc06092c7
Jämtland,Sörvattnets kfo,Granbacktjärnen,Sjö,J-STRUCT:7e4da5beac0ba23a69fb5b9e,UNRESOLVED,Saknar artunderlag,modeled_water_type_jamtland,cf957804b8991717e04d
Jämtland,Sörvattnets kfo,Gåstjärnen,Sjö,J-STRUCT:2785da4384fd08ef137a90a1,UNRESOLVED,Saknar artunderlag,modeled_water_type_jamtland,16af7ef499837be54a8e
Jämtland,Sörvattnets kfo,Harrtjärnarna,Sjö,J-STRUCT:4b25a734535373898e2d4d4a,UNRESOLVED,Saknar artunderlag,modeled_water_type_jamtland,256b8f625c26b96c7a1a
Jämtland,Sörvattnets kfo,Joputten,Sjö,J-STRUCT:b72777e5c481dd9883d0aefc,UNRESOLVED,Saknar artunderlag,modeled_water_type_jamtland,39d5295f5464b03f0628
Jämtland,Sörvattnets kfo,Kerstatjärnen,Sjö,J-STRUCT:e497310ccec88cb7ccc50689,UNRESOLVED,Saknar artunderlag,modeled_water_type_jamtland,0a6df3aea7cbffc4a287
Jämtland,Sörvattnets kfo,Kojetjärnen,Sjö,J-STRUCT:8e19e484fab37dae76a0845e,UNRESOLVED,Saknar artunderlag,modeled_water_type_jamtland,6616c7fabfd93a0af977
Jämtland,Sörvattnets kfo,Kotjärnen,Sjö,J-STRUCT:e3d7cf078029495274234db8,UNRESOLVED,Saknar artunderlag,modeled_water_type_jamtland,f3adf3ae4adbdd089ecd
Jämtland,Sörvattnets kfo,Kringeltjärnen,Sjö,J-STRUCT:88d077840493fd38b385f4dc,UNRESOLVED,Saknar artunderlag,modeled_water_type_jamtland,2d25f2a5582b1250cb77
Jämtland,Sörvattnets kfo,Kölån,Vattendrag,J-STRUCT:f6eba5ee2951074fe4063d29,UNRESOLVED,Saknar artunderlag,modeled_water_type_jamtland,e8cd84f824740d4ca9dd
Jämtland,Sörvattnets kfo,Lakåssjön,Sjö,J-STRUCT:2e8d0d568d86ae9cf0c1a2c3,UNRESOLVED,Saknar artunderlag,modeled_water_type_jamtland,32d58f5d8372c4d44aec
Jämtland,Sörvattnets kfo,Lill-Haratjärnen,Sjö,J-STRUCT:08ae3d454a5d538750725a6f,UNRESOLVED,Saknar artunderlag,modeled_water_type_jamtland,6bffc5e6fe325b955371
Jämtland,Sörvattnets kfo,Lill-Trolltjärnen,Sjö,J-STRUCT:0245d101e860856dfbdef202,UNRESOLVED,Saknar artunderlag,modeled_water_type_jamtland,e7bf6fd6e8eb6112e55b
Jämtland,Sörvattnets kfo,Linjetjärnen,Sjö,J-STRUCT:3e6af2d372cd1bedf992f845,UNRESOLVED,Saknar artunderlag,modeled_water_type_jamtland,3d33d47f56642020b163
Jämtland,Sörvattnets kfo,Lofsen,Vattendrag,J-STRUCT:669b0bc86170549ae261b475,UNRESOLVED,Saknar artunderlag,modeled_water_type_jamtland,5241f66b4fc36e758fc8
Jämtland,Sörvattnets kfo,Långtjärnen,Sjö,J-STRUCT:e8518d9aa928b6394d162baa,UNRESOLVED,Saknar artunderlag,modeled_water_type_jamtland,158508a020d8f43049ba
Jämtland,Sörvattnets kfo,Mältjärnen,Sjö,J-STRUCT:fca1b87bd825b7e45f66de0c,UNRESOLVED,Saknar artunderlag,modeled_water_type_jamtland,896c389db7c48d32e6dd
Jämtland,Sörvattnets kfo,Ostjärnen,Sjö,J-STRUCT:54d584beff0406228c98cc92,UNRESOLVED,Saknar artunderlag,modeled_water_type_jamtland,114b36ed26b27b6283a9
Jämtland,Sörvattnets kfo,Pål-Knutstjärnen,Sjö,J-STRUCT:555ca2199d29201bacbbdf70,UNRESOLVED,Saknar artunderlag,modeled_water_type_jamtland,c954ebf9e7bfcb7f687d
Jämtland,Sörvattnets kfo,Rosseln,Vattendrag,J-STRUCT:62caa2071977d32b1140b510,UNRESOLVED,Saknar artunderlag,modeled_water_type_jamtland,aba718cd301e56cf61e3
Jämtland,Sörvattnets kfo,Skarpabborrtjärnen,Sjö,J-STRUCT:f262f3fe6ce769f8756cf6b8,UNRESOLVED,Saknar artunderlag,modeled_water_type_jamtland,19307cba11743d0a91d2
Jämtland,Sörvattnets kfo,Stendikestjärnen,Sjö,J-STRUCT:a900d9cc17b9d0ee945380d3,UNRESOLVED,Saknar artunderlag,modeled_water_type_jamtland,ef857bb6bdd78ec7081a
Jämtland,Sörvattnets kfo,Stor-Fjätan,Vattendrag,J-STRUCT:09ff8acf37d6a43367d9196a,UNRESOLVED,Saknar artunderlag,modeled_water_type_jamtland,c8aa24fa0140469c6e02
Jämtland,Sörvattnets kfo,Stor-Haratjärnen,Sjö,J-STRUCT:395a9eb05e620f0c4313f645,UNRESOLVED,Saknar artunderlag,modeled_water_type_jamtland,35c11250ad1c58b37d14
Jämtland,Sörvattnets kfo,Stor-Trolltjärnen,Sjö,J-STRUCT:ded09c14d0b2e1662886d815,UNRESOLVED,Saknar artunderlag,modeled_water_type_jamtland,fdb221ff2d0b38343b78
Jämtland,Sörvattnets kfo,Storhån,Sjö,J-STRUCT:8f3837068112472dc4dd5b1b,UNRESOLVED,Saknar artunderlag,modeled_water_type_jamtland,0224d9e69b4e2ab372ad
Jämtland,Sörvattnets kfo,Stortjärnen,Sjö,J-STRUCT:dad806121c454da7bc62aac2,UNRESOLVED,Saknar artunderlag,modeled_water_type_jamtland,b9f0ee287106031a9033
Jämtland,Sörvattnets kfo,Stråsjöbäcken,Vattendrag,J-STRUCT:27e3416eadc00624d12a545b,UNRESOLVED,Saknar artunderlag,modeled_water_type_jamtland,1639c0e26a4d4f7376ab
Jämtland,Sörvattnets kfo,Svartbäcken,Vattendrag,J-STRUCT:be2979ae9382844fbade53b2,UNRESOLVED,Saknar artunderlag,modeled_water_type_jamtland,e34b7d5fe9f52a3629f4
Jämtland,Sörvattnets kfo,Uggbäcken,Vattendrag,J-STRUCT:6acd2f605beccb253345e13a,UNRESOLVED,Saknar artunderlag,modeled_water_type_jamtland,712d32a2497213c81ba8
Jämtland,Sörvattnets kfo,Vasslan,Vattendrag,J-STRUCT:d8dc384cba712fb71bc174c8,UNRESOLVED,Saknar artunderlag,modeled_water_type_jamtland,dab87e155d5127c88f62
Jämtland,Sörvattnets kfo,Ytter-Sörvattensjön,Sjö,J-STRUCT:5db9cec48509bfc81450a273,UNRESOLVED,Saknar artunderlag,modeled_water_type_jamtland,619d5bc0387e1c00fa9a
Jämtland,Sörvattnets kfo,Övre Sörvattensjön,Sjö,J-STRUCT:1bef69b900db46865f13f4dc,UNRESOLVED,Saknar artunderlag,modeled_water_type_jamtland,b377081c17491e882371
Jämtland,Torsfjärdens kfo,Bergsjöbäcken,Vattendrag,J-STRUCT:44ddbe6ee1aa3324c99b681b,UNRESOLVED,Saknar artunderlag,modeled_water_type_jamtland,00411371e5ff2ccda7f5
Jämtland,Torsfjärdens kfo,Bergsjön,Sjö,J-STRUCT:d5a2d50f38e07da25640a499,UNRESOLVED,Saknar artunderlag,modeled_water_type_jamtland,8cb9684050b96d6901a6
Jämtland,Torsfjärdens kfo,Bodvattenbäcken,Vattendrag,J-STRUCT:8b62a9d79221cda26b86c440,UNRESOLVED,Saknar artunderlag,modeled_water_type_jamtland,7911c30df2ffa2594034
Jämtland,Torsfjärdens kfo,Bodvattnet,Sjö,J-STRUCT:0592cb2cfa602acb7558ae88,UNRESOLVED,Saknar artunderlag,modeled_water_type_jamtland,1bbfed2fe6fc887b2120
Jämtland,Torsfjärdens kfo,Gammelhembergtjärnarna,Sjö,J-STRUCT:4b6748b498a17306828ca35b,UNRESOLVED,Saknar artunderlag,modeled_water_type_jamtland,0b894babf4bbe84691a2
Jämtland,Torsfjärdens kfo,Gammelhembergtjärnarna,Sjö,J-STRUCT:9c6bfcfa482ae4829a4851b9,UNRESOLVED,Saknar artunderlag,modeled_water_type_jamtland,78682075ea9f1d4ba3db
Jämtland,Torsfjärdens kfo,Gammelhembergtjärnarna,Sjö,J-STRUCT:a29683be58f588b78f15e371,UNRESOLVED,Saknar artunderlag,modeled_water_type_jamtland,500eb11c017a29d01b23
Jämtland,Torsfjärdens kfo,Gubbtjärnbäcken,Vattendrag,J-STRUCT:c04a86462a8e571c9461290f,UNRESOLVED,Saknar artunderlag,modeled_water_type_jamtland,325743d212c02be6a903
Jämtland,Torsfjärdens kfo,Gubbtjärnen,Sjö,J-STRUCT:6c24ad82c22965a5099d6084,UNRESOLVED,Saknar artunderlag,modeled_water_type_jamtland,93b2010ccac8d9bb4252
Jämtland,Torsfjärdens kfo,Kvarnvattnet,Sjö,J-STRUCT:d7db8cd0fd86528967140bc3,UNRESOLVED,Saknar artunderlag,modeled_water_type_jamtland,0e8a0642754599bbf9b1
Jämtland,Torsfjärdens kfo,Lillbodvattnet,Sjö,J-STRUCT:7f606b7c339d692ddc377c6d,UNRESOLVED,Saknar artunderlag,modeled_water_type_jamtland,2128e010f4acc4ac58d5
Jämtland,Torsfjärdens kfo,Lindbergstjärnen,Sjö,J-STRUCT:141bf834a7db64cae07fe47d,UNRESOLVED,Saknar artunderlag,modeled_water_type_jamtland,f260f9c18484216a1a66
Jämtland,Torsfjärdens kfo,Långtjärnen,Sjö,J-STRUCT:8b81484a9e651ce045c470db,UNRESOLVED,Saknar artunderlag,modeled_water_type_jamtland,c5fdb05e5d317981b3f3
Jämtland,Torsfjärdens kfo,Nyvattenbäcken,Vattendrag,J-STRUCT:4b14df09a4584c0664b1875b,UNRESOLVED,Saknar artunderlag,modeled_water_type_jamtland,91634f0146a8eb0f9662
Jämtland,Torsfjärdens kfo,Nyvattnet,Sjö,J-STRUCT:2b6c7a7e4aeb84d248bf49ae,UNRESOLVED,Saknar artunderlag,modeled_water_type_jamtland,72c830f41010d1f47f21
Jämtland,Torsfjärdens kfo,Stora-Bergsjön,Sjö,J-STRUCT:cd6b42a8957f86170fe9dd73,UNRESOLVED,Saknar artunderlag,modeled_water_type_jamtland,611bc83b90bfc0e3ece1
Jämtland,Torsfjärdens kfo,Strockbergstjärnarna,Sjö,J-STRUCT:040596ac6aa360d4f30cc218,UNRESOLVED,Saknar artunderlag,modeled_water_type_jamtland,bfb8e8a13a8bf1fb10b6
Jämtland,Torsfjärdens kfo,Strockbergstjärnarna,Sjö,J-STRUCT:603b66789e2ecfdf3437b32b,UNRESOLVED,Saknar artunderlag,modeled_water_type_jamtland,2d9987de12b8c00dd4e1
Jämtland,Torsfjärdens kfo,Södermyrtjärnen,Sjö,J-STRUCT:ff3bca04cb09a8d16a3bee88,UNRESOLVED,Saknar artunderlag,modeled_water_type_jamtland,f2e9ed23bd5b6c4e0c84
Jämtland,Torsfjärdens kfo,Västvattnet,Sjö,J-STRUCT:90fce156a20da49276e5b251,UNRESOLVED,Saknar artunderlag,modeled_water_type_jamtland,de0601cef0d949a256dd
Jämtland,Torsfjärdens kfo,Älgtärnen,Sjö,J-STRUCT:946d694234bd697cfaf96bf5,UNRESOLVED,Saknar artunderlag,modeled_water_type_jamtland,1e1195f7065ddfb34152
Jämtland,Tossåsen kfo,Arån,Vattendrag,J-STRUCT:785e1ec9ae29e0cdf64e2998,UNRESOLVED,Saknar artunderlag,modeled_water_type_jamtland,7c02653a50227ed1ae73
Jämtland,Tossåsen kfo,Bröttjärnarna,Sjö,J-STRUCT:a6444168ad2b9c0df8d473fe,UNRESOLVED,Saknar artunderlag,modeled_water_type_jamtland,abe83835384b4b19e6d1
Jämtland,Tossåsen kfo,Ekorrbäcken,Vattendrag,J-STRUCT:3ae43a4a575c189fbc98e865,UNRESOLVED,Saknar artunderlag,modeled_water_type_jamtland,2fab1f9e1ac35da8810b
Jämtland,Tossåsen kfo,Ekorrsjön,Sjö,J-STRUCT:2dae451fbbded714b092da32,UNRESOLVED,Saknar artunderlag,modeled_water_type_jamtland,6d874b883a722e3bec1a
Jämtland,Tossåsen kfo,Exbrottjärnen,Sjö,J-STRUCT:bc48113911db3e608bd17c07,UNRESOLVED,Saknar artunderlag,modeled_water_type_jamtland,80b417cbda726149b011
Jämtland,Tossåsen kfo,Finnåstjärnen,Sjö,J-STRUCT:9d1273768939798fe971494c,UNRESOLVED,Saknar artunderlag,modeled_water_type_jamtland,76d5284f323b85c0fe78
Jämtland,Tossåsen kfo,Fisklöstjärnen,Sjö,J-STRUCT:0ba487e8d5c177dac49c5d77,UNRESOLVED,Saknar artunderlag,modeled_water_type_jamtland,c14b5e9ed6ba729b834a
Jämtland,Tossåsen kfo,Fisktjärnarna,Sjö,J-STRUCT:38f68b59cbb9368b886f6129,UNRESOLVED,Saknar artunderlag,modeled_water_type_jamtland,37b8ac1507142719ca8a
Jämtland,Tossåsen kfo,Fisktjärnarna,Sjö,J-STRUCT:3ae403083f246a8ad46d8b0a,UNRESOLVED,Saknar artunderlag,modeled_water_type_jamtland,8a0fe36dbe951354f709
Jämtland,Tossåsen kfo,Fisktjärnarna,Sjö,J-STRUCT:a9d0e29e1c8e3f9c5d8674e3,UNRESOLVED,Saknar artunderlag,modeled_water_type_jamtland,60ce02726c46704500db
Jämtland,Tossåsen kfo,Goffatjärnen,Sjö,J-STRUCT:0a7003c4d495576fabfcbd22,UNRESOLVED,Saknar artunderlag,modeled_water_type_jamtland,a0c2913544f3a3b5d995
Jämtland,Tossåsen kfo,Hammaravan,Sjö,J-STRUCT:55b30d31cbe5572e2b95198c,UNRESOLVED,Saknar artunderlag,modeled_water_type_jamtland,8e4c8df3aa96e70f9623
Jämtland,Tossåsen kfo,Hemviktjärnarna,Sjö,J-STRUCT:0e6f58888e2b0ef7c3c407e7,UNRESOLVED,Saknar artunderlag,modeled_water_type_jamtland,5d4b9896fe0eb8d856c3
Jämtland,Tossåsen kfo,Hemviktjärnarna,Sjö,J-STRUCT:1e08c5282b3f897ae69e720d,UNRESOLVED,Saknar artunderlag,modeled_water_type_jamtland,958fe769c16451274776
Jämtland,Tossåsen kfo,Hemviktjärnarna,Sjö,J-STRUCT:9f7345228785fbffdcf2e762,UNRESOLVED,Saknar artunderlag,modeled_water_type_jamtland,2fd2bd81bd7ed6d98648
Jämtland,Tossåsen kfo,Jöns-Perstjärnen,Sjö,J-STRUCT:1c953ccc409f9c391e24905e,UNRESOLVED,Saknar artunderlag,modeled_water_type_jamtland,6bacf0652072d22c7860
Jämtland,Tossåsen kfo,Krokavan,Sjö,J-STRUCT:5208da6ccc98356fd69d4cad,UNRESOLVED,Saknar artunderlag,modeled_water_type_jamtland,aa1f3e923942616b962e
Jämtland,Tossåsen kfo,Kvarnavan,Sjö,J-STRUCT:6838ceef68cc225146161593,UNRESOLVED,Saknar artunderlag,modeled_water_type_jamtland,5b65218aa55b561d4dbf
Jämtland,Tossåsen kfo,Kölbäcken,Vattendrag,J-STRUCT:06a887a17c60f395561c66e5,UNRESOLVED,Saknar artunderlag,modeled_water_type_jamtland,64cfb8d66f3fe708b257
Jämtland,Tossåsen kfo,Lill-Rörtjärnen,Sjö,J-STRUCT:03321bdb4c18ef14bf67eee9,UNRESOLVED,Saknar artunderlag,modeled_water_type_jamtland,d9cd4002b9ae6012f96e
Jämtland,Tossåsen kfo,Lillsjön,Sjö,J-STRUCT:e4c5396328091383f756290b,UNRESOLVED,Saknar artunderlag,modeled_water_type_jamtland,8daea9e3ad69c90d4eff
Jämtland,Tossåsen kfo,Lillån,Vattendrag,J-STRUCT:b03958657d236f360c8ae754,UNRESOLVED,Saknar artunderlag,modeled_water_type_jamtland,c814f6f2cedc6b403bdd
Jämtland,Tossåsen kfo,Lunndörrsån,Vattendrag,J-STRUCT:b632f5909e4728f695f6092c,UNRESOLVED,Saknar artunderlag,modeled_water_type_jamtland,3438f66a718051b4e54d
Jämtland,Tossåsen kfo,Långnäsbäcken,Vattendrag,J-STRUCT:50fbb287e3dd8d3f148a3f67,UNRESOLVED,Saknar artunderlag,modeled_water_type_jamtland,f3d7f80afa8bef3684ef
Jämtland,Tossåsen kfo,Långtjärnarna,Sjö,J-STRUCT:7177675efaa62258fe18b616,UNRESOLVED,Saknar artunderlag,modeled_water_type_jamtland,ab8170a36070dac2d7aa
Jämtland,Tossåsen kfo,Långtjärnarna,Sjö,J-STRUCT:b31d471b1fbf4f43fd5b9431,UNRESOLVED,Saknar artunderlag,modeled_water_type_jamtland,2376f4b5794faf1c7ab2
Jämtland,Tossåsen kfo,Lövavan,Sjö,J-STRUCT:ae5f5dce894fce1a59a6b478,UNRESOLVED,Saknar artunderlag,modeled_water_type_jamtland,d41abe1fd9b2e1e27c9f
Jämtland,Tossåsen kfo,Neder-Bratteggtjärnen,Sjö,J-STRUCT:bb9823bb3027f1a486a02f84,UNRESOLVED,Saknar artunderlag,modeled_water_type_jamtland,6349af4f66ca0899da42
Jämtland,Tossåsen kfo,Rörtjärnen,Sjö,J-STRUCT:16aed1d4a4536ac08d733931,UNRESOLVED,Saknar artunderlag,modeled_water_type_jamtland,2b20b0146c5a71715a0b
Jämtland,Tossåsen kfo,Rövran,Vattendrag,J-STRUCT:b13c67cd660c6e718bce051e,UNRESOLVED,Saknar artunderlag,modeled_water_type_jamtland,8be6c1c0ef9fb3d6e994
Jämtland,Tossåsen kfo,Starrtjärnen,Sjö,J-STRUCT:33f4b6d051ae5bd6b2ac0e68,UNRESOLVED,Saknar artunderlag,modeled_water_type_jamtland,a1c489b02f568ddde6bb
Jämtland,Tossåsen kfo,Stentjärnen,Sjö,J-STRUCT:fd42810d7142ec0a2e568140,UNRESOLVED,Saknar artunderlag,modeled_water_type_jamtland,59926ca2e2bf61cca810
Jämtland,Tossåsen kfo,Storuddtjärnen,Sjö,J-STRUCT:9d42695390be532b37923ba4,UNRESOLVED,Saknar artunderlag,modeled_water_type_jamtland,9e4a95a00abe83e95bb6
Jämtland,Tossåsen kfo,Svarttjärnen,Sjö,J-STRUCT:687b4961933e1a12e76f23f8,UNRESOLVED,Saknar artunderlag,modeled_water_type_jamtland,76abe2a12f4398314b1b
Jämtland,Tossåsen kfo,Sörbäcken,Vattendrag,J-STRUCT:26131520177d1bda652867c2,UNRESOLVED,Saknar artunderlag,modeled_water_type_jamtland,71d9918e166f5d0d5486
Jämtland,Tossåsen kfo,Sörbäcktjärnen,Sjö,J-STRUCT:7c382bbbc4e89e80f0e198f3,UNRESOLVED,Saknar artunderlag,modeled_water_type_jamtland,76c106cd0d0e3886de59
Jämtland,Tossåsen kfo,Tjuvfiskartjärnen,Sjö,J-STRUCT:cb4269fae918a04dfe387da5,UNRESOLVED,Saknar artunderlag,modeled_water_type_jamtland,e964946a215322e02bd1
Jämtland,Tossåsen kfo,Tjärnåstjärnarna,Sjö,J-STRUCT:51367df0bf1e344ec9b44e6a,UNRESOLVED,Saknar artunderlag,modeled_water_type_jamtland,f92d87efd89e7669e88a
Jämtland,Tossåsen kfo,Tjärnåstjärnarna,Sjö,J-STRUCT:658bd78868f32b1e1c3ac55d,UNRESOLVED,Saknar artunderlag,modeled_water_type_jamtland,71a4b24c3d2a06e01437
Jämtland,Tossåsen kfo,Tossåssjön,Sjö,J-STRUCT:cadbebc9d9d1ec9ca16ed011,UNRESOLVED,Saknar artunderlag,modeled_water_type_jamtland,ba00bcdbe46fcbbab1ac
Jämtland,Tossåsen kfo,Tossåssjöån,Vattendrag,J-STRUCT:68a14bc2451f8ec6cc441051,UNRESOLVED,Saknar artunderlag,modeled_water_type_jamtland,f41c49f26c9a9c213054
Jämtland,Tossåsen kfo,Trekanttjärnen,Sjö,J-STRUCT:4a5246931948cb9cb7c68896,UNRESOLVED,Saknar artunderlag,modeled_water_type_jamtland,09170588fd47ffbd7e5e
Jämtland,Tossåsen kfo,Trätovattnet,Sjö,J-STRUCT:c78cb41d8ac5d315adcbb7c4,UNRESOLVED,Saknar artunderlag,modeled_water_type_jamtland,bbec2a63935a2bcbac96
Jämtland,Tossåsen kfo,Tällbacktjärnen,Sjö,J-STRUCT:6d1075382fec093e90570541,UNRESOLVED,Saknar artunderlag,modeled_water_type_jamtland,b38c7508604787f8bdd9
Jämtland,Tossåsen kfo,Ytter-Ekorrtjärnen,Sjö,J-STRUCT:e9d5f8c5fdf6c9bcdd59f46a,UNRESOLVED,Saknar artunderlag,modeled_water_type_jamtland,e712b4d532a55cd4d2fb
Jämtland,Tossåsen kfo,Ytter-Grucken,Sjö,J-STRUCT:5ae693403d12379ef5da113f,UNRESOLVED,Saknar artunderlag,modeled_water_type_jamtland,034c10f4d1f954ddc765
Jämtland,Tossåsen kfo,Ytter-Röversjön,Sjö,J-STRUCT:2fe11e3e0311dbb95c8d4335,UNRESOLVED,Saknar artunderlag,modeled_water_type_jamtland,6cd1c772e5ff6edc07c2
Jämtland,Tossåsen kfo,Ytterlångtjärnarna,Sjö,J-STRUCT:52ddf780e757c9de694bc3e9,UNRESOLVED,Saknar artunderlag,modeled_water_type_jamtland,aeaccf33a1fcdbaeef16
Jämtland,Tossåsen kfo,Öratjärnarna,Sjö,J-STRUCT:150445012ec2bfa3c267dde8,UNRESOLVED,Saknar artunderlag,modeled_water_type_jamtland,1d9a4f0872a2a8c8bc1a
Jämtland,Tossåsen kfo,Öratjärnbäcken,Vattendrag,J-STRUCT:705205643ba5e49994db5443,UNRESOLVED,Saknar artunderlag,modeled_water_type_jamtland,9a624b2ea763d73e29cd
Jämtland,Tossåsen kfo,Över-Bratteggtjärnen,Sjö,J-STRUCT:f3ffacd4e7256b8432cedbb2,UNRESOLVED,Saknar artunderlag,modeled_water_type_jamtland,8359c7d7496875bc98e0
Jämtland,Tossåsen kfo,Över-Ekorrtjärnen,Sjö,J-STRUCT:2cba834153e15f12d977b6f5,UNRESOLVED,Saknar artunderlag,modeled_water_type_jamtland,5b26ed4d58416019be29
Jämtland,Tossåsen kfo,Över-Röversjön,Sjö,J-STRUCT:4ae15cebf37c4ac066cf9c6d,UNRESOLVED,Saknar artunderlag,modeled_water_type_jamtland,541d6ae7636d00de6481
Jämtland,Tångböle samff,Bergtjärnarna,Sjö,J-STRUCT:4da7dd8c7edbaf03b2f0e9b2,UNRESOLVED,Saknar artunderlag,modeled_water_type_jamtland,7c186e29bdefeff9ad13
Jämtland,Tångböle samff,Bergtjärnarna,Sjö,J-STRUCT:5991b3dacdab2c292defedfc,UNRESOLVED,Saknar artunderlag,modeled_water_type_jamtland,c3db8c9511ab3a43e4ec
Jämtland,Tångböle samff,Bergtjärnarna,Sjö,J-STRUCT:94b2c1e51d4a498a0b2c969d,UNRESOLVED,Saknar artunderlag,modeled_water_type_jamtland,2157efcc63a2bbc555dc
Jämtland,Tångböle samff,Bäverbäcken,Vattendrag,J-STRUCT:45ba8a1d81a881f2e95cf439,UNRESOLVED,Saknar artunderlag,modeled_water_type_jamtland,ab0e2b9b4c69b1399d96
Jämtland,Tångböle samff,Finntjärnen,Sjö,J-STRUCT:da57490887e0c7bc62d6f894,UNRESOLVED,Saknar artunderlag,modeled_water_type_jamtland,3f38901d4603a030a96e
Jämtland,Tångböle samff,Finnån,Vattendrag,J-STRUCT:e65517f7846d73a8553ce798,UNRESOLVED,Saknar artunderlag,modeled_water_type_jamtland,d20d01683c9ff290dbfb
Jämtland,Tångböle samff,Indalsälven,Vattendrag,J-STRUCT:7b41841f6dd67b7b3adc8c7b,UNRESOLVED,Saknar artunderlag,modeled_water_type_jamtland,f0825b77df89f8a08cf2
Jämtland,Tångböle samff,Kvarnbäcken,Vattendrag,J-STRUCT:d7ace85253c877dec4ee6ce1,UNRESOLVED,Saknar artunderlag,modeled_water_type_jamtland,3292c1663fd193aeab38
Jämtland,Tångböle samff,Lillsjön,Sjö,J-STRUCT:00f4cd33ea44bb72c505d68c,UNRESOLVED,Saknar artunderlag,modeled_water_type_jamtland,f9e7296116bd8e209970
Jämtland,Tångböle samff,Lillån,Vattendrag,J-STRUCT:e4122db6627a2e8e863b396f,UNRESOLVED,Saknar artunderlag,modeled_water_type_jamtland,0a57fd3f2991492ec681
Jämtland,Tångböle samff,Långtjärnbäcken,Vattendrag,J-STRUCT:2c8fac561ab0a016d0818a6b,UNRESOLVED,Saknar artunderlag,modeled_water_type_jamtland,5a3befc3f2db442a79db
Jämtland,Tångböle samff,Långtjärnen,Sjö,J-STRUCT:2b5be239d71ce82b5c17372a,UNRESOLVED,Saknar artunderlag,modeled_water_type_jamtland,5dc8ebb1735be66bbc90
Jämtland,Tångböle samff,Nysjön,Sjö,J-STRUCT:6397924aedd6df49ac3e8c34,UNRESOLVED,Saknar artunderlag,modeled_water_type_jamtland,0d83ac062145f543d744
Jämtland,Tångböle samff,Nyvalltjärnen,Sjö,J-STRUCT:d122669758ff5b6ba23fb964,UNRESOLVED,Saknar artunderlag,modeled_water_type_jamtland,30764b275b38d6d7d445
Jämtland,Tångböle samff,Sjömyrbäcken,Vattendrag,J-STRUCT:8a743cef5611b923c0bc9a02,UNRESOLVED,Saknar artunderlag,modeled_water_type_jamtland,6a4735410278480e9908
Jämtland,Tångböle samff,Tjuvmyrbäcken,Vattendrag,J-STRUCT:972da57b524479db8bdc1521,UNRESOLVED,Saknar artunderlag,modeled_water_type_jamtland,d0f1772208c5395e92cb
Jämtland,Upplands fvof,Aftontjärnen,Sjö,J-STRUCT:79db955783b85b7d55652004,UNRESOLVED,Saknar artunderlag,WATER_IDENTITY_WITH_FVO_LEVEL_MODEL,b467e8557e5f0c718b96
Jämtland,Upplands fvof,Bergtjärnen,Sjö,J-STRUCT:650360db18509bdab17deb62,UNRESOLVED,Saknar artunderlag,WATER_IDENTITY_WITH_FVO_LEVEL_MODEL,c489411092f15584cf30
Jämtland,Upplands fvof,Bergtjärnen,Sjö,J-STRUCT:fea73108df81c8a2faf98a35,UNRESOLVED,Saknar artunderlag,WATER_IDENTITY_WITH_FVO_LEVEL_MODEL,9599b4ebd58241d5324e
Jämtland,Upplands fvof,Bodtjärnen,Sjö,J-STRUCT:0086ada640cb781a9ebd9674,UNRESOLVED,Saknar artunderlag,WATER_IDENTITY_WITH_FVO_LEVEL_MODEL,c16a052e2878a8fd6368
Jämtland,Upplands fvof,Fiskhusbäcken,Vattendrag,J-STRUCT:c683dcac31bdb086abe30cf1,UNRESOLVED,Saknar artunderlag,WATER_IDENTITY_WITH_FVO_LEVEL_MODEL,197aadf24a5540dc6028
Jämtland,Upplands fvof,Gisterån,Vattendrag,J-STRUCT:b8c04df656193cc8f8b274f8,UNRESOLVED,Saknar artunderlag,WATER_IDENTITY_WITH_FVO_LEVEL_MODEL,945276cc11f949cc3830
Jämtland,Upplands fvof,Gällingmyrtjärnen,Sjö,J-STRUCT:0bb84c7b6d814d755c1189c7,UNRESOLVED,Saknar artunderlag,WATER_IDENTITY_WITH_FVO_LEVEL_MODEL,f336289d8aa308d60639
Jämtland,Upplands fvof,Högbäcken,Vattendrag,J-STRUCT:09a89c6d375e49a071582896,UNRESOLVED,Saknar artunderlag,WATER_IDENTITY_WITH_FVO_LEVEL_MODEL,789a87ef2fbdcec21fc9
Jämtland,Upplands fvof,Indalsälven,Vattendrag,J-STRUCT:b9294285d908b0a1d49380b4,UNRESOLVED,Saknar artunderlag,WATER_IDENTITY_WITH_FVO_LEVEL_MODEL,76cce86ae1ec659824cb
Jämtland,Upplands fvof,Kattdolpen,Sjö,J-STRUCT:88cf180455c6f2f31c879f42,UNRESOLVED,Saknar artunderlag,WATER_IDENTITY_WITH_FVO_LEVEL_MODEL,4b5404cc3c0c6e6faeac
Jämtland,Upplands fvof,Kotjärnen,Sjö,J-STRUCT:db15bc993fd69e920d52d411,UNRESOLVED,Saknar artunderlag,WATER_IDENTITY_WITH_FVO_LEVEL_MODEL,d3ebb5474508d1574336
Jämtland,Upplands fvof,Kroktjärnen,Sjö,J-STRUCT:baf772a0aa8632f55068b7e8,UNRESOLVED,Saknar artunderlag,WATER_IDENTITY_WITH_FVO_LEVEL_MODEL,3eb1a9268a2077bbba78
Jämtland,Upplands fvof,Lill-Melltjärnen,Sjö,J-STRUCT:c77fc50424988dd8b106b7a0,UNRESOLVED,Saknar artunderlag,WATER_IDENTITY_WITH_FVO_LEVEL_MODEL,e6ab5d0ffc1411689a39
Jämtland,Upplands fvof,Liten,Sjö,J-STRUCT:64aeff10beab60c6280f6bdb,UNRESOLVED,Saknar artunderlag,WATER_IDENTITY_WITH_FVO_LEVEL_MODEL,3c7eb96cf389a9d68cd2
Jämtland,Upplands fvof,Långdolpen,Sjö,J-STRUCT:17731cafd5a5d6cdcf11a8fb,UNRESOLVED,Saknar artunderlag,WATER_IDENTITY_WITH_FVO_LEVEL_MODEL,3f6ccd2912a981adc622
Jämtland,Upplands fvof,Långtjärnen,Sjö,J-STRUCT:4a9c5b048add734d2016db99,UNRESOLVED,Saknar artunderlag,WATER_IDENTITY_WITH_FVO_LEVEL_MODEL,322c77071c234e6ebaf5
Jämtland,Upplands fvof,Långtjärnen,Sjö,J-STRUCT:75243c13f1d6e75043b7cc09,UNRESOLVED,Saknar artunderlag,WATER_IDENTITY_WITH_FVO_LEVEL_MODEL,239db64308dbc295b485
Jämtland,Upplands fvof,Sandtjärnen,Sjö,J-STRUCT:6e3325330074a9a611aa79b9,UNRESOLVED,Saknar artunderlag,WATER_IDENTITY_WITH_FVO_LEVEL_MODEL,037aeb5d7f1d4df194e5
Jämtland,Upplands fvof,Semlan,Vattendrag,J-STRUCT:04e4c08f37292a37f6a5c7b8,UNRESOLVED,Saknar artunderlag,WATER_IDENTITY_WITH_FVO_LEVEL_MODEL,3ab6e7f52f1cc5f5a33a
Jämtland,Upplands fvof,Skäftestjärnen,Sjö,J-STRUCT:6ca4ea059bf47bfa1fbf17b2,UNRESOLVED,Saknar artunderlag,WATER_IDENTITY_WITH_FVO_LEVEL_MODEL,21d978fec8cd37941380
Jämtland,Upplands fvof,Svarttjärnen,Sjö,J-STRUCT:f2ec9482b3e038ff9137d3be,UNRESOLVED,Saknar artunderlag,WATER_IDENTITY_WITH_FVO_LEVEL_MODEL,a319bcdb7df42521656f
Jämtland,Upplands fvof,Sågbäcken,Vattendrag,J-STRUCT:1d7c5d0e04b095f5647fdff5,UNRESOLVED,Saknar artunderlag,WATER_IDENTITY_WITH_FVO_LEVEL_MODEL,3c11c517baf01bbcad69
Jämtland,Upplands fvof,Toppdolpen,Sjö,J-STRUCT:0edd8137e907838f3e5c3398,UNRESOLVED,Saknar artunderlag,WATER_IDENTITY_WITH_FVO_LEVEL_MODEL,ecb963d1836e7b234c9f
Jämtland,Upplands fvof,Väster-Havstobäcken,Vattendrag,J-STRUCT:a4a762c436085d0201bdbab3,UNRESOLVED,Saknar artunderlag,WATER_IDENTITY_WITH_FVO_LEVEL_MODEL,d48700d12d182b2fa46c
Jämtland,Ånnsjöns Kortfiskeområde,Brännbäcken,Vattendrag,J-STRUCT:1f22533ce120e323b3a2d020,UNRESOLVED,Saknar artunderlag,modeled_water_type_jamtland,ef7ba198231e4531062c
Jämtland,Ånnsjöns Kortfiskeområde,Dragsån,Vattendrag,J-STRUCT:f33c87a99eab36520602bc79,UNRESOLVED,Saknar artunderlag,modeled_water_type_jamtland,22e0330ad87d48678476
Jämtland,Ånnsjöns Kortfiskeområde,Indalsälven,Vattendrag,J-STRUCT:7b0efa3dbe3badc9d2ba9921,UNRESOLVED,Saknar artunderlag,modeled_water_type_jamtland,1d1b57888aba66eea5c2
Jämtland,Ånnsjöns Kortfiskeområde,Järpån,Vattendrag,J-STRUCT:1c77af677810d4664473a1c0,UNRESOLVED,Saknar artunderlag,modeled_water_type_jamtland,2b716a3ea42dc0397625
Jämtland,Ånnsjöns Kortfiskeområde,Stor-Klockbäcken,Vattendrag,J-STRUCT:6c967348bcbd3e2f99deb7e3,UNRESOLVED,Saknar artunderlag,modeled_water_type_jamtland,3b87e28731f0c1adbce9
Jämtland,Ånnsjöns Kortfiskeområde,Västerån,Vattendrag,J-STRUCT:c3209c4ef080484546c9b8d0,UNRESOLVED,Saknar artunderlag,modeled_water_type_jamtland,b9ec53c478b12ce092ab
Jämtland,Åre fiske samff,Bräckebäcktjärnarna,Sjö,J-STRUCT:4d380fd0d33ee1b0a3d0c057,UNRESOLVED,Saknar artunderlag,modeled_water_type_jamtland,0adf9a9e329d02430a07
Jämtland,Åre fiske samff,Bräckebäcktjärnarna,Sjö,J-STRUCT:de85deb0deee8e26893189a9,UNRESOLVED,Saknar artunderlag,modeled_water_type_jamtland,f3af67b471e1decbd474
Jämtland,Åre fiske samff,Bräckebäcktjärnarna,Sjö,J-STRUCT:f38085327e420d650a0393be,UNRESOLVED,Saknar artunderlag,modeled_water_type_jamtland,acffc0e885fba0f2e0fa
Jämtland,Åre fiske samff,Buttulsbäcken,Vattendrag,J-STRUCT:391b8f66f325d64e814acf69,UNRESOLVED,Saknar artunderlag,modeled_water_type_jamtland,42f78c5386e5de027411
Jämtland,Åre fiske samff,Bynsofftjärnen,Sjö,J-STRUCT:49b514d2ba19837d44fcbe26,UNRESOLVED,Saknar artunderlag,modeled_water_type_jamtland,03c1fdb4a81440032115
Jämtland,Åre fiske samff,Bölesån,Vattendrag,J-STRUCT:b81b0b7f6c12ef5ee134572f,UNRESOLVED,Saknar artunderlag,modeled_water_type_jamtland,cfb4238d983cf0b639de
Jämtland,Åre fiske samff,Finnån,Vattendrag,J-STRUCT:adc3d80b95c2ef866861f609,UNRESOLVED,Saknar artunderlag,modeled_water_type_jamtland,7c418dadcfa5cfa8e362
Jämtland,Åre fiske samff,Forsabäcken,Vattendrag,J-STRUCT:aa01effd68023f0d43e0b992,UNRESOLVED,Saknar artunderlag,modeled_water_type_jamtland,20838234eeeb39d1529e
Jämtland,Åre fiske samff,Forsaskaltjärnen,Sjö,J-STRUCT:ab331d8128197e1409723c0e,UNRESOLVED,Saknar artunderlag,modeled_water_type_jamtland,ee95f3cb5e7a49582e65
Jämtland,Åre fiske samff,Fävikån,Vattendrag,J-STRUCT:6e73e2f9cdfef2f49281db63,UNRESOLVED,Saknar artunderlag,modeled_water_type_jamtland,2b4b9172ac7c213975f3
Jämtland,Åre fiske samff,Gulån,Vattendrag,J-STRUCT:7f959f8b84410986a8ae7205,UNRESOLVED,Saknar artunderlag,modeled_water_type_jamtland,8a3859e69135b27442f6
Jämtland,Åre fiske samff,Henån,Vattendrag,J-STRUCT:5d2ee25cbc50fbaeb8c42709,UNRESOLVED,Saknar artunderlag,modeled_water_type_jamtland,95feb5a9e51cf92cc194
Jämtland,Åre fiske samff,Holmtjärnen,Sjö,J-STRUCT:4a76d96aa1aa11df10866197,UNRESOLVED,Saknar artunderlag,modeled_water_type_jamtland,09adc836cab5889b8280
Jämtland,Åre fiske samff,Husåbäcken,Vattendrag,J-STRUCT:d797612d82ea2b422851ce67,UNRESOLVED,Saknar artunderlag,modeled_water_type_jamtland,6f25003b9ec3e49866bb
Jämtland,Åre fiske samff,Husåbäcktjärnarna,Sjö,J-STRUCT:2d316be44d94160738021fa9,UNRESOLVED,Saknar artunderlag,modeled_water_type_jamtland,20d04aa0b5751075b802
Jämtland,Åre fiske samff,Husåbäcktjärnarna,Sjö,J-STRUCT:31991952195436efd2c861a2,UNRESOLVED,Saknar artunderlag,modeled_water_type_jamtland,6f5bbd1c92f7d5e5212e
Jämtland,Åre fiske samff,Husåbäcktjärnarna,Sjö,J-STRUCT:f30ec2e6de5bedc56f670702,UNRESOLVED,Saknar artunderlag,modeled_water_type_jamtland,3ae4db165c6740af893b
Jämtland,Åre fiske samff,Husån,Vattendrag,J-STRUCT:08d08ca147d83139550de836,UNRESOLVED,Saknar artunderlag,modeled_water_type_jamtland,67881b5228af2eaa7b0d
Jämtland,Åre fiske samff,Husåtjärnen,Sjö,J-STRUCT:5704df1871079a4a2aa1bd8c,UNRESOLVED,Saknar artunderlag,modeled_water_type_jamtland,bf7b425db4312808ef2b
Jämtland,Åre fiske samff,Hästskotjärnen,Sjö,J-STRUCT:7c9c4e2a555a822fef97b87e,UNRESOLVED,Saknar artunderlag,modeled_water_type_jamtland,9fea5a0b92f36c79e7df
Jämtland,Åre fiske samff,Hårdvallån,Vattendrag,J-STRUCT:176d2a12b474c94a4a5a550b,UNRESOLVED,Saknar artunderlag,modeled_water_type_jamtland,bbeebd6e6cddf7252d18
Jämtland,Åre fiske samff,Indalsälven,Vattendrag,J-STRUCT:3f56bd5fd599091cffae4f51,UNRESOLVED,Saknar artunderlag,modeled_water_type_jamtland,a5ae30a963571c9c1726
Jämtland,Åre fiske samff,Kalvtjärnen,Sjö,J-STRUCT:f1635e6f5ab941b74245cae2,UNRESOLVED,Saknar artunderlag,modeled_water_type_jamtland,044dd52706c6cc525403
Jämtland,Åre fiske samff,Klemmettjärnen,Sjö,J-STRUCT:ad9f88053b74d6815206e264,UNRESOLVED,Saknar artunderlag,modeled_water_type_jamtland,e4d79dede98c9c015b65
Jämtland,Åre fiske samff,Klingerdolpen,Sjö,J-STRUCT:ec5b8b54d9ce4a705ae54686,UNRESOLVED,Saknar artunderlag,modeled_water_type_jamtland,d2539b355a265b3b6009
Jämtland,Åre fiske samff,Kläpptjärnen,Sjö,J-STRUCT:4b907f3bbe8d146e4c55d91f,UNRESOLVED,Saknar artunderlag,modeled_water_type_jamtland,250376c9fa4daf1cc4bf
Jämtland,Åre fiske samff,Korstjärnbäcken,Vattendrag,J-STRUCT:9a4e6d7778d3a3997b406d16,UNRESOLVED,Saknar artunderlag,modeled_water_type_jamtland,0b875bffa388c1e486c3
Jämtland,Åre fiske samff,Kärrån,Vattendrag,J-STRUCT:5407f992ebc81ae3bbaadce5,UNRESOLVED,Saknar artunderlag,modeled_water_type_jamtland,f2e1373ccf093d3fcc09
Jämtland,Åre fiske samff,Kösjön,Sjö,J-STRUCT:98e70996fadede6512eff193,UNRESOLVED,Saknar artunderlag,modeled_water_type_jamtland,d428dd9948ba258dff9d
Jämtland,Åre fiske samff,Lappdalsbäcken,Vattendrag,J-STRUCT:730ada60659e14076fbc8adb,UNRESOLVED,Saknar artunderlag,modeled_water_type_jamtland,843d679273cf93c311be
Jämtland,Åre fiske samff,Lill-Högtjärnen,Sjö,J-STRUCT:b3caa9a71b376d439003780c,UNRESOLVED,Saknar artunderlag,modeled_water_type_jamtland,66e35524963ee564f41e
Jämtland,Åre fiske samff,Lill-Åltjärnen,Sjö,J-STRUCT:e5e72627f193f3aa1d60a253,UNRESOLVED,Saknar artunderlag,modeled_water_type_jamtland,d9be177f480d69252f8e
Jämtland,Åre fiske samff,Lill-Öringstjärnen,Sjö,J-STRUCT:bdfa0652bfb5f1b437ea54ed,UNRESOLVED,Saknar artunderlag,modeled_water_type_jamtland,2f17dfa6f8fce3350303
Jämtland,Åre fiske samff,Lillån,Vattendrag,J-STRUCT:0f1b4dff5d5825fde1e9e628,UNRESOLVED,Saknar artunderlag,modeled_water_type_jamtland,1f0369b5b9e769a6703c
Jämtland,Åre fiske samff,Lillån,Vattendrag,J-STRUCT:161e2da1dfd4e32640a728fa,UNRESOLVED,Saknar artunderlag,modeled_water_type_jamtland,44b48f3c03e924f3d1f7
Jämtland,Åre fiske samff,Lillån,Vattendrag,J-STRUCT:516d61710efcba77981ffba2,UNRESOLVED,Saknar artunderlag,modeled_water_type_jamtland,aca792e5af3295cf18d8
Jämtland,Åre fiske samff,Långdolpen,Sjö,J-STRUCT:bae265f9a7cc1186b030d67a,UNRESOLVED,Saknar artunderlag,modeled_water_type_jamtland,6878eb39680ebc5c485c
Jämtland,Åre fiske samff,Måstjärnen,Sjö,J-STRUCT:0e371b801a30599fc4b8037a,UNRESOLVED,Saknar artunderlag,modeled_water_type_jamtland,72fbf11fb05a307802ef
Jämtland,Åre fiske samff,Norder-Holmtjärnen,Sjö,J-STRUCT:4cbd361437fcfd3232e266bc,UNRESOLVED,Saknar artunderlag,modeled_water_type_jamtland,e6f1be8548f895120c5e
Jämtland,Åre fiske samff,Nästtjärnen,Sjö,J-STRUCT:07522279a50af47eaf35a59f,UNRESOLVED,Saknar artunderlag,modeled_water_type_jamtland,1cabbc54f378b5640547
Jämtland,Åre fiske samff,Oxögat,Sjö,J-STRUCT:81beabdda62040a1814cc007,UNRESOLVED,Saknar artunderlag,modeled_water_type_jamtland,605dd1db18c1600d47c2
Jämtland,Åre fiske samff,Rörtjärnen,Sjö,J-STRUCT:b8a8966cc42cc445c7f540cf,UNRESOLVED,Saknar artunderlag,modeled_water_type_jamtland,c4d4289279b0a6ff1eee
Jämtland,Åre fiske samff,Rörtjärnen,Sjö,J-STRUCT:c916e7cff40dab9e5bfeb40d,UNRESOLVED,Saknar artunderlag,modeled_water_type_jamtland,a7e4c65d55534da80c71
Jämtland,Åre fiske samff,Siktjärnen,Sjö,J-STRUCT:4034e21bacfb29712194e4c8,UNRESOLVED,Saknar artunderlag,modeled_water_type_jamtland,794cdad1c76209397a3b
Jämtland,Åre fiske samff,Sjömyrbäcken,Vattendrag,J-STRUCT:e4d4db75e2d1fe60ea7f8d31,UNRESOLVED,Saknar artunderlag,modeled_water_type_jamtland,14376ea835312df25b4f
Jämtland,Åre fiske samff,Skorvhögtjärnen,Sjö,J-STRUCT:902e0067c85009fda48d43bb,UNRESOLVED,Saknar artunderlag,modeled_water_type_jamtland,ccb854d2f95d3347fbe6
Jämtland,Åre fiske samff,Skuttjärnen,Sjö,J-STRUCT:9e95e4cfa26c5d805f528f9f,UNRESOLVED,Saknar artunderlag,modeled_water_type_jamtland,0af51e8d7b52fc97c09d
Jämtland,Åre fiske samff,Skänkbäcken,Vattendrag,J-STRUCT:2c8520e4ef7196e7505e0621,UNRESOLVED,Saknar artunderlag,modeled_water_type_jamtland,ec56e9b19dc31ff626a6
Jämtland,Åre fiske samff,Stor-Högtjärnen,Sjö,J-STRUCT:9664bf5e6b9768607eb7f3d7,UNRESOLVED,Saknar artunderlag,modeled_water_type_jamtland,3f54036fe0f10ce76759
Jämtland,Åre fiske samff,Stor-Åltjärnen,Sjö,J-STRUCT:38135e41a6e60f0f0abd2d61,UNRESOLVED,Saknar artunderlag,modeled_water_type_jamtland,27209672b63cc4d27bda
Jämtland,Åre fiske samff,Storlidtjärnen,Sjö,J-STRUCT:a9630ba43d46d5d8470589d6,UNRESOLVED,Saknar artunderlag,modeled_water_type_jamtland,a4acb9dfd49439606180
Jämtland,Åre fiske samff,Svarttjärnen,Sjö,J-STRUCT:00f8740727e8118ec8647b4e,UNRESOLVED,Saknar artunderlag,modeled_water_type_jamtland,20caf68aa85e697f2b5c
Jämtland,Åre fiske samff,Svarttjärnen,Sjö,J-STRUCT:868dbbcc42f278206d8fac83,UNRESOLVED,Saknar artunderlag,modeled_water_type_jamtland,d39e0001ddf235451353
Jämtland,Åre fiske samff,Sönktjärnarna,Sjö,J-STRUCT:34b84d86618540bee71eaeaf,UNRESOLVED,Saknar artunderlag,modeled_water_type_jamtland,c7778f31597077b6b1d9
Jämtland,Åre fiske samff,Sönner-Holmtjärnen,Sjö,J-STRUCT:9868dd458fa38a151d1f7909,UNRESOLVED,Saknar artunderlag,modeled_water_type_jamtland,1a0606db5f17ece54e0d
Jämtland,Åre fiske samff,Tekladolpen,Sjö,J-STRUCT:a9030550c9fb5f80b4ff2074,UNRESOLVED,Saknar artunderlag,modeled_water_type_jamtland,c56434d27b34110963fa
Jämtland,Åre fiske samff,Tiktjärnen,Sjö,J-STRUCT:f615063f0c5ebd39f8eb80d2,UNRESOLVED,Saknar artunderlag,modeled_water_type_jamtland,3596327a340511c35ed6
Jämtland,Åre fiske samff,Tottvalltjärnen,Sjö,J-STRUCT:9d676eb43d517368ae9ddcca,UNRESOLVED,Saknar artunderlag,modeled_water_type_jamtland,73138a31ca330f3fdec5
Jämtland,Åre fiske samff,Tvärån,Vattendrag,J-STRUCT:54be79176192bfbedc1f3835,UNRESOLVED,Saknar artunderlag,modeled_water_type_jamtland,ffba4a009cfbe51d2217
Jämtland,Åre fiske samff,Ullsjön,Sjö,J-STRUCT:002317d6dd771b0f99214221,UNRESOLVED,Saknar artunderlag,modeled_water_type_jamtland,a894912495c6199da82e
Jämtland,Åre fiske samff,Ullån,Vattendrag,J-STRUCT:41b3c2532e797d5ba9762ec6,UNRESOLVED,Saknar artunderlag,modeled_water_type_jamtland,3a36f852901e05df29e0
Jämtland,Åre fiske samff,Vikbäcken,Vattendrag,J-STRUCT:aa4335068721a7a84462cbd8,UNRESOLVED,Saknar artunderlag,modeled_water_type_jamtland,e7799582fe7d208b8351
Jämtland,Åre fiske samff,Väster-Korstjärnen,Sjö,J-STRUCT:5b6ba623efbf1f9f52d3c9d7,UNRESOLVED,Saknar artunderlag,modeled_water_type_jamtland,1fd90aaaabf594acd2ad
Jämtland,Åre fiske samff,Väster-Långtjärnen,Sjö,J-STRUCT:0477cfbb4c5b4810acd99b2a,UNRESOLVED,Saknar artunderlag,modeled_water_type_jamtland,54052f9520b882d5bd0b
Jämtland,Åre fiske samff,Åstjärnen,Sjö,J-STRUCT:719ff06eac6d06e6b062cbda,UNRESOLVED,Saknar artunderlag,modeled_water_type_jamtland,1eb236b38970f6ca53f6
Jämtland,Åre fiske samff,Öster-Korstjärnen,Sjö,J-STRUCT:25250d48bf9a00b1252ea3b8,UNRESOLVED,Saknar artunderlag,modeled_water_type_jamtland,1559481500b36ba11e60
Jämtland,Åre fiske samff,Öster-Långtjärnen,Sjö,J-STRUCT:d90c0f96863022dcd60bd5ce,UNRESOLVED,Saknar artunderlag,modeled_water_type_jamtland,9db2b1dce36b8d030ed3
Jämtland,Östra Fiskåvattnet,Fiskån,Vattendrag,J-STRUCT:651a239b0f3e2b2c1c52df29,UNRESOLVED,Saknar artunderlag,modeled_water_type_jamtland,a5aa99993c8bdbddd46b
Jämtland,Östra Fiskåvattnet,Frostbergtjärnbäcken,Vattendrag,J-STRUCT:796442267af37bfa934eb602,UNRESOLVED,Saknar artunderlag,modeled_water_type_jamtland,50eb6fa519b5511b5ec2
Jämtland,Östra Fiskåvattnet,Stor-Baksjön,Sjö,J-STRUCT:c26012759fa3182f2fa684db,UNRESOLVED,Saknar artunderlag,modeled_water_type_jamtland,56a982037c57ec4d3c62
Jämtland,Östra Fiskåvattnet,Öster-Svevan,Vattendrag,J-STRUCT:56f393abadd6fecbfd3cf697,UNRESOLVED,Saknar artunderlag,modeled_water_type_jamtland,d00ce92e3833794b7608
Jämtland,Östra Fiskåvattnet,Östra Fiskåvattnet,Sjö,J-STRUCT:d8b9f1c6f7b1aa322f688d39,UNRESOLVED,Saknar artunderlag,modeled_water_type_jamtland,f549f90e61d365f41135
Norrbotten,Aareavaara fvof,Aareajärvi,Sjö,NB-STRUCT:fcaf49f08642d8f4d57b9ec8,LÄNSGRANSKAD – Fiskekartan-struktur verifierad; vattenunikt artbelägg saknas,Namngiven vatten–FVO-koppling inom Fiskekartans strukturella tak; inga områdesarter generaliserade.,FVO-OMRÅDE,e908d2bf1b8dd2101397
Norrbotten,Aareavaara fvof,Lompolo,Sjö,NB-STRUCT:ca9ac290e927365b4ee1915c,LÄNSGRANSKAD – Fiskekartan-struktur verifierad; vattenunikt artbelägg saknas,Namngiven vatten–FVO-koppling inom Fiskekartans strukturella tak; inga områdesarter generaliserade.,FVO-OMRÅDE,5093341bd498ec1bf2cd
Norrbotten,Aareavaara fvof,Lunkkujärvi,Sjö,NB-STRUCT:5b0202316ffb5e1bb0eb01ef,LÄNSGRANSKAD – Fiskekartan-struktur verifierad; vattenunikt artbelägg saknas,Namngiven vatten–FVO-koppling inom Fiskekartans strukturella tak; inga områdesarter generaliserade.,FVO-OMRÅDE,598a1746b0bddf5f9fc6
Norrbotten,Aareavaara fvof,Vähä-Aareajärvi,Sjö,NB-STRUCT:777acd71a255ac1047d635bc,LÄNSGRANSKAD – Fiskekartan-struktur verifierad; vattenunikt artbelägg saknas,Namngiven vatten–FVO-koppling inom Fiskekartans strukturella tak; inga områdesarter generaliserade.,FVO-OMRÅDE,e52360a7c906ff14af11
Norrbotten,Arjeplogsströmmarnas fvof,Hornavan,Sjö,NB-STRUCT:5918d63c46c02414c723e117,LÄNSGRANSKAD – Fiskekartan-struktur verifierad; vattenunikt artbelägg saknas,Namngiven vatten–FVO-koppling inom Fiskekartans strukturella tak; inga områdesarter generaliserade.,FVO-OMRÅDE,174357eab6decc9b9a4a
Norrbotten,Arjeplogsströmmarnas fvof,Kroktjärn,Sjö,NB-STRUCT:264bb7c2908ecd1419c5654d,LÄNSGRANSKAD – Fiskekartan-struktur verifierad; vattenunikt artbelägg saknas,Namngiven vatten–FVO-koppling inom Fiskekartans strukturella tak; inga områdesarter generaliserade.,FVO-OMRÅDE,178864e7085d626fc0de
Norrbotten,Arjeplogsströmmarnas fvof,Najaure,Sjö,NB-STRUCT:31b4969e4cf5b449ec33d99e,LÄNSGRANSKAD – Fiskekartan-struktur verifierad; vattenunikt artbelägg saknas,Namngiven vatten–FVO-koppling inom Fiskekartans strukturella tak; inga områdesarter generaliserade.,FVO-OMRÅDE,85985be09cda414ab71d
Norrbotten,Arjeplogsströmmarnas fvof,Naurasjöarna,Sjö,NB-STRUCT:13ad0484c3cd624cebcd297d,LÄNSGRANSKAD – Fiskekartan-struktur verifierad; vattenunikt artbelägg saknas,Namngiven vatten–FVO-koppling inom Fiskekartans strukturella tak; inga områdesarter generaliserade.,FVO-OMRÅDE,55e3b3c2d4495e761f37
Norrbotten,Arjeplogsströmmarnas fvof,Naurasjöarna H.428,Sjö,NB-STRUCT:1d14599f790ac7444f5b58b0,LÄNSGRANSKAD – Fiskekartan-struktur verifierad; vattenunikt artbelägg saknas,Namngiven vatten–FVO-koppling inom Fiskekartans strukturella tak; inga områdesarter generaliserade.,FVO-OMRÅDE,5586d9c0c1f4180afef3
Norrbotten,Arjeplogsströmmarnas fvof,Stora Tjådnaur,Sjö,NB-STRUCT:8d58a260d438c079b5fd777b,LÄNSGRANSKAD – Fiskekartan-struktur verifierad; vattenunikt artbelägg saknas,Namngiven vatten–FVO-koppling inom Fiskekartans strukturella tak; inga områdesarter generaliserade.,FVO-OMRÅDE,4a6c839fcf2dde35d0fe
Norrbotten,Arjeplogsströmmarnas fvof,Sälla,Sjö,NB-STRUCT:b5c580859e22bc93a24346fb,LÄNSGRANSKAD – Fiskekartan-struktur verifierad; vattenunikt artbelägg saknas,Namngiven vatten–FVO-koppling inom Fiskekartans strukturella tak; inga områdesarter generaliserade.,FVO-OMRÅDE,7502767422033908b1aa
Norrbotten,Arjeplogsströmmarnas fvof,Tjårvesjåkkå,Sjö,NB-STRUCT:b770f1e65a3c603715b8d8c7,LÄNSGRANSKAD – Fiskekartan-struktur verifierad; vattenunikt artbelägg saknas,Namngiven vatten–FVO-koppling inom Fiskekartans strukturella tak; inga områdesarter generaliserade.,FVO-OMRÅDE,2ac4bc62ac9bd3a2b825
Norrbotten,Arjeplogsströmmarnas fvof,Uddjaure  (Aisjaure),Sjö,NB-STRUCT:af71a590120de9c87a46dd69,LÄNSGRANSKAD – Fiskekartan-struktur verifierad; vattenunikt artbelägg saknas,Namngiven vatten–FVO-koppling inom Fiskekartans strukturella tak; inga områdesarter generaliserade.,FVO-OMRÅDE,5df408cb1edee7182448
Norrbotten,Bredträskets fvof,Bredträskbäcken,Vattendrag,NB-STRUCT:8a64431d01d24c3e1f45a4b0,UNRESOLVED,Saknar artunderlag,KÄLLGAP,b672cafc2f86d0605e95
Norrbotten,Bredträskets fvof,Bredträsket,Sjö,NB-STRUCT:8e8b7483f4aa643a189c2c26,UNRESOLVED,Saknar artunderlag,KÄLLGAP,78df46fbf6fa97156516
Norrbotten,Gällivare fvof,Harrträsket,Sjö,NB-STRUCT:10fe610a2abe9a3da42f2944,LÄNSGRANSKAD – Fiskekartan-struktur verifierad; vattenunikt artbelägg saknas,Namngiven vatten–FVO-koppling inom Fiskekartans strukturella tak; inga områdesarter generaliserade.,FVO-OMRÅDE,350d22bbfedf1b9e10a1
Norrbotten,Gällivare fvof,Junkkatjärnarna,Sjö,NB-STRUCT:67fcd3e05b4c6888b33019e3,LÄNSGRANSKAD – Fiskekartan-struktur verifierad; vattenunikt artbelägg saknas,Namngiven vatten–FVO-koppling inom Fiskekartans strukturella tak; inga områdesarter generaliserade.,FVO-OMRÅDE,00a143b9a7a6bbcbc5b0
Norrbotten,Gällivare fvof,Kaakkurijärvi,Sjö,NB-STRUCT:167c8fc48635325cab208edb,LÄNSGRANSKAD – Fiskekartan-struktur verifierad; vattenunikt artbelägg saknas,Namngiven vatten–FVO-koppling inom Fiskekartans strukturella tak; inga områdesarter generaliserade.,FVO-OMRÅDE,b695fbf2a323283eab3b
Norrbotten,Gällivare fvof,Kaakurijärvi,Sjö,NB-STRUCT:69c8361b04da49eccbf21a97,LÄNSGRANSKAD – Fiskekartan-struktur verifierad; vattenunikt artbelägg saknas,Namngiven vatten–FVO-koppling inom Fiskekartans strukturella tak; inga områdesarter generaliserade.,FVO-OMRÅDE,56b21e86ba8fd8cd0863
Norrbotten,Gällivare fvof,Lietikkajärvi,Sjö,NB-STRUCT:73de534cc21d74a77de9b95b,LÄNSGRANSKAD – Fiskekartan-struktur verifierad; vattenunikt artbelägg saknas,Namngiven vatten–FVO-koppling inom Fiskekartans strukturella tak; inga områdesarter generaliserade.,FVO-OMRÅDE,67b8c33343cfc405b6e7
Norrbotten,Gällivare fvof,Nunisjärvi,Sjö,NB-STRUCT:40b93580d1aec0e1f232b836,LÄNSGRANSKAD – Fiskekartan-struktur verifierad; vattenunikt artbelägg saknas,Namngiven vatten–FVO-koppling inom Fiskekartans strukturella tak; inga områdesarter generaliserade.,FVO-OMRÅDE,320b7d081e037bc020c6
Norrbotten,Gällivare fvof,Romsijärvi,Sjö,NB-STRUCT:88a1d9d4c62302f0084c4212,LÄNSGRANSKAD – Fiskekartan-struktur verifierad; vattenunikt artbelägg saknas,Namngiven vatten–FVO-koppling inom Fiskekartans strukturella tak; inga områdesarter generaliserade.,FVO-OMRÅDE,2fe9cc392ea2787287d0
Norrbotten,Gällivare fvof,Sikträsket,Sjö,NB-STRUCT:9679b9acb775af50c015031d,LÄNSGRANSKAD – Fiskekartan-struktur verifierad; vattenunikt artbelägg saknas,Namngiven vatten–FVO-koppling inom Fiskekartans strukturella tak; inga områdesarter generaliserade.,FVO-OMRÅDE,1434ba0ac175c3689bc8
Norrbotten,Gällivare fvof,Stenbettingtjärnen,Sjö,NB-STRUCT:156b5ff442a4b50503d661a4,LÄNSGRANSKAD – Fiskekartan-struktur verifierad; vattenunikt artbelägg saknas,Namngiven vatten–FVO-koppling inom Fiskekartans strukturella tak; inga områdesarter generaliserade.,FVO-OMRÅDE,be19d47af1f5ca2af7d4
Norrbotten,Gällivare fvof,Suolajávrre,Sjö,NB-STRUCT:e3024bc4d8ee75a9df52eb5a,LÄNSGRANSKAD – Fiskekartan-struktur verifierad; vattenunikt artbelägg saknas,Namngiven vatten–FVO-koppling inom Fiskekartans strukturella tak; inga områdesarter generaliserade.,FVO-OMRÅDE,ce081ff2bd2d89b2dac0
Norrbotten,Gällivare fvof,Suolajärvet,Sjö,NB-STRUCT:d27e6a96951e194624498c00,LÄNSGRANSKAD – Fiskekartan-struktur verifierad; vattenunikt artbelägg saknas,Namngiven vatten–FVO-koppling inom Fiskekartans strukturella tak; inga områdesarter generaliserade.,FVO-OMRÅDE,c4119d1e91af4b800b72
Norrbotten,Gällivare fvof,Vasaralantto,Sjö,NB-STRUCT:0b850ea3dc1d8cd930b8b5f0,LÄNSGRANSKAD – Fiskekartan-struktur verifierad; vattenunikt artbelägg saknas,Namngiven vatten–FVO-koppling inom Fiskekartans strukturella tak; inga områdesarter generaliserade.,FVO-OMRÅDE,0e368356fcbd4a430e6a
Norrbotten,Gällivare fvof,Vassaraträsket,Sjö,NB-STRUCT:bcce54bdd229f6c5dc79a96f,LÄNSGRANSKAD – Fiskekartan-struktur verifierad; vattenunikt artbelägg saknas,Namngiven vatten–FVO-koppling inom Fiskekartans strukturella tak; inga områdesarter generaliserade.,FVO-OMRÅDE,06b5ae2c4447dd109366
Norrbotten,Gällivare fvof,Vuoskojärvi,Sjö,NB-STRUCT:eef2c2e0f82c17b1c2c0bb08,LÄNSGRANSKAD – Fiskekartan-struktur verifierad; vattenunikt artbelägg saknas,Namngiven vatten–FVO-koppling inom Fiskekartans strukturella tak; inga områdesarter generaliserade.,FVO-OMRÅDE,d14b014c821f871645df
Norrbotten,Holmträsk fvof,Gåjkáhpetjärnarna,Sjö,NB-STRUCT:69d4d76ef98d7c3cb0c83d08,UNRESOLVED,Saknar artunderlag,KÄLLGAP,f39b08ee6e51cb4ee708
Norrbotten,Holmträsk fvof,Harrokträsket,Sjö,NB-STRUCT:275343a40d413ecc388cce48,UNRESOLVED,Saknar artunderlag,KÄLLGAP,53f13461e70359d14723
Norrbotten,Holmträsk fvof,Holmträskbäcken,Vattendrag,NB-STRUCT:b0d8c81acb3dc1483a4260ef,UNRESOLVED,Saknar artunderlag,KÄLLGAP,c3c4e72defee4ee4425e
Norrbotten,Holmträsk fvof,Holmträsket,Sjö,NB-STRUCT:445e05dc84c91dd5b3ec3926,UNRESOLVED,Saknar artunderlag,KÄLLGAP,aca6bef53f89f5b7b3cc
Norrbotten,Holmträsk fvof,Häbberstjärnen,Sjö,NB-STRUCT:d8f548e2352acf8d0e87d4e8,UNRESOLVED,Saknar artunderlag,KÄLLGAP,a3372feb55a720344a21
Norrbotten,Holmträsk fvof,Kattistjärnen,Sjö,NB-STRUCT:26927fcdac6ce0ab023fe785,UNRESOLVED,Saknar artunderlag,KÄLLGAP,f2bd66f9b6f2fee9a73d
Norrbotten,Holmträsk fvof,Kitnaträsket,Sjö,NB-STRUCT:0455e67ac9abcb45ffe8d6d7,UNRESOLVED,Saknar artunderlag,KÄLLGAP,31c9bf261c053362ed6f
Norrbotten,Holmträsk fvof,Klarvattentjärnen,Sjö,NB-STRUCT:e6666c38f26a754e7cc8f926,UNRESOLVED,Saknar artunderlag,KÄLLGAP,810f03b90f292e3cd7bd
Norrbotten,Holmträsk fvof,Kroktjärnen,Sjö,NB-STRUCT:0febc85684aa0087cbdbfa32,UNRESOLVED,Saknar artunderlag,KÄLLGAP,117c12f85969c98eab2b
Norrbotten,Holmträsk fvof,Kvarnbergstjärnarna,Sjö,NB-STRUCT:2bd8884dd5cc54390f468621,UNRESOLVED,Saknar artunderlag,KÄLLGAP,2a957d71caeb2c42a3cc
Norrbotten,Holmträsk fvof,Ladastjärnen,Sjö,NB-STRUCT:2ced72e03d834dbe3d18b390,UNRESOLVED,Saknar artunderlag,KÄLLGAP,1e4fca16010af274be5d
Norrbotten,Holmträsk fvof,Lappkåtatjärnen,Sjö,NB-STRUCT:95c138dba79b6fc5a14e4c59,UNRESOLVED,Saknar artunderlag,KÄLLGAP,0160dd514d3b2470bcee
Norrbotten,Holmträsk fvof,Lastakjaure,Sjö,NB-STRUCT:4cfa51edf4665efd246ccb56,UNRESOLVED,Saknar artunderlag,KÄLLGAP,15faf10f08722097979a
Norrbotten,Holmträsk fvof,Lilla Utterträsket,Sjö,NB-STRUCT:66b49a02a72543efae7fc3e5,UNRESOLVED,Saknar artunderlag,KÄLLGAP,3921d7d4b41bd364eca4
Norrbotten,Holmträsk fvof,Långtjärnen,Sjö,NB-STRUCT:71027b045602134cc5250a23,UNRESOLVED,Saknar artunderlag,KÄLLGAP,3ad2a4398f0f8e808d97
Norrbotten,Holmträsk fvof,Långträsket,Sjö,NB-STRUCT:6d2c39d1c5194d3aec97fd73,UNRESOLVED,Saknar artunderlag,KÄLLGAP,584d8da2b91c53f9ec19
Norrbotten,Holmträsk fvof,Mörtträsket,Sjö,NB-STRUCT:24827a20c62535713b9f4750,UNRESOLVED,Saknar artunderlag,KÄLLGAP,529e5177a224124ac2b9
Norrbotten,Holmträsk fvof,Neusakträsket,Sjö,NB-STRUCT:8db8f4fdb1a72a62c6d21479,UNRESOLVED,Saknar artunderlag,KÄLLGAP,43df11014916dbb655b6
Norrbotten,Holmträsk fvof,Nivsaktjärnen,Sjö,NB-STRUCT:fa7a7337b9107466ce0213fb,UNRESOLVED,Saknar artunderlag,KÄLLGAP,5df4890e16d05ecb1e9f
Norrbotten,Holmträsk fvof,Päsoktjärnen,Sjö,NB-STRUCT:f460377dca4348e2c92c5c07,UNRESOLVED,Saknar artunderlag,KÄLLGAP,f84a893af2c24486a52e
Norrbotten,Holmträsk fvof,Risbäcken,Vattendrag,NB-STRUCT:614b17844d4b26e82aec80c2,UNRESOLVED,Saknar artunderlag,KÄLLGAP,4291d8ba6c3a8d1d0755
Norrbotten,Holmträsk fvof,Rompiljongtjärnen,Sjö,NB-STRUCT:05dd45a1dc1a996fc9c4b1c3,UNRESOLVED,Saknar artunderlag,KÄLLGAP,27acc8340b9bad622a84
Norrbotten,Holmträsk fvof,Rutnasjträsket,Sjö,NB-STRUCT:d394b812a08f372ecc456b97,UNRESOLVED,Saknar artunderlag,KÄLLGAP,52552b175558e10b3854
Norrbotten,Holmträsk fvof,Rågångstjärnen,Sjö,NB-STRUCT:41cfec4f09febbf6bef4f45d,UNRESOLVED,Saknar artunderlag,KÄLLGAP,3ec4c1d85d4003d4d8bc
Norrbotten,Holmträsk fvof,Råisåträsket,Sjö,NB-STRUCT:2c66044db93befcb6cd7aecb,UNRESOLVED,Saknar artunderlag,KÄLLGAP,05a81c3b3b06eec3a393
Norrbotten,Holmträsk fvof,Seunaure,Sjö,NB-STRUCT:a18cfe2f352974c7e4718eb9,UNRESOLVED,Saknar artunderlag,KÄLLGAP,b5a9d234cdca18458d00
Norrbotten,Holmträsk fvof,Sierkavaretjärnarna,Sjö,NB-STRUCT:5e7236b4e53c3482a11a06fe,UNRESOLVED,Saknar artunderlag,KÄLLGAP,6f7407c486f790a51805
Norrbotten,Holmträsk fvof,Sikträsket,Sjö,NB-STRUCT:dc79f0fbad6c59ad37feb8e0,UNRESOLVED,Saknar artunderlag,KÄLLGAP,5e737aee0765ef22a8d2
Norrbotten,Holmträsk fvof,Skorvtjärnen,Sjö,NB-STRUCT:6aed33c5f83f700f54726a34,UNRESOLVED,Saknar artunderlag,KÄLLGAP,1716dfef06c4bdc444f4
Norrbotten,Holmträsk fvof,Stenträsket,Sjö,NB-STRUCT:0d0b838f3ee03707aa8128fb,UNRESOLVED,Saknar artunderlag,KÄLLGAP,ff50d7faad060f7c05b2
Norrbotten,Holmträsk fvof,Stora Utterträsket,Sjö,NB-STRUCT:efbb03feb6cfbf15eef8ac8f,UNRESOLVED,Saknar artunderlag,KÄLLGAP,0ef1076897af793a29ba
Norrbotten,Holmträsk fvof,Stormyrtjärnen,Sjö,NB-STRUCT:e0a51232e520eedeec63335f,UNRESOLVED,Saknar artunderlag,KÄLLGAP,b266e59ecfa9e8d8796b
Norrbotten,Holmträsk fvof,Sundtjärnen,Sjö,NB-STRUCT:b34183612601f31e85049087,UNRESOLVED,Saknar artunderlag,KÄLLGAP,74a5d961d360a38350fc
Norrbotten,Holmträsk fvof,Tvillingtjärnarna,Sjö,NB-STRUCT:3ff53612e4701cacaf26f39a,UNRESOLVED,Saknar artunderlag,KÄLLGAP,15e643a930e4b81cf27f
Norrbotten,Kallöns fvof,Harrurbäcken,Vattendrag,NB-STRUCT:7c4c488bec035cb3390ee334,UNRESOLVED,Saknar artunderlag,KÄLLGAP,ba6c516b32577bbdf490
Norrbotten,Kallöns fvof,Kvarnbäcken,Vattendrag,NB-STRUCT:fb1c83659553c10d50abc397,UNRESOLVED,Saknar artunderlag,KÄLLGAP,326bc512f67e7d24d646
Norrbotten,Kallöns fvof,Skellefteälven,Vattendrag,NB-STRUCT:9e870d34eb1f8512689e9482,UNRESOLVED,Saknar artunderlag,KÄLLGAP,de4a7d8973fbd880d586
Norrbotten,Kallöns fvof,Storavan,Sjö,NB-STRUCT:df2442a8c72c48205be45ae1,UNRESOLVED,Saknar artunderlag,KÄLLGAP,ec73c2d4e63271f9a753
Norrbotten,Keräntöjärvi fvof,Aareajoki,Vattendrag,NB-STRUCT:c3c57d2584e3376362751b23,LÄNSGRANSKAD – Fiskekartan-struktur verifierad; vattenunikt artbelägg saknas,Namngiven vatten–FVO-koppling inom Fiskekartans strukturella tak; inga områdesarter generaliserade.,FVO-OMRÅDE,f3e678d6f7497a2d4782
Norrbotten,Keräntöjärvi fvof,Ahvenjärvi,Sjö,NB-STRUCT:f363a79aabde709eec8f41bc,LÄNSGRANSKAD – Fiskekartan-struktur verifierad; vattenunikt artbelägg saknas,Namngiven vatten–FVO-koppling inom Fiskekartans strukturella tak; inga områdesarter generaliserade.,FVO-OMRÅDE,87e8fdd76e7e7e69a897
Norrbotten,Keräntöjärvi fvof,Alanen Kihlankijoki,Vattendrag,NB-STRUCT:8cb1de302fa3024411cb97a9,LÄNSGRANSKAD – Fiskekartan-struktur verifierad; vattenunikt artbelägg saknas,Namngiven vatten–FVO-koppling inom Fiskekartans strukturella tak; inga områdesarter generaliserade.,FVO-OMRÅDE,f72ab7bc9c3995a4b8b6
Norrbotten,Keräntöjärvi fvof,Hautajärvi,Sjö,NB-STRUCT:51c09dd3560040e9f7742ebc,LÄNSGRANSKAD – Fiskekartan-struktur verifierad; vattenunikt artbelägg saknas,Namngiven vatten–FVO-koppling inom Fiskekartans strukturella tak; inga områdesarter generaliserade.,FVO-OMRÅDE,0d3c4bf7d119cfb4af11
Norrbotten,Keräntöjärvi fvof,Hiienjoki,Vattendrag,NB-STRUCT:b1ac547df8f7d927fa8da255,LÄNSGRANSKAD – Fiskekartan-struktur verifierad; vattenunikt artbelägg saknas,Namngiven vatten–FVO-koppling inom Fiskekartans strukturella tak; inga områdesarter generaliserade.,FVO-OMRÅDE,0295434f522f702fae05
Norrbotten,Keräntöjärvi fvof,Hiienlompolo,Sjö,NB-STRUCT:c12957da1895232f6165d0cf,LÄNSGRANSKAD – Fiskekartan-struktur verifierad; vattenunikt artbelägg saknas,Namngiven vatten–FVO-koppling inom Fiskekartans strukturella tak; inga områdesarter generaliserade.,FVO-OMRÅDE,e6bad34b365808c886dc
Norrbotten,Keräntöjärvi fvof,Kärentöjoki,Vattendrag,NB-STRUCT:081192994c99dca9988f6441,LÄNSGRANSKAD – Fiskekartan-struktur verifierad; vattenunikt artbelägg saknas,Namngiven vatten–FVO-koppling inom Fiskekartans strukturella tak; inga områdesarter generaliserade.,FVO-OMRÅDE,0b221de223c48337f13c
Norrbotten,Keräntöjärvi fvof,Laitajärvi,Sjö,NB-STRUCT:63832901c1e3d84e9490f995,LÄNSGRANSKAD – Fiskekartan-struktur verifierad; vattenunikt artbelägg saknas,Namngiven vatten–FVO-koppling inom Fiskekartans strukturella tak; inga områdesarter generaliserade.,FVO-OMRÅDE,d2edc88b43d42614a369
Norrbotten,Keräntöjärvi fvof,Nikkujoki,Vattendrag,NB-STRUCT:2cf7b1fa00981eb6f5e7068d,LÄNSGRANSKAD – Fiskekartan-struktur verifierad; vattenunikt artbelägg saknas,Namngiven vatten–FVO-koppling inom Fiskekartans strukturella tak; inga områdesarter generaliserade.,FVO-OMRÅDE,14c1e654fd549e3d77d6
Norrbotten,Keräntöjärvi fvof,Palojärvi,Sjö,NB-STRUCT:b9fab688716291520dcb2c50,LÄNSGRANSKAD – Fiskekartan-struktur verifierad; vattenunikt artbelägg saknas,Namngiven vatten–FVO-koppling inom Fiskekartans strukturella tak; inga områdesarter generaliserade.,FVO-OMRÅDE,a8a825b8b95bf270f55d
Norrbotten,Keräntöjärvi fvof,Pikku Naakajärvi,Sjö,NB-STRUCT:d25c87e16ed933183c4c67c2,LÄNSGRANSKAD – Fiskekartan-struktur verifierad; vattenunikt artbelägg saknas,Namngiven vatten–FVO-koppling inom Fiskekartans strukturella tak; inga områdesarter generaliserade.,FVO-OMRÅDE,9ade8095e0572f608dfa
Norrbotten,Kåbdalis fvof,Abborrtjärnarna,Sjö,NB-STRUCT:abb2d292338c643350b5aa49,UNRESOLVED,Saknar artunderlag,KÄLLGAP,7feeab1a107e6e8d8d02
Norrbotten,Kåbdalis fvof,Arpatsbäcken,Vattendrag,NB-STRUCT:ee6fd5d1813250e4fc466105,UNRESOLVED,Saknar artunderlag,KÄLLGAP,80be31646307d0bffcdb
Norrbotten,Kåbdalis fvof,Autojaure,Sjö,NB-STRUCT:2b25f914b4f0f04e6f96797e,UNRESOLVED,Saknar artunderlag,KÄLLGAP,ffa3dceb09c465146cf6
Norrbotten,Kåbdalis fvof,Bergtjärnen,Sjö,NB-STRUCT:ab525b7c5bbb88815498d62f,UNRESOLVED,Saknar artunderlag,KÄLLGAP,a5c6c670a89122ae0360
Norrbotten,Kåbdalis fvof,Bäsokjávrre,Sjö,NB-STRUCT:d37e8fef936205dcf1f56b72,UNRESOLVED,Saknar artunderlag,KÄLLGAP,140105660239ce98f918
Norrbotten,Kåbdalis fvof,Djuptjärnen,Sjö,NB-STRUCT:e3773d2f426b6b9a9c509003,UNRESOLVED,Saknar artunderlag,KÄLLGAP,0a6a0e55be8b213aab98
Norrbotten,Kåbdalis fvof,Djupträsket,Sjö,NB-STRUCT:bfd16436cb5f5f099f2f106b,UNRESOLVED,Saknar artunderlag,KÄLLGAP,d1885a2aa0c3d4a59ce4
Norrbotten,Kåbdalis fvof,Illok,Sjö,NB-STRUCT:46aae2279651f6f53e6d993b,UNRESOLVED,Saknar artunderlag,KÄLLGAP,44ab7a25e4f7f4f79dc5
Norrbotten,Kåbdalis fvof,Jeggejauratj,Sjö,NB-STRUCT:d9d4c32a0d4ab883dfaf7d14,UNRESOLVED,Saknar artunderlag,KÄLLGAP,eb71de12851188b5a170
Norrbotten,Kåbdalis fvof,Jieggejávrásj,Sjö,NB-STRUCT:f71a84a0580cb41a9a7ba7a3,UNRESOLVED,Saknar artunderlag,KÄLLGAP,c54ef2d15212b2861238
Norrbotten,Kåbdalis fvof,Kante,Sjö,NB-STRUCT:f7bba2d110b3641d3cb353dc,UNRESOLVED,Saknar artunderlag,KÄLLGAP,f26e538bb097ddd7c4a6
Norrbotten,Kåbdalis fvof,Kattekjaure,Sjö,NB-STRUCT:c59c0efa8dfbd6941b5fdc16,UNRESOLVED,Saknar artunderlag,KÄLLGAP,24cd5fdda474f467416f
Norrbotten,Kåbdalis fvof,Kieddekante,Sjö,NB-STRUCT:b4012b8fec2b38b87a4dcb5f,UNRESOLVED,Saknar artunderlag,KÄLLGAP,268de45bc7618d2a6bed
Norrbotten,Kåbdalis fvof,Kilkok,Sjö,NB-STRUCT:72121178bc9ff61af4055f60,UNRESOLVED,Saknar artunderlag,KÄLLGAP,67ec6ebfe4db6400d819
Norrbotten,Kåbdalis fvof,Kurtek,Sjö,NB-STRUCT:f74bd16236ee64c36cdc4fc1,UNRESOLVED,Saknar artunderlag,KÄLLGAP,764174e72b2fe4b76a48
Norrbotten,Kåbdalis fvof,Kåbdalisjaure,Sjö,NB-STRUCT:fdb3446fa81a260c95ff760c,UNRESOLVED,Saknar artunderlag,KÄLLGAP,da60c2838e0a2efabb94
Norrbotten,Kåbdalis fvof,Kårsåjaure,Sjö,NB-STRUCT:9f16215c972027b3504209bd,UNRESOLVED,Saknar artunderlag,KÄLLGAP,7482b5094ac50f21aee3
Norrbotten,Kåbdalis fvof,Lillbergsån,Vattendrag,NB-STRUCT:161330ac40a8a65702dc0290,UNRESOLVED,Saknar artunderlag,KÄLLGAP,29dd5a086b488b3689fd
Norrbotten,Kåbdalis fvof,Pajenisjaure,Sjö,NB-STRUCT:0ed53259fe17b77fad267419,UNRESOLVED,Saknar artunderlag,KÄLLGAP,7594a0a8b8e1237b145e
Norrbotten,Kåbdalis fvof,Påkkasjträsket,Sjö,NB-STRUCT:c99d76a0fa9ac6f8532f3f18,UNRESOLVED,Saknar artunderlag,KÄLLGAP,5e8c5d4f5b22a4bd79fa
Norrbotten,Kåbdalis fvof,Rutnatj,Sjö,NB-STRUCT:bdc51afc7cae633f7c5ab721,UNRESOLVED,Saknar artunderlag,KÄLLGAP,c1b06e5e7376b2e27c21
Norrbotten,Kåbdalis fvof,Råvekjaure,Sjö,NB-STRUCT:2f69025cdcad4823295fce36,UNRESOLVED,Saknar artunderlag,KÄLLGAP,197faa9c73d10f331fd1
Norrbotten,Kåbdalis fvof,Stor-Killer,Sjö,NB-STRUCT:ae65f36f032f5a407e542434,UNRESOLVED,Saknar artunderlag,KÄLLGAP,eeac836a191afff874c2
Norrbotten,Kåbdalis fvof,Tapmukjaure,Sjö,NB-STRUCT:c4a380092178ed5b0510d277,UNRESOLVED,Saknar artunderlag,KÄLLGAP,d529b44651182cf9b806
Norrbotten,Kåbdalis fvof,Tåktåsjaure,Sjö,NB-STRUCT:28cf98be2be6cbe0f68260b0,UNRESOLVED,Saknar artunderlag,KÄLLGAP,b06145dcbe77c6fcf340
Norrbotten,Kåbdalis fvof,Varevuoljaure,Sjö,NB-STRUCT:411efe7bd2d8b50453245981,UNRESOLVED,Saknar artunderlag,KÄLLGAP,f425381f265f8a8768f9
Norrbotten,Kåbdalis fvof,Vitbäcken,Vattendrag,NB-STRUCT:1f6166552755565a0c922a3a,UNRESOLVED,Saknar artunderlag,KÄLLGAP,620b288cfc037363eeb4
Norrbotten,Laukersjöns fvof,Brännvallsselet,Sjö,NB-STRUCT:e228721069d12d2e4b8f1b6e,LÄNSGRANSKAD – Fiskekartan-struktur verifierad; vattenunikt artbelägg saknas,Namngiven vatten–FVO-koppling inom Fiskekartans strukturella tak; inga områdesarter generaliserade.,FVO-OMRÅDE,dd1b86102358bb5818b2
Norrbotten,Laukersjöns fvof,Dalviken,Sjö,NB-STRUCT:a0d881648a30002afa1cea1b,LÄNSGRANSKAD – Fiskekartan-struktur verifierad; vattenunikt artbelägg saknas,Namngiven vatten–FVO-koppling inom Fiskekartans strukturella tak; inga områdesarter generaliserade.,FVO-OMRÅDE,4a87e2125967df925011
Norrbotten,Laukersjöns fvof,Laukersjön,Sjö,NB-STRUCT:864c8fe592f1bcd76b19e354,LÄNSGRANSKAD – Fiskekartan-struktur verifierad; vattenunikt artbelägg saknas,Namngiven vatten–FVO-koppling inom Fiskekartans strukturella tak; inga områdesarter generaliserade.,FVO-OMRÅDE,dc2ec80c3245bec85546
Norrbotten,Laukersjöns fvof,Långviken,Sjö,NB-STRUCT:a85d0b68e38f10a24c6938da,LÄNSGRANSKAD – Fiskekartan-struktur verifierad; vattenunikt artbelägg saknas,Namngiven vatten–FVO-koppling inom Fiskekartans strukturella tak; inga områdesarter generaliserade.,FVO-OMRÅDE,f8fb9d98d8588531a65c
Norrbotten,Laukersjöns fvof,Serrejaure,Sjö,NB-STRUCT:2ccff721ee6f11285e7bde55,LÄNSGRANSKAD – Fiskekartan-struktur verifierad; vattenunikt artbelägg saknas,Namngiven vatten–FVO-koppling inom Fiskekartans strukturella tak; inga områdesarter generaliserade.,FVO-OMRÅDE,6c4d199b4010e1740792
Norrbotten,Laukersjöns fvof,Tjautjer,Sjö,NB-STRUCT:48eaa36099ce07f900e37329,LÄNSGRANSKAD – Fiskekartan-struktur verifierad; vattenunikt artbelägg saknas,Namngiven vatten–FVO-koppling inom Fiskekartans strukturella tak; inga områdesarter generaliserade.,FVO-OMRÅDE,0c8aff5f0bfe6e5a84d2
Norrbotten,Laukersjöns fvof,Trollträsket,Sjö,NB-STRUCT:6f8b117b1d04e48eee8a8eab,LÄNSGRANSKAD – Fiskekartan-struktur verifierad; vattenunikt artbelägg saknas,Namngiven vatten–FVO-koppling inom Fiskekartans strukturella tak; inga områdesarter generaliserade.,FVO-OMRÅDE,db9060f9ac12185e6668
Norrbotten,Laukersjöns fvof,Vuotnersjön,Sjö,NB-STRUCT:0a5b9c3e35c495cb4590c7fd,LÄNSGRANSKAD – Fiskekartan-struktur verifierad; vattenunikt artbelägg saknas,Namngiven vatten–FVO-koppling inom Fiskekartans strukturella tak; inga områdesarter generaliserade.,FVO-OMRÅDE,1482586447960c2b5f28
Norrbotten,Luleå fvof,Gammelstadsfjärden,Sjö,NB-STRUCT:d91cf58e6e9006c1b52b9d54,UNRESOLVED,Saknar artunderlag,KÄLLGAP,20b1da5ecff7e422ff3e
Norrbotten,Luleå fvof,Germandöfjärden,Hav,NB-STRUCT:e7aaafe33bd05667cbb5799e,UNRESOLVED,Saknar artunderlag,KÄLLGAP,111d5e6ee87b0589002b
Norrbotten,Luleå fvof,Harrbäcken,Vattendrag,NB-STRUCT:c22db0088c3b8700fbd275f6,UNRESOLVED,Saknar artunderlag,KÄLLGAP,d3f8b010a81fe20f4328
Norrbotten,Luleå fvof,Hertsöfjärden,Sjö,NB-STRUCT:c353b59dcd7027aa8b7c3122,UNRESOLVED,Saknar artunderlag,KÄLLGAP,673527bcd76585416d7d
Norrbotten,Luleå fvof,Inre Lulefjärden,Hav,NB-STRUCT:f57864087a39023b3f7f0238,UNRESOLVED,Saknar artunderlag,KÄLLGAP,75d332a2a81d68392435
Norrbotten,Luleå fvof,Luleälven,Vattendrag,NB-STRUCT:455591c92366718a70d98780,UNRESOLVED,Saknar artunderlag,KÄLLGAP,80a0b556adef74bc0ecc
Norrbotten,Luleå fvof,Sandöfjärden,Hav,NB-STRUCT:dc4a7ff6f681ce842b674f1c,UNRESOLVED,Saknar artunderlag,KÄLLGAP,303b3a2fa7652de3fb59
Norrbotten,Luleå fvof,Storbäcken,Vattendrag,NB-STRUCT:ff79ccfe69f7d3233dd03337,UNRESOLVED,Saknar artunderlag,KÄLLGAP,ac523b6fbdb9100b52cc
Norrbotten,Luleå fvof,Sörbrändöfjärden,Hav,NB-STRUCT:021c94f0e059f08bfb3aca9b,UNRESOLVED,Saknar artunderlag,KÄLLGAP,f989ef47e302e05068e8
Norrbotten,Luleå fvof,Yttre Lulefjärden,Hav,NB-STRUCT:00c9749f508f413c1d23783e,UNRESOLVED,Saknar artunderlag,KÄLLGAP,74671a213f542ed6ff25
Norrbotten,Masugnsbyns fvof,Ahvenjärvi,Sjö,NB-STRUCT:0242bf309ff15a5e1c61b227,LÄNSGRANSKAD – Fiskekartan-struktur verifierad; vattenunikt artbelägg saknas,Namngiven vatten–FVO-koppling inom Fiskekartans strukturella tak; inga områdesarter generaliserade.,FVO-OMRÅDE,4ccfa55f6b9630c7a074
Norrbotten,Masugnsbyns fvof,Ala-Nurmajärvi,Sjö,NB-STRUCT:71577805db2758f786c5a363,LÄNSGRANSKAD – Fiskekartan-struktur verifierad; vattenunikt artbelägg saknas,Namngiven vatten–FVO-koppling inom Fiskekartans strukturella tak; inga områdesarter generaliserade.,FVO-OMRÅDE,0de4a2c600136e8e84f3
Norrbotten,Masugnsbyns fvof,Heinäjärvi,Sjö,NB-STRUCT:3db8b916c5e9d6fb5b723609,LÄNSGRANSKAD – Fiskekartan-struktur verifierad; vattenunikt artbelägg saknas,Namngiven vatten–FVO-koppling inom Fiskekartans strukturella tak; inga områdesarter generaliserade.,FVO-OMRÅDE,da7282630ed128a239c5
Norrbotten,Masugnsbyns fvof,Härkäjärvi,Sjö,NB-STRUCT:f275f72a44bf8b8544b93782,LÄNSGRANSKAD – Fiskekartan-struktur verifierad; vattenunikt artbelägg saknas,Namngiven vatten–FVO-koppling inom Fiskekartans strukturella tak; inga områdesarter generaliserade.,FVO-OMRÅDE,8ea440fa58ec1ce1828a
Norrbotten,Masugnsbyns fvof,Iso Kuusijärvi,Sjö,NB-STRUCT:cb2817f3e4f59fb36e2357c7,LÄNSGRANSKAD – Fiskekartan-struktur verifierad; vattenunikt artbelägg saknas,Namngiven vatten–FVO-koppling inom Fiskekartans strukturella tak; inga områdesarter generaliserade.,FVO-OMRÅDE,300a2601d82656642fef
Norrbotten,Masugnsbyns fvof,Iso Laurijärvi,Sjö,NB-STRUCT:1b3b4fc63e50b8bc44a66e97,LÄNSGRANSKAD – Fiskekartan-struktur verifierad; vattenunikt artbelägg saknas,Namngiven vatten–FVO-koppling inom Fiskekartans strukturella tak; inga områdesarter generaliserade.,FVO-OMRÅDE,1a220b87ada93df512bc
Norrbotten,Masugnsbyns fvof,Isovaaranjärvi,Sjö,NB-STRUCT:83bf3197eeaaf9f10afcce6f,LÄNSGRANSKAD – Fiskekartan-struktur verifierad; vattenunikt artbelägg saknas,Namngiven vatten–FVO-koppling inom Fiskekartans strukturella tak; inga områdesarter generaliserade.,FVO-OMRÅDE,08243be837551abac59b
Norrbotten,Masugnsbyns fvof,Jakkumuksenjärvi,Sjö,NB-STRUCT:d0957361680babd418d0df41,LÄNSGRANSKAD – Fiskekartan-struktur verifierad; vattenunikt artbelägg saknas,Namngiven vatten–FVO-koppling inom Fiskekartans strukturella tak; inga områdesarter generaliserade.,FVO-OMRÅDE,41bf48ba9151331850ac
Norrbotten,Masugnsbyns fvof,Joukijärvi,Sjö,NB-STRUCT:9f45e7c08c51a2dfed4069ac,LÄNSGRANSKAD – Fiskekartan-struktur verifierad; vattenunikt artbelägg saknas,Namngiven vatten–FVO-koppling inom Fiskekartans strukturella tak; inga områdesarter generaliserade.,FVO-OMRÅDE,13e2feac309b54f17a88
Norrbotten,Masugnsbyns fvof,Kaakkurijärvi,Sjö,NB-STRUCT:b260fe339c3e6fd8f861f2bc,LÄNSGRANSKAD – Fiskekartan-struktur verifierad; vattenunikt artbelägg saknas,Namngiven vatten–FVO-koppling inom Fiskekartans strukturella tak; inga områdesarter generaliserade.,FVO-OMRÅDE,8d873399540733b06e47
Norrbotten,Masugnsbyns fvof,Kalatonjärvi,Sjö,NB-STRUCT:9d4ff2e8d2c745c6d6d1c992,LÄNSGRANSKAD – Fiskekartan-struktur verifierad; vattenunikt artbelägg saknas,Namngiven vatten–FVO-koppling inom Fiskekartans strukturella tak; inga områdesarter generaliserade.,FVO-OMRÅDE,a5139b618b3cfca08273
Norrbotten,Masugnsbyns fvof,Katajajärvi,Sjö,NB-STRUCT:218c1fd30400fa7540754a69,LÄNSGRANSKAD – Fiskekartan-struktur verifierad; vattenunikt artbelägg saknas,Namngiven vatten–FVO-koppling inom Fiskekartans strukturella tak; inga områdesarter generaliserade.,FVO-OMRÅDE,f54f635dd8d621c72d44
Norrbotten,Masugnsbyns fvof,Kreuksenjärvi,Sjö,NB-STRUCT:87ea2ea68e6337fcb3279675,LÄNSGRANSKAD – Fiskekartan-struktur verifierad; vattenunikt artbelägg saknas,Namngiven vatten–FVO-koppling inom Fiskekartans strukturella tak; inga områdesarter generaliserade.,FVO-OMRÅDE,8a16ed7f8daf9053c4df
Norrbotten,Masugnsbyns fvof,Lehtitörmänjärvi,Sjö,NB-STRUCT:5ef8c42a5b927dc0fd8a7178,LÄNSGRANSKAD – Fiskekartan-struktur verifierad; vattenunikt artbelägg saknas,Namngiven vatten–FVO-koppling inom Fiskekartans strukturella tak; inga områdesarter generaliserade.,FVO-OMRÅDE,7daf4423c5110cac8480
Norrbotten,Masugnsbyns fvof,Liikajärvi,Sjö,NB-STRUCT:7de78071a381517c92f1b0f9,LÄNSGRANSKAD – Fiskekartan-struktur verifierad; vattenunikt artbelägg saknas,Namngiven vatten–FVO-koppling inom Fiskekartans strukturella tak; inga områdesarter generaliserade.,FVO-OMRÅDE,7c768ff93b27c69a7ab8
Norrbotten,Masugnsbyns fvof,Mustijärvi,Sjö,NB-STRUCT:b848cd9ad4c49d738933c47d,LÄNSGRANSKAD – Fiskekartan-struktur verifierad; vattenunikt artbelägg saknas,Namngiven vatten–FVO-koppling inom Fiskekartans strukturella tak; inga områdesarter generaliserade.,FVO-OMRÅDE,664b103c9907b0312ce2
Norrbotten,Masugnsbyns fvof,Mustilompolo,Sjö,NB-STRUCT:b372367df8aeedaeb509d0b7,LÄNSGRANSKAD – Fiskekartan-struktur verifierad; vattenunikt artbelägg saknas,Namngiven vatten–FVO-koppling inom Fiskekartans strukturella tak; inga områdesarter generaliserade.,FVO-OMRÅDE,d57875598bca84183cea
Norrbotten,Masugnsbyns fvof,Mätäsjärvi,Sjö,NB-STRUCT:0c241a2490574e8bf9385859,LÄNSGRANSKAD – Fiskekartan-struktur verifierad; vattenunikt artbelägg saknas,Namngiven vatten–FVO-koppling inom Fiskekartans strukturella tak; inga områdesarter generaliserade.,FVO-OMRÅDE,baef1bc9bb14c989b781
Norrbotten,Masugnsbyns fvof,Pikku Kieppajärvi,Sjö,NB-STRUCT:94bb2bf105da40e0ffcb5b91,LÄNSGRANSKAD – Fiskekartan-struktur verifierad; vattenunikt artbelägg saknas,Namngiven vatten–FVO-koppling inom Fiskekartans strukturella tak; inga områdesarter generaliserade.,FVO-OMRÅDE,88858bd9bb79b285180a
Norrbotten,Masugnsbyns fvof,Pikku Kuusijärvi,Sjö,NB-STRUCT:ad162b7edcace2e250947993,LÄNSGRANSKAD – Fiskekartan-struktur verifierad; vattenunikt artbelägg saknas,Namngiven vatten–FVO-koppling inom Fiskekartans strukturella tak; inga områdesarter generaliserade.,FVO-OMRÅDE,0fc2639e234c9be9ebbe
Norrbotten,Masugnsbyns fvof,Pikku Laurijärvi,Sjö,NB-STRUCT:16c2f62b1fb135e61efb9c6c,LÄNSGRANSKAD – Fiskekartan-struktur verifierad; vattenunikt artbelägg saknas,Namngiven vatten–FVO-koppling inom Fiskekartans strukturella tak; inga områdesarter generaliserade.,FVO-OMRÅDE,7a4c4f1f2e08b720b953
Norrbotten,Masugnsbyns fvof,Pitkäjärvi,Sjö,NB-STRUCT:70f76d6fdc0146649de53c4d,LÄNSGRANSKAD – Fiskekartan-struktur verifierad; vattenunikt artbelägg saknas,Namngiven vatten–FVO-koppling inom Fiskekartans strukturella tak; inga områdesarter generaliserade.,FVO-OMRÅDE,e5961ecd65ca4a273ae6
Norrbotten,Masugnsbyns fvof,Puurojärvi,Sjö,NB-STRUCT:9eb99551684ecacca3b5cc85,LÄNSGRANSKAD – Fiskekartan-struktur verifierad; vattenunikt artbelägg saknas,Namngiven vatten–FVO-koppling inom Fiskekartans strukturella tak; inga områdesarter generaliserade.,FVO-OMRÅDE,f06637fc08f096c18e32
Norrbotten,Masugnsbyns fvof,Rimpijärvi,Sjö,NB-STRUCT:f581f96e265680422d8912d4,LÄNSGRANSKAD – Fiskekartan-struktur verifierad; vattenunikt artbelägg saknas,Namngiven vatten–FVO-koppling inom Fiskekartans strukturella tak; inga områdesarter generaliserade.,FVO-OMRÅDE,a56dc1b2cf9be80cacaa
Norrbotten,Masugnsbyns fvof,Risupalonjärvi,Sjö,NB-STRUCT:ad94ad5bdf76fd98e958fe81,LÄNSGRANSKAD – Fiskekartan-struktur verifierad; vattenunikt artbelägg saknas,Namngiven vatten–FVO-koppling inom Fiskekartans strukturella tak; inga områdesarter generaliserade.,FVO-OMRÅDE,44e2ec74e857aca5d78c
Norrbotten,Masugnsbyns fvof,Ruostejärvi,Sjö,NB-STRUCT:1cf7192f1924dc8e45a0ee38,LÄNSGRANSKAD – Fiskekartan-struktur verifierad; vattenunikt artbelägg saknas,Namngiven vatten–FVO-koppling inom Fiskekartans strukturella tak; inga områdesarter generaliserade.,FVO-OMRÅDE,b4f8feaa687eb4e6ad42
Norrbotten,Masugnsbyns fvof,Ruutijärvi,Sjö,NB-STRUCT:203a61b33bdd9e3b65bad7ee,LÄNSGRANSKAD – Fiskekartan-struktur verifierad; vattenunikt artbelägg saknas,Namngiven vatten–FVO-koppling inom Fiskekartans strukturella tak; inga områdesarter generaliserade.,FVO-OMRÅDE,3180f2547f476a8eb139
Norrbotten,Masugnsbyns fvof,Saarijärvi,Sjö,NB-STRUCT:8372376ba79ec21fc1f1469d,LÄNSGRANSKAD – Fiskekartan-struktur verifierad; vattenunikt artbelägg saknas,Namngiven vatten–FVO-koppling inom Fiskekartans strukturella tak; inga områdesarter generaliserade.,FVO-OMRÅDE,99828e64a5d5f24330f2
Norrbotten,Masugnsbyns fvof,Saivojärvi,Sjö,NB-STRUCT:ab1ca80bcacd3b89d53f0a7b,LÄNSGRANSKAD – Fiskekartan-struktur verifierad; vattenunikt artbelägg saknas,Namngiven vatten–FVO-koppling inom Fiskekartans strukturella tak; inga områdesarter generaliserade.,FVO-OMRÅDE,900988bf9914b27e3fb2
Norrbotten,Masugnsbyns fvof,Samelassijärvi,Sjö,NB-STRUCT:bdcd96fb4acb8c2e60870305,LÄNSGRANSKAD – Fiskekartan-struktur verifierad; vattenunikt artbelägg saknas,Namngiven vatten–FVO-koppling inom Fiskekartans strukturella tak; inga områdesarter generaliserade.,FVO-OMRÅDE,e1dca61564e379d3011b
Norrbotten,Masugnsbyns fvof,Sammakkojärvi,Sjö,NB-STRUCT:36dc2a9ae12090e0d845887b,LÄNSGRANSKAD – Fiskekartan-struktur verifierad; vattenunikt artbelägg saknas,Namngiven vatten–FVO-koppling inom Fiskekartans strukturella tak; inga områdesarter generaliserade.,FVO-OMRÅDE,c5e07818a69fd7c962f7
Norrbotten,Masugnsbyns fvof,Siikaniemenjärvi,Sjö,NB-STRUCT:8b71c226555ba1bca3f21d44,LÄNSGRANSKAD – Fiskekartan-struktur verifierad; vattenunikt artbelägg saknas,Namngiven vatten–FVO-koppling inom Fiskekartans strukturella tak; inga områdesarter generaliserade.,FVO-OMRÅDE,d9eb8e3e02c7b1f3add2
Norrbotten,Masugnsbyns fvof,Vähäjärvi,Sjö,NB-STRUCT:f47270ccc3a5f3257e129768,LÄNSGRANSKAD – Fiskekartan-struktur verifierad; vattenunikt artbelägg saknas,Namngiven vatten–FVO-koppling inom Fiskekartans strukturella tak; inga områdesarter generaliserade.,FVO-OMRÅDE,ba02037c906a76e3c7fc
Norrbotten,Masugnsbyns fvof,Yli-Nurmajärvi,Sjö,NB-STRUCT:1b5a7bb5563d21df51862818,LÄNSGRANSKAD – Fiskekartan-struktur verifierad; vattenunikt artbelägg saknas,Namngiven vatten–FVO-koppling inom Fiskekartans strukturella tak; inga områdesarter generaliserade.,FVO-OMRÅDE,801bb08193aadce318c6
Norrbotten,Masugnsbyns fvof,Yli-Ripukkajärvi,Sjö,NB-STRUCT:a4fa45f9b1ab8d660a2a7697,LÄNSGRANSKAD – Fiskekartan-struktur verifierad; vattenunikt artbelägg saknas,Namngiven vatten–FVO-koppling inom Fiskekartans strukturella tak; inga områdesarter generaliserade.,FVO-OMRÅDE,113d035a9e35c930aec7
Norrbotten,Mellanströms fvof,Båtsabäcken,Vattendrag,NB-STRUCT:a2438ff232273db28badd5cd,UNRESOLVED,Saknar artunderlag,KÄLLGAP,d326ef3583fd524e5fbc
Norrbotten,Mellanströms fvof,Harrur,Sjö,NB-STRUCT:e3d23d9631d48fcbc7848ae3,UNRESOLVED,Saknar artunderlag,KÄLLGAP,3bcd48a133d4dec9710a
Norrbotten,Mellanströms fvof,Harrurbäcken,Vattendrag,NB-STRUCT:9b108a3f018942a930321c2e,UNRESOLVED,Saknar artunderlag,KÄLLGAP,9eb605f191a6f3309194
Norrbotten,Mellanströms fvof,Kvarntjärnen,Sjö,NB-STRUCT:5e0ea9cdb1748ffa103166c0,UNRESOLVED,Saknar artunderlag,KÄLLGAP,92c34c26ec71957dee80
Norrbotten,Mellanströms fvof,Makaure,Sjö,NB-STRUCT:b8abfb9322f4ff64fb1c9026,UNRESOLVED,Saknar artunderlag,KÄLLGAP,5e3651d79d987d22d736
Norrbotten,Mellanströms fvof,Skellefteälven,Vattendrag,NB-STRUCT:0802739c58c4ea7184886f30,UNRESOLVED,Saknar artunderlag,KÄLLGAP,566dc0b917f336f265f0
Norrbotten,Mellanströms fvof,Storavan,Sjö,NB-STRUCT:a09226e26e7d00c9e611b786,UNRESOLVED,Saknar artunderlag,KÄLLGAP,f98bc4b3a243cf6549d5
Norrbotten,Mellanströms fvof,Uddjaure  (Aisjaure),Sjö,NB-STRUCT:c813222ab007be6ef526afae,UNRESOLVED,Saknar artunderlag,KÄLLGAP,0191e0a8c1b327542672
Norrbotten,Nurrholms fvof,Bäcktjärn,Sjö,NB-STRUCT:71408c07e9f29fd9f107ec6d,UNRESOLVED,Saknar artunderlag,KÄLLGAP,183f6e2f4ac0eb2de745
Norrbotten,Nurrholms fvof,Långtjärn,Sjö,NB-STRUCT:1b33a9b236f6f6f619275d81,UNRESOLVED,Saknar artunderlag,KÄLLGAP,66f2c7d36ece63e528af
Norrbotten,Nurrholms fvof,Långtjärnen,Sjö,NB-STRUCT:10aac97a875bfba56b5f67bf,UNRESOLVED,Saknar artunderlag,KÄLLGAP,404ed87f9b7a09090673
Norrbotten,Nurrholms fvof,Selakträsket,Sjö,NB-STRUCT:a23bbcdbe2a3b429b266816c,UNRESOLVED,Saknar artunderlag,KÄLLGAP,90b9fc7f3f0426545464
Norrbotten,Nurrholms fvof,Uddjaure  (Aisjaure),Sjö,NB-STRUCT:06a34022a900c80e257436a2,UNRESOLVED,Saknar artunderlag,KÄLLGAP,413cb522cfd6bb009c2b
Norrbotten,Nurrholms fvof,Uljajaure,Sjö,NB-STRUCT:37eca8d81313e1a10e599585,UNRESOLVED,Saknar artunderlag,KÄLLGAP,17e04b1876eb249d16f6
Norrbotten,Nurrholms fvof,Värdstjärn,Sjö,NB-STRUCT:593df1224f0bc6f8fe2b2de3,UNRESOLVED,Saknar artunderlag,KÄLLGAP,34c86b60233bd641cebb
Norrbotten,Oksajärvi fvof,Arkkupetäjänjoki,Vattendrag,NB-STRUCT:e00dd53c5a2cfad98cabda97,LÄNSGRANSKAD – Fiskekartan-struktur verifierad; vattenunikt artbelägg saknas,Namngiven vatten–FVO-koppling inom Fiskekartans strukturella tak; inga områdesarter generaliserade.,FVO-OMRÅDE,1feed0912eebe5d848be
Norrbotten,Oksajärvi fvof,Juntikanoja,Vattendrag,NB-STRUCT:5d23cd990cb25190256272c2,LÄNSGRANSKAD – Fiskekartan-struktur verifierad; vattenunikt artbelägg saknas,Namngiven vatten–FVO-koppling inom Fiskekartans strukturella tak; inga områdesarter generaliserade.,FVO-OMRÅDE,284a6f179d0cf33ea38b
Norrbotten,Oksajärvi fvof,Karijärvenjoki,Vattendrag,NB-STRUCT:9ce9190cee6545fed74e0a48,LÄNSGRANSKAD – Fiskekartan-struktur verifierad; vattenunikt artbelägg saknas,Namngiven vatten–FVO-koppling inom Fiskekartans strukturella tak; inga områdesarter generaliserade.,FVO-OMRÅDE,b6e44a74b3cc9f58d2ad
Norrbotten,Oksajärvi fvof,Lainiojoki,Vattendrag,NB-STRUCT:113fda3cbc68d3474414b0d9,LÄNSGRANSKAD – Fiskekartan-struktur verifierad; vattenunikt artbelägg saknas,Namngiven vatten–FVO-koppling inom Fiskekartans strukturella tak; inga områdesarter generaliserade.,FVO-OMRÅDE,f51a9f74850ffccc0d16
Norrbotten,Oksajärvi fvof,Lainioälven,Vattendrag,NB-STRUCT:09295240a0c11c3ef1e8243e,LÄNSGRANSKAD – Fiskekartan-struktur verifierad; vattenunikt artbelägg saknas,Namngiven vatten–FVO-koppling inom Fiskekartans strukturella tak; inga områdesarter generaliserade.,FVO-OMRÅDE,e4ced1f884bac586609c
Norrbotten,Oksajärvi fvof,Rauvosjoki,Vattendrag,NB-STRUCT:9b10e319e8e0bbd8c32ce757,LÄNSGRANSKAD – Fiskekartan-struktur verifierad; vattenunikt artbelägg saknas,Namngiven vatten–FVO-koppling inom Fiskekartans strukturella tak; inga områdesarter generaliserade.,FVO-OMRÅDE,7746255be90cafe5aac7
Norrbotten,Oksajärvi fvof,Rimpijoki,Vattendrag,NB-STRUCT:dd3fc164af381e6b5d389136,LÄNSGRANSKAD – Fiskekartan-struktur verifierad; vattenunikt artbelägg saknas,Namngiven vatten–FVO-koppling inom Fiskekartans strukturella tak; inga områdesarter generaliserade.,FVO-OMRÅDE,2bb2e5df53fd97b5e924
Norrbotten,Oksajärvi fvof,Ruomusjoki,Vattendrag,NB-STRUCT:a92ea03aac32be6420f611c7,LÄNSGRANSKAD – Fiskekartan-struktur verifierad; vattenunikt artbelägg saknas,Namngiven vatten–FVO-koppling inom Fiskekartans strukturella tak; inga områdesarter generaliserade.,FVO-OMRÅDE,79d3adc1a2c538cd6584
Norrbotten,Oksajärvi fvof,Ruotukkajoki,Vattendrag,NB-STRUCT:339cc8bb8813bbbb375f9669,LÄNSGRANSKAD – Fiskekartan-struktur verifierad; vattenunikt artbelägg saknas,Namngiven vatten–FVO-koppling inom Fiskekartans strukturella tak; inga områdesarter generaliserade.,FVO-OMRÅDE,d1d5b9b1f3bbf6a01077
Norrbotten,Racksund-Östansjö fvof,Abborrtjärn,Sjö,NB-STRUCT:578b14e123acdc32a1451be3,UNRESOLVED,Saknar artunderlag,KÄLLGAP,067f80bf2a38f0614e79
Norrbotten,Racksund-Östansjö fvof,Akkesjaure,Sjö,NB-STRUCT:49a72c93ac29c6ca3b0ee3fb,UNRESOLVED,Saknar artunderlag,KÄLLGAP,6b4d7d7e6fd7698c0fa5
Norrbotten,Racksund-Östansjö fvof,Bassebäcken,Vattendrag,NB-STRUCT:28cde1727fbaaa7d784e5cc8,UNRESOLVED,Saknar artunderlag,KÄLLGAP,b5a1fdd208e82f717a48
Norrbotten,Racksund-Östansjö fvof,Bassejaure,Sjö,NB-STRUCT:b458369a0f587f65c0c5dc3b,UNRESOLVED,Saknar artunderlag,KÄLLGAP,7cff3bf504936413f0dc
Norrbotten,Racksund-Östansjö fvof,Bieljaurjåkkå,Vattendrag,NB-STRUCT:f9e4186775f5afc9ef7df3ea,UNRESOLVED,Saknar artunderlag,KÄLLGAP,f38b4f8481ab880aa619
Norrbotten,Racksund-Östansjö fvof,Lill-Mörttjärnen,Sjö,NB-STRUCT:f63e2f2fe4c083f39178f4a4,UNRESOLVED,Saknar artunderlag,KÄLLGAP,3163b29655dbd7c9d7c4
Norrbotten,Racksund-Östansjö fvof,Linnegårdstjärnen,Sjö,NB-STRUCT:3872821a152c913f6a1424a5,UNRESOLVED,Saknar artunderlag,KÄLLGAP,446ae17420bbd41dbf67
Norrbotten,Racksund-Östansjö fvof,Mellerst-Tjärnen,Sjö,NB-STRUCT:c0ce8fc762c608499233b693,UNRESOLVED,Saknar artunderlag,KÄLLGAP,23fcb2ff2039a9e678dd
Norrbotten,Racksund-Östansjö fvof,Mörttjärn,Sjö,NB-STRUCT:9dfea9a77a4b0061b16d2bb6,UNRESOLVED,Saknar artunderlag,KÄLLGAP,8d390a6ed40f2adc82bd
Norrbotten,Racksund-Östansjö fvof,Mörttjärnbäcken,Vattendrag,NB-STRUCT:c5e4daacf72f09260802dc5b,UNRESOLVED,Saknar artunderlag,KÄLLGAP,c6a1ce32e267cb54ccd4
Norrbotten,Racksund-Östansjö fvof,Mörttjärnen,Sjö,NB-STRUCT:f2a53ece646b5f13bffd47b8,UNRESOLVED,Saknar artunderlag,KÄLLGAP,49a5ad56848c8b10a8f0
Norrbotten,Racksund-Östansjö fvof,Ruotak,Sjö,NB-STRUCT:a11f8892cca2d3c7b016d2c4,UNRESOLVED,Saknar artunderlag,KÄLLGAP,af8bc20a31df0038fabb
Norrbotten,Racksund-Östansjö fvof,Selakbäcken,Vattendrag,NB-STRUCT:1d12dad85d90032f3e04c393,UNRESOLVED,Saknar artunderlag,KÄLLGAP,3515d92780623ee6e789
Norrbotten,Racksund-Östansjö fvof,Uddjaure  (Aisjaure),Sjö,NB-STRUCT:3d4e86d9fb6cf8b77cfc7612,UNRESOLVED,Saknar artunderlag,KÄLLGAP,2c603f90ae68eb5e2bc5
Norrbotten,Racksund-Östansjö fvof,Varrajaure,Sjö,NB-STRUCT:3cef638ec151a79f09eb5ec8,UNRESOLVED,Saknar artunderlag,KÄLLGAP,41c67fd2d67d74f3e366
Norrbotten,Racksund-Östansjö fvof,Veddekbäcken,Vattendrag,NB-STRUCT:487ab1e8723f98ad1b84bee9,UNRESOLVED,Saknar artunderlag,KÄLLGAP,4e3c44a4c73c863bdd71
Norrbotten,Racksund-Östansjö fvof,Övre tjärnen,Sjö,NB-STRUCT:3a8a010b60ad146925ae2b7f,UNRESOLVED,Saknar artunderlag,KÄLLGAP,f56369e0a3367e506095
Norrbotten,Sammakko-Lillbergets fvof,Aksujoki,Vattendrag,NB-STRUCT:d437001b03ec07d8437f43bb,LÄNSGRANSKAD – Fiskekartan-struktur verifierad; vattenunikt artbelägg saknas,Namngiven vatten–FVO-koppling inom Fiskekartans strukturella tak; inga områdesarter generaliserade.,FVO-OMRÅDE,0cd0e28820998e80eae5
Norrbotten,Sandselet - Gallejaur fvof,Gallejaurdammen,Sjö,NB-STRUCT:b37ec25047e3208d0ace7abd,LÄNSGRANSKAD – Fiskekartan-struktur verifierad; vattenunikt artbelägg saknas,Namngiven vatten–FVO-koppling inom Fiskekartans strukturella tak; inga områdesarter generaliserade.,FVO-OMRÅDE,8f158ef2de3c9c63bf8f
Norrbotten,Sandselet - Gallejaur fvof,Gallejaurekanalen,Vattendrag,NB-STRUCT:6d3907b4dc0a22e50ace6f42,LÄNSGRANSKAD – Fiskekartan-struktur verifierad; vattenunikt artbelägg saknas,Namngiven vatten–FVO-koppling inom Fiskekartans strukturella tak; inga områdesarter generaliserade.,FVO-OMRÅDE,e866575b487388db1575
Norrbotten,Sandselet - Gallejaur fvof,Järvsbäcken,Vattendrag,NB-STRUCT:30d3964446373ac59e4cc845,LÄNSGRANSKAD – Fiskekartan-struktur verifierad; vattenunikt artbelägg saknas,Namngiven vatten–FVO-koppling inom Fiskekartans strukturella tak; inga områdesarter generaliserade.,FVO-OMRÅDE,c35a301226134bf0f3fa
Norrbotten,Sandselet - Gallejaur fvof,Sandforsdammen,Sjö,NB-STRUCT:0f0580d5f0976c3b129574ad,LÄNSGRANSKAD – Fiskekartan-struktur verifierad; vattenunikt artbelägg saknas,Namngiven vatten–FVO-koppling inom Fiskekartans strukturella tak; inga områdesarter generaliserade.,FVO-OMRÅDE,df157004b645f343b1e2
Norrbotten,Sandselet - Gallejaur fvof,Skellefteälven,Vattendrag,NB-STRUCT:ba4ad91ce22a8314cf132095,LÄNSGRANSKAD – Fiskekartan-struktur verifierad; vattenunikt artbelägg saknas,Namngiven vatten–FVO-koppling inom Fiskekartans strukturella tak; inga områdesarter generaliserade.,FVO-OMRÅDE,f7014f8f0f0a87f82330
Norrbotten,Sikfors fvof,Forstjärnen,Sjö,NB-STRUCT:55a71f199e1b6baf468491a1,LÄNSGRANSKAD – Fiskekartan-struktur verifierad; vattenunikt artbelägg saknas,Namngiven vatten–FVO-koppling inom Fiskekartans strukturella tak; inga områdesarter generaliserade.,FVO-OMRÅDE,ebb63b3329961748e828
Norrbotten,Sikfors fvof,Gåstjärnen,Sjö,NB-STRUCT:ea601687e4d7051d9d2b0468,LÄNSGRANSKAD – Fiskekartan-struktur verifierad; vattenunikt artbelägg saknas,Namngiven vatten–FVO-koppling inom Fiskekartans strukturella tak; inga områdesarter generaliserade.,FVO-OMRÅDE,394d445077531e847f29
Norrbotten,Sikfors fvof,Kalvviken,Sjö,NB-STRUCT:1eb8257f800f2d04a6c1c809,LÄNSGRANSKAD – Fiskekartan-struktur verifierad; vattenunikt artbelägg saknas,Namngiven vatten–FVO-koppling inom Fiskekartans strukturella tak; inga områdesarter generaliserade.,FVO-OMRÅDE,cbb9f511bfc02f04e3e6
Norrbotten,Sikfors fvof,Lill-Abborrtjärnen,Sjö,NB-STRUCT:b0f6ff72c8c032160c46424e,LÄNSGRANSKAD – Fiskekartan-struktur verifierad; vattenunikt artbelägg saknas,Namngiven vatten–FVO-koppling inom Fiskekartans strukturella tak; inga områdesarter generaliserade.,FVO-OMRÅDE,3888196b28ce84587bf0
Norrbotten,Sikfors fvof,Lillbrobäcken,Vattendrag,NB-STRUCT:2f148f5d5e9a484a2483eb06,LÄNSGRANSKAD – Fiskekartan-struktur verifierad; vattenunikt artbelägg saknas,Namngiven vatten–FVO-koppling inom Fiskekartans strukturella tak; inga områdesarter generaliserade.,FVO-OMRÅDE,8bf2fb0d496b37c8b385
Norrbotten,Sikfors fvof,Lomtjärnen,Sjö,NB-STRUCT:0abf3cdec4e2d5a78aec5e4d,LÄNSGRANSKAD – Fiskekartan-struktur verifierad; vattenunikt artbelägg saknas,Namngiven vatten–FVO-koppling inom Fiskekartans strukturella tak; inga områdesarter generaliserade.,FVO-OMRÅDE,7303db7357718469bbb8
Norrbotten,Sikfors fvof,Långtjärnen,Sjö,NB-STRUCT:2e9dd847de23425a843f2933,LÄNSGRANSKAD – Fiskekartan-struktur verifierad; vattenunikt artbelägg saknas,Namngiven vatten–FVO-koppling inom Fiskekartans strukturella tak; inga områdesarter generaliserade.,FVO-OMRÅDE,99f93277a4119876b2c6
Norrbotten,Sikfors fvof,Nedre Bodträsket,Sjö,NB-STRUCT:8b1a66b7de8345a8261b8a91,LÄNSGRANSKAD – Fiskekartan-struktur verifierad; vattenunikt artbelägg saknas,Namngiven vatten–FVO-koppling inom Fiskekartans strukturella tak; inga områdesarter generaliserade.,FVO-OMRÅDE,b6287659d6527d1423ac
Norrbotten,Sikfors fvof,Piteälven,Vattendrag,NB-STRUCT:e02be69ecafa031eb660cb44,LÄNSGRANSKAD – Fiskekartan-struktur verifierad; vattenunikt artbelägg saknas,Namngiven vatten–FVO-koppling inom Fiskekartans strukturella tak; inga områdesarter generaliserade.,FVO-OMRÅDE,f1ebcf360b1548823b03
Norrbotten,Sikfors fvof,Stor-Abborrtjärnen,Sjö,NB-STRUCT:252cf0afd0f626c212c21bdc,LÄNSGRANSKAD – Fiskekartan-struktur verifierad; vattenunikt artbelägg saknas,Namngiven vatten–FVO-koppling inom Fiskekartans strukturella tak; inga områdesarter generaliserade.,FVO-OMRÅDE,2d21c23bbbc7595452fb
Norrbotten,Sikfors fvof,Uttertjärnen,Sjö,NB-STRUCT:efecf9e62f978cb875648793,LÄNSGRANSKAD – Fiskekartan-struktur verifierad; vattenunikt artbelägg saknas,Namngiven vatten–FVO-koppling inom Fiskekartans strukturella tak; inga områdesarter generaliserade.,FVO-OMRÅDE,284cd6f04dba8da3aac1
Norrbotten,Sikfors fvof,Vittjärnen,Sjö,NB-STRUCT:d7c68a7dff16a3bfd28c431a,LÄNSGRANSKAD – Fiskekartan-struktur verifierad; vattenunikt artbelägg saknas,Namngiven vatten–FVO-koppling inom Fiskekartans strukturella tak; inga områdesarter generaliserade.,FVO-OMRÅDE,a6c8bc2841afb5f31325
Norrbotten,Sikfors fvof,Ängesbäcken,Vattendrag,NB-STRUCT:25a75ecbbbd176e54a686b94,LÄNSGRANSKAD – Fiskekartan-struktur verifierad; vattenunikt artbelägg saknas,Namngiven vatten–FVO-koppling inom Fiskekartans strukturella tak; inga områdesarter generaliserade.,FVO-OMRÅDE,26a56cdba169a3298953
Norrbotten,Sikfors fvof,Övre Bodträsket,Sjö,NB-STRUCT:cf1cebceb1c460cd00fb7068,LÄNSGRANSKAD – Fiskekartan-struktur verifierad; vattenunikt artbelägg saknas,Namngiven vatten–FVO-koppling inom Fiskekartans strukturella tak; inga områdesarter generaliserade.,FVO-OMRÅDE,d59ed691030c2e8138bf
Norrbotten,Soutujärvi fvof,Akanvaaranjärvet,Sjö,NB-STRUCT:cbce4d059935a8abb5a687a8,LÄNSGRANSKAD – Fiskekartan-struktur verifierad; vattenunikt artbelägg saknas,Namngiven vatten–FVO-koppling inom Fiskekartans strukturella tak; inga områdesarter generaliserade.,FVO-OMRÅDE,1066f3e086f6a9574823
Norrbotten,Soutujärvi fvof,Ala-Aaltojärvi,Sjö,NB-STRUCT:99e9129610b9fddadcf36f4d,LÄNSGRANSKAD – Fiskekartan-struktur verifierad; vattenunikt artbelägg saknas,Namngiven vatten–FVO-koppling inom Fiskekartans strukturella tak; inga områdesarter generaliserade.,FVO-OMRÅDE,ce6ffbbe37dd1aab6d0c
Norrbotten,Soutujärvi fvof,Ala-Vuottamajärvi,Sjö,NB-STRUCT:261d94060bf33fa8037c51b0,LÄNSGRANSKAD – Fiskekartan-struktur verifierad; vattenunikt artbelägg saknas,Namngiven vatten–FVO-koppling inom Fiskekartans strukturella tak; inga områdesarter generaliserade.,FVO-OMRÅDE,eee2c59bf414fb062c4b
Norrbotten,Soutujärvi fvof,Alajärvi,Sjö,NB-STRUCT:094fd916fa0268bbe5c29e98,LÄNSGRANSKAD – Fiskekartan-struktur verifierad; vattenunikt artbelägg saknas,Namngiven vatten–FVO-koppling inom Fiskekartans strukturella tak; inga områdesarter generaliserade.,FVO-OMRÅDE,5c8dad28c97598e74ea0
Norrbotten,Soutujärvi fvof,Hartijärvi,Sjö,NB-STRUCT:ec90492958edad65a38482e7,LÄNSGRANSKAD – Fiskekartan-struktur verifierad; vattenunikt artbelägg saknas,Namngiven vatten–FVO-koppling inom Fiskekartans strukturella tak; inga områdesarter generaliserade.,FVO-OMRÅDE,f194496009b7199483ce
Norrbotten,Soutujärvi fvof,Jokijärvi,Sjö,NB-STRUCT:d7fb682eecdd9a309e59d643,LÄNSGRANSKAD – Fiskekartan-struktur verifierad; vattenunikt artbelägg saknas,Namngiven vatten–FVO-koppling inom Fiskekartans strukturella tak; inga områdesarter generaliserade.,FVO-OMRÅDE,9c831956e923445d19ca
Norrbotten,Soutujärvi fvof,Jormijärvi,Sjö,NB-STRUCT:dcd9eca20c6ba02d1b246410,LÄNSGRANSKAD – Fiskekartan-struktur verifierad; vattenunikt artbelägg saknas,Namngiven vatten–FVO-koppling inom Fiskekartans strukturella tak; inga områdesarter generaliserade.,FVO-OMRÅDE,fcd2c2cd8c66fae3dc8a
Norrbotten,Soutujärvi fvof,Junsijärvi,Sjö,NB-STRUCT:8e8f62163e867b764f28a748,LÄNSGRANSKAD – Fiskekartan-struktur verifierad; vattenunikt artbelägg saknas,Namngiven vatten–FVO-koppling inom Fiskekartans strukturella tak; inga områdesarter generaliserade.,FVO-OMRÅDE,da1251b7bfc0585944e4
Norrbotten,Soutujärvi fvof,Kaakkurijärvi,Sjö,NB-STRUCT:a1062415551d87471c4a68b1,LÄNSGRANSKAD – Fiskekartan-struktur verifierad; vattenunikt artbelägg saknas,Namngiven vatten–FVO-koppling inom Fiskekartans strukturella tak; inga områdesarter generaliserade.,FVO-OMRÅDE,f381ec0db2949d504181
Norrbotten,Soutujärvi fvof,Kaakkurilantto,Sjö,NB-STRUCT:3b7375f5168a17daadec7c78,LÄNSGRANSKAD – Fiskekartan-struktur verifierad; vattenunikt artbelägg saknas,Namngiven vatten–FVO-koppling inom Fiskekartans strukturella tak; inga områdesarter generaliserade.,FVO-OMRÅDE,b68ebf08f7cb360a802a
Norrbotten,Soutujärvi fvof,Kaivosjärvi,Sjö,NB-STRUCT:6dbdec02986dd09e103d964c,LÄNSGRANSKAD – Fiskekartan-struktur verifierad; vattenunikt artbelägg saknas,Namngiven vatten–FVO-koppling inom Fiskekartans strukturella tak; inga områdesarter generaliserade.,FVO-OMRÅDE,f49f34edaa7ac79eaa1b
Norrbotten,Soutujärvi fvof,Keski-Aaltojärvi,Sjö,NB-STRUCT:69e3f7580745f3f7ddf926b9,LÄNSGRANSKAD – Fiskekartan-struktur verifierad; vattenunikt artbelägg saknas,Namngiven vatten–FVO-koppling inom Fiskekartans strukturella tak; inga områdesarter generaliserade.,FVO-OMRÅDE,7798009d565f0edf0867
Norrbotten,Soutujärvi fvof,Kirkasvesijärvi,Sjö,NB-STRUCT:38b928070af67ceb03ae67b6,LÄNSGRANSKAD – Fiskekartan-struktur verifierad; vattenunikt artbelägg saknas,Namngiven vatten–FVO-koppling inom Fiskekartans strukturella tak; inga områdesarter generaliserade.,FVO-OMRÅDE,f64d06971710547071b4
Norrbotten,Soutujärvi fvof,Kortejärvi,Sjö,NB-STRUCT:cd6fd9f6707821ef1bb934b9,LÄNSGRANSKAD – Fiskekartan-struktur verifierad; vattenunikt artbelägg saknas,Namngiven vatten–FVO-koppling inom Fiskekartans strukturella tak; inga områdesarter generaliserade.,FVO-OMRÅDE,2b03f12d02e814acc6a8
Norrbotten,Soutujärvi fvof,Kukasjärvi,Sjö,NB-STRUCT:3922b19ac76b07970952e3c7,LÄNSGRANSKAD – Fiskekartan-struktur verifierad; vattenunikt artbelägg saknas,Namngiven vatten–FVO-koppling inom Fiskekartans strukturella tak; inga områdesarter generaliserade.,FVO-OMRÅDE,b007559c0b2703b1998c
Norrbotten,Soutujärvi fvof,Kurrkiolompolo,Sjö,NB-STRUCT:d42f4991d2769c2321f598e1,LÄNSGRANSKAD – Fiskekartan-struktur verifierad; vattenunikt artbelägg saknas,Namngiven vatten–FVO-koppling inom Fiskekartans strukturella tak; inga områdesarter generaliserade.,FVO-OMRÅDE,822251848c267fdcd26d
Norrbotten,Soutujärvi fvof,Kursujärvet,Sjö,NB-STRUCT:178456d5594732f2783d4a4c,LÄNSGRANSKAD – Fiskekartan-struktur verifierad; vattenunikt artbelägg saknas,Namngiven vatten–FVO-koppling inom Fiskekartans strukturella tak; inga områdesarter generaliserade.,FVO-OMRÅDE,a36c9528e1afaddefff3
Norrbotten,Soutujärvi fvof,Kursujärvi,Sjö,NB-STRUCT:48d8fef1bdcecea50678859a,LÄNSGRANSKAD – Fiskekartan-struktur verifierad; vattenunikt artbelägg saknas,Namngiven vatten–FVO-koppling inom Fiskekartans strukturella tak; inga områdesarter generaliserade.,FVO-OMRÅDE,2093cd7a2b09e5129d8f
Norrbotten,Soutujärvi fvof,Kursuonkanjärvi,Sjö,NB-STRUCT:44788de8ce20a2334d88a13f,LÄNSGRANSKAD – Fiskekartan-struktur verifierad; vattenunikt artbelägg saknas,Namngiven vatten–FVO-koppling inom Fiskekartans strukturella tak; inga områdesarter generaliserade.,FVO-OMRÅDE,20c05dbe4c380b24df91
Norrbotten,Soutujärvi fvof,Kuurusjärvi,Sjö,NB-STRUCT:2eab2970c64dd1f78f1ba9a5,LÄNSGRANSKAD – Fiskekartan-struktur verifierad; vattenunikt artbelägg saknas,Namngiven vatten–FVO-koppling inom Fiskekartans strukturella tak; inga områdesarter generaliserade.,FVO-OMRÅDE,d4bbd4b189c3e82516c4
Norrbotten,Soutujärvi fvof,Kuusikumpujärvet,Sjö,NB-STRUCT:2a2b9a36a68348583fcc3c83,LÄNSGRANSKAD – Fiskekartan-struktur verifierad; vattenunikt artbelägg saknas,Namngiven vatten–FVO-koppling inom Fiskekartans strukturella tak; inga områdesarter generaliserade.,FVO-OMRÅDE,b490f9530493c77c039c
Norrbotten,Soutujärvi fvof,Lanttojärvi,Sjö,NB-STRUCT:96c95efa603db96dca2788c3,LÄNSGRANSKAD – Fiskekartan-struktur verifierad; vattenunikt artbelägg saknas,Namngiven vatten–FVO-koppling inom Fiskekartans strukturella tak; inga områdesarter generaliserade.,FVO-OMRÅDE,3ccbafe47b4d8a7dca89
Norrbotten,Soutujärvi fvof,Lavajärvi,Sjö,NB-STRUCT:b771e92d576a4c348d288533,LÄNSGRANSKAD – Fiskekartan-struktur verifierad; vattenunikt artbelägg saknas,Namngiven vatten–FVO-koppling inom Fiskekartans strukturella tak; inga områdesarter generaliserade.,FVO-OMRÅDE,76f073613e9ab697314d
Norrbotten,Soutujärvi fvof,Lettja,Sjö,NB-STRUCT:c05fa5a9edcbc6c9723804b7,LÄNSGRANSKAD – Fiskekartan-struktur verifierad; vattenunikt artbelägg saknas,Namngiven vatten–FVO-koppling inom Fiskekartans strukturella tak; inga områdesarter generaliserade.,FVO-OMRÅDE,6224dc3a0585f791763d
Norrbotten,Soutujärvi fvof,Lintujärvi,Sjö,NB-STRUCT:c6b87ae0cd2176d5f9fdfbf1,LÄNSGRANSKAD – Fiskekartan-struktur verifierad; vattenunikt artbelägg saknas,Namngiven vatten–FVO-koppling inom Fiskekartans strukturella tak; inga områdesarter generaliserade.,FVO-OMRÅDE,f7d51f6968e26747aa7b
Norrbotten,Soutujärvi fvof,Marsijärvi,Sjö,NB-STRUCT:67f783bcc1e2e34c5f90dddb,LÄNSGRANSKAD – Fiskekartan-struktur verifierad; vattenunikt artbelägg saknas,Namngiven vatten–FVO-koppling inom Fiskekartans strukturella tak; inga områdesarter generaliserade.,FVO-OMRÅDE,7ee1f703e2e83012409e
Norrbotten,Soutujärvi fvof,Mettä-Tohtajajärvi,Sjö,NB-STRUCT:dfff14c1d9fd026420f9a389,LÄNSGRANSKAD – Fiskekartan-struktur verifierad; vattenunikt artbelägg saknas,Namngiven vatten–FVO-koppling inom Fiskekartans strukturella tak; inga områdesarter generaliserade.,FVO-OMRÅDE,0fdd24f7f8ef9b34a974
Norrbotten,Soutujärvi fvof,Mollonen,Sjö,NB-STRUCT:8fb7be6e83080692270214cf,LÄNSGRANSKAD – Fiskekartan-struktur verifierad; vattenunikt artbelägg saknas,Namngiven vatten–FVO-koppling inom Fiskekartans strukturella tak; inga områdesarter generaliserade.,FVO-OMRÅDE,99716d466c4467cafe9d
Norrbotten,Soutujärvi fvof,Mustalantto,Sjö,NB-STRUCT:4b8c3291c773cba553aab846,LÄNSGRANSKAD – Fiskekartan-struktur verifierad; vattenunikt artbelägg saknas,Namngiven vatten–FVO-koppling inom Fiskekartans strukturella tak; inga områdesarter generaliserade.,FVO-OMRÅDE,714b1fb8097afd0bf68b
Norrbotten,Soutujärvi fvof,Myllyjärvi,Sjö,NB-STRUCT:f4d66ffe4d1741c0e0e5f51f,LÄNSGRANSKAD – Fiskekartan-struktur verifierad; vattenunikt artbelägg saknas,Namngiven vatten–FVO-koppling inom Fiskekartans strukturella tak; inga områdesarter generaliserade.,FVO-OMRÅDE,0e9681f8ebc697dfb6ab
Norrbotten,Soutujärvi fvof,Nälkäjärvi,Sjö,NB-STRUCT:924b7a31acae795eceba8592,LÄNSGRANSKAD – Fiskekartan-struktur verifierad; vattenunikt artbelägg saknas,Namngiven vatten–FVO-koppling inom Fiskekartans strukturella tak; inga områdesarter generaliserade.,FVO-OMRÅDE,db22e3939e1fcf85b23e
Norrbotten,Soutujärvi fvof,Palkkatakka,Sjö,NB-STRUCT:1215acb1cf6d857bfcea4c2d,LÄNSGRANSKAD – Fiskekartan-struktur verifierad; vattenunikt artbelägg saknas,Namngiven vatten–FVO-koppling inom Fiskekartans strukturella tak; inga områdesarter generaliserade.,FVO-OMRÅDE,7bf9b6f50d57fb9a02b5
Norrbotten,Soutujärvi fvof,Pietarijärvi,Sjö,NB-STRUCT:17d8587f8690beb4406f3f54,LÄNSGRANSKAD – Fiskekartan-struktur verifierad; vattenunikt artbelägg saknas,Namngiven vatten–FVO-koppling inom Fiskekartans strukturella tak; inga områdesarter generaliserade.,FVO-OMRÅDE,b2e1ad7fa2413fc5ad8d
Norrbotten,Soutujärvi fvof,Pikku Lavajärvi,Sjö,NB-STRUCT:6d265068f241aeedf30bf0a0,LÄNSGRANSKAD – Fiskekartan-struktur verifierad; vattenunikt artbelägg saknas,Namngiven vatten–FVO-koppling inom Fiskekartans strukturella tak; inga områdesarter generaliserade.,FVO-OMRÅDE,e36d6784f424c49263c6
Norrbotten,Soutujärvi fvof,Pikku Marsijärvi,Sjö,NB-STRUCT:2b1ebd6985bd318f680897ce,LÄNSGRANSKAD – Fiskekartan-struktur verifierad; vattenunikt artbelägg saknas,Namngiven vatten–FVO-koppling inom Fiskekartans strukturella tak; inga områdesarter generaliserade.,FVO-OMRÅDE,f099ce536c831e12d616
Norrbotten,Soutujärvi fvof,Pikku Salmijärvi,Sjö,NB-STRUCT:21b2979986cd1b4e2fc563fe,LÄNSGRANSKAD – Fiskekartan-struktur verifierad; vattenunikt artbelägg saknas,Namngiven vatten–FVO-koppling inom Fiskekartans strukturella tak; inga områdesarter generaliserade.,FVO-OMRÅDE,50a41bac5f28479876f8
Norrbotten,Soutujärvi fvof,Pikku-Nälkäjärvi,Sjö,NB-STRUCT:628db38c76707670a847ac8c,LÄNSGRANSKAD – Fiskekartan-struktur verifierad; vattenunikt artbelägg saknas,Namngiven vatten–FVO-koppling inom Fiskekartans strukturella tak; inga områdesarter generaliserade.,FVO-OMRÅDE,3b1342c20feae943a9fb
Norrbotten,Soutujärvi fvof,Pikkujärvi,Sjö,NB-STRUCT:73600186d57206f5bdb2f0b2,LÄNSGRANSKAD – Fiskekartan-struktur verifierad; vattenunikt artbelägg saknas,Namngiven vatten–FVO-koppling inom Fiskekartans strukturella tak; inga områdesarter generaliserade.,FVO-OMRÅDE,0aba6c3eca24a88cf0dd
Norrbotten,Soutujärvi fvof,Pikkulantto,Sjö,NB-STRUCT:37572543d38a273ecd2a0d7d,LÄNSGRANSKAD – Fiskekartan-struktur verifierad; vattenunikt artbelägg saknas,Namngiven vatten–FVO-koppling inom Fiskekartans strukturella tak; inga områdesarter generaliserade.,FVO-OMRÅDE,62b6dde6637b3f3b5d5f
Norrbotten,Soutujärvi fvof,Pilkkujärvi,Sjö,NB-STRUCT:2895fb87f7316ff06b296e0d,LÄNSGRANSKAD – Fiskekartan-struktur verifierad; vattenunikt artbelägg saknas,Namngiven vatten–FVO-koppling inom Fiskekartans strukturella tak; inga områdesarter generaliserade.,FVO-OMRÅDE,a7f1409cd8f71a4d4039
Norrbotten,Soutujärvi fvof,Pitkäjärvi,Sjö,NB-STRUCT:57b9eca3e3f9608f0e992754,LÄNSGRANSKAD – Fiskekartan-struktur verifierad; vattenunikt artbelägg saknas,Namngiven vatten–FVO-koppling inom Fiskekartans strukturella tak; inga områdesarter generaliserade.,FVO-OMRÅDE,57ca8c5a0428a217efc9
Norrbotten,Soutujärvi fvof,Rajajärvi,Sjö,NB-STRUCT:f7e9502fecc7b96943bcdd1d,LÄNSGRANSKAD – Fiskekartan-struktur verifierad; vattenunikt artbelägg saknas,Namngiven vatten–FVO-koppling inom Fiskekartans strukturella tak; inga områdesarter generaliserade.,FVO-OMRÅDE,c9497337ebc4d28f61e3
Norrbotten,Soutujärvi fvof,Rengasjärvi,Sjö,NB-STRUCT:83cd369677590f60cfab04e9,LÄNSGRANSKAD – Fiskekartan-struktur verifierad; vattenunikt artbelägg saknas,Namngiven vatten–FVO-koppling inom Fiskekartans strukturella tak; inga områdesarter generaliserade.,FVO-OMRÅDE,df121da79f5e8814f5ce
Norrbotten,Soutujärvi fvof,Ristijärvi,Sjö,NB-STRUCT:1ea42db553d687ad6d8ed866,LÄNSGRANSKAD – Fiskekartan-struktur verifierad; vattenunikt artbelägg saknas,Namngiven vatten–FVO-koppling inom Fiskekartans strukturella tak; inga områdesarter generaliserade.,FVO-OMRÅDE,d2ae579999ee4de0addc
Norrbotten,Soutujärvi fvof,Rovanvälijärvet,Sjö,NB-STRUCT:0faec65f1aff050833253ba1,LÄNSGRANSKAD – Fiskekartan-struktur verifierad; vattenunikt artbelägg saknas,Namngiven vatten–FVO-koppling inom Fiskekartans strukturella tak; inga områdesarter generaliserade.,FVO-OMRÅDE,7dd44f685332b0a708a9
Norrbotten,Soutujärvi fvof,Rästiläs,Sjö,NB-STRUCT:4194348448cd63d8674d355b,LÄNSGRANSKAD – Fiskekartan-struktur verifierad; vattenunikt artbelägg saknas,Namngiven vatten–FVO-koppling inom Fiskekartans strukturella tak; inga områdesarter generaliserade.,FVO-OMRÅDE,326217adaae9be65f0e2
Norrbotten,Soutujärvi fvof,Saarijärvi,Sjö,NB-STRUCT:802a30454712ddaf233d95ab,LÄNSGRANSKAD – Fiskekartan-struktur verifierad; vattenunikt artbelägg saknas,Namngiven vatten–FVO-koppling inom Fiskekartans strukturella tak; inga områdesarter generaliserade.,FVO-OMRÅDE,1caf042f61748fb55d0a
Norrbotten,Soutujärvi fvof,Saivojärvi,Sjö,NB-STRUCT:3c6bfa669f61adee4281ef16,LÄNSGRANSKAD – Fiskekartan-struktur verifierad; vattenunikt artbelägg saknas,Namngiven vatten–FVO-koppling inom Fiskekartans strukturella tak; inga områdesarter generaliserade.,FVO-OMRÅDE,806e19f577cc64c42568
Norrbotten,Soutujärvi fvof,Salmijärvi,Sjö,NB-STRUCT:f7b46b93c4666913b1b4653f,LÄNSGRANSKAD – Fiskekartan-struktur verifierad; vattenunikt artbelägg saknas,Namngiven vatten–FVO-koppling inom Fiskekartans strukturella tak; inga områdesarter generaliserade.,FVO-OMRÅDE,cef17bd04bb29b3b6bdb
Norrbotten,Soutujärvi fvof,Silkkijärvi,Sjö,NB-STRUCT:7b78fcc55735577bbcf72b5d,LÄNSGRANSKAD – Fiskekartan-struktur verifierad; vattenunikt artbelägg saknas,Namngiven vatten–FVO-koppling inom Fiskekartans strukturella tak; inga områdesarter generaliserade.,FVO-OMRÅDE,09998796547ad0da3178
Norrbotten,Soutujärvi fvof,Silmäjärvi,Sjö,NB-STRUCT:db559f7a6159b01b0b7d4f43,LÄNSGRANSKAD – Fiskekartan-struktur verifierad; vattenunikt artbelägg saknas,Namngiven vatten–FVO-koppling inom Fiskekartans strukturella tak; inga områdesarter generaliserade.,FVO-OMRÅDE,e1690ae729fbe732289a
Norrbotten,Soutujärvi fvof,Skaulojärvi,Sjö,NB-STRUCT:3f46a3dcdd54330592dc1c1a,LÄNSGRANSKAD – Fiskekartan-struktur verifierad; vattenunikt artbelägg saknas,Namngiven vatten–FVO-koppling inom Fiskekartans strukturella tak; inga områdesarter generaliserade.,FVO-OMRÅDE,70d930cc5e6db3498cc4
Norrbotten,Soutujärvi fvof,Soutujärvi,Sjö,NB-STRUCT:69ea55c6e858ce54ca532653,LÄNSGRANSKAD – Fiskekartan-struktur verifierad; vattenunikt artbelägg saknas,Namngiven vatten–FVO-koppling inom Fiskekartans strukturella tak; inga områdesarter generaliserade.,FVO-OMRÅDE,2c988180c745417c83ce
Norrbotten,Soutujärvi fvof,Soutuvaarantausjärvi,Sjö,NB-STRUCT:40e6ca07caaf3b028315a097,LÄNSGRANSKAD – Fiskekartan-struktur verifierad; vattenunikt artbelägg saknas,Namngiven vatten–FVO-koppling inom Fiskekartans strukturella tak; inga områdesarter generaliserade.,FVO-OMRÅDE,ca23e0b33e72f4e20c0e
Norrbotten,Soutujärvi fvof,Sulajärvi,Sjö,NB-STRUCT:61342065e075e456c11981e6,LÄNSGRANSKAD – Fiskekartan-struktur verifierad; vattenunikt artbelägg saknas,Namngiven vatten–FVO-koppling inom Fiskekartans strukturella tak; inga områdesarter generaliserade.,FVO-OMRÅDE,3330ee9ba71c39a1bdbc
Norrbotten,Soutujärvi fvof,Surujärvi,Sjö,NB-STRUCT:4018fea13e0b442d39e71fd4,LÄNSGRANSKAD – Fiskekartan-struktur verifierad; vattenunikt artbelägg saknas,Namngiven vatten–FVO-koppling inom Fiskekartans strukturella tak; inga områdesarter generaliserade.,FVO-OMRÅDE,546c428213463b1961cb
Norrbotten,Soutujärvi fvof,Särkijärvi,Sjö,NB-STRUCT:25c2d5c7314479a17c1dd46b,LÄNSGRANSKAD – Fiskekartan-struktur verifierad; vattenunikt artbelägg saknas,Namngiven vatten–FVO-koppling inom Fiskekartans strukturella tak; inga områdesarter generaliserade.,FVO-OMRÅDE,107f5b15373ecdad1db9
Norrbotten,Soutujärvi fvof,Tavilompolo,Sjö,NB-STRUCT:9e54dd1895d44c8eac743bca,LÄNSGRANSKAD – Fiskekartan-struktur verifierad; vattenunikt artbelägg saknas,Namngiven vatten–FVO-koppling inom Fiskekartans strukturella tak; inga områdesarter generaliserade.,FVO-OMRÅDE,776642eb22ee8a9b338f
Norrbotten,Soutujärvi fvof,Tohtajajärvi,Sjö,NB-STRUCT:8d0711d33dd47d888c46d005,LÄNSGRANSKAD – Fiskekartan-struktur verifierad; vattenunikt artbelägg saknas,Namngiven vatten–FVO-koppling inom Fiskekartans strukturella tak; inga områdesarter generaliserade.,FVO-OMRÅDE,c4acd142fa72d52a6754
Norrbotten,Soutujärvi fvof,Ulkujärvi,Sjö,NB-STRUCT:e1d265d96a409cae51de8554,LÄNSGRANSKAD – Fiskekartan-struktur verifierad; vattenunikt artbelägg saknas,Namngiven vatten–FVO-koppling inom Fiskekartans strukturella tak; inga områdesarter generaliserade.,FVO-OMRÅDE,b6e41cab7efc13b92d06
Norrbotten,Soutujärvi fvof,Vaarajärvi,Sjö,NB-STRUCT:c8b771f27ec5c330ee8ed18f,LÄNSGRANSKAD – Fiskekartan-struktur verifierad; vattenunikt artbelägg saknas,Namngiven vatten–FVO-koppling inom Fiskekartans strukturella tak; inga områdesarter generaliserade.,FVO-OMRÅDE,40f5f4abe10f660b11c6
Norrbotten,Soutujärvi fvof,Vaihetusjärvi,Sjö,NB-STRUCT:fc58350859578aa73ee874d7,LÄNSGRANSKAD – Fiskekartan-struktur verifierad; vattenunikt artbelägg saknas,Namngiven vatten–FVO-koppling inom Fiskekartans strukturella tak; inga områdesarter generaliserade.,FVO-OMRÅDE,4f80d65494b4256dbf5c
Norrbotten,Soutujärvi fvof,Vaikkojärvi,Sjö,NB-STRUCT:8d73d5da4bed08154882cc68,LÄNSGRANSKAD – Fiskekartan-struktur verifierad; vattenunikt artbelägg saknas,Namngiven vatten–FVO-koppling inom Fiskekartans strukturella tak; inga områdesarter generaliserade.,FVO-OMRÅDE,7b06ecf9f785d9cfa339
Norrbotten,Soutujärvi fvof,Vasikka-Lompolo,Sjö,NB-STRUCT:2bf96b495440c58ae813a155,LÄNSGRANSKAD – Fiskekartan-struktur verifierad; vattenunikt artbelägg saknas,Namngiven vatten–FVO-koppling inom Fiskekartans strukturella tak; inga områdesarter generaliserade.,FVO-OMRÅDE,a1d75a17db1a0f2531f1
Norrbotten,Soutujärvi fvof,Vuopionjärvet,Sjö,NB-STRUCT:08a3e921c9ed929cd9fedb4f,LÄNSGRANSKAD – Fiskekartan-struktur verifierad; vattenunikt artbelägg saknas,Namngiven vatten–FVO-koppling inom Fiskekartans strukturella tak; inga områdesarter generaliserade.,FVO-OMRÅDE,c1ba5f0ae74f66db89f7
Norrbotten,Soutujärvi fvof,Yli-Aaltojärvi,Sjö,NB-STRUCT:3ffd5beffe76cde9120063d8,LÄNSGRANSKAD – Fiskekartan-struktur verifierad; vattenunikt artbelägg saknas,Namngiven vatten–FVO-koppling inom Fiskekartans strukturella tak; inga områdesarter generaliserade.,FVO-OMRÅDE,e49b855f69b807eda581
Norrbotten,Soutujärvi fvof,Yli-Vuottamajärvi,Sjö,NB-STRUCT:64ef193b4327b4fd031df4f4,LÄNSGRANSKAD – Fiskekartan-struktur verifierad; vattenunikt artbelägg saknas,Namngiven vatten–FVO-koppling inom Fiskekartans strukturella tak; inga områdesarter generaliserade.,FVO-OMRÅDE,ff3eb8c91506f9bb471d
Norrbotten,Soutujärvi fvof,Yorkaanjärvi,Sjö,NB-STRUCT:b1c7c93950a0844617f20c04,LÄNSGRANSKAD – Fiskekartan-struktur verifierad; vattenunikt artbelägg saknas,Namngiven vatten–FVO-koppling inom Fiskekartans strukturella tak; inga områdesarter generaliserade.,FVO-OMRÅDE,d01806792382028f0d98
Norrbotten,Soutujärvi fvof,Ärsojärvet,Sjö,NB-STRUCT:375a4f6fc202f7c4685990a5,LÄNSGRANSKAD – Fiskekartan-struktur verifierad; vattenunikt artbelägg saknas,Namngiven vatten–FVO-koppling inom Fiskekartans strukturella tak; inga områdesarter generaliserade.,FVO-OMRÅDE,40f2080a6ad661595fac
Norrbotten,Storsaivis-Suobbats fvof,Bönälven,Vattendrag,NB-STRUCT:ec6ac87005a6417cdba2df67,UNRESOLVED,Saknar artunderlag,KÄLLGAP,2b3b74e696329e3d264e
Norrbotten,Storsaivis-Suobbats fvof,Dockasälven,Vattendrag,NB-STRUCT:19ec542b58c4e62fceb9cf77,UNRESOLVED,Saknar artunderlag,KÄLLGAP,0be4b9c076f7da3c33c1
Norrbotten,Storsaivis-Suobbats fvof,Kertasträsket,Sjö,NB-STRUCT:753d524fc4c858ac958830bd,UNRESOLVED,Saknar artunderlag,KÄLLGAP,aa398a9909ffca557972
Norrbotten,Storsaivis-Suobbats fvof,Lillsaivis,Sjö,NB-STRUCT:75bea1cdd3e3c8dfbf590139,UNRESOLVED,Saknar artunderlag,KÄLLGAP,426970da8de7c519b8f6
Norrbotten,Storsaivis-Suobbats fvof,Mainekjaure,Sjö,NB-STRUCT:88eb83d061e502ec2cc323ba,UNRESOLVED,Saknar artunderlag,KÄLLGAP,b6f70ca320dd9cd8e473
Norrbotten,Storsaivis-Suobbats fvof,Mieher,Sjö,NB-STRUCT:172c6680aa4512660b856c24,UNRESOLVED,Saknar artunderlag,KÄLLGAP,9e41e33e29e0216c7ff0
Norrbotten,Storsaivis-Suobbats fvof,Mieherjaure,Sjö,NB-STRUCT:6a96907b3da7caa42cfcf279,UNRESOLVED,Saknar artunderlag,KÄLLGAP,2e21d559dd7b90ad77eb
Norrbotten,Storsaivis-Suobbats fvof,Pajakkaskäratj,Sjö,NB-STRUCT:4ebb50483d0fbb27478dc7c6,UNRESOLVED,Saknar artunderlag,KÄLLGAP,2692e37ec70b9acd04ea
Norrbotten,Storsaivis-Suobbats fvof,Rautibäcken,Vattendrag,NB-STRUCT:d01316a789f3b6cf14f3c382,UNRESOLVED,Saknar artunderlag,KÄLLGAP,d1787ca399d2e6bde5b6
Norrbotten,Storsaivis-Suobbats fvof,Slattoträsket,Sjö,NB-STRUCT:d15ef678d617b796f121b5aa,UNRESOLVED,Saknar artunderlag,KÄLLGAP,c91e237cd0bf3a42d766
Norrbotten,Storsaivis-Suobbats fvof,Suobbatträsket,Sjö,NB-STRUCT:11df41bf0e06e1d4be8f3dbe,UNRESOLVED,Saknar artunderlag,KÄLLGAP,6606a117b69adad3816f
Norrbotten,Storsaivis-Suobbats fvof,Tjalmebieljávrre,Sjö,NB-STRUCT:37d0d1fe157238db6270a6c1,UNRESOLVED,Saknar artunderlag,KÄLLGAP,0c0f302615b660f9ffb7
Norrbotten,Storsaivis-Suobbats fvof,Vitån,Vattendrag,NB-STRUCT:3eab9b9c3930cc642a19ae9b,UNRESOLVED,Saknar artunderlag,KÄLLGAP,58de447eb4842cb7f4ac
Norrbotten,Storsaivis-Suobbats fvof,Årjekvaretjärnen,Sjö,NB-STRUCT:9e4309a955d3a9f1ce386db8,UNRESOLVED,Saknar artunderlag,KÄLLGAP,d0ca3f957cf52bcba7a3
Norrbotten,Suaningi fvof,Alavuomanjärvi,Sjö,NB-STRUCT:51fe7f5bff57ffde67cae71d,LÄNSGRANSKAD – Fiskekartan-struktur verifierad; vattenunikt artbelägg saknas,Namngiven vatten–FVO-koppling inom Fiskekartans strukturella tak; inga områdesarter generaliserade.,FVO-OMRÅDE,e3050a3c94cbd1815a79
Norrbotten,Suaningi fvof,Pirttiniemenjoki,Vattendrag,NB-STRUCT:77241d7d6c66b0b9d10d14d0,LÄNSGRANSKAD – Fiskekartan-struktur verifierad; vattenunikt artbelägg saknas,Namngiven vatten–FVO-koppling inom Fiskekartans strukturella tak; inga områdesarter generaliserade.,FVO-OMRÅDE,42231dee989cc70b94c7
Norrbotten,Suaningi fvof,Saukkoriipinjärvi,Sjö,NB-STRUCT:fa71287c1cb0d2a8b3a2bb91,LÄNSGRANSKAD – Fiskekartan-struktur verifierad; vattenunikt artbelägg saknas,Namngiven vatten–FVO-koppling inom Fiskekartans strukturella tak; inga områdesarter generaliserade.,FVO-OMRÅDE,9ac570edeb585a6d214e
Norrbotten,Suaningi fvof,Suaninkijärvi,Sjö,NB-STRUCT:3311f803f75175775d5ed164,LÄNSGRANSKAD – Fiskekartan-struktur verifierad; vattenunikt artbelägg saknas,Namngiven vatten–FVO-koppling inom Fiskekartans strukturella tak; inga områdesarter generaliserade.,FVO-OMRÅDE,45d3be161c82447e50dc
Norrbotten,Sveaskog Fiske Nord (Norrbotten),Abborrgrubban,Sjö,NB-STRUCT:6bfde1566be50eafcde6e6b1,LÄNSGRANSKAD – Fiskekartan-struktur verifierad; vattenunikt artbelägg saknas,Namngiven vatten–FVO-koppling inom Fiskekartans strukturella tak; inga områdesarter generaliserade.,FVO-OMRÅDE,24e521c3f420d2051622
Norrbotten,Sveaskog Fiske Nord (Norrbotten),Abborrtjärnbäcken,Vattendrag,NB-STRUCT:2c29a1ebabd5cfdda7e7aa73,LÄNSGRANSKAD – Fiskekartan-struktur verifierad; vattenunikt artbelägg saknas,Namngiven vatten–FVO-koppling inom Fiskekartans strukturella tak; inga områdesarter generaliserade.,FVO-OMRÅDE,bc3b6db15a1a50986a92
Norrbotten,Sveaskog Fiske Nord (Norrbotten),Abborrtjärnen,Sjö,NB-STRUCT:1d50f8ddfa674f0d2299a658,LÄNSGRANSKAD – Fiskekartan-struktur verifierad; vattenunikt artbelägg saknas,Namngiven vatten–FVO-koppling inom Fiskekartans strukturella tak; inga områdesarter generaliserade.,FVO-OMRÅDE,96ed1f6fc5dce9e999ae
Norrbotten,Sveaskog Fiske Nord (Norrbotten),Abborrträsket,Sjö,NB-STRUCT:a7a20ca04f70da3f71714e0a,LÄNSGRANSKAD – Fiskekartan-struktur verifierad; vattenunikt artbelägg saknas,Namngiven vatten–FVO-koppling inom Fiskekartans strukturella tak; inga områdesarter generaliserade.,FVO-OMRÅDE,0667ee5da85583c17b68
Norrbotten,Sveaskog Fiske Nord (Norrbotten),Abmoälven,Vattendrag,NB-STRUCT:1da30a21d4e48bca235919b4,LÄNSGRANSKAD – Fiskekartan-struktur verifierad; vattenunikt artbelägg saknas,Namngiven vatten–FVO-koppling inom Fiskekartans strukturella tak; inga områdesarter generaliserade.,FVO-OMRÅDE,23618c7e1200630d4cb0
Norrbotten,Sveaskog Fiske Nord (Norrbotten),Abramsån,Vattendrag,NB-STRUCT:1c224df71df9d3828b84829d,LÄNSGRANSKAD – Fiskekartan-struktur verifierad; vattenunikt artbelägg saknas,Namngiven vatten–FVO-koppling inom Fiskekartans strukturella tak; inga områdesarter generaliserade.,FVO-OMRÅDE,bdc0da0570294f31b8a4
Norrbotten,Sveaskog Fiske Nord (Norrbotten),Abraure,Sjö,NB-STRUCT:bbde5d83f153f400faa19797,LÄNSGRANSKAD – Fiskekartan-struktur verifierad; vattenunikt artbelägg saknas,Namngiven vatten–FVO-koppling inom Fiskekartans strukturella tak; inga områdesarter generaliserade.,FVO-OMRÅDE,e403263792affa81bacc
Norrbotten,Sveaskog Fiske Nord (Norrbotten),Ackjeselet,Sjö,NB-STRUCT:41dd6238380d5e5ba210ced0,LÄNSGRANSKAD – Fiskekartan-struktur verifierad; vattenunikt artbelägg saknas,Namngiven vatten–FVO-koppling inom Fiskekartans strukturella tak; inga områdesarter generaliserade.,FVO-OMRÅDE,bc60705e97e56394947f
Norrbotten,Sveaskog Fiske Nord (Norrbotten),Akkajaure,Sjö,NB-STRUCT:7a0ebf856ebbf75223ef777f,LÄNSGRANSKAD – Fiskekartan-struktur verifierad; vattenunikt artbelägg saknas,Namngiven vatten–FVO-koppling inom Fiskekartans strukturella tak; inga områdesarter generaliserade.,FVO-OMRÅDE,e83aed73f3aa415421d8
Norrbotten,Sveaskog Fiske Nord (Norrbotten),Akkajärvi,Sjö,NB-STRUCT:4687fba2f2dab738f51d61cb,LÄNSGRANSKAD – Fiskekartan-struktur verifierad; vattenunikt artbelägg saknas,Namngiven vatten–FVO-koppling inom Fiskekartans strukturella tak; inga områdesarter generaliserade.,FVO-OMRÅDE,df0a0808229b464e2588
Norrbotten,Sveaskog Fiske Nord (Norrbotten),Alanen Kihlankijoki,Vattendrag,NB-STRUCT:8fe3a2e18bed8d34c9e69974,LÄNSGRANSKAD – Fiskekartan-struktur verifierad; vattenunikt artbelägg saknas,Namngiven vatten–FVO-koppling inom Fiskekartans strukturella tak; inga områdesarter generaliserade.,FVO-OMRÅDE,580aa8e6a67977ef3875
Norrbotten,Sveaskog Fiske Nord (Norrbotten),Alanenjärvi,Sjö,NB-STRUCT:2297e6ad3209227b40af0ab8,LÄNSGRANSKAD – Fiskekartan-struktur verifierad; vattenunikt artbelägg saknas,Namngiven vatten–FVO-koppling inom Fiskekartans strukturella tak; inga områdesarter generaliserade.,FVO-OMRÅDE,96c9cf08892d70e8850c
Norrbotten,Sveaskog Fiske Nord (Norrbotten),Alkusjärvi,Sjö,NB-STRUCT:a7bfd7075317d172e712a62b,LÄNSGRANSKAD – Fiskekartan-struktur verifierad; vattenunikt artbelägg saknas,Namngiven vatten–FVO-koppling inom Fiskekartans strukturella tak; inga områdesarter generaliserade.,FVO-OMRÅDE,7e80e1b62f7e1dac1b95
Norrbotten,Sveaskog Fiske Nord (Norrbotten),Alterälven,Vattendrag,NB-STRUCT:0bbac915137dedc6715acf4b,LÄNSGRANSKAD – Fiskekartan-struktur verifierad; vattenunikt artbelägg saknas,Namngiven vatten–FVO-koppling inom Fiskekartans strukturella tak; inga områdesarter generaliserade.,FVO-OMRÅDE,5cfe97d77a2afecdb451
Norrbotten,Sveaskog Fiske Nord (Norrbotten),Alån,Vattendrag,NB-STRUCT:e0a172f1783c69aa053eb7be,LÄNSGRANSKAD – Fiskekartan-struktur verifierad; vattenunikt artbelägg saknas,Namngiven vatten–FVO-koppling inom Fiskekartans strukturella tak; inga områdesarter generaliserade.,FVO-OMRÅDE,5ea7752da46b4b93e248
Norrbotten,Sveaskog Fiske Nord (Norrbotten),Amasjärvi,Sjö,NB-STRUCT:3e2ec5f442aacde787e35f85,LÄNSGRANSKAD – Fiskekartan-struktur verifierad; vattenunikt artbelägg saknas,Namngiven vatten–FVO-koppling inom Fiskekartans strukturella tak; inga områdesarter generaliserade.,FVO-OMRÅDE,fb5d0a3a3f274d4f1113
Norrbotten,Sveaskog Fiske Nord (Norrbotten),Anderstjärnen,Sjö,NB-STRUCT:c4757c2cf988f55c76da1fdf,LÄNSGRANSKAD – Fiskekartan-struktur verifierad; vattenunikt artbelägg saknas,Namngiven vatten–FVO-koppling inom Fiskekartans strukturella tak; inga områdesarter generaliserade.,FVO-OMRÅDE,867d4cb5d14a6b247240
Norrbotten,Sveaskog Fiske Nord (Norrbotten),Anna-Erikatjärnen,Sjö,NB-STRUCT:c0eec735c553d2c12ea36b7b,LÄNSGRANSKAD – Fiskekartan-struktur verifierad; vattenunikt artbelägg saknas,Namngiven vatten–FVO-koppling inom Fiskekartans strukturella tak; inga områdesarter generaliserade.,FVO-OMRÅDE,932ede0f150477899500
Norrbotten,Sveaskog Fiske Nord (Norrbotten),Anna-Lisabäcken,Vattendrag,NB-STRUCT:d06dddddcb3f2933b14254cd,LÄNSGRANSKAD – Fiskekartan-struktur verifierad; vattenunikt artbelägg saknas,Namngiven vatten–FVO-koppling inom Fiskekartans strukturella tak; inga områdesarter generaliserade.,FVO-OMRÅDE,1bfbd14aadbd7777cf99
Norrbotten,Sveaskog Fiske Nord (Norrbotten),Annajärvi,Sjö,NB-STRUCT:340b0284584e519cd143f3f3,LÄNSGRANSKAD – Fiskekartan-struktur verifierad; vattenunikt artbelägg saknas,Namngiven vatten–FVO-koppling inom Fiskekartans strukturella tak; inga områdesarter generaliserade.,FVO-OMRÅDE,e984a5dbbfbaf2d40ea4
Norrbotten,Sveaskog Fiske Nord (Norrbotten),Antajaure,Sjö,NB-STRUCT:9701bbd09b1e75bbd2c410ce,LÄNSGRANSKAD – Fiskekartan-struktur verifierad; vattenunikt artbelägg saknas,Namngiven vatten–FVO-koppling inom Fiskekartans strukturella tak; inga områdesarter generaliserade.,FVO-OMRÅDE,e3e79094049ebd5dd642
Norrbotten,Sveaskog Fiske Nord (Norrbotten),Ardnas Jaure,Sjö,NB-STRUCT:8920a01c8f2c5bf4d5f91ae2,LÄNSGRANSKAD – Fiskekartan-struktur verifierad; vattenunikt artbelägg saknas,Namngiven vatten–FVO-koppling inom Fiskekartans strukturella tak; inga områdesarter generaliserade.,FVO-OMRÅDE,a7800cf25acbbd912b67
Norrbotten,Sveaskog Fiske Nord (Norrbotten),Arpatsbäcken,Vattendrag,NB-STRUCT:fa3050344f1200831b04600e,LÄNSGRANSKAD – Fiskekartan-struktur verifierad; vattenunikt artbelägg saknas,Namngiven vatten–FVO-koppling inom Fiskekartans strukturella tak; inga områdesarter generaliserade.,FVO-OMRÅDE,1aaee2a4d01c2e510be9
Norrbotten,Sveaskog Fiske Nord (Norrbotten),Arvidsjaursjön,Sjö,NB-STRUCT:b73a889bd50c29ca12bd93e9,LÄNSGRANSKAD – Fiskekartan-struktur verifierad; vattenunikt artbelägg saknas,Namngiven vatten–FVO-koppling inom Fiskekartans strukturella tak; inga områdesarter generaliserade.,FVO-OMRÅDE,377041b240d69091516b
Norrbotten,Sveaskog Fiske Nord (Norrbotten),Avan,Sjö,NB-STRUCT:4dcf19987717e0db33608077,LÄNSGRANSKAD – Fiskekartan-struktur verifierad; vattenunikt artbelägg saknas,Namngiven vatten–FVO-koppling inom Fiskekartans strukturella tak; inga områdesarter generaliserade.,FVO-OMRÅDE,b9bcfa463c39429ce633
Norrbotten,Sveaskog Fiske Nord (Norrbotten),Avaträsket,Sjö,NB-STRUCT:d0f157abf70d3644f7dbffd3,LÄNSGRANSKAD – Fiskekartan-struktur verifierad; vattenunikt artbelägg saknas,Namngiven vatten–FVO-koppling inom Fiskekartans strukturella tak; inga områdesarter generaliserade.,FVO-OMRÅDE,fa41a5fb3df6c0435fe0
Norrbotten,Sveaskog Fiske Nord (Norrbotten),Baktsjaure,Sjö,NB-STRUCT:9aa4da53571d5560b7874c40,LÄNSGRANSKAD – Fiskekartan-struktur verifierad; vattenunikt artbelägg saknas,Namngiven vatten–FVO-koppling inom Fiskekartans strukturella tak; inga områdesarter generaliserade.,FVO-OMRÅDE,ce0e723a1f555807db0f
Norrbotten,Sveaskog Fiske Nord (Norrbotten),Bastaträsket,Sjö,NB-STRUCT:9cae5014b3251253538e747a,LÄNSGRANSKAD – Fiskekartan-struktur verifierad; vattenunikt artbelägg saknas,Namngiven vatten–FVO-koppling inom Fiskekartans strukturella tak; inga områdesarter generaliserade.,FVO-OMRÅDE,3e1b1068018e2fac857a
Norrbotten,Sveaskog Fiske Nord (Norrbotten),Bastuselskanalen,Vattendrag,NB-STRUCT:c89219d8af455c12ea215c84,LÄNSGRANSKAD – Fiskekartan-struktur verifierad; vattenunikt artbelägg saknas,Namngiven vatten–FVO-koppling inom Fiskekartans strukturella tak; inga områdesarter generaliserade.,FVO-OMRÅDE,62751abeaf5415d09b44
Norrbotten,Sveaskog Fiske Nord (Norrbotten),Bastuträsket,Sjö,NB-STRUCT:44b99e81fcfa4e74a9df6d0f,LÄNSGRANSKAD – Fiskekartan-struktur verifierad; vattenunikt artbelägg saknas,Namngiven vatten–FVO-koppling inom Fiskekartans strukturella tak; inga områdesarter generaliserade.,FVO-OMRÅDE,ad2b728b55f8621fa1fa
Norrbotten,Sveaskog Fiske Nord (Norrbotten),Beivurbäcken,Vattendrag,NB-STRUCT:504ee9b531395632600da917,LÄNSGRANSKAD – Fiskekartan-struktur verifierad; vattenunikt artbelägg saknas,Namngiven vatten–FVO-koppling inom Fiskekartans strukturella tak; inga områdesarter generaliserade.,FVO-OMRÅDE,20daa4db920bc5d517b5
Norrbotten,Sveaskog Fiske Nord (Norrbotten),Beivurluobbal,Sjö,NB-STRUCT:6137e4e23025bce87071f816,LÄNSGRANSKAD – Fiskekartan-struktur verifierad; vattenunikt artbelägg saknas,Namngiven vatten–FVO-koppling inom Fiskekartans strukturella tak; inga områdesarter generaliserade.,FVO-OMRÅDE,4302d2078b06e130fdf4
Norrbotten,Sveaskog Fiske Nord (Norrbotten),Bergbäcken,Vattendrag,NB-STRUCT:9290fe7667ba6f58dccede60,LÄNSGRANSKAD – Fiskekartan-struktur verifierad; vattenunikt artbelägg saknas,Namngiven vatten–FVO-koppling inom Fiskekartans strukturella tak; inga områdesarter generaliserade.,FVO-OMRÅDE,ce720c00bfd0c0461308
Norrbotten,Sveaskog Fiske Nord (Norrbotten),Bergmyrtjärnen,Sjö,NB-STRUCT:06060740f581497b5df4eaa8,LÄNSGRANSKAD – Fiskekartan-struktur verifierad; vattenunikt artbelägg saknas,Namngiven vatten–FVO-koppling inom Fiskekartans strukturella tak; inga områdesarter generaliserade.,FVO-OMRÅDE,fb743cc48a042b53c835
Norrbotten,Sveaskog Fiske Nord (Norrbotten),Bergtjärnen,Sjö,NB-STRUCT:525c87af6fa1455b05b0b390,LÄNSGRANSKAD – Fiskekartan-struktur verifierad; vattenunikt artbelägg saknas,Namngiven vatten–FVO-koppling inom Fiskekartans strukturella tak; inga områdesarter generaliserade.,FVO-OMRÅDE,aa68ec71d4155cb1bfe8
Norrbotten,Sveaskog Fiske Nord (Norrbotten),Bergträsket,Sjö,NB-STRUCT:0fed5b5e06b73d2aa4c79753,LÄNSGRANSKAD – Fiskekartan-struktur verifierad; vattenunikt artbelägg saknas,Namngiven vatten–FVO-koppling inom Fiskekartans strukturella tak; inga områdesarter generaliserade.,FVO-OMRÅDE,461956b3ff77bd59a730
Norrbotten,Sveaskog Fiske Nord (Norrbotten),Bergträsktjärnen,Sjö,NB-STRUCT:8a90a2bae78e15df2deb86fb,LÄNSGRANSKAD – Fiskekartan-struktur verifierad; vattenunikt artbelägg saknas,Namngiven vatten–FVO-koppling inom Fiskekartans strukturella tak; inga områdesarter generaliserade.,FVO-OMRÅDE,74bb715f20827a9e741d
Norrbotten,Sveaskog Fiske Nord (Norrbotten),Beäjvvureluobbale,Sjö,NB-STRUCT:51fc6374a1a4a84397a73cab,LÄNSGRANSKAD – Fiskekartan-struktur verifierad; vattenunikt artbelägg saknas,Namngiven vatten–FVO-koppling inom Fiskekartans strukturella tak; inga områdesarter generaliserade.,FVO-OMRÅDE,351d595a6258a596e363
Norrbotten,Sveaskog Fiske Nord (Norrbotten),Bihtámädno,Vattendrag,NB-STRUCT:245eb50e6f81e77dd13c22a5,LÄNSGRANSKAD – Fiskekartan-struktur verifierad; vattenunikt artbelägg saknas,Namngiven vatten–FVO-koppling inom Fiskekartans strukturella tak; inga områdesarter generaliserade.,FVO-OMRÅDE,037c6fd4274e359a963b
Norrbotten,Sveaskog Fiske Nord (Norrbotten),Bijus,Sjö,NB-STRUCT:fa0d5e1f30d6b2355afd5919,LÄNSGRANSKAD – Fiskekartan-struktur verifierad; vattenunikt artbelägg saknas,Namngiven vatten–FVO-koppling inom Fiskekartans strukturella tak; inga områdesarter generaliserade.,FVO-OMRÅDE,488ba84591ef1c31f8aa
Norrbotten,Sveaskog Fiske Nord (Norrbotten),Bjässtjärnen,Sjö,NB-STRUCT:5300b80cce5ff7fedbb25344,LÄNSGRANSKAD – Fiskekartan-struktur verifierad; vattenunikt artbelägg saknas,Namngiven vatten–FVO-koppling inom Fiskekartans strukturella tak; inga områdesarter generaliserade.,FVO-OMRÅDE,68de7712c8fe720677a4
Norrbotten,Sveaskog Fiske Nord (Norrbotten),Björkbäcken,Vattendrag,NB-STRUCT:592af758b32b0c7f09907b57,LÄNSGRANSKAD – Fiskekartan-struktur verifierad; vattenunikt artbelägg saknas,Namngiven vatten–FVO-koppling inom Fiskekartans strukturella tak; inga områdesarter generaliserade.,FVO-OMRÅDE,720fd866eae51ff0234f
Norrbotten,Sveaskog Fiske Nord (Norrbotten),Björklidselet,Sjö,NB-STRUCT:bca795829af46ef9f1e4961a,LÄNSGRANSKAD – Fiskekartan-struktur verifierad; vattenunikt artbelägg saknas,Namngiven vatten–FVO-koppling inom Fiskekartans strukturella tak; inga områdesarter generaliserade.,FVO-OMRÅDE,06448eee5d27b833986f
Norrbotten,Sveaskog Fiske Nord (Norrbotten),Björklidtjärnen,Sjö,NB-STRUCT:d9fe71be37fa8512ba34b105,LÄNSGRANSKAD – Fiskekartan-struktur verifierad; vattenunikt artbelägg saknas,Namngiven vatten–FVO-koppling inom Fiskekartans strukturella tak; inga områdesarter generaliserade.,FVO-OMRÅDE,60751a39dbb84f06d5e0
Norrbotten,Sveaskog Fiske Nord (Norrbotten),Björkselet,Vattendrag,NB-STRUCT:39df49f121d2f2401cdf9b21,LÄNSGRANSKAD – Fiskekartan-struktur verifierad; vattenunikt artbelägg saknas,Namngiven vatten–FVO-koppling inom Fiskekartans strukturella tak; inga områdesarter generaliserade.,FVO-OMRÅDE,8bf47902ceec4a194c0e
Norrbotten,Sveaskog Fiske Nord (Norrbotten),Björkådammet,Sjö,NB-STRUCT:c881243dd86c07a87e9e761c,LÄNSGRANSKAD – Fiskekartan-struktur verifierad; vattenunikt artbelägg saknas,Namngiven vatten–FVO-koppling inom Fiskekartans strukturella tak; inga områdesarter generaliserade.,FVO-OMRÅDE,c2487003139e0aeea2bc
Norrbotten,Sveaskog Fiske Nord (Norrbotten),Björkån,Vattendrag,NB-STRUCT:94110f2240318137062dde76,LÄNSGRANSKAD – Fiskekartan-struktur verifierad; vattenunikt artbelägg saknas,Namngiven vatten–FVO-koppling inom Fiskekartans strukturella tak; inga områdesarter generaliserade.,FVO-OMRÅDE,22161faad7fa9ccd5989
Norrbotten,Sveaskog Fiske Nord (Norrbotten),Björnbergstjärnen,Sjö,NB-STRUCT:39d2fa9adb7661a333851751,LÄNSGRANSKAD – Fiskekartan-struktur verifierad; vattenunikt artbelägg saknas,Namngiven vatten–FVO-koppling inom Fiskekartans strukturella tak; inga områdesarter generaliserade.,FVO-OMRÅDE,beba8ab532d2412f4473
Norrbotten,Sveaskog Fiske Nord (Norrbotten),Björnbergsträskbäcken,Vattendrag,NB-STRUCT:a4e647ad36911b432e55b97e,LÄNSGRANSKAD – Fiskekartan-struktur verifierad; vattenunikt artbelägg saknas,Namngiven vatten–FVO-koppling inom Fiskekartans strukturella tak; inga områdesarter generaliserade.,FVO-OMRÅDE,bab4340d5de678926e0f
Norrbotten,Sveaskog Fiske Nord (Norrbotten),Björnbergsträsket,Sjö,NB-STRUCT:9d856a18e367cd48bf75f730,LÄNSGRANSKAD – Fiskekartan-struktur verifierad; vattenunikt artbelägg saknas,Namngiven vatten–FVO-koppling inom Fiskekartans strukturella tak; inga områdesarter generaliserade.,FVO-OMRÅDE,c1a2c27ff5429485ea7a
Norrbotten,Sveaskog Fiske Nord (Norrbotten),Björntjärnen,Sjö,NB-STRUCT:dfadab7dda880378b74756b3,LÄNSGRANSKAD – Fiskekartan-struktur verifierad; vattenunikt artbelägg saknas,Namngiven vatten–FVO-koppling inom Fiskekartans strukturella tak; inga områdesarter generaliserade.,FVO-OMRÅDE,1339156de7c6eeac11a3
Norrbotten,Sveaskog Fiske Nord (Norrbotten),Bladtjärnen,Sjö,NB-STRUCT:e83ac76b3e02e73febc09334,LÄNSGRANSKAD – Fiskekartan-struktur verifierad; vattenunikt artbelägg saknas,Namngiven vatten–FVO-koppling inom Fiskekartans strukturella tak; inga områdesarter generaliserade.,FVO-OMRÅDE,0df94c0cb35515b5f8d6
Norrbotten,Sveaskog Fiske Nord (Norrbotten),Blekingsbäcken,Vattendrag,NB-STRUCT:d503b6f70042bae078adf64f,LÄNSGRANSKAD – Fiskekartan-struktur verifierad; vattenunikt artbelägg saknas,Namngiven vatten–FVO-koppling inom Fiskekartans strukturella tak; inga områdesarter generaliserade.,FVO-OMRÅDE,97d482f76880c090a473
Norrbotten,Sveaskog Fiske Nord (Norrbotten),Blieđik,Sjö,NB-STRUCT:a1035fb922d026353b16f3dc,LÄNSGRANSKAD – Fiskekartan-struktur verifierad; vattenunikt artbelägg saknas,Namngiven vatten–FVO-koppling inom Fiskekartans strukturella tak; inga områdesarter generaliserade.,FVO-OMRÅDE,f387be728e767dc4e07f
Norrbotten,Sveaskog Fiske Nord (Norrbotten),Blisterbäcken,Vattendrag,NB-STRUCT:57358acf7dbe3e920fdc5f2e,LÄNSGRANSKAD – Fiskekartan-struktur verifierad; vattenunikt artbelägg saknas,Namngiven vatten–FVO-koppling inom Fiskekartans strukturella tak; inga områdesarter generaliserade.,FVO-OMRÅDE,6b4bbd0afe880229a5b3
Norrbotten,Sveaskog Fiske Nord (Norrbotten),Bodtjärnen,Sjö,NB-STRUCT:ae06e0df107aeb3c6b481187,LÄNSGRANSKAD – Fiskekartan-struktur verifierad; vattenunikt artbelägg saknas,Namngiven vatten–FVO-koppling inom Fiskekartans strukturella tak; inga områdesarter generaliserade.,FVO-OMRÅDE,43e2920f32a1d9cf24b1
Norrbotten,Sveaskog Fiske Nord (Norrbotten),Bodträskån,Vattendrag,NB-STRUCT:413155ce3306e5be9521f0e8,LÄNSGRANSKAD – Fiskekartan-struktur verifierad; vattenunikt artbelägg saknas,Namngiven vatten–FVO-koppling inom Fiskekartans strukturella tak; inga områdesarter generaliserade.,FVO-OMRÅDE,144171cb3313a05dcdd3
Norrbotten,Sveaskog Fiske Nord (Norrbotten),Bodån,Vattendrag,NB-STRUCT:f58f8568c5e7cf023e3550be,LÄNSGRANSKAD – Fiskekartan-struktur verifierad; vattenunikt artbelägg saknas,Namngiven vatten–FVO-koppling inom Fiskekartans strukturella tak; inga områdesarter generaliserade.,FVO-OMRÅDE,61b0e483d9da76915c5e
Norrbotten,Sveaskog Fiske Nord (Norrbotten),Bollniktjärnen,Sjö,NB-STRUCT:27de49d0c82c8cd07b9ed789,LÄNSGRANSKAD – Fiskekartan-struktur verifierad; vattenunikt artbelägg saknas,Namngiven vatten–FVO-koppling inom Fiskekartans strukturella tak; inga områdesarter generaliserade.,FVO-OMRÅDE,0d3307372c7e1ebfde38
Norrbotten,Sveaskog Fiske Nord (Norrbotten),Bonabäcken,Vattendrag,NB-STRUCT:0882151a98c0c093d6e07a3a,LÄNSGRANSKAD – Fiskekartan-struktur verifierad; vattenunikt artbelägg saknas,Namngiven vatten–FVO-koppling inom Fiskekartans strukturella tak; inga områdesarter generaliserade.,FVO-OMRÅDE,c5005cd24087e285ccb3
Norrbotten,Sveaskog Fiske Nord (Norrbotten),Borgforsälven,Vattendrag,NB-STRUCT:d98ae88e410aa748ad8cf6f9,LÄNSGRANSKAD – Fiskekartan-struktur verifierad; vattenunikt artbelägg saknas,Namngiven vatten–FVO-koppling inom Fiskekartans strukturella tak; inga områdesarter generaliserade.,FVO-OMRÅDE,77a384bbf4db1e4c9a40
Norrbotten,Sveaskog Fiske Nord (Norrbotten),Bredselet,Sjö,NB-STRUCT:5b48761b80ea43d9b1bc6e59,LÄNSGRANSKAD – Fiskekartan-struktur verifierad; vattenunikt artbelägg saknas,Namngiven vatten–FVO-koppling inom Fiskekartans strukturella tak; inga områdesarter generaliserade.,FVO-OMRÅDE,90a44f32055b55ef3649
Norrbotten,Sveaskog Fiske Nord (Norrbotten),Bredträskbäcken,Vattendrag,NB-STRUCT:6acbe7c59497019d79de7808,LÄNSGRANSKAD – Fiskekartan-struktur verifierad; vattenunikt artbelägg saknas,Namngiven vatten–FVO-koppling inom Fiskekartans strukturella tak; inga områdesarter generaliserade.,FVO-OMRÅDE,03a929648572054b3694
Norrbotten,Sveaskog Fiske Nord (Norrbotten),Bredträsket,Sjö,NB-STRUCT:2fa4bebcabcfdf99c466db67,LÄNSGRANSKAD – Fiskekartan-struktur verifierad; vattenunikt artbelägg saknas,Namngiven vatten–FVO-koppling inom Fiskekartans strukturella tak; inga områdesarter generaliserade.,FVO-OMRÅDE,26ddcacd27cf491f72bb
Norrbotten,Sveaskog Fiske Nord (Norrbotten),Bredåkerstjärnen,Sjö,NB-STRUCT:9e27a3e734553bcff03236d9,LÄNSGRANSKAD – Fiskekartan-struktur verifierad; vattenunikt artbelägg saknas,Namngiven vatten–FVO-koppling inom Fiskekartans strukturella tak; inga områdesarter generaliserade.,FVO-OMRÅDE,4cc1955f3786b722b603
Norrbotten,Sveaskog Fiske Nord (Norrbotten),Brunträsket,Sjö,NB-STRUCT:d861a44b46ee9194b8109454,LÄNSGRANSKAD – Fiskekartan-struktur verifierad; vattenunikt artbelägg saknas,Namngiven vatten–FVO-koppling inom Fiskekartans strukturella tak; inga områdesarter generaliserade.,FVO-OMRÅDE,965a6badfbe680792f37
Norrbotten,Sveaskog Fiske Nord (Norrbotten),Bruskonjaure,Sjö,NB-STRUCT:e267290473a1037ba4bab8cc,LÄNSGRANSKAD – Fiskekartan-struktur verifierad; vattenunikt artbelägg saknas,Namngiven vatten–FVO-koppling inom Fiskekartans strukturella tak; inga områdesarter generaliserade.,FVO-OMRÅDE,b58bcc1ff9d1e82cdc98
Norrbotten,Sveaskog Fiske Nord (Norrbotten),Brändån,Vattendrag,NB-STRUCT:fadda092aeb1a9a3f78c7893,LÄNSGRANSKAD – Fiskekartan-struktur verifierad; vattenunikt artbelägg saknas,Namngiven vatten–FVO-koppling inom Fiskekartans strukturella tak; inga områdesarter generaliserade.,FVO-OMRÅDE,242388d23a1d837cb2b4
Norrbotten,Sveaskog Fiske Nord (Norrbotten),Bränntjärnen,Sjö,NB-STRUCT:caa87d7b878ee6128a59f236,LÄNSGRANSKAD – Fiskekartan-struktur verifierad; vattenunikt artbelägg saknas,Namngiven vatten–FVO-koppling inom Fiskekartans strukturella tak; inga områdesarter generaliserade.,FVO-OMRÅDE,1ce90d1cd14de65d58f2
Norrbotten,Sveaskog Fiske Nord (Norrbotten),Brännträsket,Sjö,NB-STRUCT:14457b529684ca9c842c9376,LÄNSGRANSKAD – Fiskekartan-struktur verifierad; vattenunikt artbelägg saknas,Namngiven vatten–FVO-koppling inom Fiskekartans strukturella tak; inga områdesarter generaliserade.,FVO-OMRÅDE,bb08613bef0dbe549368
Norrbotten,Sveaskog Fiske Nord (Norrbotten),Bröträskbäcken,Vattendrag,NB-STRUCT:c7a76d30635d7d5baa04717a,LÄNSGRANSKAD – Fiskekartan-struktur verifierad; vattenunikt artbelägg saknas,Namngiven vatten–FVO-koppling inom Fiskekartans strukturella tak; inga områdesarter generaliserade.,FVO-OMRÅDE,3ddd1803ccb78104366b
Norrbotten,Sveaskog Fiske Nord (Norrbotten),Byskeselet,Vattendrag,NB-STRUCT:0bfc020df18e446a266631e3,LÄNSGRANSKAD – Fiskekartan-struktur verifierad; vattenunikt artbelägg saknas,Namngiven vatten–FVO-koppling inom Fiskekartans strukturella tak; inga områdesarter generaliserade.,FVO-OMRÅDE,0bb5a6dbd2f4536290cc
Norrbotten,Sveaskog Fiske Nord (Norrbotten),Byskeälven,Vattendrag,NB-STRUCT:241f75fea76ed6c836e90032,LÄNSGRANSKAD – Fiskekartan-struktur verifierad; vattenunikt artbelägg saknas,Namngiven vatten–FVO-koppling inom Fiskekartans strukturella tak; inga områdesarter generaliserade.,FVO-OMRÅDE,22405d5e8cc7a8aa4c42
Norrbotten,Sveaskog Fiske Nord (Norrbotten),Bänkerträsket,Sjö,NB-STRUCT:c849bcbf1b5ab5ef34f34138,LÄNSGRANSKAD – Fiskekartan-struktur verifierad; vattenunikt artbelägg saknas,Namngiven vatten–FVO-koppling inom Fiskekartans strukturella tak; inga områdesarter generaliserade.,FVO-OMRÅDE,4ae9fdfd53be599a5898
Norrbotten,Sveaskog Fiske Nord (Norrbotten),Bålkajaure,Sjö,NB-STRUCT:772af57c113d85d270f65c53,LÄNSGRANSKAD – Fiskekartan-struktur verifierad; vattenunikt artbelägg saknas,Namngiven vatten–FVO-koppling inom Fiskekartans strukturella tak; inga områdesarter generaliserade.,FVO-OMRÅDE,9b79db3a1e70454d3845
Norrbotten,Sveaskog Fiske Nord (Norrbotten),Bålkajuhka,Vattendrag,NB-STRUCT:96ad0836ce0f19464d95cf1c,LÄNSGRANSKAD – Fiskekartan-struktur verifierad; vattenunikt artbelägg saknas,Namngiven vatten–FVO-koppling inom Fiskekartans strukturella tak; inga områdesarter generaliserade.,FVO-OMRÅDE,30b693baff966d209315
Norrbotten,Sveaskog Fiske Nord (Norrbotten),Båtsaströmmen,Vattendrag,NB-STRUCT:b3ff3d5b5a48cf9c92661771,LÄNSGRANSKAD – Fiskekartan-struktur verifierad; vattenunikt artbelägg saknas,Namngiven vatten–FVO-koppling inom Fiskekartans strukturella tak; inga områdesarter generaliserade.,FVO-OMRÅDE,55fa2b3ee6243d0a7d99
Norrbotten,Sveaskog Fiske Nord (Norrbotten),Börstträsket,Sjö,NB-STRUCT:a7852eca5ad8c37a126eb841,LÄNSGRANSKAD – Fiskekartan-struktur verifierad; vattenunikt artbelägg saknas,Namngiven vatten–FVO-koppling inom Fiskekartans strukturella tak; inga områdesarter generaliserade.,FVO-OMRÅDE,5716648d7a1c7fec4fa9
Norrbotten,Sveaskog Fiske Nord (Norrbotten),Dalkåtabäcken,Vattendrag,NB-STRUCT:a5ae14dab4cf9b9205559614,LÄNSGRANSKAD – Fiskekartan-struktur verifierad; vattenunikt artbelägg saknas,Namngiven vatten–FVO-koppling inom Fiskekartans strukturella tak; inga områdesarter generaliserade.,FVO-OMRÅDE,41613b0a363fef4b8e0a
Norrbotten,Sveaskog Fiske Nord (Norrbotten),Daltjärnen,Sjö,NB-STRUCT:e7d39110706f09aea83fa671,LÄNSGRANSKAD – Fiskekartan-struktur verifierad; vattenunikt artbelägg saknas,Namngiven vatten–FVO-koppling inom Fiskekartans strukturella tak; inga områdesarter generaliserade.,FVO-OMRÅDE,8cb258af1e0fd9b35071
Norrbotten,Sveaskog Fiske Nord (Norrbotten),Degerträsket,Sjö,NB-STRUCT:76844ef0fc907f56af6e96ed,LÄNSGRANSKAD – Fiskekartan-struktur verifierad; vattenunikt artbelägg saknas,Namngiven vatten–FVO-koppling inom Fiskekartans strukturella tak; inga områdesarter generaliserade.,FVO-OMRÅDE,d51fe02f6777f9504cde
Norrbotten,Sveaskog Fiske Nord (Norrbotten),Dellaure,Sjö,NB-STRUCT:5bc96e97a335d1c227b66850,LÄNSGRANSKAD – Fiskekartan-struktur verifierad; vattenunikt artbelägg saknas,Namngiven vatten–FVO-koppling inom Fiskekartans strukturella tak; inga områdesarter generaliserade.,FVO-OMRÅDE,adb00bf68be17e6ac041
Norrbotten,Sveaskog Fiske Nord (Norrbotten),Dippajaure,Sjö,NB-STRUCT:7b60d1bf4f7cdf57d02be7ea,LÄNSGRANSKAD – Fiskekartan-struktur verifierad; vattenunikt artbelägg saknas,Namngiven vatten–FVO-koppling inom Fiskekartans strukturella tak; inga områdesarter generaliserade.,FVO-OMRÅDE,7aafbc112164bddd24f8
Norrbotten,Sveaskog Fiske Nord (Norrbotten),Djupbäcken,Vattendrag,NB-STRUCT:277c134cbd4ed2b30eeb41eb,LÄNSGRANSKAD – Fiskekartan-struktur verifierad; vattenunikt artbelägg saknas,Namngiven vatten–FVO-koppling inom Fiskekartans strukturella tak; inga områdesarter generaliserade.,FVO-OMRÅDE,eed7a35ec51ad986a0a5
Norrbotten,Sveaskog Fiske Nord (Norrbotten),Djuptjärnen,Sjö,NB-STRUCT:f767189af8731b34765766df,LÄNSGRANSKAD – Fiskekartan-struktur verifierad; vattenunikt artbelägg saknas,Namngiven vatten–FVO-koppling inom Fiskekartans strukturella tak; inga områdesarter generaliserade.,FVO-OMRÅDE,9025776770c4044db7c8
Norrbotten,Sveaskog Fiske Nord (Norrbotten),Dockasälven,Vattendrag,NB-STRUCT:b57096d60d297d9fdba09213,LÄNSGRANSKAD – Fiskekartan-struktur verifierad; vattenunikt artbelägg saknas,Namngiven vatten–FVO-koppling inom Fiskekartans strukturella tak; inga områdesarter generaliserade.,FVO-OMRÅDE,ae2788ca7680a956918a
Norrbotten,Sveaskog Fiske Nord (Norrbotten),Donkatjärnen,Sjö,NB-STRUCT:59488defa6bddb1dc976eef2,LÄNSGRANSKAD – Fiskekartan-struktur verifierad; vattenunikt artbelägg saknas,Namngiven vatten–FVO-koppling inom Fiskekartans strukturella tak; inga områdesarter generaliserade.,FVO-OMRÅDE,068103e40294700c4e08
Norrbotten,Sveaskog Fiske Nord (Norrbotten),Doristräsket,Sjö,NB-STRUCT:d6a5d9816998d3e9c9109f4e,LÄNSGRANSKAD – Fiskekartan-struktur verifierad; vattenunikt artbelägg saknas,Namngiven vatten–FVO-koppling inom Fiskekartans strukturella tak; inga områdesarter generaliserade.,FVO-OMRÅDE,e25598758402ea6c8c74
Norrbotten,Sveaskog Fiske Nord (Norrbotten),Dunträsket,Sjö,NB-STRUCT:181757a7d9762181791b7c0e,LÄNSGRANSKAD – Fiskekartan-struktur verifierad; vattenunikt artbelägg saknas,Namngiven vatten–FVO-koppling inom Fiskekartans strukturella tak; inga områdesarter generaliserade.,FVO-OMRÅDE,5757d9f8d86e27f5f344
Norrbotten,Sveaskog Fiske Nord (Norrbotten),Dåjombäcken,Vattendrag,NB-STRUCT:fab420b4f3caf870b4af9d22,LÄNSGRANSKAD – Fiskekartan-struktur verifierad; vattenunikt artbelägg saknas,Namngiven vatten–FVO-koppling inom Fiskekartans strukturella tak; inga områdesarter generaliserade.,FVO-OMRÅDE,b4cc903406b9cdd5730d
Norrbotten,Sveaskog Fiske Nord (Norrbotten),Dåjomsjön,Sjö,NB-STRUCT:c12abbb59a3971f1b38ed8b7,LÄNSGRANSKAD – Fiskekartan-struktur verifierad; vattenunikt artbelägg saknas,Namngiven vatten–FVO-koppling inom Fiskekartans strukturella tak; inga områdesarter generaliserade.,FVO-OMRÅDE,a63ceb3160b9cb7dc24d
Norrbotten,Sveaskog Fiske Nord (Norrbotten),Dåresjaure,Sjö,NB-STRUCT:d4bc7a9d6298b6bc258f3377,LÄNSGRANSKAD – Fiskekartan-struktur verifierad; vattenunikt artbelägg saknas,Namngiven vatten–FVO-koppling inom Fiskekartans strukturella tak; inga områdesarter generaliserade.,FVO-OMRÅDE,784a900bc66dcc49a179
Norrbotten,Sveaskog Fiske Nord (Norrbotten),Dövelmyrbäcken,Vattendrag,NB-STRUCT:9cc59f9e2994b54090e9510d,LÄNSGRANSKAD – Fiskekartan-struktur verifierad; vattenunikt artbelägg saknas,Namngiven vatten–FVO-koppling inom Fiskekartans strukturella tak; inga områdesarter generaliserade.,FVO-OMRÅDE,80f570bb0fced507ff32
Norrbotten,Sveaskog Fiske Nord (Norrbotten),Ersträsket,Sjö,NB-STRUCT:de8cab2b6fae7337200fcd2c,LÄNSGRANSKAD – Fiskekartan-struktur verifierad; vattenunikt artbelägg saknas,Namngiven vatten–FVO-koppling inom Fiskekartans strukturella tak; inga områdesarter generaliserade.,FVO-OMRÅDE,63d6afc63abd8a8f0ac1
Norrbotten,Sveaskog Fiske Nord (Norrbotten),Femtontjärnen,Sjö,NB-STRUCT:635c43e190dc41040ca5cda9,LÄNSGRANSKAD – Fiskekartan-struktur verifierad; vattenunikt artbelägg saknas,Namngiven vatten–FVO-koppling inom Fiskekartans strukturella tak; inga områdesarter generaliserade.,FVO-OMRÅDE,a0f66d15df79c85123d8
Norrbotten,Sveaskog Fiske Nord (Norrbotten),Fettjärn,Sjö,NB-STRUCT:d9d4a3d540203721fb279d2e,LÄNSGRANSKAD – Fiskekartan-struktur verifierad; vattenunikt artbelägg saknas,Namngiven vatten–FVO-koppling inom Fiskekartans strukturella tak; inga områdesarter generaliserade.,FVO-OMRÅDE,e2a4cdf31f5fa731b1e0
Norrbotten,Sveaskog Fiske Nord (Norrbotten),Finnbäcken,Vattendrag,NB-STRUCT:d249126cb049c4c7764b3ea6,LÄNSGRANSKAD – Fiskekartan-struktur verifierad; vattenunikt artbelägg saknas,Namngiven vatten–FVO-koppling inom Fiskekartans strukturella tak; inga områdesarter generaliserade.,FVO-OMRÅDE,6b52a0022ebcea815fdc
Norrbotten,Sveaskog Fiske Nord (Norrbotten),Finnkåtabäcken,Vattendrag,NB-STRUCT:e70441beb95937958b6af013,LÄNSGRANSKAD – Fiskekartan-struktur verifierad; vattenunikt artbelägg saknas,Namngiven vatten–FVO-koppling inom Fiskekartans strukturella tak; inga områdesarter generaliserade.,FVO-OMRÅDE,c21e9b26dab89a003df7
Norrbotten,Sveaskog Fiske Nord (Norrbotten),Finntjärnen,Sjö,NB-STRUCT:0baafe0afda2b67b2f86dfe5,LÄNSGRANSKAD – Fiskekartan-struktur verifierad; vattenunikt artbelägg saknas,Namngiven vatten–FVO-koppling inom Fiskekartans strukturella tak; inga områdesarter generaliserade.,FVO-OMRÅDE,b84068fd37822ac90071
Norrbotten,Sveaskog Fiske Nord (Norrbotten),Finnträsket,Sjö,NB-STRUCT:1cde0640cd042797d131e200,LÄNSGRANSKAD – Fiskekartan-struktur verifierad; vattenunikt artbelägg saknas,Namngiven vatten–FVO-koppling inom Fiskekartans strukturella tak; inga områdesarter generaliserade.,FVO-OMRÅDE,9841dd9a49068b53affd
Norrbotten,Sveaskog Fiske Nord (Norrbotten),Fiskelträskbergtjärnen,Sjö,NB-STRUCT:fbc2197091aedd370d3c06ff,LÄNSGRANSKAD – Fiskekartan-struktur verifierad; vattenunikt artbelägg saknas,Namngiven vatten–FVO-koppling inom Fiskekartans strukturella tak; inga områdesarter generaliserade.,FVO-OMRÅDE,a190fa7cb23b69d36631
Norrbotten,Sveaskog Fiske Nord (Norrbotten),Fiskelträsket,Sjö,NB-STRUCT:0e461c031c390010377aff55,LÄNSGRANSKAD – Fiskekartan-struktur verifierad; vattenunikt artbelägg saknas,Namngiven vatten–FVO-koppling inom Fiskekartans strukturella tak; inga områdesarter generaliserade.,FVO-OMRÅDE,a2152dde398fc0257680
Norrbotten,Sveaskog Fiske Nord (Norrbotten),Fiskelträsktjärnen,Sjö,NB-STRUCT:afd34c464b740b0fd8474e95,LÄNSGRANSKAD – Fiskekartan-struktur verifierad; vattenunikt artbelägg saknas,Namngiven vatten–FVO-koppling inom Fiskekartans strukturella tak; inga områdesarter generaliserade.,FVO-OMRÅDE,e0971690cdc8cbeb6e2d
Norrbotten,Sveaskog Fiske Nord (Norrbotten),Fjälaträsket,Sjö,NB-STRUCT:3737ed15a8f957d318a45fde,LÄNSGRANSKAD – Fiskekartan-struktur verifierad; vattenunikt artbelägg saknas,Namngiven vatten–FVO-koppling inom Fiskekartans strukturella tak; inga områdesarter generaliserade.,FVO-OMRÅDE,9d3502264bde49e2e5be
Norrbotten,Sveaskog Fiske Nord (Norrbotten),Flakabergsmyrtjärnarna,Sjö,NB-STRUCT:15034589a9dc13300f2b1a1b,LÄNSGRANSKAD – Fiskekartan-struktur verifierad; vattenunikt artbelägg saknas,Namngiven vatten–FVO-koppling inom Fiskekartans strukturella tak; inga områdesarter generaliserade.,FVO-OMRÅDE,06e4dccfbcba06cb76b8
Norrbotten,Sveaskog Fiske Nord (Norrbotten),Flakbäcken,Vattendrag,NB-STRUCT:7d06617803051567ade730c6,LÄNSGRANSKAD – Fiskekartan-struktur verifierad; vattenunikt artbelägg saknas,Namngiven vatten–FVO-koppling inom Fiskekartans strukturella tak; inga områdesarter generaliserade.,FVO-OMRÅDE,86798e1e8b885aa89dbd
Norrbotten,Sveaskog Fiske Nord (Norrbotten),Flottajaure,Sjö,NB-STRUCT:38ebb8f5c2ea4ca1396d62f6,LÄNSGRANSKAD – Fiskekartan-struktur verifierad; vattenunikt artbelägg saknas,Namngiven vatten–FVO-koppling inom Fiskekartans strukturella tak; inga områdesarter generaliserade.,FVO-OMRÅDE,2c334e227a241eba7aa3
Norrbotten,Sveaskog Fiske Nord (Norrbotten),Fluggtjärnen,Sjö,NB-STRUCT:6dd8de1a72e5272e32d87645,LÄNSGRANSKAD – Fiskekartan-struktur verifierad; vattenunikt artbelägg saknas,Namngiven vatten–FVO-koppling inom Fiskekartans strukturella tak; inga områdesarter generaliserade.,FVO-OMRÅDE,64e841171d4e8d839895
Norrbotten,Sveaskog Fiske Nord (Norrbotten),Frostselet,Sjö,NB-STRUCT:d23e2bdf7c5411f34f8823e8,LÄNSGRANSKAD – Fiskekartan-struktur verifierad; vattenunikt artbelägg saknas,Namngiven vatten–FVO-koppling inom Fiskekartans strukturella tak; inga områdesarter generaliserade.,FVO-OMRÅDE,84890592b2378564209e
Norrbotten,Sveaskog Fiske Nord (Norrbotten),Fräkenlobblet,Sjö,NB-STRUCT:3a26b5b3c72b99e7cc2a7fb6,LÄNSGRANSKAD – Fiskekartan-struktur verifierad; vattenunikt artbelägg saknas,Namngiven vatten–FVO-koppling inom Fiskekartans strukturella tak; inga områdesarter generaliserade.,FVO-OMRÅDE,a6fca0ab7be6c02cfe8f
Norrbotten,Sveaskog Fiske Nord (Norrbotten),Fräkentjärn,Sjö,NB-STRUCT:9efdb179bfebe850035698b8,LÄNSGRANSKAD – Fiskekartan-struktur verifierad; vattenunikt artbelägg saknas,Namngiven vatten–FVO-koppling inom Fiskekartans strukturella tak; inga områdesarter generaliserade.,FVO-OMRÅDE,26919704f60fa8bde34a
Norrbotten,Sveaskog Fiske Nord (Norrbotten),Fräkentjärnen,Sjö,NB-STRUCT:744d63e5e3a0a54ab348228e,LÄNSGRANSKAD – Fiskekartan-struktur verifierad; vattenunikt artbelägg saknas,Namngiven vatten–FVO-koppling inom Fiskekartans strukturella tak; inga områdesarter generaliserade.,FVO-OMRÅDE,70abcf6eae3afff9cf25
Norrbotten,Sveaskog Fiske Nord (Norrbotten),Furuträsket,Sjö,NB-STRUCT:d1cb23144a6fa7718232074f,LÄNSGRANSKAD – Fiskekartan-struktur verifierad; vattenunikt artbelägg saknas,Namngiven vatten–FVO-koppling inom Fiskekartans strukturella tak; inga områdesarter generaliserade.,FVO-OMRÅDE,a2b6ee11870a71ec1808
Norrbotten,Sveaskog Fiske Nord (Norrbotten),Fätnajaure,Sjö,NB-STRUCT:b8e314724ff2fee3c69f7b13,LÄNSGRANSKAD – Fiskekartan-struktur verifierad; vattenunikt artbelägg saknas,Namngiven vatten–FVO-koppling inom Fiskekartans strukturella tak; inga områdesarter generaliserade.,FVO-OMRÅDE,9c48c7fb65aefb3da42a
Norrbotten,Sveaskog Fiske Nord (Norrbotten),Fågelbäcken,Vattendrag,NB-STRUCT:4726fe849a0985e0a536f90e,LÄNSGRANSKAD – Fiskekartan-struktur verifierad; vattenunikt artbelägg saknas,Namngiven vatten–FVO-koppling inom Fiskekartans strukturella tak; inga områdesarter generaliserade.,FVO-OMRÅDE,ed7e5b8575091ef24a63
Norrbotten,Sveaskog Fiske Nord (Norrbotten),Gallakbäcken,Vattendrag,NB-STRUCT:5aab9085308348301e999373,LÄNSGRANSKAD – Fiskekartan-struktur verifierad; vattenunikt artbelägg saknas,Namngiven vatten–FVO-koppling inom Fiskekartans strukturella tak; inga områdesarter generaliserade.,FVO-OMRÅDE,7ff78210a1729a3cf0d0
Norrbotten,Sveaskog Fiske Nord (Norrbotten),Gallakträsket,Sjö,NB-STRUCT:58b7e33f4b9f4d89d0cd2a29,LÄNSGRANSKAD – Fiskekartan-struktur verifierad; vattenunikt artbelägg saknas,Namngiven vatten–FVO-koppling inom Fiskekartans strukturella tak; inga områdesarter generaliserade.,FVO-OMRÅDE,a89688bf78808e671584
Norrbotten,Sveaskog Fiske Nord (Norrbotten),Galtisjaure,Sjö,NB-STRUCT:7eb4db6d463a57f4fb589d10,LÄNSGRANSKAD – Fiskekartan-struktur verifierad; vattenunikt artbelägg saknas,Namngiven vatten–FVO-koppling inom Fiskekartans strukturella tak; inga områdesarter generaliserade.,FVO-OMRÅDE,ce95e242220a5a2efdf2
Norrbotten,Sveaskog Fiske Nord (Norrbotten),Gammelträsket,Sjö,NB-STRUCT:7293796cc4c31dd2b47eda59,LÄNSGRANSKAD – Fiskekartan-struktur verifierad; vattenunikt artbelägg saknas,Namngiven vatten–FVO-koppling inom Fiskekartans strukturella tak; inga områdesarter generaliserade.,FVO-OMRÅDE,63e192629c2e3601802f
Norrbotten,Sveaskog Fiske Nord (Norrbotten),Geijaurbäcken,Vattendrag,NB-STRUCT:6845a4b925f56370099cf628,LÄNSGRANSKAD – Fiskekartan-struktur verifierad; vattenunikt artbelägg saknas,Namngiven vatten–FVO-koppling inom Fiskekartans strukturella tak; inga områdesarter generaliserade.,FVO-OMRÅDE,b5ae203939b41509e484
Norrbotten,Sveaskog Fiske Nord (Norrbotten),Geijaure,Sjö,NB-STRUCT:03a91da1169740fca0042972,LÄNSGRANSKAD – Fiskekartan-struktur verifierad; vattenunikt artbelägg saknas,Namngiven vatten–FVO-koppling inom Fiskekartans strukturella tak; inga områdesarter generaliserade.,FVO-OMRÅDE,f9631d8a5f0c48c82104
Norrbotten,Sveaskog Fiske Nord (Norrbotten),Granmyrbäcken,Vattendrag,NB-STRUCT:5f8e15cecfbe058d02d0da1c,LÄNSGRANSKAD – Fiskekartan-struktur verifierad; vattenunikt artbelägg saknas,Namngiven vatten–FVO-koppling inom Fiskekartans strukturella tak; inga områdesarter generaliserade.,FVO-OMRÅDE,6a574414039692415b4d
Norrbotten,Sveaskog Fiske Nord (Norrbotten),Granströmtjärnen,Sjö,NB-STRUCT:a259260db188b3503cd8ef8b,LÄNSGRANSKAD – Fiskekartan-struktur verifierad; vattenunikt artbelägg saknas,Namngiven vatten–FVO-koppling inom Fiskekartans strukturella tak; inga områdesarter generaliserade.,FVO-OMRÅDE,0cfe458d0e35590f17cb
Norrbotten,Sveaskog Fiske Nord (Norrbotten),Granträsket,Sjö,NB-STRUCT:9d94b9969291c15760af1192,LÄNSGRANSKAD – Fiskekartan-struktur verifierad; vattenunikt artbelägg saknas,Namngiven vatten–FVO-koppling inom Fiskekartans strukturella tak; inga områdesarter generaliserade.,FVO-OMRÅDE,6d2811481a6045cd3d37
Norrbotten,Sveaskog Fiske Nord (Norrbotten),Granträsklobben,Sjö,NB-STRUCT:6ad7e63501f0182e2d3a2bae,LÄNSGRANSKAD – Fiskekartan-struktur verifierad; vattenunikt artbelägg saknas,Namngiven vatten–FVO-koppling inom Fiskekartans strukturella tak; inga områdesarter generaliserade.,FVO-OMRÅDE,c04ce65093508148b71a
Norrbotten,Sveaskog Fiske Nord (Norrbotten),Gravtjärnen,Sjö,NB-STRUCT:cd111b4ff5a6984b6a9c5caf,LÄNSGRANSKAD – Fiskekartan-struktur verifierad; vattenunikt artbelägg saknas,Namngiven vatten–FVO-koppling inom Fiskekartans strukturella tak; inga områdesarter generaliserade.,FVO-OMRÅDE,b28ea7047c70a246e8dd
Norrbotten,Sveaskog Fiske Nord (Norrbotten),Gravträsket,Sjö,NB-STRUCT:74d6bdc4166e29adc065851b,LÄNSGRANSKAD – Fiskekartan-struktur verifierad; vattenunikt artbelägg saknas,Namngiven vatten–FVO-koppling inom Fiskekartans strukturella tak; inga områdesarter generaliserade.,FVO-OMRÅDE,b0d47f0daed37689a5ca
Norrbotten,Sveaskog Fiske Nord (Norrbotten),Grundforsselet,Sjö,NB-STRUCT:ebaec570a54e7c02c706d1ef,LÄNSGRANSKAD – Fiskekartan-struktur verifierad; vattenunikt artbelägg saknas,Namngiven vatten–FVO-koppling inom Fiskekartans strukturella tak; inga områdesarter generaliserade.,FVO-OMRÅDE,8691990fb5cef9a39399
Norrbotten,Sveaskog Fiske Nord (Norrbotten),Grundselet,Sjö,NB-STRUCT:f1c67138b750f77df7b649e8,LÄNSGRANSKAD – Fiskekartan-struktur verifierad; vattenunikt artbelägg saknas,Namngiven vatten–FVO-koppling inom Fiskekartans strukturella tak; inga områdesarter generaliserade.,FVO-OMRÅDE,523cfad24800261e8ed1
Norrbotten,Sveaskog Fiske Nord (Norrbotten),Grundtjärnen,Sjö,NB-STRUCT:f46d93cac46ffa8a57d102c9,LÄNSGRANSKAD – Fiskekartan-struktur verifierad; vattenunikt artbelägg saknas,Namngiven vatten–FVO-koppling inom Fiskekartans strukturella tak; inga områdesarter generaliserade.,FVO-OMRÅDE,d9a78b9ce20eb6d2b158
Norrbotten,Sveaskog Fiske Nord (Norrbotten),Grundträskbäcken,Vattendrag,NB-STRUCT:c806393ce84981bf2d2d2501,LÄNSGRANSKAD – Fiskekartan-struktur verifierad; vattenunikt artbelägg saknas,Namngiven vatten–FVO-koppling inom Fiskekartans strukturella tak; inga områdesarter generaliserade.,FVO-OMRÅDE,240b663757e5e97010be
Norrbotten,Sveaskog Fiske Nord (Norrbotten),Grytforsdammen,Sjö,NB-STRUCT:f8ea119b8c0a91b219296a06,LÄNSGRANSKAD – Fiskekartan-struktur verifierad; vattenunikt artbelägg saknas,Namngiven vatten–FVO-koppling inom Fiskekartans strukturella tak; inga områdesarter generaliserade.,FVO-OMRÅDE,dd0f25face0786c408ee
Norrbotten,Sveaskog Fiske Nord (Norrbotten),Gråträsket,Sjö,NB-STRUCT:c42eaf14c2755a480d48d9eb,LÄNSGRANSKAD – Fiskekartan-struktur verifierad; vattenunikt artbelägg saknas,Namngiven vatten–FVO-koppling inom Fiskekartans strukturella tak; inga områdesarter generaliserade.,FVO-OMRÅDE,4c417394436fecce36bd
Norrbotten,Sveaskog Fiske Nord (Norrbotten),Gublijaure,Sjö,NB-STRUCT:e70429f26ce1805ca3a50ca7,LÄNSGRANSKAD – Fiskekartan-struktur verifierad; vattenunikt artbelägg saknas,Namngiven vatten–FVO-koppling inom Fiskekartans strukturella tak; inga områdesarter generaliserade.,FVO-OMRÅDE,60d8ac3d3d23878340d6
Norrbotten,Sveaskog Fiske Nord (Norrbotten),Guoljaurlobblet,Sjö,NB-STRUCT:eecb383d0e6b810d069b98e1,LÄNSGRANSKAD – Fiskekartan-struktur verifierad; vattenunikt artbelägg saknas,Namngiven vatten–FVO-koppling inom Fiskekartans strukturella tak; inga områdesarter generaliserade.,FVO-OMRÅDE,74dcb9c73fbcec46fef1
Norrbotten,Sveaskog Fiske Nord (Norrbotten),Guollasjåkkå,Vattendrag,NB-STRUCT:6383c0331bbfd3a436228416,LÄNSGRANSKAD – Fiskekartan-struktur verifierad; vattenunikt artbelägg saknas,Namngiven vatten–FVO-koppling inom Fiskekartans strukturella tak; inga områdesarter generaliserade.,FVO-OMRÅDE,481816d26e1348838a6d
Norrbotten,Sveaskog Fiske Nord (Norrbotten),Guorbbaguojkka,Vattendrag,NB-STRUCT:dc33906e9552561218e695ff,LÄNSGRANSKAD – Fiskekartan-struktur verifierad; vattenunikt artbelägg saknas,Namngiven vatten–FVO-koppling inom Fiskekartans strukturella tak; inga områdesarter generaliserade.,FVO-OMRÅDE,e7d93801ebdf89ca4c5e
Norrbotten,Sveaskog Fiske Nord (Norrbotten),Gurtetjärnen,Sjö,NB-STRUCT:dc0cb4ee381d975acd7d3569,LÄNSGRANSKAD – Fiskekartan-struktur verifierad; vattenunikt artbelägg saknas,Namngiven vatten–FVO-koppling inom Fiskekartans strukturella tak; inga områdesarter generaliserade.,FVO-OMRÅDE,301fba9eba57a29cb5a6
Norrbotten,Sveaskog Fiske Nord (Norrbotten),Gvellikbäcken,Vattendrag,NB-STRUCT:c7e7879e5a5ff1845a12f857,LÄNSGRANSKAD – Fiskekartan-struktur verifierad; vattenunikt artbelägg saknas,Namngiven vatten–FVO-koppling inom Fiskekartans strukturella tak; inga områdesarter generaliserade.,FVO-OMRÅDE,53465be86f58716065da
Norrbotten,Sveaskog Fiske Nord (Norrbotten),Gäddselet,Sjö,NB-STRUCT:bbb6ac5169cf57ea553d75dc,LÄNSGRANSKAD – Fiskekartan-struktur verifierad; vattenunikt artbelägg saknas,Namngiven vatten–FVO-koppling inom Fiskekartans strukturella tak; inga områdesarter generaliserade.,FVO-OMRÅDE,d8a04fd21a10c62fdb32
Norrbotten,Sveaskog Fiske Nord (Norrbotten),Gäddtjärnen,Sjö,NB-STRUCT:49762ff826de90a358aadf67,LÄNSGRANSKAD – Fiskekartan-struktur verifierad; vattenunikt artbelägg saknas,Namngiven vatten–FVO-koppling inom Fiskekartans strukturella tak; inga områdesarter generaliserade.,FVO-OMRÅDE,4f751ae6567bf13e94c9
Norrbotten,Sveaskog Fiske Nord (Norrbotten),Gäddträsket,Sjö,NB-STRUCT:8a774dda7fae4f30eb9c964f,LÄNSGRANSKAD – Fiskekartan-struktur verifierad; vattenunikt artbelägg saknas,Namngiven vatten–FVO-koppling inom Fiskekartans strukturella tak; inga områdesarter generaliserade.,FVO-OMRÅDE,565a2d5e55f744b9134d
Norrbotten,Sveaskog Fiske Nord (Norrbotten),Gäddträskälven,Vattendrag,NB-STRUCT:b7b644f821c186ff1c68f39a,LÄNSGRANSKAD – Fiskekartan-struktur verifierad; vattenunikt artbelägg saknas,Namngiven vatten–FVO-koppling inom Fiskekartans strukturella tak; inga områdesarter generaliserade.,FVO-OMRÅDE,80dc14bc4d884729a1b3
Norrbotten,Sveaskog Fiske Nord (Norrbotten),Gäddträskån,Vattendrag,NB-STRUCT:0a92af1bdff31a3e6eb24aae,LÄNSGRANSKAD – Fiskekartan-struktur verifierad; vattenunikt artbelägg saknas,Namngiven vatten–FVO-koppling inom Fiskekartans strukturella tak; inga områdesarter generaliserade.,FVO-OMRÅDE,abbef9f66aa2527ec6c3
Norrbotten,Sveaskog Fiske Nord (Norrbotten),Gåbbåjávrre,Sjö,NB-STRUCT:a23c55910b2e488e9a0eda8d,LÄNSGRANSKAD – Fiskekartan-struktur verifierad; vattenunikt artbelägg saknas,Namngiven vatten–FVO-koppling inom Fiskekartans strukturella tak; inga områdesarter generaliserade.,FVO-OMRÅDE,c292ecf0b0933829d37b
Norrbotten,Sveaskog Fiske Nord (Norrbotten),Gåbdåjaure,Sjö,NB-STRUCT:f153f1c5b82b064c56dafcdf,LÄNSGRANSKAD – Fiskekartan-struktur verifierad; vattenunikt artbelägg saknas,Namngiven vatten–FVO-koppling inom Fiskekartans strukturella tak; inga områdesarter generaliserade.,FVO-OMRÅDE,c30c0712bcfd80b55366
Norrbotten,Sveaskog Fiske Nord (Norrbotten),Gåstjärnarna,Sjö,NB-STRUCT:aafbc3eeedb63eb5206747ed,LÄNSGRANSKAD – Fiskekartan-struktur verifierad; vattenunikt artbelägg saknas,Namngiven vatten–FVO-koppling inom Fiskekartans strukturella tak; inga områdesarter generaliserade.,FVO-OMRÅDE,42a0e04281da756483a1
Norrbotten,Sveaskog Fiske Nord (Norrbotten),Gåstjärnen,Sjö,NB-STRUCT:06749419865bc689975c5002,LÄNSGRANSKAD – Fiskekartan-struktur verifierad; vattenunikt artbelägg saknas,Namngiven vatten–FVO-koppling inom Fiskekartans strukturella tak; inga områdesarter generaliserade.,FVO-OMRÅDE,ca2668d0b8c6b26f709d
Norrbotten,Sveaskog Fiske Nord (Norrbotten),Haapalantto,Sjö,NB-STRUCT:b22e61dbc9a8debcb70b739c,LÄNSGRANSKAD – Fiskekartan-struktur verifierad; vattenunikt artbelägg saknas,Namngiven vatten–FVO-koppling inom Fiskekartans strukturella tak; inga områdesarter generaliserade.,FVO-OMRÅDE,e76ed632965b179ca06e
Norrbotten,Sveaskog Fiske Nord (Norrbotten),Halvvägsbäcken,Vattendrag,NB-STRUCT:34499e2337c5520b96e2da9a,LÄNSGRANSKAD – Fiskekartan-struktur verifierad; vattenunikt artbelägg saknas,Namngiven vatten–FVO-koppling inom Fiskekartans strukturella tak; inga områdesarter generaliserade.,FVO-OMRÅDE,e98c36eda60f73cb86ca
Norrbotten,Sveaskog Fiske Nord (Norrbotten),Halvvägstjärnen,Sjö,NB-STRUCT:e23733e80a69c7f4315da459,LÄNSGRANSKAD – Fiskekartan-struktur verifierad; vattenunikt artbelägg saknas,Namngiven vatten–FVO-koppling inom Fiskekartans strukturella tak; inga områdesarter generaliserade.,FVO-OMRÅDE,2d42f7455c23ea24570e
Norrbotten,Sveaskog Fiske Nord (Norrbotten),Hammartjärnarna,Sjö,NB-STRUCT:0ccf0976deab392cc4614b79,LÄNSGRANSKAD – Fiskekartan-struktur verifierad; vattenunikt artbelägg saknas,Namngiven vatten–FVO-koppling inom Fiskekartans strukturella tak; inga områdesarter generaliserade.,FVO-OMRÅDE,b6765a5a2bf9b0abdd21
Norrbotten,Sveaskog Fiske Nord (Norrbotten),Handskmyrtjärnarna,Sjö,NB-STRUCT:5af18187c404fb50149e9c62,LÄNSGRANSKAD – Fiskekartan-struktur verifierad; vattenunikt artbelägg saknas,Namngiven vatten–FVO-koppling inom Fiskekartans strukturella tak; inga områdesarter generaliserade.,FVO-OMRÅDE,0d43b3c4cf820243b54c
Norrbotten,Sveaskog Fiske Nord (Norrbotten),Hankijärvi,Sjö,NB-STRUCT:3e8f9a2c69e8871869bd7d13,LÄNSGRANSKAD – Fiskekartan-struktur verifierad; vattenunikt artbelägg saknas,Namngiven vatten–FVO-koppling inom Fiskekartans strukturella tak; inga områdesarter generaliserade.,FVO-OMRÅDE,a4e6847600d100a89173
Norrbotten,Sveaskog Fiske Nord (Norrbotten),Hapstra,Sjö,NB-STRUCT:7fab40907c987062c8168213,LÄNSGRANSKAD – Fiskekartan-struktur verifierad; vattenunikt artbelägg saknas,Namngiven vatten–FVO-koppling inom Fiskekartans strukturella tak; inga områdesarter generaliserade.,FVO-OMRÅDE,b538a4cd60b0ec25e0bd
Norrbotten,Sveaskog Fiske Nord (Norrbotten),Hapträskån,Vattendrag,NB-STRUCT:4ff6ddd3ed4c5e8cc20fdb85,LÄNSGRANSKAD – Fiskekartan-struktur verifierad; vattenunikt artbelägg saknas,Namngiven vatten–FVO-koppling inom Fiskekartans strukturella tak; inga områdesarter generaliserade.,FVO-OMRÅDE,8834e60825780a46dfd9
Norrbotten,Sveaskog Fiske Nord (Norrbotten),Haralidbäcken,Vattendrag,NB-STRUCT:38974df5014f94e54f8184e2,LÄNSGRANSKAD – Fiskekartan-struktur verifierad; vattenunikt artbelägg saknas,Namngiven vatten–FVO-koppling inom Fiskekartans strukturella tak; inga områdesarter generaliserade.,FVO-OMRÅDE,d3b5e41687dc229fa361
Norrbotten,Sveaskog Fiske Nord (Norrbotten),Haralidträsket,Sjö,NB-STRUCT:b2463e7b46ada80033f780d1,LÄNSGRANSKAD – Fiskekartan-struktur verifierad; vattenunikt artbelägg saknas,Namngiven vatten–FVO-koppling inom Fiskekartans strukturella tak; inga områdesarter generaliserade.,FVO-OMRÅDE,839261658add6c670018
Norrbotten,Sveaskog Fiske Nord (Norrbotten),Hattbergtjärnen,Sjö,NB-STRUCT:59dd4fedc391345ace98d8b2,LÄNSGRANSKAD – Fiskekartan-struktur verifierad; vattenunikt artbelägg saknas,Namngiven vatten–FVO-koppling inom Fiskekartans strukturella tak; inga områdesarter generaliserade.,FVO-OMRÅDE,75528fe04a7f442f7716
Norrbotten,Sveaskog Fiske Nord (Norrbotten),Hattbäcken,Vattendrag,NB-STRUCT:dd274d89461057bf193d93b5,LÄNSGRANSKAD – Fiskekartan-struktur verifierad; vattenunikt artbelägg saknas,Namngiven vatten–FVO-koppling inom Fiskekartans strukturella tak; inga områdesarter generaliserade.,FVO-OMRÅDE,09582ca04c760511b89e
Norrbotten,Sveaskog Fiske Nord (Norrbotten),Hattjärnbäcken,Vattendrag,NB-STRUCT:3ae6abf1f80c82fe9a9d7355,LÄNSGRANSKAD – Fiskekartan-struktur verifierad; vattenunikt artbelägg saknas,Namngiven vatten–FVO-koppling inom Fiskekartans strukturella tak; inga områdesarter generaliserade.,FVO-OMRÅDE,6ce6c541b428f07e430c
Norrbotten,Sveaskog Fiske Nord (Norrbotten),Hattjärnen,Sjö,NB-STRUCT:92904e0998fabf38897f80d8,LÄNSGRANSKAD – Fiskekartan-struktur verifierad; vattenunikt artbelägg saknas,Namngiven vatten–FVO-koppling inom Fiskekartans strukturella tak; inga områdesarter generaliserade.,FVO-OMRÅDE,626c7e7fb5161858965b
Norrbotten,Sveaskog Fiske Nord (Norrbotten),Hatträsket,Sjö,NB-STRUCT:41836ad71451ce47f9be6649,LÄNSGRANSKAD – Fiskekartan-struktur verifierad; vattenunikt artbelägg saknas,Namngiven vatten–FVO-koppling inom Fiskekartans strukturella tak; inga områdesarter generaliserade.,FVO-OMRÅDE,1415c52212049b711e01
Norrbotten,Sveaskog Fiske Nord (Norrbotten),Hierkepieljaure,Sjö,NB-STRUCT:276637c2d5f64fad24e97aae,LÄNSGRANSKAD – Fiskekartan-struktur verifierad; vattenunikt artbelägg saknas,Namngiven vatten–FVO-koppling inom Fiskekartans strukturella tak; inga områdesarter generaliserade.,FVO-OMRÅDE,7720b00419d9341da6d1
Norrbotten,Sveaskog Fiske Nord (Norrbotten),Holmtjärnen,Sjö,NB-STRUCT:94ae308786f85827c2f81366,LÄNSGRANSKAD – Fiskekartan-struktur verifierad; vattenunikt artbelägg saknas,Namngiven vatten–FVO-koppling inom Fiskekartans strukturella tak; inga områdesarter generaliserade.,FVO-OMRÅDE,dc6a41502a80698b314c
Norrbotten,Sveaskog Fiske Nord (Norrbotten),Holmträsket,Sjö,NB-STRUCT:47bc1f6064dc3fea141b2ae7,LÄNSGRANSKAD – Fiskekartan-struktur verifierad; vattenunikt artbelägg saknas,Namngiven vatten–FVO-koppling inom Fiskekartans strukturella tak; inga områdesarter generaliserade.,FVO-OMRÅDE,8baf18089dfe7775bc5a
Norrbotten,Sveaskog Fiske Nord (Norrbotten),Hultmyrtjärnen,Sjö,NB-STRUCT:adc1d965a0d93cd07548718c,LÄNSGRANSKAD – Fiskekartan-struktur verifierad; vattenunikt artbelägg saknas,Namngiven vatten–FVO-koppling inom Fiskekartans strukturella tak; inga områdesarter generaliserade.,FVO-OMRÅDE,62a4570ed674230f80c3
Norrbotten,Sveaskog Fiske Nord (Norrbotten),Hundsjöbäcken,Vattendrag,NB-STRUCT:58e758c98d92c935fd984ea9,LÄNSGRANSKAD – Fiskekartan-struktur verifierad; vattenunikt artbelägg saknas,Namngiven vatten–FVO-koppling inom Fiskekartans strukturella tak; inga områdesarter generaliserade.,FVO-OMRÅDE,4e730bbc7608863c613d
Norrbotten,Sveaskog Fiske Nord (Norrbotten),Hundträskbäcken,Vattendrag,NB-STRUCT:b28e56f1c4521a5812ff6016,LÄNSGRANSKAD – Fiskekartan-struktur verifierad; vattenunikt artbelägg saknas,Namngiven vatten–FVO-koppling inom Fiskekartans strukturella tak; inga områdesarter generaliserade.,FVO-OMRÅDE,f4d495b6e20692c5f55d
Norrbotten,Sveaskog Fiske Nord (Norrbotten),Hundträsket,Sjö,NB-STRUCT:5b1b1f81e9778bfe2605ffc9,LÄNSGRANSKAD – Fiskekartan-struktur verifierad; vattenunikt artbelägg saknas,Namngiven vatten–FVO-koppling inom Fiskekartans strukturella tak; inga områdesarter generaliserade.,FVO-OMRÅDE,251eec22f6f0075dfaac
Norrbotten,Sveaskog Fiske Nord (Norrbotten),Hungerträskbäcken,Vattendrag,NB-STRUCT:5121dadbda5bd144a547ca8b,LÄNSGRANSKAD – Fiskekartan-struktur verifierad; vattenunikt artbelägg saknas,Namngiven vatten–FVO-koppling inom Fiskekartans strukturella tak; inga områdesarter generaliserade.,FVO-OMRÅDE,72a7ce6a18f9157cee97
Norrbotten,Sveaskog Fiske Nord (Norrbotten),Huvtjärnbäcken,Vattendrag,NB-STRUCT:ced5292d1bd2dfe879894b12,LÄNSGRANSKAD – Fiskekartan-struktur verifierad; vattenunikt artbelägg saknas,Namngiven vatten–FVO-koppling inom Fiskekartans strukturella tak; inga områdesarter generaliserade.,FVO-OMRÅDE,a1d0457ac9ca2d5d74c7
Norrbotten,Sveaskog Fiske Nord (Norrbotten),Häbbersselavan,Vattendrag,NB-STRUCT:dd20eedba02eafd563936eb1,LÄNSGRANSKAD – Fiskekartan-struktur verifierad; vattenunikt artbelägg saknas,Namngiven vatten–FVO-koppling inom Fiskekartans strukturella tak; inga områdesarter generaliserade.,FVO-OMRÅDE,b68c02ac7f05efc6b610
Norrbotten,Sveaskog Fiske Nord (Norrbotten),Hällträskbäcken,Vattendrag,NB-STRUCT:a814dd7ab14299c18ba7b489,LÄNSGRANSKAD – Fiskekartan-struktur verifierad; vattenunikt artbelägg saknas,Namngiven vatten–FVO-koppling inom Fiskekartans strukturella tak; inga områdesarter generaliserade.,FVO-OMRÅDE,5dcaa55955ac0354604c
Norrbotten,Sveaskog Fiske Nord (Norrbotten),Hällträsket,Sjö,NB-STRUCT:c615277b3ecb690b10ada866,LÄNSGRANSKAD – Fiskekartan-struktur verifierad; vattenunikt artbelägg saknas,Namngiven vatten–FVO-koppling inom Fiskekartans strukturella tak; inga områdesarter generaliserade.,FVO-OMRÅDE,b4834e19e59a71ff61ac
Norrbotten,Sveaskog Fiske Nord (Norrbotten),Hästbäcken,Vattendrag,NB-STRUCT:e3d292f53ec31795fe9cca07,LÄNSGRANSKAD – Fiskekartan-struktur verifierad; vattenunikt artbelägg saknas,Namngiven vatten–FVO-koppling inom Fiskekartans strukturella tak; inga områdesarter generaliserade.,FVO-OMRÅDE,3506a39f8b00622443ad
Norrbotten,Sveaskog Fiske Nord (Norrbotten),Hästskotjärnen,Sjö,NB-STRUCT:3872ebf17aca6fd03c0cee0c,LÄNSGRANSKAD – Fiskekartan-struktur verifierad; vattenunikt artbelägg saknas,Namngiven vatten–FVO-koppling inom Fiskekartans strukturella tak; inga områdesarter generaliserade.,FVO-OMRÅDE,fb3baa21277c49e21c9d
Norrbotten,Sveaskog Fiske Nord (Norrbotten),Hästtjärnen,Sjö,NB-STRUCT:e9eb207fcfd0e05312548ef0,LÄNSGRANSKAD – Fiskekartan-struktur verifierad; vattenunikt artbelägg saknas,Namngiven vatten–FVO-koppling inom Fiskekartans strukturella tak; inga områdesarter generaliserade.,FVO-OMRÅDE,e93bfe62d9c620673769
Norrbotten,Sveaskog Fiske Nord (Norrbotten),Hålbäcken,Vattendrag,NB-STRUCT:4b18e39b9555ac9589ce0ccf,LÄNSGRANSKAD – Fiskekartan-struktur verifierad; vattenunikt artbelägg saknas,Namngiven vatten–FVO-koppling inom Fiskekartans strukturella tak; inga områdesarter generaliserade.,FVO-OMRÅDE,50d00b0c80044106646f
Norrbotten,Sveaskog Fiske Nord (Norrbotten),Idbäcken,Vattendrag,NB-STRUCT:83183691d368b55dbe9e4bf6,LÄNSGRANSKAD – Fiskekartan-struktur verifierad; vattenunikt artbelägg saknas,Namngiven vatten–FVO-koppling inom Fiskekartans strukturella tak; inga områdesarter generaliserade.,FVO-OMRÅDE,89c2ee35dce88ea53d9a
Norrbotten,Sveaskog Fiske Nord (Norrbotten),Iggejaure,Sjö,NB-STRUCT:44fe9f3f5abafa93b0949976,LÄNSGRANSKAD – Fiskekartan-struktur verifierad; vattenunikt artbelägg saknas,Namngiven vatten–FVO-koppling inom Fiskekartans strukturella tak; inga områdesarter generaliserade.,FVO-OMRÅDE,a1e668f082c5c86fb8ed
Norrbotten,Sveaskog Fiske Nord (Norrbotten),Illbergstjärnen,Sjö,NB-STRUCT:4419cef850e1931f714044d5,LÄNSGRANSKAD – Fiskekartan-struktur verifierad; vattenunikt artbelägg saknas,Namngiven vatten–FVO-koppling inom Fiskekartans strukturella tak; inga områdesarter generaliserade.,FVO-OMRÅDE,9b863c865ee895f252ea
Norrbotten,Sveaskog Fiske Nord (Norrbotten),Innersttjärnen,Sjö,NB-STRUCT:e0a58adcbce9a4b9cfce083a,LÄNSGRANSKAD – Fiskekartan-struktur verifierad; vattenunikt artbelägg saknas,Namngiven vatten–FVO-koppling inom Fiskekartans strukturella tak; inga områdesarter generaliserade.,FVO-OMRÅDE,204d843545d3f25748e8
Norrbotten,Sveaskog Fiske Nord (Norrbotten),Innerstträsket,Sjö,NB-STRUCT:cf685e1dc10cf469ea6e4782,LÄNSGRANSKAD – Fiskekartan-struktur verifierad; vattenunikt artbelägg saknas,Namngiven vatten–FVO-koppling inom Fiskekartans strukturella tak; inga områdesarter generaliserade.,FVO-OMRÅDE,8838c494cca340c3e769
Norrbotten,Sveaskog Fiske Nord (Norrbotten),Inr Lomtjärnen,Sjö,NB-STRUCT:7694e789f402c328a561214c,LÄNSGRANSKAD – Fiskekartan-struktur verifierad; vattenunikt artbelägg saknas,Namngiven vatten–FVO-koppling inom Fiskekartans strukturella tak; inga områdesarter generaliserade.,FVO-OMRÅDE,88b5960594602f2c16db
Norrbotten,Sveaskog Fiske Nord (Norrbotten),Inre Daltjärnen,Sjö,NB-STRUCT:cc139a2fff4992aa5f127c36,LÄNSGRANSKAD – Fiskekartan-struktur verifierad; vattenunikt artbelägg saknas,Namngiven vatten–FVO-koppling inom Fiskekartans strukturella tak; inga områdesarter generaliserade.,FVO-OMRÅDE,9302092a59c6749985cb
Norrbotten,Sveaskog Fiske Nord (Norrbotten),Inre Huvträsket,Sjö,NB-STRUCT:854cfd61e109ea1c9ef4e7cc,LÄNSGRANSKAD – Fiskekartan-struktur verifierad; vattenunikt artbelägg saknas,Namngiven vatten–FVO-koppling inom Fiskekartans strukturella tak; inga områdesarter generaliserade.,FVO-OMRÅDE,66cd6725318909f749e9
Norrbotten,Sveaskog Fiske Nord (Norrbotten),Inre Långträsket,Sjö,NB-STRUCT:69c8c80b24d24ee42e7e757c,LÄNSGRANSKAD – Fiskekartan-struktur verifierad; vattenunikt artbelägg saknas,Namngiven vatten–FVO-koppling inom Fiskekartans strukturella tak; inga områdesarter generaliserade.,FVO-OMRÅDE,58e0c11fa76fd91852b2
Norrbotten,Sveaskog Fiske Nord (Norrbotten),Inre Mjövattnet,Sjö,NB-STRUCT:129e254d4dbafec7fb97dd35,LÄNSGRANSKAD – Fiskekartan-struktur verifierad; vattenunikt artbelägg saknas,Namngiven vatten–FVO-koppling inom Fiskekartans strukturella tak; inga områdesarter generaliserade.,FVO-OMRÅDE,7d38a8d0093ed10a4e7f
Norrbotten,Sveaskog Fiske Nord (Norrbotten),Inre Stenträsket,Sjö,NB-STRUCT:ce54a364648fe45be4e1997b,LÄNSGRANSKAD – Fiskekartan-struktur verifierad; vattenunikt artbelägg saknas,Namngiven vatten–FVO-koppling inom Fiskekartans strukturella tak; inga områdesarter generaliserade.,FVO-OMRÅDE,d99c5859bbc128fdd396
Norrbotten,Sveaskog Fiske Nord (Norrbotten),Inretjärnarna,Sjö,NB-STRUCT:54b51ad9e1ae8973551ef91b,LÄNSGRANSKAD – Fiskekartan-struktur verifierad; vattenunikt artbelägg saknas,Namngiven vatten–FVO-koppling inom Fiskekartans strukturella tak; inga områdesarter generaliserade.,FVO-OMRÅDE,e696967008fb737f3347
Norrbotten,Sveaskog Fiske Nord (Norrbotten),Iso Haukijärvi,Sjö,NB-STRUCT:8b3b35e7ddad5498603d9152,LÄNSGRANSKAD – Fiskekartan-struktur verifierad; vattenunikt artbelägg saknas,Namngiven vatten–FVO-koppling inom Fiskekartans strukturella tak; inga områdesarter generaliserade.,FVO-OMRÅDE,685675a1decd529f65c0
Norrbotten,Sveaskog Fiske Nord (Norrbotten),Iso Kirkasjärvi,Sjö,NB-STRUCT:a7e8b2b0fb6ca717b4a203c3,LÄNSGRANSKAD – Fiskekartan-struktur verifierad; vattenunikt artbelägg saknas,Namngiven vatten–FVO-koppling inom Fiskekartans strukturella tak; inga områdesarter generaliserade.,FVO-OMRÅDE,6f5072bdb3eb7327b70c
Norrbotten,Sveaskog Fiske Nord (Norrbotten),Iso Kuolpajoki,Vattendrag,NB-STRUCT:22cadd3778e7cfd17ce17b4c,LÄNSGRANSKAD – Fiskekartan-struktur verifierad; vattenunikt artbelägg saknas,Namngiven vatten–FVO-koppling inom Fiskekartans strukturella tak; inga områdesarter generaliserade.,FVO-OMRÅDE,93aa560f890c6f650eea
Norrbotten,Sveaskog Fiske Nord (Norrbotten),Iso Kuolpajärvi,Sjö,NB-STRUCT:f2224da860b08c5810d6f09b,LÄNSGRANSKAD – Fiskekartan-struktur verifierad; vattenunikt artbelägg saknas,Namngiven vatten–FVO-koppling inom Fiskekartans strukturella tak; inga områdesarter generaliserade.,FVO-OMRÅDE,a73289e1a8e6496616c2
Norrbotten,Sveaskog Fiske Nord (Norrbotten),Iso Luoptijärvi,Sjö,NB-STRUCT:47b284a34fb3a244600ed4e0,LÄNSGRANSKAD – Fiskekartan-struktur verifierad; vattenunikt artbelägg saknas,Namngiven vatten–FVO-koppling inom Fiskekartans strukturella tak; inga områdesarter generaliserade.,FVO-OMRÅDE,9c137aef329185b9dbf1
Norrbotten,Sveaskog Fiske Nord (Norrbotten),Iso Naulajärvi,Sjö,NB-STRUCT:b56471e5b7946b2538d21223,LÄNSGRANSKAD – Fiskekartan-struktur verifierad; vattenunikt artbelägg saknas,Namngiven vatten–FVO-koppling inom Fiskekartans strukturella tak; inga områdesarter generaliserade.,FVO-OMRÅDE,bb3def8b9849f9a80c05
Norrbotten,Sveaskog Fiske Nord (Norrbotten),Jan Pålsatjärnen,Sjö,NB-STRUCT:5e114c33993738c6d5a66e41,LÄNSGRANSKAD – Fiskekartan-struktur verifierad; vattenunikt artbelägg saknas,Namngiven vatten–FVO-koppling inom Fiskekartans strukturella tak; inga områdesarter generaliserade.,FVO-OMRÅDE,9c3d0bc8f9489a3a3b0b
Norrbotten,Sveaskog Fiske Nord (Norrbotten),Jitombäcken,Vattendrag,NB-STRUCT:741f00b003b7cdc244a9b31a,LÄNSGRANSKAD – Fiskekartan-struktur verifierad; vattenunikt artbelägg saknas,Namngiven vatten–FVO-koppling inom Fiskekartans strukturella tak; inga områdesarter generaliserade.,FVO-OMRÅDE,ba0ecce515745846ac44
Norrbotten,Sveaskog Fiske Nord (Norrbotten),Jitomjaure,Sjö,NB-STRUCT:6ceb8a3ca5f04f8a12f3cc35,LÄNSGRANSKAD – Fiskekartan-struktur verifierad; vattenunikt artbelägg saknas,Namngiven vatten–FVO-koppling inom Fiskekartans strukturella tak; inga områdesarter generaliserade.,FVO-OMRÅDE,2641cf2a286b8818a2b9
Norrbotten,Sveaskog Fiske Nord (Norrbotten),Jomotusjärvi,Sjö,NB-STRUCT:72e1411f5dcf15934bbbb39c,LÄNSGRANSKAD – Fiskekartan-struktur verifierad; vattenunikt artbelägg saknas,Namngiven vatten–FVO-koppling inom Fiskekartans strukturella tak; inga områdesarter generaliserade.,FVO-OMRÅDE,e728bd254c99accf4302
Norrbotten,Sveaskog Fiske Nord (Norrbotten),Jomotusoja,Vattendrag,NB-STRUCT:a6bbf1eac11a804752c3815d,LÄNSGRANSKAD – Fiskekartan-struktur verifierad; vattenunikt artbelägg saknas,Namngiven vatten–FVO-koppling inom Fiskekartans strukturella tak; inga områdesarter generaliserade.,FVO-OMRÅDE,0751489342e8bb601d21
Norrbotten,Sveaskog Fiske Nord (Norrbotten),Jonbäcken,Vattendrag,NB-STRUCT:3c330c385d3b1e5c11add126,LÄNSGRANSKAD – Fiskekartan-struktur verifierad; vattenunikt artbelägg saknas,Namngiven vatten–FVO-koppling inom Fiskekartans strukturella tak; inga områdesarter generaliserade.,FVO-OMRÅDE,dbb7d57a27d83a03f304
Norrbotten,Sveaskog Fiske Nord (Norrbotten),Joukasjärvet,Sjö,NB-STRUCT:1ab655183b36ac0147449719,LÄNSGRANSKAD – Fiskekartan-struktur verifierad; vattenunikt artbelägg saknas,Namngiven vatten–FVO-koppling inom Fiskekartans strukturella tak; inga områdesarter generaliserade.,FVO-OMRÅDE,24a137d3b9efcd80be60
Norrbotten,Sveaskog Fiske Nord (Norrbotten),Julinstjärnarna,Sjö,NB-STRUCT:1285008d95b6b59ba4be473c,LÄNSGRANSKAD – Fiskekartan-struktur verifierad; vattenunikt artbelägg saknas,Namngiven vatten–FVO-koppling inom Fiskekartans strukturella tak; inga områdesarter generaliserade.,FVO-OMRÅDE,07aae4c2205400526f74
Norrbotten,Sveaskog Fiske Nord (Norrbotten),Juokeljåkkå,Vattendrag,NB-STRUCT:78e1766c2d0b76e1c094c213,LÄNSGRANSKAD – Fiskekartan-struktur verifierad; vattenunikt artbelägg saknas,Namngiven vatten–FVO-koppling inom Fiskekartans strukturella tak; inga områdesarter generaliserade.,FVO-OMRÅDE,fabe77c027222ed35361
Norrbotten,Sveaskog Fiske Nord (Norrbotten),Jusikjaure,Sjö,NB-STRUCT:603fbc8ec583e089df4e9132,LÄNSGRANSKAD – Fiskekartan-struktur verifierad; vattenunikt artbelägg saknas,Namngiven vatten–FVO-koppling inom Fiskekartans strukturella tak; inga områdesarter generaliserade.,FVO-OMRÅDE,40b561618b2cc07983fb
Norrbotten,Sveaskog Fiske Nord (Norrbotten),Jäknajaure,Sjö,NB-STRUCT:63173f665eb00499987dd3cf,LÄNSGRANSKAD – Fiskekartan-struktur verifierad; vattenunikt artbelägg saknas,Namngiven vatten–FVO-koppling inom Fiskekartans strukturella tak; inga områdesarter generaliserade.,FVO-OMRÅDE,041527d7b9b33904cb04
Norrbotten,Sveaskog Fiske Nord (Norrbotten),Jänkkäjärvi,Sjö,NB-STRUCT:f5a340f580f12d9117a73f35,LÄNSGRANSKAD – Fiskekartan-struktur verifierad; vattenunikt artbelägg saknas,Namngiven vatten–FVO-koppling inom Fiskekartans strukturella tak; inga områdesarter generaliserade.,FVO-OMRÅDE,11fe516e4f948c59c9ba
Norrbotten,Sveaskog Fiske Nord (Norrbotten),Järferälven,Vattendrag,NB-STRUCT:016eed49e18eee0c6bc880ca,LÄNSGRANSKAD – Fiskekartan-struktur verifierad; vattenunikt artbelägg saknas,Namngiven vatten–FVO-koppling inom Fiskekartans strukturella tak; inga områdesarter generaliserade.,FVO-OMRÅDE,720085904716167bb80d
Norrbotten,Sveaskog Fiske Nord (Norrbotten),Järntjärnen,Sjö,NB-STRUCT:8506d1d9175ea7f777ba0a4f,LÄNSGRANSKAD – Fiskekartan-struktur verifierad; vattenunikt artbelägg saknas,Namngiven vatten–FVO-koppling inom Fiskekartans strukturella tak; inga områdesarter generaliserade.,FVO-OMRÅDE,35240aa985ad193beacf
Norrbotten,Sveaskog Fiske Nord (Norrbotten),Jåddejaurbäcken,Vattendrag,NB-STRUCT:29004cadd32572f679503066,LÄNSGRANSKAD – Fiskekartan-struktur verifierad; vattenunikt artbelägg saknas,Namngiven vatten–FVO-koppling inom Fiskekartans strukturella tak; inga områdesarter generaliserade.,FVO-OMRÅDE,9da0e76382115a6a215b
Norrbotten,Sveaskog Fiske Nord (Norrbotten),Kaakkajärvet,Sjö,NB-STRUCT:21194958ee91f6fd31324325,LÄNSGRANSKAD – Fiskekartan-struktur verifierad; vattenunikt artbelägg saknas,Namngiven vatten–FVO-koppling inom Fiskekartans strukturella tak; inga områdesarter generaliserade.,FVO-OMRÅDE,405b2254b7f4e2304b17
Norrbotten,Sveaskog Fiske Nord (Norrbotten),Kaakkurijärvi,Sjö,NB-STRUCT:dfdf9ba0d73fd5f5b0887c22,LÄNSGRANSKAD – Fiskekartan-struktur verifierad; vattenunikt artbelägg saknas,Namngiven vatten–FVO-koppling inom Fiskekartans strukturella tak; inga områdesarter generaliserade.,FVO-OMRÅDE,100c51f35f6257453b1f
Norrbotten,Sveaskog Fiske Nord (Norrbotten),Kaavajärvi,Sjö,NB-STRUCT:db8ba9077f27cb30aa4f8b61,LÄNSGRANSKAD – Fiskekartan-struktur verifierad; vattenunikt artbelägg saknas,Namngiven vatten–FVO-koppling inom Fiskekartans strukturella tak; inga områdesarter generaliserade.,FVO-OMRÅDE,e772ffed96bb8da570a3
Norrbotten,Sveaskog Fiske Nord (Norrbotten),Kainotjärnen,Sjö,NB-STRUCT:10f03f1bb7d52ee918a61bc0,LÄNSGRANSKAD – Fiskekartan-struktur verifierad; vattenunikt artbelägg saknas,Namngiven vatten–FVO-koppling inom Fiskekartans strukturella tak; inga områdesarter generaliserade.,FVO-OMRÅDE,32ca800f03e8ea61c801
Norrbotten,Sveaskog Fiske Nord (Norrbotten),Kaitajärvi,Sjö,NB-STRUCT:3dd4eeb761a9c10a82581abb,LÄNSGRANSKAD – Fiskekartan-struktur verifierad; vattenunikt artbelägg saknas,Namngiven vatten–FVO-koppling inom Fiskekartans strukturella tak; inga områdesarter generaliserade.,FVO-OMRÅDE,9c26e2ecad150ba994c2
Norrbotten,Sveaskog Fiske Nord (Norrbotten),Kalatonjärvi,Sjö,NB-STRUCT:e7a425b755ac0fec9765ba22,LÄNSGRANSKAD – Fiskekartan-struktur verifierad; vattenunikt artbelägg saknas,Namngiven vatten–FVO-koppling inom Fiskekartans strukturella tak; inga områdesarter generaliserade.,FVO-OMRÅDE,b90b963994f1e6404f9c
Norrbotten,Sveaskog Fiske Nord (Norrbotten),Kalixälven,Vattendrag,NB-STRUCT:0db730255c1c459fc3a9d179,LÄNSGRANSKAD – Fiskekartan-struktur verifierad; vattenunikt artbelägg saknas,Namngiven vatten–FVO-koppling inom Fiskekartans strukturella tak; inga områdesarter generaliserade.,FVO-OMRÅDE,1d98a0427e44bcad4870
Norrbotten,Sveaskog Fiske Nord (Norrbotten),Kallhålsbäcken,Vattendrag,NB-STRUCT:79525177180b115c5608e6bc,LÄNSGRANSKAD – Fiskekartan-struktur verifierad; vattenunikt artbelägg saknas,Namngiven vatten–FVO-koppling inom Fiskekartans strukturella tak; inga områdesarter generaliserade.,FVO-OMRÅDE,bda06bd57ee002ffd621
Norrbotten,Sveaskog Fiske Nord (Norrbotten),Kallkällbäcken,Vattendrag,NB-STRUCT:086279c705e8e7b871f876d1,LÄNSGRANSKAD – Fiskekartan-struktur verifierad; vattenunikt artbelägg saknas,Namngiven vatten–FVO-koppling inom Fiskekartans strukturella tak; inga områdesarter generaliserade.,FVO-OMRÅDE,adab89c388a6f04e1481
Norrbotten,Sveaskog Fiske Nord (Norrbotten),Kallkällmyren,Vattendrag,NB-STRUCT:64c6d6ccdabe82799e8d1b7f,LÄNSGRANSKAD – Fiskekartan-struktur verifierad; vattenunikt artbelägg saknas,Namngiven vatten–FVO-koppling inom Fiskekartans strukturella tak; inga områdesarter generaliserade.,FVO-OMRÅDE,77a2d576a2e17cfc6958
Norrbotten,Sveaskog Fiske Nord (Norrbotten),Kallojaure,Sjö,NB-STRUCT:83c62e0b2a330c40c2419332,LÄNSGRANSKAD – Fiskekartan-struktur verifierad; vattenunikt artbelägg saknas,Namngiven vatten–FVO-koppling inom Fiskekartans strukturella tak; inga områdesarter generaliserade.,FVO-OMRÅDE,6472ed6f0aa4b04c85ee
Norrbotten,Sveaskog Fiske Nord (Norrbotten),Kallojärvi,Sjö,NB-STRUCT:2dad81044fe19cbf070673b7,LÄNSGRANSKAD – Fiskekartan-struktur verifierad; vattenunikt artbelägg saknas,Namngiven vatten–FVO-koppling inom Fiskekartans strukturella tak; inga områdesarter generaliserade.,FVO-OMRÅDE,54da3a085d30b443f269
Norrbotten,Sveaskog Fiske Nord (Norrbotten),Kallsjön,Sjö,NB-STRUCT:317b47e88d6eb485c5cc971b,LÄNSGRANSKAD – Fiskekartan-struktur verifierad; vattenunikt artbelägg saknas,Namngiven vatten–FVO-koppling inom Fiskekartans strukturella tak; inga områdesarter generaliserade.,FVO-OMRÅDE,39f75ca9df98ae120f45
Norrbotten,Sveaskog Fiske Nord (Norrbotten),Kallträsket,Sjö,NB-STRUCT:e3933eaa8eabd9e2b6e2059d,LÄNSGRANSKAD – Fiskekartan-struktur verifierad; vattenunikt artbelägg saknas,Namngiven vatten–FVO-koppling inom Fiskekartans strukturella tak; inga områdesarter generaliserade.,FVO-OMRÅDE,9048349e54ede245a10f
Norrbotten,Sveaskog Fiske Nord (Norrbotten),Kalsojärvi,Sjö,NB-STRUCT:1c627376d06ae2256579c26a,LÄNSGRANSKAD – Fiskekartan-struktur verifierad; vattenunikt artbelägg saknas,Namngiven vatten–FVO-koppling inom Fiskekartans strukturella tak; inga områdesarter generaliserade.,FVO-OMRÅDE,49303da847e81fef6a52
Norrbotten,Sveaskog Fiske Nord (Norrbotten),Kamlungträsket,Sjö,NB-STRUCT:a2c4ba1d94d3d9f26f6019b7,LÄNSGRANSKAD – Fiskekartan-struktur verifierad; vattenunikt artbelägg saknas,Namngiven vatten–FVO-koppling inom Fiskekartans strukturella tak; inga områdesarter generaliserade.,FVO-OMRÅDE,0b8713296b0037ea5d0d
Norrbotten,Sveaskog Fiske Nord (Norrbotten),Karakselet,Sjö,NB-STRUCT:adfc3b7789cb2941be06f2c6,LÄNSGRANSKAD – Fiskekartan-struktur verifierad; vattenunikt artbelägg saknas,Namngiven vatten–FVO-koppling inom Fiskekartans strukturella tak; inga områdesarter generaliserade.,FVO-OMRÅDE,66e8769703a62dda5117
Norrbotten,Sveaskog Fiske Nord (Norrbotten),Karlstjärnen,Sjö,NB-STRUCT:4a98dfa9ed7a3423de327cee,LÄNSGRANSKAD – Fiskekartan-struktur verifierad; vattenunikt artbelägg saknas,Namngiven vatten–FVO-koppling inom Fiskekartans strukturella tak; inga områdesarter generaliserade.,FVO-OMRÅDE,a105fe170c14c99b2226
Norrbotten,Sveaskog Fiske Nord (Norrbotten),Kelvajärvi,Sjö,NB-STRUCT:45a05cd601e111c3ba7832e3,LÄNSGRANSKAD – Fiskekartan-struktur verifierad; vattenunikt artbelägg saknas,Namngiven vatten–FVO-koppling inom Fiskekartans strukturella tak; inga områdesarter generaliserade.,FVO-OMRÅDE,da162fc2635d88ae7540
Norrbotten,Sveaskog Fiske Nord (Norrbotten),Kilisån,Vattendrag,NB-STRUCT:c52cce7257af024fefe9e1c6,LÄNSGRANSKAD – Fiskekartan-struktur verifierad; vattenunikt artbelägg saknas,Namngiven vatten–FVO-koppling inom Fiskekartans strukturella tak; inga områdesarter generaliserade.,FVO-OMRÅDE,c0d91b3a6b3c0478fe6c
Norrbotten,Sveaskog Fiske Nord (Norrbotten),Kiltijärvi,Sjö,NB-STRUCT:0d7e5e5060af07f86e17fc1b,LÄNSGRANSKAD – Fiskekartan-struktur verifierad; vattenunikt artbelägg saknas,Namngiven vatten–FVO-koppling inom Fiskekartans strukturella tak; inga områdesarter generaliserade.,FVO-OMRÅDE,797948570ca9b721cadb
Norrbotten,Sveaskog Fiske Nord (Norrbotten),Kilver,Sjö,NB-STRUCT:4fad2a9ccc9a17796dda1004,LÄNSGRANSKAD – Fiskekartan-struktur verifierad; vattenunikt artbelägg saknas,Namngiven vatten–FVO-koppling inom Fiskekartans strukturella tak; inga områdesarter generaliserade.,FVO-OMRÅDE,c9fbd0bf2d9d865fe91c
Norrbotten,Sveaskog Fiske Nord (Norrbotten),Kivijärvenoja,Vattendrag,NB-STRUCT:91ee3fb277b96282ef3e5712,LÄNSGRANSKAD – Fiskekartan-struktur verifierad; vattenunikt artbelägg saknas,Namngiven vatten–FVO-koppling inom Fiskekartans strukturella tak; inga områdesarter generaliserade.,FVO-OMRÅDE,d1d2b3b675f1ead6cadd
Norrbotten,Sveaskog Fiske Nord (Norrbotten),Kivijärvi,Sjö,NB-STRUCT:7d061fc6807ff941ffbbe5be,LÄNSGRANSKAD – Fiskekartan-struktur verifierad; vattenunikt artbelägg saknas,Namngiven vatten–FVO-koppling inom Fiskekartans strukturella tak; inga områdesarter generaliserade.,FVO-OMRÅDE,98d517ca7c317c78bc75
Norrbotten,Sveaskog Fiske Nord (Norrbotten),Klarvattentjärnen,Sjö,NB-STRUCT:cc9c68c64a6657fe4d042f4c,LÄNSGRANSKAD – Fiskekartan-struktur verifierad; vattenunikt artbelägg saknas,Namngiven vatten–FVO-koppling inom Fiskekartans strukturella tak; inga områdesarter generaliserade.,FVO-OMRÅDE,cc70584293ece3a2b72f
Norrbotten,Sveaskog Fiske Nord (Norrbotten),Klemmetmyrbäcken,Vattendrag,NB-STRUCT:7d00903476b70e45bc28a457,LÄNSGRANSKAD – Fiskekartan-struktur verifierad; vattenunikt artbelägg saknas,Namngiven vatten–FVO-koppling inom Fiskekartans strukturella tak; inga områdesarter generaliserade.,FVO-OMRÅDE,8885878d32d9caf02c35
Norrbotten,Sveaskog Fiske Nord (Norrbotten),Klingertjärnen,Sjö,NB-STRUCT:e50e6cf2ad9e49d34088289e,LÄNSGRANSKAD – Fiskekartan-struktur verifierad; vattenunikt artbelägg saknas,Namngiven vatten–FVO-koppling inom Fiskekartans strukturella tak; inga områdesarter generaliserade.,FVO-OMRÅDE,937f3fd47ded728abb69
Norrbotten,Sveaskog Fiske Nord (Norrbotten),Klinttjärnbäcken,Vattendrag,NB-STRUCT:40204bca33fb993e93a8dbe8,LÄNSGRANSKAD – Fiskekartan-struktur verifierad; vattenunikt artbelägg saknas,Namngiven vatten–FVO-koppling inom Fiskekartans strukturella tak; inga områdesarter generaliserade.,FVO-OMRÅDE,dc57445090d3b402cbe5
Norrbotten,Sveaskog Fiske Nord (Norrbotten),Klockartjärnen,Sjö,NB-STRUCT:0ec7b960163eea9e1840465d,LÄNSGRANSKAD – Fiskekartan-struktur verifierad; vattenunikt artbelägg saknas,Namngiven vatten–FVO-koppling inom Fiskekartans strukturella tak; inga områdesarter generaliserade.,FVO-OMRÅDE,cb7d861a992454fa7279
Norrbotten,Sveaskog Fiske Nord (Norrbotten),Kniptjärnen,Sjö,NB-STRUCT:24e7179cc1e96a8e64bef197,LÄNSGRANSKAD – Fiskekartan-struktur verifierad; vattenunikt artbelägg saknas,Namngiven vatten–FVO-koppling inom Fiskekartans strukturella tak; inga områdesarter generaliserade.,FVO-OMRÅDE,2359c4195848cc84c000
Norrbotten,Sveaskog Fiske Nord (Norrbotten),Knuttjärnbäcken,Vattendrag,NB-STRUCT:ba942c9aed68c24473916601,LÄNSGRANSKAD – Fiskekartan-struktur verifierad; vattenunikt artbelägg saknas,Namngiven vatten–FVO-koppling inom Fiskekartans strukturella tak; inga områdesarter generaliserade.,FVO-OMRÅDE,a5be69a0796add8a52f5
Norrbotten,Sveaskog Fiske Nord (Norrbotten),Kojmyrbäcken,Vattendrag,NB-STRUCT:c30cdf0bcb5958ca209cfaa8,LÄNSGRANSKAD – Fiskekartan-struktur verifierad; vattenunikt artbelägg saknas,Namngiven vatten–FVO-koppling inom Fiskekartans strukturella tak; inga områdesarter generaliserade.,FVO-OMRÅDE,dcc674a380537c837423
Norrbotten,Sveaskog Fiske Nord (Norrbotten),Koktjärnen,Sjö,NB-STRUCT:08c4892a1c0aad235c6ca358,LÄNSGRANSKAD – Fiskekartan-struktur verifierad; vattenunikt artbelägg saknas,Namngiven vatten–FVO-koppling inom Fiskekartans strukturella tak; inga områdesarter generaliserade.,FVO-OMRÅDE,c0947f6ce3a762148f43
Norrbotten,Sveaskog Fiske Nord (Norrbotten),Kolsujärvet,Sjö,NB-STRUCT:0f287a8e4261c99dedb26391,LÄNSGRANSKAD – Fiskekartan-struktur verifierad; vattenunikt artbelägg saknas,Namngiven vatten–FVO-koppling inom Fiskekartans strukturella tak; inga områdesarter generaliserade.,FVO-OMRÅDE,ee540d76d9ed9b6d3674
Norrbotten,Sveaskog Fiske Nord (Norrbotten),Komyrtjärnen,Sjö,NB-STRUCT:d9c22b77c84e9be811617b68,LÄNSGRANSKAD – Fiskekartan-struktur verifierad; vattenunikt artbelägg saknas,Namngiven vatten–FVO-koppling inom Fiskekartans strukturella tak; inga områdesarter generaliserade.,FVO-OMRÅDE,300ea774b49265029500
Norrbotten,Sveaskog Fiske Nord (Norrbotten),Korgtjärnbäcken,Vattendrag,NB-STRUCT:1b45575dba9ab328f2760d0f,LÄNSGRANSKAD – Fiskekartan-struktur verifierad; vattenunikt artbelägg saknas,Namngiven vatten–FVO-koppling inom Fiskekartans strukturella tak; inga områdesarter generaliserade.,FVO-OMRÅDE,fb74bf5810ddf5043278
Norrbotten,Sveaskog Fiske Nord (Norrbotten),Kotajärvi,Sjö,NB-STRUCT:69c78740a0d1362a8bc6f267,LÄNSGRANSKAD – Fiskekartan-struktur verifierad; vattenunikt artbelägg saknas,Namngiven vatten–FVO-koppling inom Fiskekartans strukturella tak; inga områdesarter generaliserade.,FVO-OMRÅDE,2c35c5737f8dfee5c33a
Norrbotten,Sveaskog Fiske Nord (Norrbotten),Kotojärvi,Sjö,NB-STRUCT:dcf217b89df4cb3263141317,LÄNSGRANSKAD – Fiskekartan-struktur verifierad; vattenunikt artbelägg saknas,Namngiven vatten–FVO-koppling inom Fiskekartans strukturella tak; inga områdesarter generaliserade.,FVO-OMRÅDE,0195bfb8efdcca31afec
Norrbotten,Sveaskog Fiske Nord (Norrbotten),Krokaforsen,Vattendrag,NB-STRUCT:01fa59627873d7d5abc5f5d3,LÄNSGRANSKAD – Fiskekartan-struktur verifierad; vattenunikt artbelägg saknas,Namngiven vatten–FVO-koppling inom Fiskekartans strukturella tak; inga områdesarter generaliserade.,FVO-OMRÅDE,9e8f9e29ca73fa33cf9d
Norrbotten,Sveaskog Fiske Nord (Norrbotten),Krokaselet,Sjö,NB-STRUCT:94d248c14d0cbc58e8311a8e,LÄNSGRANSKAD – Fiskekartan-struktur verifierad; vattenunikt artbelägg saknas,Namngiven vatten–FVO-koppling inom Fiskekartans strukturella tak; inga områdesarter generaliserade.,FVO-OMRÅDE,9009b6ddc28c1901c944
Norrbotten,Sveaskog Fiske Nord (Norrbotten),Kroktjärnen,Sjö,NB-STRUCT:00240111613c180a3f525f2c,LÄNSGRANSKAD – Fiskekartan-struktur verifierad; vattenunikt artbelägg saknas,Namngiven vatten–FVO-koppling inom Fiskekartans strukturella tak; inga områdesarter generaliserade.,FVO-OMRÅDE,ae1a8495d4a785685b31
Norrbotten,Sveaskog Fiske Nord (Norrbotten),Krokträskbäcken,Vattendrag,NB-STRUCT:056de8b4196e35d5989c18ee,LÄNSGRANSKAD – Fiskekartan-struktur verifierad; vattenunikt artbelägg saknas,Namngiven vatten–FVO-koppling inom Fiskekartans strukturella tak; inga områdesarter generaliserade.,FVO-OMRÅDE,926d43ff1133c5d6a132
Norrbotten,Sveaskog Fiske Nord (Norrbotten),Krokträsket,Sjö,NB-STRUCT:12afe0abe4f3894bd80f3a81,LÄNSGRANSKAD – Fiskekartan-struktur verifierad; vattenunikt artbelägg saknas,Namngiven vatten–FVO-koppling inom Fiskekartans strukturella tak; inga områdesarter generaliserade.,FVO-OMRÅDE,90e62e1c9ea20e68e6e3
Norrbotten,Sveaskog Fiske Nord (Norrbotten),Krokträsktjärn,Sjö,NB-STRUCT:85cbbaf3442b3bc7bee6c18e,LÄNSGRANSKAD – Fiskekartan-struktur verifierad; vattenunikt artbelägg saknas,Namngiven vatten–FVO-koppling inom Fiskekartans strukturella tak; inga områdesarter generaliserade.,FVO-OMRÅDE,80b6b09dd124fa5b8fcc
Norrbotten,Sveaskog Fiske Nord (Norrbotten),Kruokejåkkå,Vattendrag,NB-STRUCT:79056ad1c69e286bc1ac0171,LÄNSGRANSKAD – Fiskekartan-struktur verifierad; vattenunikt artbelägg saknas,Namngiven vatten–FVO-koppling inom Fiskekartans strukturella tak; inga områdesarter generaliserade.,FVO-OMRÅDE,41495f56436c7a26b373
Norrbotten,Sveaskog Fiske Nord (Norrbotten),Kruokkenjaure,Sjö,NB-STRUCT:ff38a40d0ecdcd442172b285,LÄNSGRANSKAD – Fiskekartan-struktur verifierad; vattenunikt artbelägg saknas,Namngiven vatten–FVO-koppling inom Fiskekartans strukturella tak; inga områdesarter generaliserade.,FVO-OMRÅDE,b9224bb464e4651ef796
Norrbotten,Sveaskog Fiske Nord (Norrbotten),Krutbäcken,Vattendrag,NB-STRUCT:7540b40e170f201614ee3afa,LÄNSGRANSKAD – Fiskekartan-struktur verifierad; vattenunikt artbelägg saknas,Namngiven vatten–FVO-koppling inom Fiskekartans strukturella tak; inga områdesarter generaliserade.,FVO-OMRÅDE,2b42e041b9458796763c
Norrbotten,Sveaskog Fiske Nord (Norrbotten),Kuijijärvi,Sjö,NB-STRUCT:37d4dd469db9f21b2e9870b9,LÄNSGRANSKAD – Fiskekartan-struktur verifierad; vattenunikt artbelägg saknas,Namngiven vatten–FVO-koppling inom Fiskekartans strukturella tak; inga områdesarter generaliserade.,FVO-OMRÅDE,e4dab6e284dc1dc33623
Norrbotten,Sveaskog Fiske Nord (Norrbotten),Kuollejaure,Sjö,NB-STRUCT:732f66569270ce3d27d336cf,LÄNSGRANSKAD – Fiskekartan-struktur verifierad; vattenunikt artbelägg saknas,Namngiven vatten–FVO-koppling inom Fiskekartans strukturella tak; inga områdesarter generaliserade.,FVO-OMRÅDE,11db0b8c1416489c3dd5
Norrbotten,Sveaskog Fiske Nord (Norrbotten),Kuortektjärnen,Sjö,NB-STRUCT:986649d1f520dce97f70e59b,LÄNSGRANSKAD – Fiskekartan-struktur verifierad; vattenunikt artbelägg saknas,Namngiven vatten–FVO-koppling inom Fiskekartans strukturella tak; inga områdesarter generaliserade.,FVO-OMRÅDE,d826dcd2ebfb2d15a89e
Norrbotten,Sveaskog Fiske Nord (Norrbotten),Kuossajåkkå,Vattendrag,NB-STRUCT:d531eb3b96cd81538782c5d1,LÄNSGRANSKAD – Fiskekartan-struktur verifierad; vattenunikt artbelägg saknas,Namngiven vatten–FVO-koppling inom Fiskekartans strukturella tak; inga områdesarter generaliserade.,FVO-OMRÅDE,ca56057e150d45bbf46b
Norrbotten,Sveaskog Fiske Nord (Norrbotten),Kuotelisjaurebäcken,Vattendrag,NB-STRUCT:3cc1a5c44dee0288f5e09b7f,LÄNSGRANSKAD – Fiskekartan-struktur verifierad; vattenunikt artbelägg saknas,Namngiven vatten–FVO-koppling inom Fiskekartans strukturella tak; inga områdesarter generaliserade.,FVO-OMRÅDE,28e5206587a9fc2403f1
Norrbotten,Sveaskog Fiske Nord (Norrbotten),Kuoutelisjaure,Sjö,NB-STRUCT:5948810fc476d4884b8e5362,LÄNSGRANSKAD – Fiskekartan-struktur verifierad; vattenunikt artbelägg saknas,Namngiven vatten–FVO-koppling inom Fiskekartans strukturella tak; inga områdesarter generaliserade.,FVO-OMRÅDE,551b74fb41355ac5f4d9
Norrbotten,Sveaskog Fiske Nord (Norrbotten),Kvarnbergstjärnen,Sjö,NB-STRUCT:2aeff369e1ee5424930cefa9,LÄNSGRANSKAD – Fiskekartan-struktur verifierad; vattenunikt artbelägg saknas,Namngiven vatten–FVO-koppling inom Fiskekartans strukturella tak; inga områdesarter generaliserade.,FVO-OMRÅDE,696c77479a3ad862e0ff
Norrbotten,Sveaskog Fiske Nord (Norrbotten),Kvarnbäcken,Vattendrag,NB-STRUCT:09bfb452a9051cb1909883a0,LÄNSGRANSKAD – Fiskekartan-struktur verifierad; vattenunikt artbelägg saknas,Namngiven vatten–FVO-koppling inom Fiskekartans strukturella tak; inga områdesarter generaliserade.,FVO-OMRÅDE,d42b2922f7563940285f
Norrbotten,Sveaskog Fiske Nord (Norrbotten),Kvarnselet,Sjö,NB-STRUCT:133b7e37103f9073e2470f7a,LÄNSGRANSKAD – Fiskekartan-struktur verifierad; vattenunikt artbelägg saknas,Namngiven vatten–FVO-koppling inom Fiskekartans strukturella tak; inga områdesarter generaliserade.,FVO-OMRÅDE,2a9a68da88fd0618d81c
Norrbotten,Sveaskog Fiske Nord (Norrbotten),Kvarntjärnarna,Sjö,NB-STRUCT:93d8c343fefda3727fd0d3a0,LÄNSGRANSKAD – Fiskekartan-struktur verifierad; vattenunikt artbelägg saknas,Namngiven vatten–FVO-koppling inom Fiskekartans strukturella tak; inga områdesarter generaliserade.,FVO-OMRÅDE,1e48b7c247690e9d69f8
Norrbotten,Sveaskog Fiske Nord (Norrbotten),Kvarnån,Vattendrag,NB-STRUCT:03d2edf3614b56c037b76f96,LÄNSGRANSKAD – Fiskekartan-struktur verifierad; vattenunikt artbelägg saknas,Namngiven vatten–FVO-koppling inom Fiskekartans strukturella tak; inga områdesarter generaliserade.,FVO-OMRÅDE,5e5c2594a76f2c14dbec
Norrbotten,Sveaskog Fiske Nord (Norrbotten),Kyrktjärnbäcken,Vattendrag,NB-STRUCT:2af381db33956e1c90189f5d,LÄNSGRANSKAD – Fiskekartan-struktur verifierad; vattenunikt artbelägg saknas,Namngiven vatten–FVO-koppling inom Fiskekartans strukturella tak; inga områdesarter generaliserade.,FVO-OMRÅDE,d2a8241b9f1e0faeac0c
Norrbotten,Sveaskog Fiske Nord (Norrbotten),Kätköbäcken,Vattendrag,NB-STRUCT:750fba5188593b961383e423,LÄNSGRANSKAD – Fiskekartan-struktur verifierad; vattenunikt artbelägg saknas,Namngiven vatten–FVO-koppling inom Fiskekartans strukturella tak; inga områdesarter generaliserade.,FVO-OMRÅDE,415d8017d2bdfbfbacc5
Norrbotten,Sveaskog Fiske Nord (Norrbotten),Kätköjärvi,Sjö,NB-STRUCT:1b9a37f21e3f9183ad3625c5,LÄNSGRANSKAD – Fiskekartan-struktur verifierad; vattenunikt artbelägg saknas,Namngiven vatten–FVO-koppling inom Fiskekartans strukturella tak; inga områdesarter generaliserade.,FVO-OMRÅDE,925bd7b1cc182ed5fdcb
Norrbotten,Sveaskog Fiske Nord (Norrbotten),Kåbtåjaure,Sjö,NB-STRUCT:6c819a8b3467ca8796f5c65d,LÄNSGRANSKAD – Fiskekartan-struktur verifierad; vattenunikt artbelägg saknas,Namngiven vatten–FVO-koppling inom Fiskekartans strukturella tak; inga områdesarter generaliserade.,FVO-OMRÅDE,f4e537cb579113469da7
Norrbotten,Sveaskog Fiske Nord (Norrbotten),Kåddejaure,Sjö,NB-STRUCT:c9a43cc64e973b6ce26c127e,LÄNSGRANSKAD – Fiskekartan-struktur verifierad; vattenunikt artbelägg saknas,Namngiven vatten–FVO-koppling inom Fiskekartans strukturella tak; inga områdesarter generaliserade.,FVO-OMRÅDE,653e27c90b005bd1234a
Norrbotten,Sveaskog Fiske Nord (Norrbotten),Kåikaure,Sjö,NB-STRUCT:02fc67f6d2f5c000d8a7a2a3,LÄNSGRANSKAD – Fiskekartan-struktur verifierad; vattenunikt artbelägg saknas,Namngiven vatten–FVO-koppling inom Fiskekartans strukturella tak; inga områdesarter generaliserade.,FVO-OMRÅDE,890f73498e7a2c8fc618
Norrbotten,Sveaskog Fiske Nord (Norrbotten),Kårsåjåkkå,Vattendrag,NB-STRUCT:4fd06f50208851aff8aa95ce,LÄNSGRANSKAD – Fiskekartan-struktur verifierad; vattenunikt artbelägg saknas,Namngiven vatten–FVO-koppling inom Fiskekartans strukturella tak; inga områdesarter generaliserade.,FVO-OMRÅDE,565cf2bce0e8002f7b6f
Norrbotten,Sveaskog Fiske Nord (Norrbotten),Kåtatjärn,Sjö,NB-STRUCT:36e2c9aece6ab75340d6c51d,LÄNSGRANSKAD – Fiskekartan-struktur verifierad; vattenunikt artbelägg saknas,Namngiven vatten–FVO-koppling inom Fiskekartans strukturella tak; inga områdesarter generaliserade.,FVO-OMRÅDE,9a3b5ca109c30bac77e9
Norrbotten,Sveaskog Fiske Nord (Norrbotten),Lagbäcken,Vattendrag,NB-STRUCT:76875c1d2faa7c376bfcc985,LÄNSGRANSKAD – Fiskekartan-struktur verifierad; vattenunikt artbelägg saknas,Namngiven vatten–FVO-koppling inom Fiskekartans strukturella tak; inga områdesarter generaliserade.,FVO-OMRÅDE,f29148ec3429e9d4abd8
Norrbotten,Sveaskog Fiske Nord (Norrbotten),Lainisjoki,Vattendrag,NB-STRUCT:005fa39937b3bf89b5b17f67,LÄNSGRANSKAD – Fiskekartan-struktur verifierad; vattenunikt artbelägg saknas,Namngiven vatten–FVO-koppling inom Fiskekartans strukturella tak; inga områdesarter generaliserade.,FVO-OMRÅDE,0f321fa6f63ff29755c2
Norrbotten,Sveaskog Fiske Nord (Norrbotten),Lakatjärnen,Sjö,NB-STRUCT:3e1d0f851d616207867d5531,LÄNSGRANSKAD – Fiskekartan-struktur verifierad; vattenunikt artbelägg saknas,Namngiven vatten–FVO-koppling inom Fiskekartans strukturella tak; inga områdesarter generaliserade.,FVO-OMRÅDE,dd33d3c0e489bf5d6134
Norrbotten,Sveaskog Fiske Nord (Norrbotten),Lappbäcken,Vattendrag,NB-STRUCT:5a72c4e1a135ff6bd2295016,LÄNSGRANSKAD – Fiskekartan-struktur verifierad; vattenunikt artbelägg saknas,Namngiven vatten–FVO-koppling inom Fiskekartans strukturella tak; inga områdesarter generaliserade.,FVO-OMRÅDE,3bfd43e88cafd68b361a
Norrbotten,Sveaskog Fiske Nord (Norrbotten),Lappkåtatjärnen,Sjö,NB-STRUCT:819a7ad666599eced9d8f84e,LÄNSGRANSKAD – Fiskekartan-struktur verifierad; vattenunikt artbelägg saknas,Namngiven vatten–FVO-koppling inom Fiskekartans strukturella tak; inga områdesarter generaliserade.,FVO-OMRÅDE,fc9ed6044c7d34c12e12
Norrbotten,Sveaskog Fiske Nord (Norrbotten),Lappmyrbäcken,Vattendrag,NB-STRUCT:19b2c0f3771267584e16fb12,LÄNSGRANSKAD – Fiskekartan-struktur verifierad; vattenunikt artbelägg saknas,Namngiven vatten–FVO-koppling inom Fiskekartans strukturella tak; inga områdesarter generaliserade.,FVO-OMRÅDE,7bf7f4786c49bac64604
Norrbotten,Sveaskog Fiske Nord (Norrbotten),Lappträsket,Sjö,NB-STRUCT:4d5d23af1af928f8d453cfc8,LÄNSGRANSKAD – Fiskekartan-struktur verifierad; vattenunikt artbelägg saknas,Namngiven vatten–FVO-koppling inom Fiskekartans strukturella tak; inga områdesarter generaliserade.,FVO-OMRÅDE,f114bc0c1f1be8316d3b
Norrbotten,Sveaskog Fiske Nord (Norrbotten),Lappträskån,Vattendrag,NB-STRUCT:09d240f15a54f41fa7da59f3,LÄNSGRANSKAD – Fiskekartan-struktur verifierad; vattenunikt artbelägg saknas,Namngiven vatten–FVO-koppling inom Fiskekartans strukturella tak; inga områdesarter generaliserade.,FVO-OMRÅDE,94c31b17af71d94eacaf
Norrbotten,Sveaskog Fiske Nord (Norrbotten),Lattok,Sjö,NB-STRUCT:a4b9c7b936c722cbaed575a7,LÄNSGRANSKAD – Fiskekartan-struktur verifierad; vattenunikt artbelägg saknas,Namngiven vatten–FVO-koppling inom Fiskekartans strukturella tak; inga områdesarter generaliserade.,FVO-OMRÅDE,aeacbb9a792b8168e2c6
Norrbotten,Sveaskog Fiske Nord (Norrbotten),Laukersjöbäcken,Vattendrag,NB-STRUCT:7be98dcae8cc475ae4d3083f,LÄNSGRANSKAD – Fiskekartan-struktur verifierad; vattenunikt artbelägg saknas,Namngiven vatten–FVO-koppling inom Fiskekartans strukturella tak; inga områdesarter generaliserade.,FVO-OMRÅDE,adf202f8472d1a3bf0ce
Norrbotten,Sveaskog Fiske Nord (Norrbotten),Laukersjön,Sjö,NB-STRUCT:7f39f49f3f880f90bea424e8,LÄNSGRANSKAD – Fiskekartan-struktur verifierad; vattenunikt artbelägg saknas,Namngiven vatten–FVO-koppling inom Fiskekartans strukturella tak; inga områdesarter generaliserade.,FVO-OMRÅDE,4b18852db1846fe28e70
Norrbotten,Sveaskog Fiske Nord (Norrbotten),Laxbäcken,Vattendrag,NB-STRUCT:0fb2d54b1f254f2b74dae47d,LÄNSGRANSKAD – Fiskekartan-struktur verifierad; vattenunikt artbelägg saknas,Namngiven vatten–FVO-koppling inom Fiskekartans strukturella tak; inga områdesarter generaliserade.,FVO-OMRÅDE,8ce7573b2b6c30a81a4b
Norrbotten,Sveaskog Fiske Nord (Norrbotten),Laxmyrbäcken,Vattendrag,NB-STRUCT:1c3d8f15da1d1d235b98cdf3,LÄNSGRANSKAD – Fiskekartan-struktur verifierad; vattenunikt artbelägg saknas,Namngiven vatten–FVO-koppling inom Fiskekartans strukturella tak; inga områdesarter generaliserade.,FVO-OMRÅDE,f93e5f6a32d08afcc434
Norrbotten,Sveaskog Fiske Nord (Norrbotten),Laxtjärn,Sjö,NB-STRUCT:0355a1c154f8df611d2df2a8,LÄNSGRANSKAD – Fiskekartan-struktur verifierad; vattenunikt artbelägg saknas,Namngiven vatten–FVO-koppling inom Fiskekartans strukturella tak; inga områdesarter generaliserade.,FVO-OMRÅDE,0e02e02506e686775793
Norrbotten,Sveaskog Fiske Nord (Norrbotten),Laxtjärnen,Sjö,NB-STRUCT:5b2f8153f2d7133fb114f5f1,LÄNSGRANSKAD – Fiskekartan-struktur verifierad; vattenunikt artbelägg saknas,Namngiven vatten–FVO-koppling inom Fiskekartans strukturella tak; inga områdesarter generaliserade.,FVO-OMRÅDE,d745c811810aadeb8efb
Norrbotten,Sveaskog Fiske Nord (Norrbotten),Ledvassbäcken,Vattendrag,NB-STRUCT:ff9b9450c5bd0a416d2c335e,LÄNSGRANSKAD – Fiskekartan-struktur verifierad; vattenunikt artbelägg saknas,Namngiven vatten–FVO-koppling inom Fiskekartans strukturella tak; inga områdesarter generaliserade.,FVO-OMRÅDE,8c15679f5c16979750d8
Norrbotten,Sveaskog Fiske Nord (Norrbotten),Ledvattnet,Sjö,NB-STRUCT:7100a8f0e254f57d320f2d7b,LÄNSGRANSKAD – Fiskekartan-struktur verifierad; vattenunikt artbelägg saknas,Namngiven vatten–FVO-koppling inom Fiskekartans strukturella tak; inga områdesarter generaliserade.,FVO-OMRÅDE,be786bc43d6747a84e51
Norrbotten,Sveaskog Fiske Nord (Norrbotten),Leipejaure,Sjö,NB-STRUCT:8ed67e5712a064e7ad011a20,LÄNSGRANSKAD – Fiskekartan-struktur verifierad; vattenunikt artbelägg saknas,Namngiven vatten–FVO-koppling inom Fiskekartans strukturella tak; inga områdesarter generaliserade.,FVO-OMRÅDE,e1c573a110076e8d9fd3
Norrbotten,Sveaskog Fiske Nord (Norrbotten),Letsimagasinet,Sjö,NB-STRUCT:4a4da014e6c181d9b3a6705d,LÄNSGRANSKAD – Fiskekartan-struktur verifierad; vattenunikt artbelägg saknas,Namngiven vatten–FVO-koppling inom Fiskekartans strukturella tak; inga områdesarter generaliserade.,FVO-OMRÅDE,8ce004356403de03a44d
Norrbotten,Sveaskog Fiske Nord (Norrbotten),Levorträsket,Sjö,NB-STRUCT:ba0fc87d7d5067e5ece60c85,LÄNSGRANSKAD – Fiskekartan-struktur verifierad; vattenunikt artbelägg saknas,Namngiven vatten–FVO-koppling inom Fiskekartans strukturella tak; inga områdesarter generaliserade.,FVO-OMRÅDE,627dbb931e9056eb04d8
Norrbotten,Sveaskog Fiske Nord (Norrbotten),Lill-Abborrtjärnen,Sjö,NB-STRUCT:348209d01ae7e88b1fd6bb43,LÄNSGRANSKAD – Fiskekartan-struktur verifierad; vattenunikt artbelägg saknas,Namngiven vatten–FVO-koppling inom Fiskekartans strukturella tak; inga områdesarter generaliserade.,FVO-OMRÅDE,b36e99b80b83e692603e
Norrbotten,Sveaskog Fiske Nord (Norrbotten),Lill-Anttjärnen,Sjö,NB-STRUCT:c302adff45260ad9e24b8299,LÄNSGRANSKAD – Fiskekartan-struktur verifierad; vattenunikt artbelägg saknas,Namngiven vatten–FVO-koppling inom Fiskekartans strukturella tak; inga områdesarter generaliserade.,FVO-OMRÅDE,e911e68c5fef54307df1
Norrbotten,Sveaskog Fiske Nord (Norrbotten),Lill-Arbost,Sjö,NB-STRUCT:2bfa57de9e8180ed2e1a746a,LÄNSGRANSKAD – Fiskekartan-struktur verifierad; vattenunikt artbelägg saknas,Namngiven vatten–FVO-koppling inom Fiskekartans strukturella tak; inga områdesarter generaliserade.,FVO-OMRÅDE,4436421ec30558c3c1c9
Norrbotten,Sveaskog Fiske Nord (Norrbotten),Lill-Ersträsket,Sjö,NB-STRUCT:9b001954072e208ebb175d6a,LÄNSGRANSKAD – Fiskekartan-struktur verifierad; vattenunikt artbelägg saknas,Namngiven vatten–FVO-koppling inom Fiskekartans strukturella tak; inga områdesarter generaliserade.,FVO-OMRÅDE,f55c893ae0b31c986b23
Norrbotten,Sveaskog Fiske Nord (Norrbotten),Lill-Huvbergtjärnen,Sjö,NB-STRUCT:1f328f7b09e00c80320ca9d2,LÄNSGRANSKAD – Fiskekartan-struktur verifierad; vattenunikt artbelägg saknas,Namngiven vatten–FVO-koppling inom Fiskekartans strukturella tak; inga områdesarter generaliserade.,FVO-OMRÅDE,353924a6cbd2d593cbf1
Norrbotten,Sveaskog Fiske Nord (Norrbotten),Lill-Knuttjärnen,Sjö,NB-STRUCT:d45ae8512b9442c5edb4417b,LÄNSGRANSKAD – Fiskekartan-struktur verifierad; vattenunikt artbelägg saknas,Namngiven vatten–FVO-koppling inom Fiskekartans strukturella tak; inga områdesarter generaliserade.,FVO-OMRÅDE,afa71b3cdebdab345368
Norrbotten,Sveaskog Fiske Nord (Norrbotten),Lill-Krokvattnet,Sjö,NB-STRUCT:197c60f48abb4845107bc581,LÄNSGRANSKAD – Fiskekartan-struktur verifierad; vattenunikt artbelägg saknas,Namngiven vatten–FVO-koppling inom Fiskekartans strukturella tak; inga områdesarter generaliserade.,FVO-OMRÅDE,4a41233a3eb31119b024
Norrbotten,Sveaskog Fiske Nord (Norrbotten),Lill-Lappträsket,Sjö,NB-STRUCT:6232cd81886b1aea2e755e58,LÄNSGRANSKAD – Fiskekartan-struktur verifierad; vattenunikt artbelägg saknas,Namngiven vatten–FVO-koppling inom Fiskekartans strukturella tak; inga områdesarter generaliserade.,FVO-OMRÅDE,7b2cce75d775d0ee5f1c
Norrbotten,Sveaskog Fiske Nord (Norrbotten),Lill-Laver,Sjö,NB-STRUCT:5cbe225f99d65c7f3ea0b21f,LÄNSGRANSKAD – Fiskekartan-struktur verifierad; vattenunikt artbelägg saknas,Namngiven vatten–FVO-koppling inom Fiskekartans strukturella tak; inga områdesarter generaliserade.,FVO-OMRÅDE,2c0bc11f1e284000ec11
Norrbotten,Sveaskog Fiske Nord (Norrbotten),Lill-Laverbäcken,Vattendrag,NB-STRUCT:14a3472505d1e89ebb750430,LÄNSGRANSKAD – Fiskekartan-struktur verifierad; vattenunikt artbelägg saknas,Namngiven vatten–FVO-koppling inom Fiskekartans strukturella tak; inga områdesarter generaliserade.,FVO-OMRÅDE,cc2ef33d748458da802c
Norrbotten,Sveaskog Fiske Nord (Norrbotten),Lill-Laxsjön,Sjö,NB-STRUCT:633fd4d023534262dad2a2f4,LÄNSGRANSKAD – Fiskekartan-struktur verifierad; vattenunikt artbelägg saknas,Namngiven vatten–FVO-koppling inom Fiskekartans strukturella tak; inga områdesarter generaliserade.,FVO-OMRÅDE,b630294c7d4c3de80168
Norrbotten,Sveaskog Fiske Nord (Norrbotten),Lill-Målker,Sjö,NB-STRUCT:0309ff65363f202e7aaea5d9,LÄNSGRANSKAD – Fiskekartan-struktur verifierad; vattenunikt artbelägg saknas,Namngiven vatten–FVO-koppling inom Fiskekartans strukturella tak; inga områdesarter generaliserade.,FVO-OMRÅDE,0556280cb5e85317c98f
Norrbotten,Sveaskog Fiske Nord (Norrbotten),Lill-Njallejaure,Sjö,NB-STRUCT:b1d296ea57917df6baf0fd16,LÄNSGRANSKAD – Fiskekartan-struktur verifierad; vattenunikt artbelägg saknas,Namngiven vatten–FVO-koppling inom Fiskekartans strukturella tak; inga områdesarter generaliserade.,FVO-OMRÅDE,9277a983522aea0afb4b
Norrbotten,Sveaskog Fiske Nord (Norrbotten),Lill-Solmokselet,Sjö,NB-STRUCT:55c01b39f8c88b3eac4f6543,LÄNSGRANSKAD – Fiskekartan-struktur verifierad; vattenunikt artbelägg saknas,Namngiven vatten–FVO-koppling inom Fiskekartans strukturella tak; inga områdesarter generaliserade.,FVO-OMRÅDE,f412313aebf759f1a7d2
Norrbotten,Sveaskog Fiske Nord (Norrbotten),Lill-Stenträsket,Sjö,NB-STRUCT:b6d36a8011fd31fec46b75c4,LÄNSGRANSKAD – Fiskekartan-struktur verifierad; vattenunikt artbelägg saknas,Namngiven vatten–FVO-koppling inom Fiskekartans strukturella tak; inga områdesarter generaliserade.,FVO-OMRÅDE,96e4f0e3254d8e5595a9
Norrbotten,Sveaskog Fiske Nord (Norrbotten),Lill-Tjärget,Sjö,NB-STRUCT:1febd3dbd65b820368293657,LÄNSGRANSKAD – Fiskekartan-struktur verifierad; vattenunikt artbelägg saknas,Namngiven vatten–FVO-koppling inom Fiskekartans strukturella tak; inga områdesarter generaliserade.,FVO-OMRÅDE,31e9e4fdca05b2fefe9f
Norrbotten,Sveaskog Fiske Nord (Norrbotten),Lill-Urtjärnen,Sjö,NB-STRUCT:f89555d6eddd856e8d9b37a5,LÄNSGRANSKAD – Fiskekartan-struktur verifierad; vattenunikt artbelägg saknas,Namngiven vatten–FVO-koppling inom Fiskekartans strukturella tak; inga områdesarter generaliserade.,FVO-OMRÅDE,07cbcca5ae8c8d5ae05b
Norrbotten,Sveaskog Fiske Nord (Norrbotten),Lill-Varjisträsket,Sjö,NB-STRUCT:146f586f61f49d87d9a616ba,LÄNSGRANSKAD – Fiskekartan-struktur verifierad; vattenunikt artbelägg saknas,Namngiven vatten–FVO-koppling inom Fiskekartans strukturella tak; inga områdesarter generaliserade.,FVO-OMRÅDE,3bc6abc91ee36944e705
Norrbotten,Sveaskog Fiske Nord (Norrbotten),Lilla Häbbersträsket,Sjö,NB-STRUCT:15dec4dd21a5f8ffc216a9dc,LÄNSGRANSKAD – Fiskekartan-struktur verifierad; vattenunikt artbelägg saknas,Namngiven vatten–FVO-koppling inom Fiskekartans strukturella tak; inga områdesarter generaliserade.,FVO-OMRÅDE,173460854341100faa9b
Norrbotten,Sveaskog Fiske Nord (Norrbotten),Lilla Kniptjärnen,Sjö,NB-STRUCT:e93dbf6e93a1ebc6a67ede63,LÄNSGRANSKAD – Fiskekartan-struktur verifierad; vattenunikt artbelägg saknas,Namngiven vatten–FVO-koppling inom Fiskekartans strukturella tak; inga områdesarter generaliserade.,FVO-OMRÅDE,b5506223aa33647e27ef
Norrbotten,Sveaskog Fiske Nord (Norrbotten),Lilla Luleälven,Vattendrag,NB-STRUCT:8270852fac70e08841c7971b,LÄNSGRANSKAD – Fiskekartan-struktur verifierad; vattenunikt artbelägg saknas,Namngiven vatten–FVO-koppling inom Fiskekartans strukturella tak; inga områdesarter generaliserade.,FVO-OMRÅDE,2550596139c438d04b69
Norrbotten,Sveaskog Fiske Nord (Norrbotten),Lilla Sörlidtjärnen,Sjö,NB-STRUCT:d5b766f1add55a9de94d6100,LÄNSGRANSKAD – Fiskekartan-struktur verifierad; vattenunikt artbelägg saknas,Namngiven vatten–FVO-koppling inom Fiskekartans strukturella tak; inga områdesarter generaliserade.,FVO-OMRÅDE,32877382bf8ca116eaf5
Norrbotten,Sveaskog Fiske Nord (Norrbotten),Lilla Tjåkasjaure,Sjö,NB-STRUCT:14858332cc2a950a6b924158,LÄNSGRANSKAD – Fiskekartan-struktur verifierad; vattenunikt artbelägg saknas,Namngiven vatten–FVO-koppling inom Fiskekartans strukturella tak; inga områdesarter generaliserade.,FVO-OMRÅDE,fc44fab7945052c1abb4
Norrbotten,Sveaskog Fiske Nord (Norrbotten),Lilla Utterträsket,Sjö,NB-STRUCT:2bd3702db032cbb30c52bfa4,LÄNSGRANSKAD – Fiskekartan-struktur verifierad; vattenunikt artbelägg saknas,Namngiven vatten–FVO-koppling inom Fiskekartans strukturella tak; inga områdesarter generaliserade.,FVO-OMRÅDE,17634fdc57ca64fc2dd2
Norrbotten,Sveaskog Fiske Nord (Norrbotten),Lillbergsträsket,Sjö,NB-STRUCT:14c4e5cb12490bf37f860688,LÄNSGRANSKAD – Fiskekartan-struktur verifierad; vattenunikt artbelägg saknas,Namngiven vatten–FVO-koppling inom Fiskekartans strukturella tak; inga områdesarter generaliserade.,FVO-OMRÅDE,af35412c23ec2766a60f
Norrbotten,Sveaskog Fiske Nord (Norrbotten),Lillholmstjärnen,Sjö,NB-STRUCT:79a3f3d049a50a2b32d764d8,LÄNSGRANSKAD – Fiskekartan-struktur verifierad; vattenunikt artbelägg saknas,Namngiven vatten–FVO-koppling inom Fiskekartans strukturella tak; inga områdesarter generaliserade.,FVO-OMRÅDE,5244a184e69c17e932f4
Norrbotten,Sveaskog Fiske Nord (Norrbotten),Lillklinttjärnen,Sjö,NB-STRUCT:00b61f2f9a189ce7bb6750f6,LÄNSGRANSKAD – Fiskekartan-struktur verifierad; vattenunikt artbelägg saknas,Namngiven vatten–FVO-koppling inom Fiskekartans strukturella tak; inga områdesarter generaliserade.,FVO-OMRÅDE,38204db2d6a385dbc88b
Norrbotten,Sveaskog Fiske Nord (Norrbotten),Lillskällträsket,Sjö,NB-STRUCT:f299bdd5784b154b8dde2a1b,LÄNSGRANSKAD – Fiskekartan-struktur verifierad; vattenunikt artbelägg saknas,Namngiven vatten–FVO-koppling inom Fiskekartans strukturella tak; inga områdesarter generaliserade.,FVO-OMRÅDE,50e8755d9b169c5e8cc1
Norrbotten,Sveaskog Fiske Nord (Norrbotten),Lillslytjärnen,Sjö,NB-STRUCT:be9752d100c139b9e490f816,LÄNSGRANSKAD – Fiskekartan-struktur verifierad; vattenunikt artbelägg saknas,Namngiven vatten–FVO-koppling inom Fiskekartans strukturella tak; inga områdesarter generaliserade.,FVO-OMRÅDE,abe5c02290a4607702f0
Norrbotten,Sveaskog Fiske Nord (Norrbotten),Lillträsket,Sjö,NB-STRUCT:87a6e2fd10797145d971aafd,LÄNSGRANSKAD – Fiskekartan-struktur verifierad; vattenunikt artbelägg saknas,Namngiven vatten–FVO-koppling inom Fiskekartans strukturella tak; inga områdesarter generaliserade.,FVO-OMRÅDE,0c9409d98f91f7e53262
Norrbotten,Sveaskog Fiske Nord (Norrbotten),Lillån,Vattendrag,NB-STRUCT:b2ae8d47ad2ae8cb3d810e0b,LÄNSGRANSKAD – Fiskekartan-struktur verifierad; vattenunikt artbelägg saknas,Namngiven vatten–FVO-koppling inom Fiskekartans strukturella tak; inga områdesarter generaliserade.,FVO-OMRÅDE,751a13e89801d3dba4f4
Norrbotten,Sveaskog Fiske Nord (Norrbotten),Livasälven,Vattendrag,NB-STRUCT:4c185430cdfab25ee94aeb3b,LÄNSGRANSKAD – Fiskekartan-struktur verifierad; vattenunikt artbelägg saknas,Namngiven vatten–FVO-koppling inom Fiskekartans strukturella tak; inga områdesarter generaliserade.,FVO-OMRÅDE,52b4374276fba7cafd27
Norrbotten,Sveaskog Fiske Nord (Norrbotten),Ljugarmyrtjärnen,Sjö,NB-STRUCT:3edb9f8751c3e33f8f914c95,LÄNSGRANSKAD – Fiskekartan-struktur verifierad; vattenunikt artbelägg saknas,Namngiven vatten–FVO-koppling inom Fiskekartans strukturella tak; inga områdesarter generaliserade.,FVO-OMRÅDE,6b8daec50dbedc84e44f
Norrbotten,Sveaskog Fiske Nord (Norrbotten),Ljusträskbäcken,Vattendrag,NB-STRUCT:190b8765fdfa41f49bb5b2c2,LÄNSGRANSKAD – Fiskekartan-struktur verifierad; vattenunikt artbelägg saknas,Namngiven vatten–FVO-koppling inom Fiskekartans strukturella tak; inga områdesarter generaliserade.,FVO-OMRÅDE,8da2020ec33197b5de44
Norrbotten,Sveaskog Fiske Nord (Norrbotten),Ljusträsket,Sjö,NB-STRUCT:24d8dde7dacbd586ac969caf,LÄNSGRANSKAD – Fiskekartan-struktur verifierad; vattenunikt artbelägg saknas,Namngiven vatten–FVO-koppling inom Fiskekartans strukturella tak; inga områdesarter generaliserade.,FVO-OMRÅDE,5d273a76dff2750c5162
Norrbotten,Sveaskog Fiske Nord (Norrbotten),Ljusvattnet,Sjö,NB-STRUCT:4b1270ab8eb379843b2be85e,LÄNSGRANSKAD – Fiskekartan-struktur verifierad; vattenunikt artbelägg saknas,Namngiven vatten–FVO-koppling inom Fiskekartans strukturella tak; inga områdesarter generaliserade.,FVO-OMRÅDE,a96d6ea0f388e6be67f1
Norrbotten,Sveaskog Fiske Nord (Norrbotten),Lobbelbäcken,Vattendrag,NB-STRUCT:e5bd84b1ab4006835ceab84e,LÄNSGRANSKAD – Fiskekartan-struktur verifierad; vattenunikt artbelägg saknas,Namngiven vatten–FVO-koppling inom Fiskekartans strukturella tak; inga områdesarter generaliserade.,FVO-OMRÅDE,f6e726b61cf26c1d3aab
Norrbotten,Sveaskog Fiske Nord (Norrbotten),Lobbeltjärnen,Sjö,NB-STRUCT:2e60dc73c97c72ad159cf76a,LÄNSGRANSKAD – Fiskekartan-struktur verifierad; vattenunikt artbelägg saknas,Namngiven vatten–FVO-koppling inom Fiskekartans strukturella tak; inga områdesarter generaliserade.,FVO-OMRÅDE,a8589d1b180b781735b6
Norrbotten,Sveaskog Fiske Nord (Norrbotten),Lobblet,Sjö,NB-STRUCT:0ccaad8c1bee7fad0d4881de,LÄNSGRANSKAD – Fiskekartan-struktur verifierad; vattenunikt artbelägg saknas,Namngiven vatten–FVO-koppling inom Fiskekartans strukturella tak; inga områdesarter generaliserade.,FVO-OMRÅDE,90063dfa86bdca5acf79
Norrbotten,Sveaskog Fiske Nord (Norrbotten),Lombtjärnen,Sjö,NB-STRUCT:1393879497a8a6409dbdb49b,LÄNSGRANSKAD – Fiskekartan-struktur verifierad; vattenunikt artbelägg saknas,Namngiven vatten–FVO-koppling inom Fiskekartans strukturella tak; inga områdesarter generaliserade.,FVO-OMRÅDE,5fd39b4535d8377c4577
Norrbotten,Sveaskog Fiske Nord (Norrbotten),Lompolonoja,Vattendrag,NB-STRUCT:8fc9a0b8065cbe6b533ab653,LÄNSGRANSKAD – Fiskekartan-struktur verifierad; vattenunikt artbelägg saknas,Namngiven vatten–FVO-koppling inom Fiskekartans strukturella tak; inga områdesarter generaliserade.,FVO-OMRÅDE,c7dbbb078fd52fd26e7b
Norrbotten,Sveaskog Fiske Nord (Norrbotten),Lomtjärnen,Sjö,NB-STRUCT:9eefad109f4f6016ffc69f63,LÄNSGRANSKAD – Fiskekartan-struktur verifierad; vattenunikt artbelägg saknas,Namngiven vatten–FVO-koppling inom Fiskekartans strukturella tak; inga områdesarter generaliserade.,FVO-OMRÅDE,7f699af9cc0b74acedc3
Norrbotten,Sveaskog Fiske Nord (Norrbotten),Lovajärvi,Sjö,NB-STRUCT:f169571735103eafb56eae89,LÄNSGRANSKAD – Fiskekartan-struktur verifierad; vattenunikt artbelägg saknas,Namngiven vatten–FVO-koppling inom Fiskekartans strukturella tak; inga områdesarter generaliserade.,FVO-OMRÅDE,c9ebbc598c449121e8ff
Norrbotten,Sveaskog Fiske Nord (Norrbotten),Lullejaurbäcken,Vattendrag,NB-STRUCT:e870165693ffa2cc3a7e9219,LÄNSGRANSKAD – Fiskekartan-struktur verifierad; vattenunikt artbelägg saknas,Namngiven vatten–FVO-koppling inom Fiskekartans strukturella tak; inga områdesarter generaliserade.,FVO-OMRÅDE,29044df40b8e0c308734
Norrbotten,Sveaskog Fiske Nord (Norrbotten),Lullejaure,Sjö,NB-STRUCT:1dd9bf1b0d4d788fc5ae728e,LÄNSGRANSKAD – Fiskekartan-struktur verifierad; vattenunikt artbelägg saknas,Namngiven vatten–FVO-koppling inom Fiskekartans strukturella tak; inga områdesarter generaliserade.,FVO-OMRÅDE,ae3bb385cbc4291b8428
Norrbotten,Sveaskog Fiske Nord (Norrbotten),Luojärvi,Sjö,NB-STRUCT:2d152f3a70f7323ce8cee9c2,LÄNSGRANSKAD – Fiskekartan-struktur verifierad; vattenunikt artbelägg saknas,Namngiven vatten–FVO-koppling inom Fiskekartans strukturella tak; inga områdesarter generaliserade.,FVO-OMRÅDE,3289b0946e82e8e655e5
Norrbotten,Sveaskog Fiske Nord (Norrbotten),Luongasjoki,Vattendrag,NB-STRUCT:0722a838d11a165a4959fc6f,LÄNSGRANSKAD – Fiskekartan-struktur verifierad; vattenunikt artbelägg saknas,Namngiven vatten–FVO-koppling inom Fiskekartans strukturella tak; inga områdesarter generaliserade.,FVO-OMRÅDE,cd409384eaa532942475
Norrbotten,Sveaskog Fiske Nord (Norrbotten),Luossejaure,Sjö,NB-STRUCT:c0bdf3747b58bd323991b083,LÄNSGRANSKAD – Fiskekartan-struktur verifierad; vattenunikt artbelägg saknas,Namngiven vatten–FVO-koppling inom Fiskekartans strukturella tak; inga områdesarter generaliserade.,FVO-OMRÅDE,875b3da0898b8ab61476
Norrbotten,Sveaskog Fiske Nord (Norrbotten),Luovvejaure,Sjö,NB-STRUCT:3f6f33de4552941b6de5c911,LÄNSGRANSKAD – Fiskekartan-struktur verifierad; vattenunikt artbelägg saknas,Namngiven vatten–FVO-koppling inom Fiskekartans strukturella tak; inga områdesarter generaliserade.,FVO-OMRÅDE,bc3dd4e25f5bd02845c7
Norrbotten,Sveaskog Fiske Nord (Norrbotten),Låhttsiejávrrie,Sjö,NB-STRUCT:5837945c95522389acb7eafc,LÄNSGRANSKAD – Fiskekartan-struktur verifierad; vattenunikt artbelägg saknas,Namngiven vatten–FVO-koppling inom Fiskekartans strukturella tak; inga områdesarter generaliserade.,FVO-OMRÅDE,c04e68612d84d8f66f42
Norrbotten,Sveaskog Fiske Nord (Norrbotten),Långlobblet,Sjö,NB-STRUCT:4777b444300805c0e35e3ca1,LÄNSGRANSKAD – Fiskekartan-struktur verifierad; vattenunikt artbelägg saknas,Namngiven vatten–FVO-koppling inom Fiskekartans strukturella tak; inga områdesarter generaliserade.,FVO-OMRÅDE,30654397c4184cfd71ed
Norrbotten,Sveaskog Fiske Nord (Norrbotten),Långmyrbäcken,Vattendrag,NB-STRUCT:aa90918cc5422b01f1955ae6,LÄNSGRANSKAD – Fiskekartan-struktur verifierad; vattenunikt artbelägg saknas,Namngiven vatten–FVO-koppling inom Fiskekartans strukturella tak; inga områdesarter generaliserade.,FVO-OMRÅDE,8ccb0bb24e5de6d2bdec
Norrbotten,Sveaskog Fiske Nord (Norrbotten),Långmyrtjärnen,Sjö,NB-STRUCT:0b637bbb5f12232933a9d821,LÄNSGRANSKAD – Fiskekartan-struktur verifierad; vattenunikt artbelägg saknas,Namngiven vatten–FVO-koppling inom Fiskekartans strukturella tak; inga områdesarter generaliserade.,FVO-OMRÅDE,ca2c278d1ce35aa3e079
Norrbotten,Sveaskog Fiske Nord (Norrbotten),Långseltjärnen,Sjö,NB-STRUCT:9f3124c1e72c2c4ce53305a9,LÄNSGRANSKAD – Fiskekartan-struktur verifierad; vattenunikt artbelägg saknas,Namngiven vatten–FVO-koppling inom Fiskekartans strukturella tak; inga områdesarter generaliserade.,FVO-OMRÅDE,8b6bc325ae833620e271
Norrbotten,Sveaskog Fiske Nord (Norrbotten),Långtjärn,Sjö,NB-STRUCT:e9ddb7aa137325eae6d3aae9,LÄNSGRANSKAD – Fiskekartan-struktur verifierad; vattenunikt artbelägg saknas,Namngiven vatten–FVO-koppling inom Fiskekartans strukturella tak; inga områdesarter generaliserade.,FVO-OMRÅDE,19ecf5c7f4587b21c986
Norrbotten,Sveaskog Fiske Nord (Norrbotten),Långtjärnbäcken,Vattendrag,NB-STRUCT:44ebffd991d835f723a604ff,LÄNSGRANSKAD – Fiskekartan-struktur verifierad; vattenunikt artbelägg saknas,Namngiven vatten–FVO-koppling inom Fiskekartans strukturella tak; inga områdesarter generaliserade.,FVO-OMRÅDE,2ef75f1772b00da0bc07
Norrbotten,Sveaskog Fiske Nord (Norrbotten),Långtjärnen,Sjö,NB-STRUCT:01a66aa81abad0acb47837f1,LÄNSGRANSKAD – Fiskekartan-struktur verifierad; vattenunikt artbelägg saknas,Namngiven vatten–FVO-koppling inom Fiskekartans strukturella tak; inga områdesarter generaliserade.,FVO-OMRÅDE,79bc2cefae15b61780de
Norrbotten,Sveaskog Fiske Nord (Norrbotten),Långträskbäcken,Vattendrag,NB-STRUCT:9f5510bfb080c599e8ef7cd8,LÄNSGRANSKAD – Fiskekartan-struktur verifierad; vattenunikt artbelägg saknas,Namngiven vatten–FVO-koppling inom Fiskekartans strukturella tak; inga områdesarter generaliserade.,FVO-OMRÅDE,6b508baa83d776ae3fdf
Norrbotten,Sveaskog Fiske Nord (Norrbotten),Långträsket,Sjö,NB-STRUCT:4ef3fc8ed3d336898eb17927,LÄNSGRANSKAD – Fiskekartan-struktur verifierad; vattenunikt artbelägg saknas,Namngiven vatten–FVO-koppling inom Fiskekartans strukturella tak; inga områdesarter generaliserade.,FVO-OMRÅDE,9889e2f383ed233e593e
Norrbotten,Sveaskog Fiske Nord (Norrbotten),Långträskälven,Vattendrag,NB-STRUCT:6947e8f0b314434f98d19d25,LÄNSGRANSKAD – Fiskekartan-struktur verifierad; vattenunikt artbelägg saknas,Namngiven vatten–FVO-koppling inom Fiskekartans strukturella tak; inga områdesarter generaliserade.,FVO-OMRÅDE,79f0b9f2ced804605974
Norrbotten,Sveaskog Fiske Nord (Norrbotten),Långträskån,Vattendrag,NB-STRUCT:6e6de1633621dcfa63b20a70,LÄNSGRANSKAD – Fiskekartan-struktur verifierad; vattenunikt artbelägg saknas,Namngiven vatten–FVO-koppling inom Fiskekartans strukturella tak; inga områdesarter generaliserade.,FVO-OMRÅDE,ad0ddc5ab26dbdf37381
Norrbotten,Sveaskog Fiske Nord (Norrbotten),Låttsejaure,Sjö,NB-STRUCT:2e32ef373044c018583e2fe5,LÄNSGRANSKAD – Fiskekartan-struktur verifierad; vattenunikt artbelägg saknas,Namngiven vatten–FVO-koppling inom Fiskekartans strukturella tak; inga områdesarter generaliserade.,FVO-OMRÅDE,9d0940da16e91b685e3b
Norrbotten,Sveaskog Fiske Nord (Norrbotten),Lövuddtjärnen,Sjö,NB-STRUCT:0a91786fe8a397fb423a6861,LÄNSGRANSKAD – Fiskekartan-struktur verifierad; vattenunikt artbelägg saknas,Namngiven vatten–FVO-koppling inom Fiskekartans strukturella tak; inga områdesarter generaliserade.,FVO-OMRÅDE,236104e2421bc785e39c
Norrbotten,Sveaskog Fiske Nord (Norrbotten),Maderbäcken,Vattendrag,NB-STRUCT:c045b5e3e82ba21ad146a6f6,LÄNSGRANSKAD – Fiskekartan-struktur verifierad; vattenunikt artbelägg saknas,Namngiven vatten–FVO-koppling inom Fiskekartans strukturella tak; inga områdesarter generaliserade.,FVO-OMRÅDE,3b2f9c697d8b75406d45
Norrbotten,Sveaskog Fiske Nord (Norrbotten),Madierjuhkatje,Vattendrag,NB-STRUCT:6654e64049adc6a55b690b5f,LÄNSGRANSKAD – Fiskekartan-struktur verifierad; vattenunikt artbelägg saknas,Namngiven vatten–FVO-koppling inom Fiskekartans strukturella tak; inga områdesarter generaliserade.,FVO-OMRÅDE,ef27fca47f1de279c098
Norrbotten,Sveaskog Fiske Nord (Norrbotten),Magaträskbäcken,Vattendrag,NB-STRUCT:a07872897af442625806942c,LÄNSGRANSKAD – Fiskekartan-struktur verifierad; vattenunikt artbelägg saknas,Namngiven vatten–FVO-koppling inom Fiskekartans strukturella tak; inga områdesarter generaliserade.,FVO-OMRÅDE,6555abdc745df39d6593
Norrbotten,Sveaskog Fiske Nord (Norrbotten),Magaträsket,Sjö,NB-STRUCT:b3ccf2d1c45c9e39034160ad,LÄNSGRANSKAD – Fiskekartan-struktur verifierad; vattenunikt artbelägg saknas,Namngiven vatten–FVO-koppling inom Fiskekartans strukturella tak; inga områdesarter generaliserade.,FVO-OMRÅDE,d98c4b63cbc3e8d04881
Norrbotten,Sveaskog Fiske Nord (Norrbotten),Magertjärnen,Sjö,NB-STRUCT:0c65e0699baab2319ce6309c,LÄNSGRANSKAD – Fiskekartan-struktur verifierad; vattenunikt artbelägg saknas,Namngiven vatten–FVO-koppling inom Fiskekartans strukturella tak; inga områdesarter generaliserade.,FVO-OMRÅDE,d6e9adf816efe8db8c37
Norrbotten,Sveaskog Fiske Nord (Norrbotten),Makkarajärvi,Sjö,NB-STRUCT:9ce4e1d95e1e7754f0d4d4e8,LÄNSGRANSKAD – Fiskekartan-struktur verifierad; vattenunikt artbelägg saknas,Namngiven vatten–FVO-koppling inom Fiskekartans strukturella tak; inga områdesarter generaliserade.,FVO-OMRÅDE,f90cfe73ff509a2605a2
Norrbotten,Sveaskog Fiske Nord (Norrbotten),Malhuvudtjärnarna,Sjö,NB-STRUCT:4214f8ae95abc2f2b3a28ec5,LÄNSGRANSKAD – Fiskekartan-struktur verifierad; vattenunikt artbelägg saknas,Namngiven vatten–FVO-koppling inom Fiskekartans strukturella tak; inga områdesarter generaliserade.,FVO-OMRÅDE,495896bb85bb4c5c1d88
Norrbotten,Sveaskog Fiske Nord (Norrbotten),Malkåtatjärnen,Sjö,NB-STRUCT:ab22e579ef334a000e8afb00,LÄNSGRANSKAD – Fiskekartan-struktur verifierad; vattenunikt artbelägg saknas,Namngiven vatten–FVO-koppling inom Fiskekartans strukturella tak; inga områdesarter generaliserade.,FVO-OMRÅDE,f03033ebe363d00bbf13
Norrbotten,Sveaskog Fiske Nord (Norrbotten),Malmesjaure,Sjö,NB-STRUCT:ba76d9d831fe0efb04db02ae,LÄNSGRANSKAD – Fiskekartan-struktur verifierad; vattenunikt artbelägg saknas,Namngiven vatten–FVO-koppling inom Fiskekartans strukturella tak; inga områdesarter generaliserade.,FVO-OMRÅDE,5b5bd63d8c84c92a8e9e
Norrbotten,Sveaskog Fiske Nord (Norrbotten),Manfolkträsket,Sjö,NB-STRUCT:30ca081e5b714cf80bdba620,LÄNSGRANSKAD – Fiskekartan-struktur verifierad; vattenunikt artbelägg saknas,Namngiven vatten–FVO-koppling inom Fiskekartans strukturella tak; inga områdesarter generaliserade.,FVO-OMRÅDE,1b552305bdb59ba4dd76
Norrbotten,Sveaskog Fiske Nord (Norrbotten),Matkaoja,Vattendrag,NB-STRUCT:86aba0217a54765cea619507,LÄNSGRANSKAD – Fiskekartan-struktur verifierad; vattenunikt artbelägg saknas,Namngiven vatten–FVO-koppling inom Fiskekartans strukturella tak; inga områdesarter generaliserade.,FVO-OMRÅDE,179c1933325116ccbb2d
Norrbotten,Sveaskog Fiske Nord (Norrbotten),Mattsjaure,Sjö,NB-STRUCT:d555cc8a5bd0e644eaa25a23,LÄNSGRANSKAD – Fiskekartan-struktur verifierad; vattenunikt artbelägg saknas,Namngiven vatten–FVO-koppling inom Fiskekartans strukturella tak; inga områdesarter generaliserade.,FVO-OMRÅDE,f4bb730f72b0fc16153b
Norrbotten,Sveaskog Fiske Nord (Norrbotten),Melakträsket,Sjö,NB-STRUCT:a186e103455b3fc3d428a493,LÄNSGRANSKAD – Fiskekartan-struktur verifierad; vattenunikt artbelägg saknas,Namngiven vatten–FVO-koppling inom Fiskekartans strukturella tak; inga områdesarter generaliserade.,FVO-OMRÅDE,8b7818884769d56a4dec
Norrbotten,Sveaskog Fiske Nord (Norrbotten),Messauremagasinet,Sjö,NB-STRUCT:47b4f42b682a0de0710d3c3b,LÄNSGRANSKAD – Fiskekartan-struktur verifierad; vattenunikt artbelägg saknas,Namngiven vatten–FVO-koppling inom Fiskekartans strukturella tak; inga områdesarter generaliserade.,FVO-OMRÅDE,f5c9d7e79e51db4b131f
Norrbotten,Sveaskog Fiske Nord (Norrbotten),Metartjärnen,Sjö,NB-STRUCT:f4a3504facf9fca40381cc04,LÄNSGRANSKAD – Fiskekartan-struktur verifierad; vattenunikt artbelägg saknas,Namngiven vatten–FVO-koppling inom Fiskekartans strukturella tak; inga områdesarter generaliserade.,FVO-OMRÅDE,cb99beaf81ccbc5f75b3
Norrbotten,Sveaskog Fiske Nord (Norrbotten),Metträsket,Sjö,NB-STRUCT:0c936e89860722e37001d7c2,LÄNSGRANSKAD – Fiskekartan-struktur verifierad; vattenunikt artbelägg saknas,Namngiven vatten–FVO-koppling inom Fiskekartans strukturella tak; inga områdesarter generaliserade.,FVO-OMRÅDE,26ba67dc46f62883fc18
Norrbotten,Sveaskog Fiske Nord (Norrbotten),Metträskån,Vattendrag,NB-STRUCT:d03417b833cbf9906046c5ab,LÄNSGRANSKAD – Fiskekartan-struktur verifierad; vattenunikt artbelägg saknas,Namngiven vatten–FVO-koppling inom Fiskekartans strukturella tak; inga områdesarter generaliserade.,FVO-OMRÅDE,52a3087ae93b65d9fb1a
Norrbotten,Sveaskog Fiske Nord (Norrbotten),Miessaure,Sjö,NB-STRUCT:86a59e599490bb40c3e9c183,LÄNSGRANSKAD – Fiskekartan-struktur verifierad; vattenunikt artbelägg saknas,Namngiven vatten–FVO-koppling inom Fiskekartans strukturella tak; inga områdesarter generaliserade.,FVO-OMRÅDE,681927c199d060d40059
Norrbotten,Sveaskog Fiske Nord (Norrbotten),Miessaurebäcken,Vattendrag,NB-STRUCT:3838ad85147b3dd26f8f05b0,LÄNSGRANSKAD – Fiskekartan-struktur verifierad; vattenunikt artbelägg saknas,Namngiven vatten–FVO-koppling inom Fiskekartans strukturella tak; inga områdesarter generaliserade.,FVO-OMRÅDE,9427cbebab490a6f7d0c
Norrbotten,Sveaskog Fiske Nord (Norrbotten),Mildtjärnen,Sjö,NB-STRUCT:64e8157265b5ce7f875bddbc,LÄNSGRANSKAD – Fiskekartan-struktur verifierad; vattenunikt artbelägg saknas,Namngiven vatten–FVO-koppling inom Fiskekartans strukturella tak; inga områdesarter generaliserade.,FVO-OMRÅDE,9efdd4744bfd9b2b2139
Norrbotten,Sveaskog Fiske Nord (Norrbotten),Milkasjärvi,Sjö,NB-STRUCT:db4a6646713b10a00d8792b2,LÄNSGRANSKAD – Fiskekartan-struktur verifierad; vattenunikt artbelägg saknas,Namngiven vatten–FVO-koppling inom Fiskekartans strukturella tak; inga områdesarter generaliserade.,FVO-OMRÅDE,daeb6c4340eb8ff1dca4
Norrbotten,Sveaskog Fiske Nord (Norrbotten),Mittitjärnen,Sjö,NB-STRUCT:2fa990a18d2252dff0fc33af,LÄNSGRANSKAD – Fiskekartan-struktur verifierad; vattenunikt artbelägg saknas,Namngiven vatten–FVO-koppling inom Fiskekartans strukturella tak; inga områdesarter generaliserade.,FVO-OMRÅDE,1447f780102fa3a33fc1
Norrbotten,Sveaskog Fiske Nord (Norrbotten),Mjöträsket,Sjö,NB-STRUCT:f2bb13e102869add7f3c0b9b,LÄNSGRANSKAD – Fiskekartan-struktur verifierad; vattenunikt artbelägg saknas,Namngiven vatten–FVO-koppling inom Fiskekartans strukturella tak; inga områdesarter generaliserade.,FVO-OMRÅDE,8509ec492341b9155349
Norrbotten,Sveaskog Fiske Nord (Norrbotten),Mortselet,Sjö,NB-STRUCT:881fda23f61ed7a1b62a7e8d,LÄNSGRANSKAD – Fiskekartan-struktur verifierad; vattenunikt artbelägg saknas,Namngiven vatten–FVO-koppling inom Fiskekartans strukturella tak; inga områdesarter generaliserade.,FVO-OMRÅDE,9e7a85db57ca42992fa8
Norrbotten,Sveaskog Fiske Nord (Norrbotten),Moskoselet,Sjö,NB-STRUCT:9307a7430b9145d7011dedd0,LÄNSGRANSKAD – Fiskekartan-struktur verifierad; vattenunikt artbelägg saknas,Namngiven vatten–FVO-koppling inom Fiskekartans strukturella tak; inga områdesarter generaliserade.,FVO-OMRÅDE,426d8e21c98520278ee6
Norrbotten,Sveaskog Fiske Nord (Norrbotten),Muggträsket,Sjö,NB-STRUCT:a911c4322c5cd80905ca964a,LÄNSGRANSKAD – Fiskekartan-struktur verifierad; vattenunikt artbelägg saknas,Namngiven vatten–FVO-koppling inom Fiskekartans strukturella tak; inga områdesarter generaliserade.,FVO-OMRÅDE,158294f858dbf620d234
Norrbotten,Sveaskog Fiske Nord (Norrbotten),Muggån,Vattendrag,NB-STRUCT:88b4afd9d501ad7c38ab625e,LÄNSGRANSKAD – Fiskekartan-struktur verifierad; vattenunikt artbelägg saknas,Namngiven vatten–FVO-koppling inom Fiskekartans strukturella tak; inga områdesarter generaliserade.,FVO-OMRÅDE,4a0f71520263040108c5
Norrbotten,Sveaskog Fiske Nord (Norrbotten),Muonioälven,Vattendrag,NB-STRUCT:068956d028dd7f611cdb684a,LÄNSGRANSKAD – Fiskekartan-struktur verifierad; vattenunikt artbelägg saknas,Namngiven vatten–FVO-koppling inom Fiskekartans strukturella tak; inga områdesarter generaliserade.,FVO-OMRÅDE,90622298c7859b727b58
Norrbotten,Sveaskog Fiske Nord (Norrbotten),Murhajärvi,Sjö,NB-STRUCT:b07a90b8f1686a5aa3d612e9,LÄNSGRANSKAD – Fiskekartan-struktur verifierad; vattenunikt artbelägg saknas,Namngiven vatten–FVO-koppling inom Fiskekartans strukturella tak; inga områdesarter generaliserade.,FVO-OMRÅDE,d9789a157c954ef3fbe2
Norrbotten,Sveaskog Fiske Nord (Norrbotten),Murhajärvibäcken,Vattendrag,NB-STRUCT:e6d8a946bf210fa0e6a5f9f5,LÄNSGRANSKAD – Fiskekartan-struktur verifierad; vattenunikt artbelägg saknas,Namngiven vatten–FVO-koppling inom Fiskekartans strukturella tak; inga områdesarter generaliserade.,FVO-OMRÅDE,df54237ed1cd2c7570a0
Norrbotten,Sveaskog Fiske Nord (Norrbotten),Muskusbäcken,Vattendrag,NB-STRUCT:49ab3af38c0fb3c488c957e1,LÄNSGRANSKAD – Fiskekartan-struktur verifierad; vattenunikt artbelägg saknas,Namngiven vatten–FVO-koppling inom Fiskekartans strukturella tak; inga områdesarter generaliserade.,FVO-OMRÅDE,e19f9e167caab4455e69
Norrbotten,Sveaskog Fiske Nord (Norrbotten),Myllyjoki,Vattendrag,NB-STRUCT:0561665dc8febb93704b3532,LÄNSGRANSKAD – Fiskekartan-struktur verifierad; vattenunikt artbelägg saknas,Namngiven vatten–FVO-koppling inom Fiskekartans strukturella tak; inga områdesarter generaliserade.,FVO-OMRÅDE,66d48a3e45fd6fec2cea
Norrbotten,Sveaskog Fiske Nord (Norrbotten),Myrtjärnen,Sjö,NB-STRUCT:2cd9027c0081195098537839,LÄNSGRANSKAD – Fiskekartan-struktur verifierad; vattenunikt artbelägg saknas,Namngiven vatten–FVO-koppling inom Fiskekartans strukturella tak; inga områdesarter generaliserade.,FVO-OMRÅDE,1b19242f11a0cc577877
Norrbotten,Sveaskog Fiske Nord (Norrbotten),Märkbäcken,Vattendrag,NB-STRUCT:3c7dcbb18394590eed84b2a4,LÄNSGRANSKAD – Fiskekartan-struktur verifierad; vattenunikt artbelägg saknas,Namngiven vatten–FVO-koppling inom Fiskekartans strukturella tak; inga områdesarter generaliserade.,FVO-OMRÅDE,1fc65802298e17558ade
Norrbotten,Sveaskog Fiske Nord (Norrbotten),Målkkure,Sjö,NB-STRUCT:56e3fa7a96fad084099553d1,LÄNSGRANSKAD – Fiskekartan-struktur verifierad; vattenunikt artbelägg saknas,Namngiven vatten–FVO-koppling inom Fiskekartans strukturella tak; inga områdesarter generaliserade.,FVO-OMRÅDE,36d1aef64aadb300984c
Norrbotten,Sveaskog Fiske Nord (Norrbotten),Mörttjärnarna,Sjö,NB-STRUCT:2cc55ad1df8811b5cacccce8,LÄNSGRANSKAD – Fiskekartan-struktur verifierad; vattenunikt artbelägg saknas,Namngiven vatten–FVO-koppling inom Fiskekartans strukturella tak; inga områdesarter generaliserade.,FVO-OMRÅDE,b85e3fe238ba6fae38ab
Norrbotten,Sveaskog Fiske Nord (Norrbotten),Mörttjärnen,Sjö,NB-STRUCT:67d296954484845217ce1523,LÄNSGRANSKAD – Fiskekartan-struktur verifierad; vattenunikt artbelägg saknas,Namngiven vatten–FVO-koppling inom Fiskekartans strukturella tak; inga områdesarter generaliserade.,FVO-OMRÅDE,fdcc05c8d10d815c6a90
Norrbotten,Sveaskog Fiske Nord (Norrbotten),Mörtträskbäcken,Vattendrag,NB-STRUCT:042508fdf71bbc43ba02bce8,LÄNSGRANSKAD – Fiskekartan-struktur verifierad; vattenunikt artbelägg saknas,Namngiven vatten–FVO-koppling inom Fiskekartans strukturella tak; inga områdesarter generaliserade.,FVO-OMRÅDE,13159ab5fa6ed7bffc2f
Norrbotten,Sveaskog Fiske Nord (Norrbotten),Mörtträsket,Sjö,NB-STRUCT:094260cdb75fd172f0ae33cb,LÄNSGRANSKAD – Fiskekartan-struktur verifierad; vattenunikt artbelägg saknas,Namngiven vatten–FVO-koppling inom Fiskekartans strukturella tak; inga områdesarter generaliserade.,FVO-OMRÅDE,f0cf480f84e68201dc96
Norrbotten,Sveaskog Fiske Nord (Norrbotten),Naankijoki,Vattendrag,NB-STRUCT:440e7a522132d79177586f21,LÄNSGRANSKAD – Fiskekartan-struktur verifierad; vattenunikt artbelägg saknas,Namngiven vatten–FVO-koppling inom Fiskekartans strukturella tak; inga områdesarter generaliserade.,FVO-OMRÅDE,4ba83b92ed7ef7004ec4
Norrbotten,Sveaskog Fiske Nord (Norrbotten),Naankijärvi,Sjö,NB-STRUCT:4f39030dde3da1cd925d385c,LÄNSGRANSKAD – Fiskekartan-struktur verifierad; vattenunikt artbelägg saknas,Namngiven vatten–FVO-koppling inom Fiskekartans strukturella tak; inga områdesarter generaliserade.,FVO-OMRÅDE,5b23b467625a3d2ac152
Norrbotten,Sveaskog Fiske Nord (Norrbotten),Naktebäcken,Vattendrag,NB-STRUCT:2ec46f913a8e1915a01d9704,LÄNSGRANSKAD – Fiskekartan-struktur verifierad; vattenunikt artbelägg saknas,Namngiven vatten–FVO-koppling inom Fiskekartans strukturella tak; inga områdesarter generaliserade.,FVO-OMRÅDE,352abd071b542c394821
Norrbotten,Sveaskog Fiske Nord (Norrbotten),Naktetjärnen,Sjö,NB-STRUCT:196b2d1426a06cb35e316799,LÄNSGRANSKAD – Fiskekartan-struktur verifierad; vattenunikt artbelägg saknas,Namngiven vatten–FVO-koppling inom Fiskekartans strukturella tak; inga områdesarter generaliserade.,FVO-OMRÅDE,b4f691c6380847088d1d
Norrbotten,Sveaskog Fiske Nord (Norrbotten),Nedre Abmoselet,Sjö,NB-STRUCT:6a2efb4e03eadc3f6bf2fdca,LÄNSGRANSKAD – Fiskekartan-struktur verifierad; vattenunikt artbelägg saknas,Namngiven vatten–FVO-koppling inom Fiskekartans strukturella tak; inga områdesarter generaliserade.,FVO-OMRÅDE,0129db896abfd9b07581
Norrbotten,Sveaskog Fiske Nord (Norrbotten),Nedre Beivur,Sjö,NB-STRUCT:6a76985dc07ac396e9a6df83,LÄNSGRANSKAD – Fiskekartan-struktur verifierad; vattenunikt artbelägg saknas,Namngiven vatten–FVO-koppling inom Fiskekartans strukturella tak; inga områdesarter generaliserade.,FVO-OMRÅDE,ef08e7718c634f9ee061
Norrbotten,Sveaskog Fiske Nord (Norrbotten),Nedre Djuptjärnen,Sjö,NB-STRUCT:655a8f5220e66459c63c29af,LÄNSGRANSKAD – Fiskekartan-struktur verifierad; vattenunikt artbelägg saknas,Namngiven vatten–FVO-koppling inom Fiskekartans strukturella tak; inga områdesarter generaliserade.,FVO-OMRÅDE,4d785fb0308252074a60
Norrbotten,Sveaskog Fiske Nord (Norrbotten),Nedre Esnarutjärnen,Sjö,NB-STRUCT:51a9846f789c07c056a939c3,LÄNSGRANSKAD – Fiskekartan-struktur verifierad; vattenunikt artbelägg saknas,Namngiven vatten–FVO-koppling inom Fiskekartans strukturella tak; inga områdesarter generaliserade.,FVO-OMRÅDE,9fce6764225ac6dceb6f
Norrbotten,Sveaskog Fiske Nord (Norrbotten),Nedre Laxselet,Sjö,NB-STRUCT:bfa185f3691983f071b1bda2,LÄNSGRANSKAD – Fiskekartan-struktur verifierad; vattenunikt artbelägg saknas,Namngiven vatten–FVO-koppling inom Fiskekartans strukturella tak; inga områdesarter generaliserade.,FVO-OMRÅDE,d8f6bf1c625cbc284d01
Norrbotten,Sveaskog Fiske Nord (Norrbotten),Nedre Lomselet,Sjö,NB-STRUCT:8a8e4672e86229cec03f4f90,LÄNSGRANSKAD – Fiskekartan-struktur verifierad; vattenunikt artbelägg saknas,Namngiven vatten–FVO-koppling inom Fiskekartans strukturella tak; inga områdesarter generaliserade.,FVO-OMRÅDE,3ba902f1f5069c735255
Norrbotten,Sveaskog Fiske Nord (Norrbotten),Nedre Långselet,Sjö,NB-STRUCT:5953e0604a34ed1c4639138b,LÄNSGRANSKAD – Fiskekartan-struktur verifierad; vattenunikt artbelägg saknas,Namngiven vatten–FVO-koppling inom Fiskekartans strukturella tak; inga områdesarter generaliserade.,FVO-OMRÅDE,8ed03024f7648ebfb8a4
Norrbotten,Sveaskog Fiske Nord (Norrbotten),Nedre Puortmantjåkktjärnen,Sjö,NB-STRUCT:cd96064291c8128629f24d5b,LÄNSGRANSKAD – Fiskekartan-struktur verifierad; vattenunikt artbelägg saknas,Namngiven vatten–FVO-koppling inom Fiskekartans strukturella tak; inga områdesarter generaliserade.,FVO-OMRÅDE,da6f1710117acf8d134e
Norrbotten,Sveaskog Fiske Nord (Norrbotten),Nelkijaurbäcken,Vattendrag,NB-STRUCT:5e5e54e07ecb06fce71ae875,LÄNSGRANSKAD – Fiskekartan-struktur verifierad; vattenunikt artbelägg saknas,Namngiven vatten–FVO-koppling inom Fiskekartans strukturella tak; inga områdesarter generaliserade.,FVO-OMRÅDE,4faea214eb9c5aa023ec
Norrbotten,Sveaskog Fiske Nord (Norrbotten),Nickusmyrbäcken,Vattendrag,NB-STRUCT:322f31965ce72e3c489cf27b,LÄNSGRANSKAD – Fiskekartan-struktur verifierad; vattenunikt artbelägg saknas,Namngiven vatten–FVO-koppling inom Fiskekartans strukturella tak; inga områdesarter generaliserade.,FVO-OMRÅDE,1e204e491b76d30063a0
Norrbotten,Sveaskog Fiske Nord (Norrbotten),Nijlásjuhka,Vattendrag,NB-STRUCT:c17ef6c5053115e8efaa7c64,LÄNSGRANSKAD – Fiskekartan-struktur verifierad; vattenunikt artbelägg saknas,Namngiven vatten–FVO-koppling inom Fiskekartans strukturella tak; inga områdesarter generaliserade.,FVO-OMRÅDE,b48e0e1c6a400e52ae38
Norrbotten,Sveaskog Fiske Nord (Norrbotten),Nimtek,Sjö,NB-STRUCT:124236f0d0f6cf8d6d58684a,LÄNSGRANSKAD – Fiskekartan-struktur verifierad; vattenunikt artbelägg saknas,Namngiven vatten–FVO-koppling inom Fiskekartans strukturella tak; inga områdesarter generaliserade.,FVO-OMRÅDE,8c963fe9a1649bcbf630
Norrbotten,Sveaskog Fiske Nord (Norrbotten),Nipisjaure,Sjö,NB-STRUCT:eb8220812f219662c5af8635,LÄNSGRANSKAD – Fiskekartan-struktur verifierad; vattenunikt artbelägg saknas,Namngiven vatten–FVO-koppling inom Fiskekartans strukturella tak; inga områdesarter generaliserade.,FVO-OMRÅDE,bf461d4b84fe783b706a
Norrbotten,Sveaskog Fiske Nord (Norrbotten),Njallejaurbäcken,Vattendrag,NB-STRUCT:5d231b3326b2c0b64c1b369c,LÄNSGRANSKAD – Fiskekartan-struktur verifierad; vattenunikt artbelägg saknas,Namngiven vatten–FVO-koppling inom Fiskekartans strukturella tak; inga områdesarter generaliserade.,FVO-OMRÅDE,abbd53ead4b7f6bff8e6
Norrbotten,Sveaskog Fiske Nord (Norrbotten),Njetjasjaure,Sjö,NB-STRUCT:839d45d79f3fef6d901ee86a,LÄNSGRANSKAD – Fiskekartan-struktur verifierad; vattenunikt artbelägg saknas,Namngiven vatten–FVO-koppling inom Fiskekartans strukturella tak; inga områdesarter generaliserade.,FVO-OMRÅDE,57c6cc1aa87d16e1c753
Norrbotten,Sveaskog Fiske Nord (Norrbotten),Njokabäcken,Vattendrag,NB-STRUCT:1a1873df5dcba6038e94d194,LÄNSGRANSKAD – Fiskekartan-struktur verifierad; vattenunikt artbelägg saknas,Namngiven vatten–FVO-koppling inom Fiskekartans strukturella tak; inga områdesarter generaliserade.,FVO-OMRÅDE,2d113602fffa34a84116
Norrbotten,Sveaskog Fiske Nord (Norrbotten),Njokasjön,Sjö,NB-STRUCT:9f577c74d2d9f7cd3eaebf84,LÄNSGRANSKAD – Fiskekartan-struktur verifierad; vattenunikt artbelägg saknas,Namngiven vatten–FVO-koppling inom Fiskekartans strukturella tak; inga områdesarter generaliserade.,FVO-OMRÅDE,dc649a3b44aa383e5e65
Norrbotten,Sveaskog Fiske Nord (Norrbotten),Njuktjajärvi,Sjö,NB-STRUCT:158aeadebc30657b51463115,LÄNSGRANSKAD – Fiskekartan-struktur verifierad; vattenunikt artbelägg saknas,Namngiven vatten–FVO-koppling inom Fiskekartans strukturella tak; inga områdesarter generaliserade.,FVO-OMRÅDE,9f5835647f4ca9739ba3
Norrbotten,Sveaskog Fiske Nord (Norrbotten),Njuotajaure,Sjö,NB-STRUCT:371bd2df157727c7247726c7,LÄNSGRANSKAD – Fiskekartan-struktur verifierad; vattenunikt artbelägg saknas,Namngiven vatten–FVO-koppling inom Fiskekartans strukturella tak; inga områdesarter generaliserade.,FVO-OMRÅDE,f9fff33207b874ae017c
Norrbotten,Sveaskog Fiske Nord (Norrbotten),Norbergsdalbäcken,Vattendrag,NB-STRUCT:959196c101ed08591fb99c9b,LÄNSGRANSKAD – Fiskekartan-struktur verifierad; vattenunikt artbelägg saknas,Namngiven vatten–FVO-koppling inom Fiskekartans strukturella tak; inga områdesarter generaliserade.,FVO-OMRÅDE,1852e50d040b801beb38
Norrbotten,Sveaskog Fiske Nord (Norrbotten),Nordtjärnen,Sjö,NB-STRUCT:e3784f725d5c3d809660ec9d,LÄNSGRANSKAD – Fiskekartan-struktur verifierad; vattenunikt artbelägg saknas,Namngiven vatten–FVO-koppling inom Fiskekartans strukturella tak; inga områdesarter generaliserade.,FVO-OMRÅDE,969e275bf0fc9e1ac1bf
Norrbotten,Sveaskog Fiske Nord (Norrbotten),Noret,Sjö,NB-STRUCT:a7f6e50d4e83b4f8b28895a7,LÄNSGRANSKAD – Fiskekartan-struktur verifierad; vattenunikt artbelägg saknas,Namngiven vatten–FVO-koppling inom Fiskekartans strukturella tak; inga områdesarter generaliserade.,FVO-OMRÅDE,a369174be853c4ecd443
Norrbotten,Sveaskog Fiske Nord (Norrbotten),Norra Akkajaure,Sjö,NB-STRUCT:b25a36049f7f2aa21cfbb101,LÄNSGRANSKAD – Fiskekartan-struktur verifierad; vattenunikt artbelägg saknas,Namngiven vatten–FVO-koppling inom Fiskekartans strukturella tak; inga områdesarter generaliserade.,FVO-OMRÅDE,b1af261cc5f1c9dfc7fa
Norrbotten,Sveaskog Fiske Nord (Norrbotten),Norra Luossejaure,Sjö,NB-STRUCT:443f057898218bc3d9f46cd1,LÄNSGRANSKAD – Fiskekartan-struktur verifierad; vattenunikt artbelägg saknas,Namngiven vatten–FVO-koppling inom Fiskekartans strukturella tak; inga områdesarter generaliserade.,FVO-OMRÅDE,3b277ac8bb72bc5166d8
Norrbotten,Sveaskog Fiske Nord (Norrbotten),Norra Reivo,Sjö,NB-STRUCT:799a24c44b5dcdfd641aa269,LÄNSGRANSKAD – Fiskekartan-struktur verifierad; vattenunikt artbelägg saknas,Namngiven vatten–FVO-koppling inom Fiskekartans strukturella tak; inga områdesarter generaliserade.,FVO-OMRÅDE,966e25da0eb5db72bcff
Norrbotten,Sveaskog Fiske Nord (Norrbotten),Norra Vuollejaure,Sjö,NB-STRUCT:7cdbd1beb7010e5270666822,LÄNSGRANSKAD – Fiskekartan-struktur verifierad; vattenunikt artbelägg saknas,Namngiven vatten–FVO-koppling inom Fiskekartans strukturella tak; inga områdesarter generaliserade.,FVO-OMRÅDE,3bfb857cc2f9c5db17e9
Norrbotten,Sveaskog Fiske Nord (Norrbotten),Norrbäcken,Vattendrag,NB-STRUCT:474e879261beae42c04b4e40,LÄNSGRANSKAD – Fiskekartan-struktur verifierad; vattenunikt artbelägg saknas,Namngiven vatten–FVO-koppling inom Fiskekartans strukturella tak; inga områdesarter generaliserade.,FVO-OMRÅDE,20c58826ada2f0a81f75
Norrbotten,Sveaskog Fiske Nord (Norrbotten),Nortjaurbäcken,Vattendrag,NB-STRUCT:711af049c35485741c85a0eb,LÄNSGRANSKAD – Fiskekartan-struktur verifierad; vattenunikt artbelägg saknas,Namngiven vatten–FVO-koppling inom Fiskekartans strukturella tak; inga områdesarter generaliserade.,FVO-OMRÅDE,8deba8e146b12a621a88
Norrbotten,Sveaskog Fiske Nord (Norrbotten),Nuortabe Gielasjuhkka,Vattendrag,NB-STRUCT:6c12308fbefa6db700d9e134,LÄNSGRANSKAD – Fiskekartan-struktur verifierad; vattenunikt artbelägg saknas,Namngiven vatten–FVO-koppling inom Fiskekartans strukturella tak; inga områdesarter generaliserade.,FVO-OMRÅDE,f1592b1374d9e9e1d026
Norrbotten,Sveaskog Fiske Nord (Norrbotten),Nuortejaurbäcken,Vattendrag,NB-STRUCT:0e1c16c8a988e9e3de1244a1,LÄNSGRANSKAD – Fiskekartan-struktur verifierad; vattenunikt artbelägg saknas,Namngiven vatten–FVO-koppling inom Fiskekartans strukturella tak; inga områdesarter generaliserade.,FVO-OMRÅDE,d037502d787bcc7cba77
Norrbotten,Sveaskog Fiske Nord (Norrbotten),Nuortejaure,Sjö,NB-STRUCT:67dbe22765d702db2ca7d886,LÄNSGRANSKAD – Fiskekartan-struktur verifierad; vattenunikt artbelägg saknas,Namngiven vatten–FVO-koppling inom Fiskekartans strukturella tak; inga områdesarter generaliserade.,FVO-OMRÅDE,3943ceffc90098389bc1
Norrbotten,Sveaskog Fiske Nord (Norrbotten),Nurmijärvi,Sjö,NB-STRUCT:044d72ca5fcf3fc568a6033e,LÄNSGRANSKAD – Fiskekartan-struktur verifierad; vattenunikt artbelägg saknas,Namngiven vatten–FVO-koppling inom Fiskekartans strukturella tak; inga områdesarter generaliserade.,FVO-OMRÅDE,4c0a2c0c69ac6c18f718
Norrbotten,Sveaskog Fiske Nord (Norrbotten),Nygårdstjärnen,Sjö,NB-STRUCT:247249210766f7af8218e664,LÄNSGRANSKAD – Fiskekartan-struktur verifierad; vattenunikt artbelägg saknas,Namngiven vatten–FVO-koppling inom Fiskekartans strukturella tak; inga områdesarter generaliserade.,FVO-OMRÅDE,16adeaa98638d128569f
Norrbotten,Sveaskog Fiske Nord (Norrbotten),Nörd-Bergtjärnen,Sjö,NB-STRUCT:40f10892ee3566ff257aac3f,LÄNSGRANSKAD – Fiskekartan-struktur verifierad; vattenunikt artbelägg saknas,Namngiven vatten–FVO-koppling inom Fiskekartans strukturella tak; inga områdesarter generaliserade.,FVO-OMRÅDE,5bd546bb8ee4d248db96
Norrbotten,Sveaskog Fiske Nord (Norrbotten),Nörd-Risträsket,Sjö,NB-STRUCT:49459b50c343eec14f415e71,LÄNSGRANSKAD – Fiskekartan-struktur verifierad; vattenunikt artbelägg saknas,Namngiven vatten–FVO-koppling inom Fiskekartans strukturella tak; inga områdesarter generaliserade.,FVO-OMRÅDE,9d10f984936db4c46d84
Norrbotten,Sveaskog Fiske Nord (Norrbotten),Nörd-Tallbergsträsket,Sjö,NB-STRUCT:100d7eb72c8486cbb854f108,LÄNSGRANSKAD – Fiskekartan-struktur verifierad; vattenunikt artbelägg saknas,Namngiven vatten–FVO-koppling inom Fiskekartans strukturella tak; inga områdesarter generaliserade.,FVO-OMRÅDE,e5ac200d7c92b8f7e6af
Norrbotten,Sveaskog Fiske Nord (Norrbotten),Nörd-Valltjärnen,Sjö,NB-STRUCT:8e90a26771f9079d9cb30ecf,LÄNSGRANSKAD – Fiskekartan-struktur verifierad; vattenunikt artbelägg saknas,Namngiven vatten–FVO-koppling inom Fiskekartans strukturella tak; inga områdesarter generaliserade.,FVO-OMRÅDE,0ccfd37566fa3d43f00e
Norrbotten,Sveaskog Fiske Nord (Norrbotten),Ormtjärnen,Sjö,NB-STRUCT:139749d0f7591758b31ed853,LÄNSGRANSKAD – Fiskekartan-struktur verifierad; vattenunikt artbelägg saknas,Namngiven vatten–FVO-koppling inom Fiskekartans strukturella tak; inga områdesarter generaliserade.,FVO-OMRÅDE,4fef8f9be0e5e5f2d563
Norrbotten,Sveaskog Fiske Nord (Norrbotten),Orrtjärnen,Sjö,NB-STRUCT:f8e98655648a17d048c34263,LÄNSGRANSKAD – Fiskekartan-struktur verifierad; vattenunikt artbelägg saknas,Namngiven vatten–FVO-koppling inom Fiskekartans strukturella tak; inga områdesarter generaliserade.,FVO-OMRÅDE,6a4a0a6ab3e5ec625ee3
Norrbotten,Sveaskog Fiske Nord (Norrbotten),Orrträskbäcken,Vattendrag,NB-STRUCT:14be85a4ff103f056f7f8ee2,LÄNSGRANSKAD – Fiskekartan-struktur verifierad; vattenunikt artbelägg saknas,Namngiven vatten–FVO-koppling inom Fiskekartans strukturella tak; inga områdesarter generaliserade.,FVO-OMRÅDE,38fa1a3457be6561fbdb
Norrbotten,Sveaskog Fiske Nord (Norrbotten),Orrträsket,Sjö,NB-STRUCT:46cbeb3c638c0e036cf4f2f8,LÄNSGRANSKAD – Fiskekartan-struktur verifierad; vattenunikt artbelägg saknas,Namngiven vatten–FVO-koppling inom Fiskekartans strukturella tak; inga områdesarter generaliserade.,FVO-OMRÅDE,899f076419d1a8da7003
Norrbotten,Sveaskog Fiske Nord (Norrbotten),Pahajärvi,Sjö,NB-STRUCT:81602ac01ffeac771ca8d015,LÄNSGRANSKAD – Fiskekartan-struktur verifierad; vattenunikt artbelägg saknas,Namngiven vatten–FVO-koppling inom Fiskekartans strukturella tak; inga områdesarter generaliserade.,FVO-OMRÅDE,1924dbe040df7b4b0095
Norrbotten,Sveaskog Fiske Nord (Norrbotten),Palojärvi,Sjö,NB-STRUCT:edf46a89623da99c141dff11,LÄNSGRANSKAD – Fiskekartan-struktur verifierad; vattenunikt artbelägg saknas,Namngiven vatten–FVO-koppling inom Fiskekartans strukturella tak; inga områdesarter generaliserade.,FVO-OMRÅDE,dcda5a84dc55562f267e
Norrbotten,Sveaskog Fiske Nord (Norrbotten),Paulajauratj,Sjö,NB-STRUCT:1dbf7afa6cfaab98a1e73750,LÄNSGRANSKAD – Fiskekartan-struktur verifierad; vattenunikt artbelägg saknas,Namngiven vatten–FVO-koppling inom Fiskekartans strukturella tak; inga områdesarter generaliserade.,FVO-OMRÅDE,4fb372ee5a4efbc8af60
Norrbotten,Sveaskog Fiske Nord (Norrbotten),Paulajaure,Sjö,NB-STRUCT:d111ed7791e42113adccbddc,LÄNSGRANSKAD – Fiskekartan-struktur verifierad; vattenunikt artbelägg saknas,Namngiven vatten–FVO-koppling inom Fiskekartans strukturella tak; inga områdesarter generaliserade.,FVO-OMRÅDE,2aa830977c3ee52c2576
Norrbotten,Sveaskog Fiske Nord (Norrbotten),Paulajåkkå,Vattendrag,NB-STRUCT:d64801c481e4161b99e71c5b,LÄNSGRANSKAD – Fiskekartan-struktur verifierad; vattenunikt artbelägg saknas,Namngiven vatten–FVO-koppling inom Fiskekartans strukturella tak; inga områdesarter generaliserade.,FVO-OMRÅDE,983ace2fc324794cef23
Norrbotten,Sveaskog Fiske Nord (Norrbotten),Pehkosenjoki,Vattendrag,NB-STRUCT:6c75b05a822410dde9f5be9b,LÄNSGRANSKAD – Fiskekartan-struktur verifierad; vattenunikt artbelägg saknas,Namngiven vatten–FVO-koppling inom Fiskekartans strukturella tak; inga områdesarter generaliserade.,FVO-OMRÅDE,49199b9d8687c4aec3b9
Norrbotten,Sveaskog Fiske Nord (Norrbotten),Pelistjärnen,Sjö,NB-STRUCT:b0b71df3604254579bbf661d,LÄNSGRANSKAD – Fiskekartan-struktur verifierad; vattenunikt artbelägg saknas,Namngiven vatten–FVO-koppling inom Fiskekartans strukturella tak; inga områdesarter generaliserade.,FVO-OMRÅDE,2763abcd7d5020fbb87d
Norrbotten,Sveaskog Fiske Nord (Norrbotten),Penikkajärvi,Sjö,NB-STRUCT:59960aed0ec73cdc45fb865a,LÄNSGRANSKAD – Fiskekartan-struktur verifierad; vattenunikt artbelägg saknas,Namngiven vatten–FVO-koppling inom Fiskekartans strukturella tak; inga områdesarter generaliserade.,FVO-OMRÅDE,3f2f666552dcfd994e7e
Norrbotten,Sveaskog Fiske Nord (Norrbotten),Penäjäoja,Vattendrag,NB-STRUCT:aee7448c136d051f6c8f649f,LÄNSGRANSKAD – Fiskekartan-struktur verifierad; vattenunikt artbelägg saknas,Namngiven vatten–FVO-koppling inom Fiskekartans strukturella tak; inga områdesarter generaliserade.,FVO-OMRÅDE,87dc17384b5dd5f2810c
Norrbotten,Sveaskog Fiske Nord (Norrbotten),Perälautajärvi,Sjö,NB-STRUCT:abace092f66d5332efdc8d7d,LÄNSGRANSKAD – Fiskekartan-struktur verifierad; vattenunikt artbelägg saknas,Namngiven vatten–FVO-koppling inom Fiskekartans strukturella tak; inga områdesarter generaliserade.,FVO-OMRÅDE,0570709bc08c1b9c7601
Norrbotten,Sveaskog Fiske Nord (Norrbotten),Petikån,Vattendrag,NB-STRUCT:da9c9b325cbec3a58580fb7f,LÄNSGRANSKAD – Fiskekartan-struktur verifierad; vattenunikt artbelägg saknas,Namngiven vatten–FVO-koppling inom Fiskekartans strukturella tak; inga områdesarter generaliserade.,FVO-OMRÅDE,47ae12c621fd8863ef2a
Norrbotten,Sveaskog Fiske Nord (Norrbotten),Piellojaure,Sjö,NB-STRUCT:283b9dca1a3d5feabc76aa78,LÄNSGRANSKAD – Fiskekartan-struktur verifierad; vattenunikt artbelägg saknas,Namngiven vatten–FVO-koppling inom Fiskekartans strukturella tak; inga områdesarter generaliserade.,FVO-OMRÅDE,8d6dca6493e87cb5a8b5
Norrbotten,Sveaskog Fiske Nord (Norrbotten),Pietarjauratj,Sjö,NB-STRUCT:7aa8e1ae848187e10409ec4f,LÄNSGRANSKAD – Fiskekartan-struktur verifierad; vattenunikt artbelägg saknas,Namngiven vatten–FVO-koppling inom Fiskekartans strukturella tak; inga områdesarter generaliserade.,FVO-OMRÅDE,d9339612b3c2fb1cdd7e
Norrbotten,Sveaskog Fiske Nord (Norrbotten),Pietilänjärvi,Sjö,NB-STRUCT:7f60fcf632343057a4cd6070,LÄNSGRANSKAD – Fiskekartan-struktur verifierad; vattenunikt artbelägg saknas,Namngiven vatten–FVO-koppling inom Fiskekartans strukturella tak; inga områdesarter generaliserade.,FVO-OMRÅDE,fc2b8720d60ae66e8a94
Norrbotten,Sveaskog Fiske Nord (Norrbotten),Pikku Haukijärvi,Sjö,NB-STRUCT:8e9a689634c305fcc0adb6b9,LÄNSGRANSKAD – Fiskekartan-struktur verifierad; vattenunikt artbelägg saknas,Namngiven vatten–FVO-koppling inom Fiskekartans strukturella tak; inga områdesarter generaliserade.,FVO-OMRÅDE,6192532f442feb74b574
Norrbotten,Sveaskog Fiske Nord (Norrbotten),Pikku Kuolpajoki,Vattendrag,NB-STRUCT:bb52f1156fc09cf42bee346c,LÄNSGRANSKAD – Fiskekartan-struktur verifierad; vattenunikt artbelägg saknas,Namngiven vatten–FVO-koppling inom Fiskekartans strukturella tak; inga områdesarter generaliserade.,FVO-OMRÅDE,bf3c8c023d2cc342e746
Norrbotten,Sveaskog Fiske Nord (Norrbotten),Pikku Kuolpajärvi,Sjö,NB-STRUCT:eebdccb261af23eba96cc118,LÄNSGRANSKAD – Fiskekartan-struktur verifierad; vattenunikt artbelägg saknas,Namngiven vatten–FVO-koppling inom Fiskekartans strukturella tak; inga områdesarter generaliserade.,FVO-OMRÅDE,013ff5a03df56f97813c
Norrbotten,Sveaskog Fiske Nord (Norrbotten),Pikku Luoptijärvi,Sjö,NB-STRUCT:c4b114fe4f1a85472d8602e0,LÄNSGRANSKAD – Fiskekartan-struktur verifierad; vattenunikt artbelägg saknas,Namngiven vatten–FVO-koppling inom Fiskekartans strukturella tak; inga områdesarter generaliserade.,FVO-OMRÅDE,5576c12fc42964d8a75c
Norrbotten,Sveaskog Fiske Nord (Norrbotten),Pikku Raukajärvi,Sjö,NB-STRUCT:9cc1f57ef19cdc82897a537f,LÄNSGRANSKAD – Fiskekartan-struktur verifierad; vattenunikt artbelägg saknas,Namngiven vatten–FVO-koppling inom Fiskekartans strukturella tak; inga områdesarter generaliserade.,FVO-OMRÅDE,fbc76813d7690d54e930
Norrbotten,Sveaskog Fiske Nord (Norrbotten),Pikku Rovajärvi,Sjö,NB-STRUCT:cfb16ee7f7112e81f2afe7c4,LÄNSGRANSKAD – Fiskekartan-struktur verifierad; vattenunikt artbelägg saknas,Namngiven vatten–FVO-koppling inom Fiskekartans strukturella tak; inga områdesarter generaliserade.,FVO-OMRÅDE,05d5eb1dbc866fe214f6
Norrbotten,Sveaskog Fiske Nord (Norrbotten),Pilkbäcken,Vattendrag,NB-STRUCT:cd5f80d2f33ff50ed5f67993,LÄNSGRANSKAD – Fiskekartan-struktur verifierad; vattenunikt artbelägg saknas,Namngiven vatten–FVO-koppling inom Fiskekartans strukturella tak; inga områdesarter generaliserade.,FVO-OMRÅDE,4e75b34791ee739c015d
Norrbotten,Sveaskog Fiske Nord (Norrbotten),Pillujoki,Vattendrag,NB-STRUCT:10640126251abf8b09f25a38,LÄNSGRANSKAD – Fiskekartan-struktur verifierad; vattenunikt artbelägg saknas,Namngiven vatten–FVO-koppling inom Fiskekartans strukturella tak; inga områdesarter generaliserade.,FVO-OMRÅDE,ed577cd645ce9dcb6f5d
Norrbotten,Sveaskog Fiske Nord (Norrbotten),Piteälven,Vattendrag,NB-STRUCT:1bc63623281e75f6fb9840a7,LÄNSGRANSKAD – Fiskekartan-struktur verifierad; vattenunikt artbelägg saknas,Namngiven vatten–FVO-koppling inom Fiskekartans strukturella tak; inga områdesarter generaliserade.,FVO-OMRÅDE,665a3ca4a24e04805035
Norrbotten,Sveaskog Fiske Nord (Norrbotten),Pjesker,Sjö,NB-STRUCT:18baf409b9ddc55a110c2e3c,LÄNSGRANSKAD – Fiskekartan-struktur verifierad; vattenunikt artbelägg saknas,Namngiven vatten–FVO-koppling inom Fiskekartans strukturella tak; inga områdesarter generaliserade.,FVO-OMRÅDE,9d8262b26f3f1a0cafbc
Norrbotten,Sveaskog Fiske Nord (Norrbotten),Plassajaure,Sjö,NB-STRUCT:bb156d0386acd37721860277,LÄNSGRANSKAD – Fiskekartan-struktur verifierad; vattenunikt artbelägg saknas,Namngiven vatten–FVO-koppling inom Fiskekartans strukturella tak; inga områdesarter generaliserade.,FVO-OMRÅDE,76425660991ca8b92d0f
Norrbotten,Sveaskog Fiske Nord (Norrbotten),Polnaure,Sjö,NB-STRUCT:e1898bebb098fc88df51a7be,LÄNSGRANSKAD – Fiskekartan-struktur verifierad; vattenunikt artbelägg saknas,Namngiven vatten–FVO-koppling inom Fiskekartans strukturella tak; inga områdesarter generaliserade.,FVO-OMRÅDE,165b1ededcc22b80dd12
Norrbotten,Sveaskog Fiske Nord (Norrbotten),Pråunåjåkkå,Vattendrag,NB-STRUCT:e3d722a29b7a88ff034a810c,LÄNSGRANSKAD – Fiskekartan-struktur verifierad; vattenunikt artbelägg saknas,Namngiven vatten–FVO-koppling inom Fiskekartans strukturella tak; inga områdesarter generaliserade.,FVO-OMRÅDE,927f7c5f0754991319ba
Norrbotten,Sveaskog Fiske Nord (Norrbotten),Puoitasjaure,Sjö,NB-STRUCT:5d1e66e231aaf0bbe7a03340,LÄNSGRANSKAD – Fiskekartan-struktur verifierad; vattenunikt artbelägg saknas,Namngiven vatten–FVO-koppling inom Fiskekartans strukturella tak; inga områdesarter generaliserade.,FVO-OMRÅDE,57f57f5e78e772393dd1
Norrbotten,Sveaskog Fiske Nord (Norrbotten),Puoktjaure,Sjö,NB-STRUCT:d0e6522fed23695cd19e3596,LÄNSGRANSKAD – Fiskekartan-struktur verifierad; vattenunikt artbelägg saknas,Namngiven vatten–FVO-koppling inom Fiskekartans strukturella tak; inga områdesarter generaliserade.,FVO-OMRÅDE,d10a9e095b696afb66b2
Norrbotten,Sveaskog Fiske Nord (Norrbotten),Puolvatj,Sjö,NB-STRUCT:043308202e1d25e9e816901d,LÄNSGRANSKAD – Fiskekartan-struktur verifierad; vattenunikt artbelägg saknas,Namngiven vatten–FVO-koppling inom Fiskekartans strukturella tak; inga områdesarter generaliserade.,FVO-OMRÅDE,b538a37ba4ddb742245a
Norrbotten,Sveaskog Fiske Nord (Norrbotten),Puolvatjbäcken,Vattendrag,NB-STRUCT:c4617e1aba0b52e198afcb2a,LÄNSGRANSKAD – Fiskekartan-struktur verifierad; vattenunikt artbelägg saknas,Namngiven vatten–FVO-koppling inom Fiskekartans strukturella tak; inga områdesarter generaliserade.,FVO-OMRÅDE,a269e61c4f29d1ab183f
Norrbotten,Sveaskog Fiske Nord (Norrbotten),Puolvek,Sjö,NB-STRUCT:6c46c1f367afb91524f3ae0e,LÄNSGRANSKAD – Fiskekartan-struktur verifierad; vattenunikt artbelägg saknas,Namngiven vatten–FVO-koppling inom Fiskekartans strukturella tak; inga områdesarter generaliserade.,FVO-OMRÅDE,c9b9570751bd134265fa
Norrbotten,Sveaskog Fiske Nord (Norrbotten),Puostijoki,Vattendrag,NB-STRUCT:f9675f59ff1bf8dd5e1b4ed4,LÄNSGRANSKAD – Fiskekartan-struktur verifierad; vattenunikt artbelägg saknas,Namngiven vatten–FVO-koppling inom Fiskekartans strukturella tak; inga områdesarter generaliserade.,FVO-OMRÅDE,56e9db317c7ec81ad215
Norrbotten,Sveaskog Fiske Nord (Norrbotten),Puostijärvi,Sjö,NB-STRUCT:ebe68e628c7de11845189e58,LÄNSGRANSKAD – Fiskekartan-struktur verifierad; vattenunikt artbelägg saknas,Namngiven vatten–FVO-koppling inom Fiskekartans strukturella tak; inga områdesarter generaliserade.,FVO-OMRÅDE,4145cdcf6c79b6a31c23
Norrbotten,Sveaskog Fiske Nord (Norrbotten),Purtilojärvi,Sjö,NB-STRUCT:3d8f372a4a3327576a53d8f7,LÄNSGRANSKAD – Fiskekartan-struktur verifierad; vattenunikt artbelägg saknas,Namngiven vatten–FVO-koppling inom Fiskekartans strukturella tak; inga områdesarter generaliserade.,FVO-OMRÅDE,9e90152a71cbc948f8cc
Norrbotten,Sveaskog Fiske Nord (Norrbotten),Raatukkajärvi,Sjö,NB-STRUCT:5ff50d340c96888f303d6783,LÄNSGRANSKAD – Fiskekartan-struktur verifierad; vattenunikt artbelägg saknas,Namngiven vatten–FVO-koppling inom Fiskekartans strukturella tak; inga områdesarter generaliserade.,FVO-OMRÅDE,37adc21bcfcee25fb99e
Norrbotten,Sveaskog Fiske Nord (Norrbotten),Rackträsk,Sjö,NB-STRUCT:09a05aa23769322b092819e6,LÄNSGRANSKAD – Fiskekartan-struktur verifierad; vattenunikt artbelägg saknas,Namngiven vatten–FVO-koppling inom Fiskekartans strukturella tak; inga områdesarter generaliserade.,FVO-OMRÅDE,ef4f535effd6694c7c0a
Norrbotten,Sveaskog Fiske Nord (Norrbotten),Rackträskbäcken,Vattendrag,NB-STRUCT:7833071c24cbbdcb9ff4f222,LÄNSGRANSKAD – Fiskekartan-struktur verifierad; vattenunikt artbelägg saknas,Namngiven vatten–FVO-koppling inom Fiskekartans strukturella tak; inga områdesarter generaliserade.,FVO-OMRÅDE,d932a96e86bd1fcb8bbd
Norrbotten,Sveaskog Fiske Nord (Norrbotten),Radnejaurälven,Vattendrag,NB-STRUCT:686c780fc26203ceab8f461f,LÄNSGRANSKAD – Fiskekartan-struktur verifierad; vattenunikt artbelägg saknas,Namngiven vatten–FVO-koppling inom Fiskekartans strukturella tak; inga områdesarter generaliserade.,FVO-OMRÅDE,d5e3c80b1b951d29fcc8
Norrbotten,Sveaskog Fiske Nord (Norrbotten),Ragamotjärnen,Sjö,NB-STRUCT:99ac9effc0a7f3c6b42de636,LÄNSGRANSKAD – Fiskekartan-struktur verifierad; vattenunikt artbelägg saknas,Namngiven vatten–FVO-koppling inom Fiskekartans strukturella tak; inga områdesarter generaliserade.,FVO-OMRÅDE,97ccb6e9378b129bc744
Norrbotten,Sveaskog Fiske Nord (Norrbotten),Rakkejaur,Sjö,NB-STRUCT:458b5b72fa046a7bda681022,LÄNSGRANSKAD – Fiskekartan-struktur verifierad; vattenunikt artbelägg saknas,Namngiven vatten–FVO-koppling inom Fiskekartans strukturella tak; inga områdesarter generaliserade.,FVO-OMRÅDE,368ac1e3879912e958b0
Norrbotten,Sveaskog Fiske Nord (Norrbotten),Rakkojaurbäcken,Vattendrag,NB-STRUCT:ed134effcfe7b1a87fbf1bbf,LÄNSGRANSKAD – Fiskekartan-struktur verifierad; vattenunikt artbelägg saknas,Namngiven vatten–FVO-koppling inom Fiskekartans strukturella tak; inga områdesarter generaliserade.,FVO-OMRÅDE,0e37dcafeb758a50ef07
Norrbotten,Sveaskog Fiske Nord (Norrbotten),Ramtjärnen,Sjö,NB-STRUCT:36b0c0c774572474e25cf93a,LÄNSGRANSKAD – Fiskekartan-struktur verifierad; vattenunikt artbelägg saknas,Namngiven vatten–FVO-koppling inom Fiskekartans strukturella tak; inga områdesarter generaliserade.,FVO-OMRÅDE,f717bc21c4d8beba821c
Norrbotten,Sveaskog Fiske Nord (Norrbotten),Renvalltjärnen,Sjö,NB-STRUCT:3bc401ea3c979ab179c7a9f4,LÄNSGRANSKAD – Fiskekartan-struktur verifierad; vattenunikt artbelägg saknas,Namngiven vatten–FVO-koppling inom Fiskekartans strukturella tak; inga områdesarter generaliserade.,FVO-OMRÅDE,2117d25536d72e63d45d
Norrbotten,Sveaskog Fiske Nord (Norrbotten),Reunajåkkå,Vattendrag,NB-STRUCT:d908a76d33121efec720ae60,LÄNSGRANSKAD – Fiskekartan-struktur verifierad; vattenunikt artbelägg saknas,Namngiven vatten–FVO-koppling inom Fiskekartans strukturella tak; inga områdesarter generaliserade.,FVO-OMRÅDE,42836821bcc6b9d52020
Norrbotten,Sveaskog Fiske Nord (Norrbotten),Ribraurjåkkå,Vattendrag,NB-STRUCT:990df23f43ee74b4f77fbcf7,LÄNSGRANSKAD – Fiskekartan-struktur verifierad; vattenunikt artbelägg saknas,Namngiven vatten–FVO-koppling inom Fiskekartans strukturella tak; inga områdesarter generaliserade.,FVO-OMRÅDE,aedae86b63a9d69d2571
Norrbotten,Sveaskog Fiske Nord (Norrbotten),Riikajärvet,Sjö,NB-STRUCT:33a1ddc379732f339d897bd9,LÄNSGRANSKAD – Fiskekartan-struktur verifierad; vattenunikt artbelägg saknas,Namngiven vatten–FVO-koppling inom Fiskekartans strukturella tak; inga områdesarter generaliserade.,FVO-OMRÅDE,c6ad8657bb471b94e79e
Norrbotten,Sveaskog Fiske Nord (Norrbotten),Riktidockaträsket,Sjö,NB-STRUCT:db756502cf8b72844adc0a90,LÄNSGRANSKAD – Fiskekartan-struktur verifierad; vattenunikt artbelägg saknas,Namngiven vatten–FVO-koppling inom Fiskekartans strukturella tak; inga områdesarter generaliserade.,FVO-OMRÅDE,515903b646180502f19d
Norrbotten,Sveaskog Fiske Nord (Norrbotten),Rimojåkkå,Vattendrag,NB-STRUCT:71cc02dbd4f004bf0141bd4b,LÄNSGRANSKAD – Fiskekartan-struktur verifierad; vattenunikt artbelägg saknas,Namngiven vatten–FVO-koppling inom Fiskekartans strukturella tak; inga områdesarter generaliserade.,FVO-OMRÅDE,e5d6f25c909e5bb2ab3f
Norrbotten,Sveaskog Fiske Nord (Norrbotten),Ripukka,Sjö,NB-STRUCT:315036dc24639ec09bea6581,LÄNSGRANSKAD – Fiskekartan-struktur verifierad; vattenunikt artbelägg saknas,Namngiven vatten–FVO-koppling inom Fiskekartans strukturella tak; inga områdesarter generaliserade.,FVO-OMRÅDE,bc9065e1a453d38e0ec5
Norrbotten,Sveaskog Fiske Nord (Norrbotten),Rogerträskbäcken,Vattendrag,NB-STRUCT:5027a72df64b0f77599fd2f8,LÄNSGRANSKAD – Fiskekartan-struktur verifierad; vattenunikt artbelägg saknas,Namngiven vatten–FVO-koppling inom Fiskekartans strukturella tak; inga områdesarter generaliserade.,FVO-OMRÅDE,242b2efa0cc2aff2465c
Norrbotten,Sveaskog Fiske Nord (Norrbotten),Rovijoki,Vattendrag,NB-STRUCT:565a7839ca53610ac10718bf,LÄNSGRANSKAD – Fiskekartan-struktur verifierad; vattenunikt artbelägg saknas,Namngiven vatten–FVO-koppling inom Fiskekartans strukturella tak; inga områdesarter generaliserade.,FVO-OMRÅDE,59a9f2ed901e89bac226
Norrbotten,Sveaskog Fiske Nord (Norrbotten),Rovijärvi,Sjö,NB-STRUCT:50ef1eb5eea2baac377bae47,LÄNSGRANSKAD – Fiskekartan-struktur verifierad; vattenunikt artbelägg saknas,Namngiven vatten–FVO-koppling inom Fiskekartans strukturella tak; inga områdesarter generaliserade.,FVO-OMRÅDE,f3f37236b6562aaa9b14
Norrbotten,Sveaskog Fiske Nord (Norrbotten),Rudtjärnsbäcken,Vattendrag,NB-STRUCT:24b2733f4b16dc00c10f8ca6,LÄNSGRANSKAD – Fiskekartan-struktur verifierad; vattenunikt artbelägg saknas,Namngiven vatten–FVO-koppling inom Fiskekartans strukturella tak; inga områdesarter generaliserade.,FVO-OMRÅDE,63145100f85151fe74a3
Norrbotten,Sveaskog Fiske Nord (Norrbotten),Rundtjärnen,Sjö,NB-STRUCT:dc6c928f7dcaf264aef8ca6e,LÄNSGRANSKAD – Fiskekartan-struktur verifierad; vattenunikt artbelägg saknas,Namngiven vatten–FVO-koppling inom Fiskekartans strukturella tak; inga områdesarter generaliserade.,FVO-OMRÅDE,5bbebbe76a530697dec3
Norrbotten,Sveaskog Fiske Nord (Norrbotten),Runnarijärvi,Sjö,NB-STRUCT:0fa2c04e4188635528ff2871,LÄNSGRANSKAD – Fiskekartan-struktur verifierad; vattenunikt artbelägg saknas,Namngiven vatten–FVO-koppling inom Fiskekartans strukturella tak; inga områdesarter generaliserade.,FVO-OMRÅDE,9ba589bc70f4a29f39e8
Norrbotten,Sveaskog Fiske Nord (Norrbotten),Runnarjoki,Vattendrag,NB-STRUCT:7ba0db9a8bc7109668247a46,LÄNSGRANSKAD – Fiskekartan-struktur verifierad; vattenunikt artbelägg saknas,Namngiven vatten–FVO-koppling inom Fiskekartans strukturella tak; inga områdesarter generaliserade.,FVO-OMRÅDE,ded448f44f62d0cd317c
Norrbotten,Sveaskog Fiske Nord (Norrbotten),Ruokajärvi,Sjö,NB-STRUCT:3ca82ececc4b0e1fe70d5a82,LÄNSGRANSKAD – Fiskekartan-struktur verifierad; vattenunikt artbelägg saknas,Namngiven vatten–FVO-koppling inom Fiskekartans strukturella tak; inga områdesarter generaliserade.,FVO-OMRÅDE,1d9dbafb1a6153c727d0
Norrbotten,Sveaskog Fiske Nord (Norrbotten),Ruokojoki,Vattendrag,NB-STRUCT:1e5f292653796e16d033cf94,LÄNSGRANSKAD – Fiskekartan-struktur verifierad; vattenunikt artbelägg saknas,Namngiven vatten–FVO-koppling inom Fiskekartans strukturella tak; inga områdesarter generaliserade.,FVO-OMRÅDE,c94359b368f43e13f166
Norrbotten,Sveaskog Fiske Nord (Norrbotten),Ruokojärvet,Sjö,NB-STRUCT:53868f9587238f393dd6d4a6,LÄNSGRANSKAD – Fiskekartan-struktur verifierad; vattenunikt artbelägg saknas,Namngiven vatten–FVO-koppling inom Fiskekartans strukturella tak; inga områdesarter generaliserade.,FVO-OMRÅDE,160fb7222745b65178cf
Norrbotten,Sveaskog Fiske Nord (Norrbotten),Ruokokårså,Vattendrag,NB-STRUCT:07008f2debafb152f6d7a7b9,LÄNSGRANSKAD – Fiskekartan-struktur verifierad; vattenunikt artbelägg saknas,Namngiven vatten–FVO-koppling inom Fiskekartans strukturella tak; inga områdesarter generaliserade.,FVO-OMRÅDE,213fc0f7eed0adc0c5f3
Norrbotten,Sveaskog Fiske Nord (Norrbotten),Ruostejärvi,Sjö,NB-STRUCT:188264f0dee980c47dc060d3,LÄNSGRANSKAD – Fiskekartan-struktur verifierad; vattenunikt artbelägg saknas,Namngiven vatten–FVO-koppling inom Fiskekartans strukturella tak; inga områdesarter generaliserade.,FVO-OMRÅDE,a429694d92b0d7e663aa
Norrbotten,Sveaskog Fiske Nord (Norrbotten),Rutsabäcken,Vattendrag,NB-STRUCT:fa563ad011c11b085a239eea,LÄNSGRANSKAD – Fiskekartan-struktur verifierad; vattenunikt artbelägg saknas,Namngiven vatten–FVO-koppling inom Fiskekartans strukturella tak; inga områdesarter generaliserade.,FVO-OMRÅDE,9c33a6a004d451c0873d
Norrbotten,Sveaskog Fiske Nord (Norrbotten),Ruttjebäcken,Vattendrag,NB-STRUCT:d565d1c8d9b9305dfc518d04,LÄNSGRANSKAD – Fiskekartan-struktur verifierad; vattenunikt artbelägg saknas,Namngiven vatten–FVO-koppling inom Fiskekartans strukturella tak; inga områdesarter generaliserade.,FVO-OMRÅDE,e689173b59b318e6cbf0
Norrbotten,Sveaskog Fiske Nord (Norrbotten),Rättselet,Sjö,NB-STRUCT:d85d37c500698b4d88e210ef,LÄNSGRANSKAD – Fiskekartan-struktur verifierad; vattenunikt artbelägg saknas,Namngiven vatten–FVO-koppling inom Fiskekartans strukturella tak; inga områdesarter generaliserade.,FVO-OMRÅDE,5674904fbbba439a12c1
Norrbotten,Sveaskog Fiske Nord (Norrbotten),Råbergstjärnen,Sjö,NB-STRUCT:8b6924a5c65baaeb880d2a8c,LÄNSGRANSKAD – Fiskekartan-struktur verifierad; vattenunikt artbelägg saknas,Namngiven vatten–FVO-koppling inom Fiskekartans strukturella tak; inga områdesarter generaliserade.,FVO-OMRÅDE,aac1584413217c952c30
Norrbotten,Sveaskog Fiske Nord (Norrbotten),Rödingstjärnbäcken,Vattendrag,NB-STRUCT:2bbd576e76215a97817f76d8,LÄNSGRANSKAD – Fiskekartan-struktur verifierad; vattenunikt artbelägg saknas,Namngiven vatten–FVO-koppling inom Fiskekartans strukturella tak; inga områdesarter generaliserade.,FVO-OMRÅDE,0b20334ff45b33c6c6fb
Norrbotten,Sveaskog Fiske Nord (Norrbotten),Rödingsträskbäcken,Vattendrag,NB-STRUCT:d9004fded417ab164097d68c,LÄNSGRANSKAD – Fiskekartan-struktur verifierad; vattenunikt artbelägg saknas,Namngiven vatten–FVO-koppling inom Fiskekartans strukturella tak; inga områdesarter generaliserade.,FVO-OMRÅDE,593216650829c968d767
Norrbotten,Sveaskog Fiske Nord (Norrbotten),Rönnlidbäcken,Vattendrag,NB-STRUCT:6a8ac01bc22fd0cbcf759c6f,LÄNSGRANSKAD – Fiskekartan-struktur verifierad; vattenunikt artbelägg saknas,Namngiven vatten–FVO-koppling inom Fiskekartans strukturella tak; inga områdesarter generaliserade.,FVO-OMRÅDE,2271d366b22b7f64bb28
Norrbotten,Sveaskog Fiske Nord (Norrbotten),Rörtjärnen,Sjö,NB-STRUCT:2f634cc0e7bcc372ed341c78,LÄNSGRANSKAD – Fiskekartan-struktur verifierad; vattenunikt artbelägg saknas,Namngiven vatten–FVO-koppling inom Fiskekartans strukturella tak; inga områdesarter generaliserade.,FVO-OMRÅDE,45fb92224bb83331424c
Norrbotten,Sveaskog Fiske Nord (Norrbotten),S.Kullbergsbäcken,Vattendrag,NB-STRUCT:ebb6996b493febe0c7c75009,LÄNSGRANSKAD – Fiskekartan-struktur verifierad; vattenunikt artbelägg saknas,Namngiven vatten–FVO-koppling inom Fiskekartans strukturella tak; inga områdesarter generaliserade.,FVO-OMRÅDE,cd6293965d78606fda96
Norrbotten,Sveaskog Fiske Nord (Norrbotten),Saarijärvi,Sjö,NB-STRUCT:ff2d8d47cbf44d9bfd1a53b5,LÄNSGRANSKAD – Fiskekartan-struktur verifierad; vattenunikt artbelägg saknas,Namngiven vatten–FVO-koppling inom Fiskekartans strukturella tak; inga områdesarter generaliserade.,FVO-OMRÅDE,e5910dbd78fe06055493
Norrbotten,Sveaskog Fiske Nord (Norrbotten),Saimujoki,Vattendrag,NB-STRUCT:4de7f4362ce69175eb587c75,LÄNSGRANSKAD – Fiskekartan-struktur verifierad; vattenunikt artbelägg saknas,Namngiven vatten–FVO-koppling inom Fiskekartans strukturella tak; inga områdesarter generaliserade.,FVO-OMRÅDE,19aa3e9d2f7c58ec23ab
Norrbotten,Sveaskog Fiske Nord (Norrbotten),Saivo,Sjö,NB-STRUCT:b35532cfb9c140e6c6fc13c5,LÄNSGRANSKAD – Fiskekartan-struktur verifierad; vattenunikt artbelägg saknas,Namngiven vatten–FVO-koppling inom Fiskekartans strukturella tak; inga områdesarter generaliserade.,FVO-OMRÅDE,06b9831d33f1e7fb494d
Norrbotten,Sveaskog Fiske Nord (Norrbotten),Sakajänkänoja,Vattendrag,NB-STRUCT:0ad888d136102b0784f2d029,LÄNSGRANSKAD – Fiskekartan-struktur verifierad; vattenunikt artbelägg saknas,Namngiven vatten–FVO-koppling inom Fiskekartans strukturella tak; inga områdesarter generaliserade.,FVO-OMRÅDE,810b94bba908785c8082
Norrbotten,Sveaskog Fiske Nord (Norrbotten),Sallejaure,Sjö,NB-STRUCT:9a2125aed43c3a60987635bf,LÄNSGRANSKAD – Fiskekartan-struktur verifierad; vattenunikt artbelägg saknas,Namngiven vatten–FVO-koppling inom Fiskekartans strukturella tak; inga områdesarter generaliserade.,FVO-OMRÅDE,74074c814cf3df85b7e5
Norrbotten,Sveaskog Fiske Nord (Norrbotten),Sargajaure,Sjö,NB-STRUCT:902e6a1365b58c9676d36bfc,LÄNSGRANSKAD – Fiskekartan-struktur verifierad; vattenunikt artbelägg saknas,Namngiven vatten–FVO-koppling inom Fiskekartans strukturella tak; inga områdesarter generaliserade.,FVO-OMRÅDE,abb23e4acf86674220b8
Norrbotten,Sveaskog Fiske Nord (Norrbotten),Sarvasbäcken,Vattendrag,NB-STRUCT:35c99784eacad419efa60e88,LÄNSGRANSKAD – Fiskekartan-struktur verifierad; vattenunikt artbelägg saknas,Namngiven vatten–FVO-koppling inom Fiskekartans strukturella tak; inga områdesarter generaliserade.,FVO-OMRÅDE,b739406f7a16be94f798
Norrbotten,Sveaskog Fiske Nord (Norrbotten),Sarvastjärnen,Sjö,NB-STRUCT:09ef5bca9db2263fb04a8d52,LÄNSGRANSKAD – Fiskekartan-struktur verifierad; vattenunikt artbelägg saknas,Namngiven vatten–FVO-koppling inom Fiskekartans strukturella tak; inga områdesarter generaliserade.,FVO-OMRÅDE,9b51954724e134ec3549
Norrbotten,Sveaskog Fiske Nord (Norrbotten),Sattajärvi,Sjö,NB-STRUCT:9570397da6220b070d843310,LÄNSGRANSKAD – Fiskekartan-struktur verifierad; vattenunikt artbelägg saknas,Namngiven vatten–FVO-koppling inom Fiskekartans strukturella tak; inga områdesarter generaliserade.,FVO-OMRÅDE,199d9f384248bdd09966
Norrbotten,Sveaskog Fiske Nord (Norrbotten),Sauturjaure,Sjö,NB-STRUCT:791212497392a193c025ac55,LÄNSGRANSKAD – Fiskekartan-struktur verifierad; vattenunikt artbelägg saknas,Namngiven vatten–FVO-koppling inom Fiskekartans strukturella tak; inga områdesarter generaliserade.,FVO-OMRÅDE,51d12b9e51c08efb7448
Norrbotten,Sveaskog Fiske Nord (Norrbotten),Savdurjávrrie,Sjö,NB-STRUCT:36bb6649cf09c07fb611b51c,LÄNSGRANSKAD – Fiskekartan-struktur verifierad; vattenunikt artbelägg saknas,Namngiven vatten–FVO-koppling inom Fiskekartans strukturella tak; inga områdesarter generaliserade.,FVO-OMRÅDE,e29fbb4bf49969deb998
Norrbotten,Sveaskog Fiske Nord (Norrbotten),Sejpitjärnen,Sjö,NB-STRUCT:d09493a7b135f23bb441d9e9,LÄNSGRANSKAD – Fiskekartan-struktur verifierad; vattenunikt artbelägg saknas,Namngiven vatten–FVO-koppling inom Fiskekartans strukturella tak; inga områdesarter generaliserade.,FVO-OMRÅDE,610403666f7805080968
Norrbotten,Sveaskog Fiske Nord (Norrbotten),Selaktjärnbäcken,Vattendrag,NB-STRUCT:fbb0b3f4b42ac3035949b141,LÄNSGRANSKAD – Fiskekartan-struktur verifierad; vattenunikt artbelägg saknas,Namngiven vatten–FVO-koppling inom Fiskekartans strukturella tak; inga områdesarter generaliserade.,FVO-OMRÅDE,fd4e9f1fb0cc1592fbfb
Norrbotten,Sveaskog Fiske Nord (Norrbotten),Selaktjärnen,Sjö,NB-STRUCT:ad54e28f6676c2eeff388122,LÄNSGRANSKAD – Fiskekartan-struktur verifierad; vattenunikt artbelägg saknas,Namngiven vatten–FVO-koppling inom Fiskekartans strukturella tak; inga områdesarter generaliserade.,FVO-OMRÅDE,26aafcf6f6f332fff1e9
Norrbotten,Sveaskog Fiske Nord (Norrbotten),Seudnur,Sjö,NB-STRUCT:47ce5b86f25bcc949fb12e02,LÄNSGRANSKAD – Fiskekartan-struktur verifierad; vattenunikt artbelägg saknas,Namngiven vatten–FVO-koppling inom Fiskekartans strukturella tak; inga områdesarter generaliserade.,FVO-OMRÅDE,d1ffeacfe0c1cf97847e
Norrbotten,Sveaskog Fiske Nord (Norrbotten),Seärggajávrrie,Sjö,NB-STRUCT:997097f17c8c1c68b04f50b0,LÄNSGRANSKAD – Fiskekartan-struktur verifierad; vattenunikt artbelägg saknas,Namngiven vatten–FVO-koppling inom Fiskekartans strukturella tak; inga områdesarter generaliserade.,FVO-OMRÅDE,d0a873bba873e8c52d64
Norrbotten,Sveaskog Fiske Nord (Norrbotten),Siebnesjaure,Sjö,NB-STRUCT:dc4c042f0925b50e50a9a15a,LÄNSGRANSKAD – Fiskekartan-struktur verifierad; vattenunikt artbelägg saknas,Namngiven vatten–FVO-koppling inom Fiskekartans strukturella tak; inga områdesarter generaliserade.,FVO-OMRÅDE,7acc01f4c37dcda4e194
Norrbotten,Sveaskog Fiske Nord (Norrbotten),Sikträsket,Sjö,NB-STRUCT:44a02e78c4015519b25975b4,LÄNSGRANSKAD – Fiskekartan-struktur verifierad; vattenunikt artbelägg saknas,Namngiven vatten–FVO-koppling inom Fiskekartans strukturella tak; inga områdesarter generaliserade.,FVO-OMRÅDE,c2c7e0f92ecdf92c692d
Norrbotten,Sveaskog Fiske Nord (Norrbotten),Sistkost-Träsket,Sjö,NB-STRUCT:e27cd172aa2a44cfd527c32b,LÄNSGRANSKAD – Fiskekartan-struktur verifierad; vattenunikt artbelägg saknas,Namngiven vatten–FVO-koppling inom Fiskekartans strukturella tak; inga områdesarter generaliserade.,FVO-OMRÅDE,dff2a6976ac7fdddb799
Norrbotten,Sveaskog Fiske Nord (Norrbotten),Sjulstjärnen,Sjö,NB-STRUCT:7c6af2fd59938f5c4d8ed454,LÄNSGRANSKAD – Fiskekartan-struktur verifierad; vattenunikt artbelägg saknas,Namngiven vatten–FVO-koppling inom Fiskekartans strukturella tak; inga områdesarter generaliserade.,FVO-OMRÅDE,fff5c4b78f0a7f0ec379
Norrbotten,Sveaskog Fiske Nord (Norrbotten),Själlarimbäcken,Vattendrag,NB-STRUCT:29f6feddd02eabf16d954254,LÄNSGRANSKAD – Fiskekartan-struktur verifierad; vattenunikt artbelägg saknas,Namngiven vatten–FVO-koppling inom Fiskekartans strukturella tak; inga områdesarter generaliserade.,FVO-OMRÅDE,916e892d79f61fed0900
Norrbotten,Sveaskog Fiske Nord (Norrbotten),Sjöviken,Sjö,NB-STRUCT:2c7e3385fd04f79c07882716,LÄNSGRANSKAD – Fiskekartan-struktur verifierad; vattenunikt artbelägg saknas,Namngiven vatten–FVO-koppling inom Fiskekartans strukturella tak; inga områdesarter generaliserade.,FVO-OMRÅDE,30c8791bfdba20400633
Norrbotten,Sveaskog Fiske Nord (Norrbotten),Skajtetjärnen,Sjö,NB-STRUCT:cd0425b1c3a0d3a4d585e1b9,LÄNSGRANSKAD – Fiskekartan-struktur verifierad; vattenunikt artbelägg saknas,Namngiven vatten–FVO-koppling inom Fiskekartans strukturella tak; inga områdesarter generaliserade.,FVO-OMRÅDE,0b94431230989762da6f
Norrbotten,Sveaskog Fiske Nord (Norrbotten),Skattån,Vattendrag,NB-STRUCT:692ed9bb38d38c26437aa7cd,LÄNSGRANSKAD – Fiskekartan-struktur verifierad; vattenunikt artbelägg saknas,Namngiven vatten–FVO-koppling inom Fiskekartans strukturella tak; inga områdesarter generaliserade.,FVO-OMRÅDE,87466aebe59ab77e6298
Norrbotten,Sveaskog Fiske Nord (Norrbotten),Skellefteälven,Vattendrag,NB-STRUCT:8bd75c22848ca1a869b23641,LÄNSGRANSKAD – Fiskekartan-struktur verifierad; vattenunikt artbelägg saknas,Namngiven vatten–FVO-koppling inom Fiskekartans strukturella tak; inga områdesarter generaliserade.,FVO-OMRÅDE,b585bc44da53f7867971
Norrbotten,Sveaskog Fiske Nord (Norrbotten),Skidträsket,Sjö,NB-STRUCT:c725d9987de5380227850116,LÄNSGRANSKAD – Fiskekartan-struktur verifierad; vattenunikt artbelägg saknas,Namngiven vatten–FVO-koppling inom Fiskekartans strukturella tak; inga områdesarter generaliserade.,FVO-OMRÅDE,4017f4135d93a2ecda56
Norrbotten,Sveaskog Fiske Nord (Norrbotten),Skirvotjärnen,Sjö,NB-STRUCT:432d5711a0615377a9fe173d,LÄNSGRANSKAD – Fiskekartan-struktur verifierad; vattenunikt artbelägg saknas,Namngiven vatten–FVO-koppling inom Fiskekartans strukturella tak; inga områdesarter generaliserade.,FVO-OMRÅDE,00a33b319c0fb76d1c80
Norrbotten,Sveaskog Fiske Nord (Norrbotten),Skravelbäcken,Vattendrag,NB-STRUCT:1d27c963ea1b35bc6d2ac4e0,LÄNSGRANSKAD – Fiskekartan-struktur verifierad; vattenunikt artbelägg saknas,Namngiven vatten–FVO-koppling inom Fiskekartans strukturella tak; inga områdesarter generaliserade.,FVO-OMRÅDE,a022194cc91d115deb34
Norrbotten,Sveaskog Fiske Nord (Norrbotten),Skraveltjärnen,Sjö,NB-STRUCT:2af55d279e0e636b15b9b0c0,LÄNSGRANSKAD – Fiskekartan-struktur verifierad; vattenunikt artbelägg saknas,Namngiven vatten–FVO-koppling inom Fiskekartans strukturella tak; inga områdesarter generaliserade.,FVO-OMRÅDE,66df496deeca9b45253b
Norrbotten,Sveaskog Fiske Nord (Norrbotten),Skutojaure,Sjö,NB-STRUCT:a674d1782079ac1b80eff202,LÄNSGRANSKAD – Fiskekartan-struktur verifierad; vattenunikt artbelägg saknas,Namngiven vatten–FVO-koppling inom Fiskekartans strukturella tak; inga områdesarter generaliserade.,FVO-OMRÅDE,becee8036e9386182967
Norrbotten,Sveaskog Fiske Nord (Norrbotten),Skuttejaure,Sjö,NB-STRUCT:4a60ee82c46dc651b6411212,LÄNSGRANSKAD – Fiskekartan-struktur verifierad; vattenunikt artbelägg saknas,Namngiven vatten–FVO-koppling inom Fiskekartans strukturella tak; inga områdesarter generaliserade.,FVO-OMRÅDE,389b1d93eca1af33c456
Norrbotten,Sveaskog Fiske Nord (Norrbotten),Skällbäcken,Vattendrag,NB-STRUCT:b89f516731785cfe1275e278,LÄNSGRANSKAD – Fiskekartan-struktur verifierad; vattenunikt artbelägg saknas,Namngiven vatten–FVO-koppling inom Fiskekartans strukturella tak; inga områdesarter generaliserade.,FVO-OMRÅDE,c9535147d061c6192fa5
Norrbotten,Sveaskog Fiske Nord (Norrbotten),Sleng,Sjö,NB-STRUCT:ef37b57dd0aa522354a5ff4a,LÄNSGRANSKAD – Fiskekartan-struktur verifierad; vattenunikt artbelägg saknas,Namngiven vatten–FVO-koppling inom Fiskekartans strukturella tak; inga områdesarter generaliserade.,FVO-OMRÅDE,dff04e669455a21295be
Norrbotten,Sveaskog Fiske Nord (Norrbotten),Slipbäcken,Vattendrag,NB-STRUCT:f3ffdc3073b151d7cdb81a04,LÄNSGRANSKAD – Fiskekartan-struktur verifierad; vattenunikt artbelägg saknas,Namngiven vatten–FVO-koppling inom Fiskekartans strukturella tak; inga områdesarter generaliserade.,FVO-OMRÅDE,b978a20e4a559e803250
Norrbotten,Sveaskog Fiske Nord (Norrbotten),Slymyrbäcken,Vattendrag,NB-STRUCT:3ed4f0aa24e53c6c76058de3,LÄNSGRANSKAD – Fiskekartan-struktur verifierad; vattenunikt artbelägg saknas,Namngiven vatten–FVO-koppling inom Fiskekartans strukturella tak; inga områdesarter generaliserade.,FVO-OMRÅDE,cd4dc7f3ad01ef2f03be
Norrbotten,Sveaskog Fiske Nord (Norrbotten),Slyträsket,Sjö,NB-STRUCT:e342e6d15ed66eea932a94c7,LÄNSGRANSKAD – Fiskekartan-struktur verifierad; vattenunikt artbelägg saknas,Namngiven vatten–FVO-koppling inom Fiskekartans strukturella tak; inga områdesarter generaliserade.,FVO-OMRÅDE,678437e239b4f0c14895
Norrbotten,Sveaskog Fiske Nord (Norrbotten),Slättberg-Långträsket,Sjö,NB-STRUCT:f7d7548cad9377f2fd55c036,LÄNSGRANSKAD – Fiskekartan-struktur verifierad; vattenunikt artbelägg saknas,Namngiven vatten–FVO-koppling inom Fiskekartans strukturella tak; inga områdesarter generaliserade.,FVO-OMRÅDE,15b52da0f054d611c209
Norrbotten,Sveaskog Fiske Nord (Norrbotten),Slättbergstjärnen,Sjö,NB-STRUCT:9f96db790109fc4be94bdee0,LÄNSGRANSKAD – Fiskekartan-struktur verifierad; vattenunikt artbelägg saknas,Namngiven vatten–FVO-koppling inom Fiskekartans strukturella tak; inga områdesarter generaliserade.,FVO-OMRÅDE,acbc814f178569c6049d
Norrbotten,Sveaskog Fiske Nord (Norrbotten),Smedmyrbäcken,Vattendrag,NB-STRUCT:8c6982220dc90988dfd5315e,LÄNSGRANSKAD – Fiskekartan-struktur verifierad; vattenunikt artbelägg saknas,Namngiven vatten–FVO-koppling inom Fiskekartans strukturella tak; inga områdesarter generaliserade.,FVO-OMRÅDE,32aec5dc27b893cae262
Norrbotten,Sveaskog Fiske Nord (Norrbotten),Småtjärnarna,Sjö,NB-STRUCT:3698758d5eeec16559db437f,LÄNSGRANSKAD – Fiskekartan-struktur verifierad; vattenunikt artbelägg saknas,Namngiven vatten–FVO-koppling inom Fiskekartans strukturella tak; inga områdesarter generaliserade.,FVO-OMRÅDE,047a1005949798d275cf
Norrbotten,Sveaskog Fiske Nord (Norrbotten),Småträsken,Sjö,NB-STRUCT:5290258b1931a945e926d950,LÄNSGRANSKAD – Fiskekartan-struktur verifierad; vattenunikt artbelägg saknas,Namngiven vatten–FVO-koppling inom Fiskekartans strukturella tak; inga områdesarter generaliserade.,FVO-OMRÅDE,cfa5e7b28e4f276029d5
Norrbotten,Sveaskog Fiske Nord (Norrbotten),Snottertjärnen,Sjö,NB-STRUCT:7d3025aaa3c14c121ecf6592,LÄNSGRANSKAD – Fiskekartan-struktur verifierad; vattenunikt artbelägg saknas,Namngiven vatten–FVO-koppling inom Fiskekartans strukturella tak; inga områdesarter generaliserade.,FVO-OMRÅDE,789b81f2c48344114316
Norrbotten,Sveaskog Fiske Nord (Norrbotten),Snödbergstjärnen,Sjö,NB-STRUCT:9b900e23f303db2b0a424fc7,LÄNSGRANSKAD – Fiskekartan-struktur verifierad; vattenunikt artbelägg saknas,Namngiven vatten–FVO-koppling inom Fiskekartans strukturella tak; inga områdesarter generaliserade.,FVO-OMRÅDE,e21015bba8dd54244fb8
Norrbotten,Sveaskog Fiske Nord (Norrbotten),Snödhuvudtjärnarna,Sjö,NB-STRUCT:9eebc3931d699d4f7c64d646,LÄNSGRANSKAD – Fiskekartan-struktur verifierad; vattenunikt artbelägg saknas,Namngiven vatten–FVO-koppling inom Fiskekartans strukturella tak; inga områdesarter generaliserade.,FVO-OMRÅDE,c33ad4bdffbd9fab381a
Norrbotten,Sveaskog Fiske Nord (Norrbotten),Snörutjärnen,Sjö,NB-STRUCT:48c8d86c84c457124f3853f5,LÄNSGRANSKAD – Fiskekartan-struktur verifierad; vattenunikt artbelägg saknas,Namngiven vatten–FVO-koppling inom Fiskekartans strukturella tak; inga områdesarter generaliserade.,FVO-OMRÅDE,176d12364d4929508c5f
Norrbotten,Sveaskog Fiske Nord (Norrbotten),Soarvásjjåhkå,Vattendrag,NB-STRUCT:331eb4d16c1b4935a3ca65a1,LÄNSGRANSKAD – Fiskekartan-struktur verifierad; vattenunikt artbelägg saknas,Namngiven vatten–FVO-koppling inom Fiskekartans strukturella tak; inga områdesarter generaliserade.,FVO-OMRÅDE,a21bc9e0b80e230f1173
Norrbotten,Sveaskog Fiske Nord (Norrbotten),Socialisttjärnen,Sjö,NB-STRUCT:400bc5e4ae66d447b6aa35aa,LÄNSGRANSKAD – Fiskekartan-struktur verifierad; vattenunikt artbelägg saknas,Namngiven vatten–FVO-koppling inom Fiskekartans strukturella tak; inga områdesarter generaliserade.,FVO-OMRÅDE,f5a3238a60b32583615c
Norrbotten,Sveaskog Fiske Nord (Norrbotten),Sookasjärvi,Sjö,NB-STRUCT:3b69b64bf01808d169a81890,LÄNSGRANSKAD – Fiskekartan-struktur verifierad; vattenunikt artbelägg saknas,Namngiven vatten–FVO-koppling inom Fiskekartans strukturella tak; inga områdesarter generaliserade.,FVO-OMRÅDE,a8d7cf41655ed7e6bd10
Norrbotten,Sveaskog Fiske Nord (Norrbotten),Spjutträskbäcken,Vattendrag,NB-STRUCT:b08061845f62af7d4ebb4979,LÄNSGRANSKAD – Fiskekartan-struktur verifierad; vattenunikt artbelägg saknas,Namngiven vatten–FVO-koppling inom Fiskekartans strukturella tak; inga områdesarter generaliserade.,FVO-OMRÅDE,afc4bec22a4a8dc9af0d
Norrbotten,Sveaskog Fiske Nord (Norrbotten),Spångtjärnen,Sjö,NB-STRUCT:c09868035d5fbedfe7869eaf,LÄNSGRANSKAD – Fiskekartan-struktur verifierad; vattenunikt artbelägg saknas,Namngiven vatten–FVO-koppling inom Fiskekartans strukturella tak; inga områdesarter generaliserade.,FVO-OMRÅDE,062bed21bcfc7cf9759d
Norrbotten,Sveaskog Fiske Nord (Norrbotten),Stabbtjärnbäcken,Vattendrag,NB-STRUCT:0451b1765b5e4212c389366b,LÄNSGRANSKAD – Fiskekartan-struktur verifierad; vattenunikt artbelägg saknas,Namngiven vatten–FVO-koppling inom Fiskekartans strukturella tak; inga områdesarter generaliserade.,FVO-OMRÅDE,2007feecafecc35c5c62
Norrbotten,Sveaskog Fiske Nord (Norrbotten),Stabbtjärnen,Sjö,NB-STRUCT:6e314aa9bd246330934ec641,LÄNSGRANSKAD – Fiskekartan-struktur verifierad; vattenunikt artbelägg saknas,Namngiven vatten–FVO-koppling inom Fiskekartans strukturella tak; inga områdesarter generaliserade.,FVO-OMRÅDE,4ac6a59d4c4b97604d20
Norrbotten,Sveaskog Fiske Nord (Norrbotten),Stansträskbäcken,Vattendrag,NB-STRUCT:d1aed1d5e4ef85270db0d91e,LÄNSGRANSKAD – Fiskekartan-struktur verifierad; vattenunikt artbelägg saknas,Namngiven vatten–FVO-koppling inom Fiskekartans strukturella tak; inga områdesarter generaliserade.,FVO-OMRÅDE,2761a590666faf38eefb
Norrbotten,Sveaskog Fiske Nord (Norrbotten),Stansträsket,Sjö,NB-STRUCT:4e7432eff6ac8a7cff7530f1,LÄNSGRANSKAD – Fiskekartan-struktur verifierad; vattenunikt artbelägg saknas,Namngiven vatten–FVO-koppling inom Fiskekartans strukturella tak; inga områdesarter generaliserade.,FVO-OMRÅDE,dbf9dc9372105c15eb96
Norrbotten,Sveaskog Fiske Nord (Norrbotten),Stassköltjärnen,Sjö,NB-STRUCT:03fde78d6d6d75ccded2cf67,LÄNSGRANSKAD – Fiskekartan-struktur verifierad; vattenunikt artbelägg saknas,Namngiven vatten–FVO-koppling inom Fiskekartans strukturella tak; inga områdesarter generaliserade.,FVO-OMRÅDE,baededcc26957b590e95
Norrbotten,Sveaskog Fiske Nord (Norrbotten),Staträsket,Sjö,NB-STRUCT:edc233e888546091d05e3408,LÄNSGRANSKAD – Fiskekartan-struktur verifierad; vattenunikt artbelägg saknas,Namngiven vatten–FVO-koppling inom Fiskekartans strukturella tak; inga områdesarter generaliserade.,FVO-OMRÅDE,eaf4f9d6269337e97c88
Norrbotten,Sveaskog Fiske Nord (Norrbotten),Stenbäcken,Vattendrag,NB-STRUCT:47986e601f94e720aaffe5e7,LÄNSGRANSKAD – Fiskekartan-struktur verifierad; vattenunikt artbelägg saknas,Namngiven vatten–FVO-koppling inom Fiskekartans strukturella tak; inga områdesarter generaliserade.,FVO-OMRÅDE,a634ecd01cc921aa4fe6
Norrbotten,Sveaskog Fiske Nord (Norrbotten),Stentjärnen,Sjö,NB-STRUCT:bd35a32621b899bfc1ee93bc,LÄNSGRANSKAD – Fiskekartan-struktur verifierad; vattenunikt artbelägg saknas,Namngiven vatten–FVO-koppling inom Fiskekartans strukturella tak; inga områdesarter generaliserade.,FVO-OMRÅDE,cd478f8f3139091e922b
Norrbotten,Sveaskog Fiske Nord (Norrbotten),Stenträskbäcken,Vattendrag,NB-STRUCT:aa20ccf2fb80f33b1c2804fd,LÄNSGRANSKAD – Fiskekartan-struktur verifierad; vattenunikt artbelägg saknas,Namngiven vatten–FVO-koppling inom Fiskekartans strukturella tak; inga områdesarter generaliserade.,FVO-OMRÅDE,1edb6c758e417e2579b4
Norrbotten,Sveaskog Fiske Nord (Norrbotten),Stenträsket,Sjö,NB-STRUCT:0e95348db134e5a2b1ea6fd3,LÄNSGRANSKAD – Fiskekartan-struktur verifierad; vattenunikt artbelägg saknas,Namngiven vatten–FVO-koppling inom Fiskekartans strukturella tak; inga områdesarter generaliserade.,FVO-OMRÅDE,427145ba5e206e99e2a5
Norrbotten,Sveaskog Fiske Nord (Norrbotten),Stockforsälven,Vattendrag,NB-STRUCT:50a39011772ee4534979a0b4,LÄNSGRANSKAD – Fiskekartan-struktur verifierad; vattenunikt artbelägg saknas,Namngiven vatten–FVO-koppling inom Fiskekartans strukturella tak; inga områdesarter generaliserade.,FVO-OMRÅDE,22170e9b6878bf1283dc
Norrbotten,Sveaskog Fiske Nord (Norrbotten),Stor-Abborrtjärnen,Sjö,NB-STRUCT:2c832b7b8925d419b2a15d03,LÄNSGRANSKAD – Fiskekartan-struktur verifierad; vattenunikt artbelägg saknas,Namngiven vatten–FVO-koppling inom Fiskekartans strukturella tak; inga områdesarter generaliserade.,FVO-OMRÅDE,59be73a9717ebc4bd1c4
Norrbotten,Sveaskog Fiske Nord (Norrbotten),Stor-Arbost,Sjö,NB-STRUCT:f2cb9f32193d1b425206ab9b,LÄNSGRANSKAD – Fiskekartan-struktur verifierad; vattenunikt artbelägg saknas,Namngiven vatten–FVO-koppling inom Fiskekartans strukturella tak; inga områdesarter generaliserade.,FVO-OMRÅDE,3504043ee425e4f8b952
Norrbotten,Sveaskog Fiske Nord (Norrbotten),Stor-Björktjärnen,Sjö,NB-STRUCT:675f2b98632584e9862ef1e1,LÄNSGRANSKAD – Fiskekartan-struktur verifierad; vattenunikt artbelägg saknas,Namngiven vatten–FVO-koppling inom Fiskekartans strukturella tak; inga områdesarter generaliserade.,FVO-OMRÅDE,58f2898b5871ac0d43ee
Norrbotten,Sveaskog Fiske Nord (Norrbotten),Stor-Gäddträsket,Sjö,NB-STRUCT:e279fadac0dcb2670c6bc455,LÄNSGRANSKAD – Fiskekartan-struktur verifierad; vattenunikt artbelägg saknas,Namngiven vatten–FVO-koppling inom Fiskekartans strukturella tak; inga områdesarter generaliserade.,FVO-OMRÅDE,53da0e9d6505c6774d5f
Norrbotten,Sveaskog Fiske Nord (Norrbotten),Stor-Knuttjärnen,Sjö,NB-STRUCT:e7b74740a0a4c1f6e865332d,LÄNSGRANSKAD – Fiskekartan-struktur verifierad; vattenunikt artbelägg saknas,Namngiven vatten–FVO-koppling inom Fiskekartans strukturella tak; inga områdesarter generaliserade.,FVO-OMRÅDE,616ef893701dd7bdbba4
Norrbotten,Sveaskog Fiske Nord (Norrbotten),Stor-Lappträsket,Sjö,NB-STRUCT:1852e627528935e6414dd243,LÄNSGRANSKAD – Fiskekartan-struktur verifierad; vattenunikt artbelägg saknas,Namngiven vatten–FVO-koppling inom Fiskekartans strukturella tak; inga områdesarter generaliserade.,FVO-OMRÅDE,08b25abc3216cf416aca
Norrbotten,Sveaskog Fiske Nord (Norrbotten),Stor-Laver,Sjö,NB-STRUCT:2baba2a26397ed5ee55c9c03,LÄNSGRANSKAD – Fiskekartan-struktur verifierad; vattenunikt artbelägg saknas,Namngiven vatten–FVO-koppling inom Fiskekartans strukturella tak; inga områdesarter generaliserade.,FVO-OMRÅDE,2851e0ab0512100dbc72
Norrbotten,Sveaskog Fiske Nord (Norrbotten),Stor-Laxsjön,Sjö,NB-STRUCT:b88a79564b8865470774c090,LÄNSGRANSKAD – Fiskekartan-struktur verifierad; vattenunikt artbelägg saknas,Namngiven vatten–FVO-koppling inom Fiskekartans strukturella tak; inga områdesarter generaliserade.,FVO-OMRÅDE,943ae9ee85e73523d1fa
Norrbotten,Sveaskog Fiske Nord (Norrbotten),Stor-Solmokselet,Sjö,NB-STRUCT:6d156610601708a6e173138a,LÄNSGRANSKAD – Fiskekartan-struktur verifierad; vattenunikt artbelägg saknas,Namngiven vatten–FVO-koppling inom Fiskekartans strukturella tak; inga områdesarter generaliserade.,FVO-OMRÅDE,a62466b85324353e4ee5
Norrbotten,Sveaskog Fiske Nord (Norrbotten),Stor-Tallbergsträsket,Sjö,NB-STRUCT:303cd27bc9df12c31dd17dc9,LÄNSGRANSKAD – Fiskekartan-struktur verifierad; vattenunikt artbelägg saknas,Namngiven vatten–FVO-koppling inom Fiskekartans strukturella tak; inga områdesarter generaliserade.,FVO-OMRÅDE,3ac9b90c25e8436b87c3
Norrbotten,Sveaskog Fiske Nord (Norrbotten),Stor-Teuger,Sjö,NB-STRUCT:287f9d2e9be6b88dda33d2e0,LÄNSGRANSKAD – Fiskekartan-struktur verifierad; vattenunikt artbelägg saknas,Namngiven vatten–FVO-koppling inom Fiskekartans strukturella tak; inga områdesarter generaliserade.,FVO-OMRÅDE,7617beebb7cc6589e5a1
Norrbotten,Sveaskog Fiske Nord (Norrbotten),Stor-Tjärget,Sjö,NB-STRUCT:e5d65c881bc04673fe4eec2a,LÄNSGRANSKAD – Fiskekartan-struktur verifierad; vattenunikt artbelägg saknas,Namngiven vatten–FVO-koppling inom Fiskekartans strukturella tak; inga områdesarter generaliserade.,FVO-OMRÅDE,0fff5453a935786f824f
Norrbotten,Sveaskog Fiske Nord (Norrbotten),Stor-Urtjärnen,Sjö,NB-STRUCT:7c3831ddf46c35c9cdb7ae62,LÄNSGRANSKAD – Fiskekartan-struktur verifierad; vattenunikt artbelägg saknas,Namngiven vatten–FVO-koppling inom Fiskekartans strukturella tak; inga områdesarter generaliserade.,FVO-OMRÅDE,886eb924a21aa41cb5fe
Norrbotten,Sveaskog Fiske Nord (Norrbotten),Stor-Varjisträsket,Sjö,NB-STRUCT:bb5d371eb0323a9f6ad7c1eb,LÄNSGRANSKAD – Fiskekartan-struktur verifierad; vattenunikt artbelägg saknas,Namngiven vatten–FVO-koppling inom Fiskekartans strukturella tak; inga områdesarter generaliserade.,FVO-OMRÅDE,e77fc117e1f2394f6bb2
Norrbotten,Sveaskog Fiske Nord (Norrbotten),Stora Klinttjärnen,Sjö,NB-STRUCT:4b93f7c5ff4c6ee3de615181,LÄNSGRANSKAD – Fiskekartan-struktur verifierad; vattenunikt artbelägg saknas,Namngiven vatten–FVO-koppling inom Fiskekartans strukturella tak; inga områdesarter generaliserade.,FVO-OMRÅDE,f0aca241f4005aab0432
Norrbotten,Sveaskog Fiske Nord (Norrbotten),Stora Luleälven,Vattendrag,NB-STRUCT:56ad69af51dd7330e11f867f,LÄNSGRANSKAD – Fiskekartan-struktur verifierad; vattenunikt artbelägg saknas,Namngiven vatten–FVO-koppling inom Fiskekartans strukturella tak; inga områdesarter generaliserade.,FVO-OMRÅDE,9d568eebf84d1d3e8f4d
Norrbotten,Sveaskog Fiske Nord (Norrbotten),Stora Stenträsket,Sjö,NB-STRUCT:2242931197324f04394ea097,LÄNSGRANSKAD – Fiskekartan-struktur verifierad; vattenunikt artbelägg saknas,Namngiven vatten–FVO-koppling inom Fiskekartans strukturella tak; inga områdesarter generaliserade.,FVO-OMRÅDE,667724afa7d4d2748ddb
Norrbotten,Sveaskog Fiske Nord (Norrbotten),Stora Sörlidtjärnen,Sjö,NB-STRUCT:58101f3ddf17b911db0035c2,LÄNSGRANSKAD – Fiskekartan-struktur verifierad; vattenunikt artbelägg saknas,Namngiven vatten–FVO-koppling inom Fiskekartans strukturella tak; inga områdesarter generaliserade.,FVO-OMRÅDE,d58d92e7eea28cbd4246
Norrbotten,Sveaskog Fiske Nord (Norrbotten),Stora Tjåkasjaure,Sjö,NB-STRUCT:66dab0dfe846719b3efc08c9,LÄNSGRANSKAD – Fiskekartan-struktur verifierad; vattenunikt artbelägg saknas,Namngiven vatten–FVO-koppling inom Fiskekartans strukturella tak; inga områdesarter generaliserade.,FVO-OMRÅDE,c41276b1bdab40086574
Norrbotten,Sveaskog Fiske Nord (Norrbotten),Storflarken,Sjö,NB-STRUCT:4d5e91b1aebde7e441e6445c,LÄNSGRANSKAD – Fiskekartan-struktur verifierad; vattenunikt artbelägg saknas,Namngiven vatten–FVO-koppling inom Fiskekartans strukturella tak; inga områdesarter generaliserade.,FVO-OMRÅDE,df4c48f54ecdde3659ed
Norrbotten,Sveaskog Fiske Nord (Norrbotten),Storkåtabäcken,Vattendrag,NB-STRUCT:80c3e8db413c8fa7b0ba9307,LÄNSGRANSKAD – Fiskekartan-struktur verifierad; vattenunikt artbelägg saknas,Namngiven vatten–FVO-koppling inom Fiskekartans strukturella tak; inga områdesarter generaliserade.,FVO-OMRÅDE,732faa533fdf84ed1de6
Norrbotten,Sveaskog Fiske Nord (Norrbotten),Stormyrtjärnen,Sjö,NB-STRUCT:30c54e614c2cfdaf57ede758,LÄNSGRANSKAD – Fiskekartan-struktur verifierad; vattenunikt artbelägg saknas,Namngiven vatten–FVO-koppling inom Fiskekartans strukturella tak; inga områdesarter generaliserade.,FVO-OMRÅDE,ef838ae4cf5f9747e14c
Norrbotten,Sveaskog Fiske Nord (Norrbotten),Storskällträsket,Sjö,NB-STRUCT:cf893bf1b0cb9c93a7cccc7e,LÄNSGRANSKAD – Fiskekartan-struktur verifierad; vattenunikt artbelägg saknas,Namngiven vatten–FVO-koppling inom Fiskekartans strukturella tak; inga områdesarter generaliserade.,FVO-OMRÅDE,f362c8048b020d90b0a3
Norrbotten,Sveaskog Fiske Nord (Norrbotten),Stortjärnbäcken,Vattendrag,NB-STRUCT:5e8acea0b8eb5812162e2419,LÄNSGRANSKAD – Fiskekartan-struktur verifierad; vattenunikt artbelägg saknas,Namngiven vatten–FVO-koppling inom Fiskekartans strukturella tak; inga områdesarter generaliserade.,FVO-OMRÅDE,2bad6369d0b6088857a1
Norrbotten,Sveaskog Fiske Nord (Norrbotten),Stortjärnen,Sjö,NB-STRUCT:2643b3de7d3edb426d022c79,LÄNSGRANSKAD – Fiskekartan-struktur verifierad; vattenunikt artbelägg saknas,Namngiven vatten–FVO-koppling inom Fiskekartans strukturella tak; inga områdesarter generaliserade.,FVO-OMRÅDE,f8f203249cf05f57056a
Norrbotten,Sveaskog Fiske Nord (Norrbotten),Storträsket,Sjö,NB-STRUCT:c230bc134764cd0682503351,LÄNSGRANSKAD – Fiskekartan-struktur verifierad; vattenunikt artbelägg saknas,Namngiven vatten–FVO-koppling inom Fiskekartans strukturella tak; inga områdesarter generaliserade.,FVO-OMRÅDE,359874ce23e88566e14f
Norrbotten,Sveaskog Fiske Nord (Norrbotten),Storträskviken,Sjö,NB-STRUCT:708279e0c0e5ee8c3dc7776e,LÄNSGRANSKAD – Fiskekartan-struktur verifierad; vattenunikt artbelägg saknas,Namngiven vatten–FVO-koppling inom Fiskekartans strukturella tak; inga områdesarter generaliserade.,FVO-OMRÅDE,b498ad1468db4bb52911
Norrbotten,Sveaskog Fiske Nord (Norrbotten),Storängesbäcken,Vattendrag,NB-STRUCT:f296b9d996c3afdeec5f64d2,LÄNSGRANSKAD – Fiskekartan-struktur verifierad; vattenunikt artbelägg saknas,Namngiven vatten–FVO-koppling inom Fiskekartans strukturella tak; inga områdesarter generaliserade.,FVO-OMRÅDE,38da87df217701f375c4
Norrbotten,Sveaskog Fiske Nord (Norrbotten),Strittjebäcken,Vattendrag,NB-STRUCT:0d2647b73175d5d3b4ac95fb,LÄNSGRANSKAD – Fiskekartan-struktur verifierad; vattenunikt artbelägg saknas,Namngiven vatten–FVO-koppling inom Fiskekartans strukturella tak; inga områdesarter generaliserade.,FVO-OMRÅDE,f06b692da97c815c4c58
Norrbotten,Sveaskog Fiske Nord (Norrbotten),Städdjejaurbäcken,Vattendrag,NB-STRUCT:745be346bb35a376e86cbf44,LÄNSGRANSKAD – Fiskekartan-struktur verifierad; vattenunikt artbelägg saknas,Namngiven vatten–FVO-koppling inom Fiskekartans strukturella tak; inga områdesarter generaliserade.,FVO-OMRÅDE,3c16215932659077895d
Norrbotten,Sveaskog Fiske Nord (Norrbotten),Ståkkebäcken,Vattendrag,NB-STRUCT:a928410c99f131d87a4c4c27,LÄNSGRANSKAD – Fiskekartan-struktur verifierad; vattenunikt artbelägg saknas,Namngiven vatten–FVO-koppling inom Fiskekartans strukturella tak; inga områdesarter generaliserade.,FVO-OMRÅDE,bc5e709a940e9893d9de
Norrbotten,Sveaskog Fiske Nord (Norrbotten),Ståkkesjön,Sjö,NB-STRUCT:fcfa0fc619dc3a16103555f2,LÄNSGRANSKAD – Fiskekartan-struktur verifierad; vattenunikt artbelägg saknas,Namngiven vatten–FVO-koppling inom Fiskekartans strukturella tak; inga områdesarter generaliserade.,FVO-OMRÅDE,d071bcbc6d363bd332d7
Norrbotten,Sveaskog Fiske Nord (Norrbotten),Störbäcken,Vattendrag,NB-STRUCT:4a0fb90edab5a294c269256d,LÄNSGRANSKAD – Fiskekartan-struktur verifierad; vattenunikt artbelägg saknas,Namngiven vatten–FVO-koppling inom Fiskekartans strukturella tak; inga områdesarter generaliserade.,FVO-OMRÅDE,1f9f9e28389e869ded00
Norrbotten,Sveaskog Fiske Nord (Norrbotten),Sundströmstjärnen,Sjö,NB-STRUCT:c2d49c20a6a34df1596bf446,LÄNSGRANSKAD – Fiskekartan-struktur verifierad; vattenunikt artbelägg saknas,Namngiven vatten–FVO-koppling inom Fiskekartans strukturella tak; inga områdesarter generaliserade.,FVO-OMRÅDE,5496e2438e05d10aa1d4
Norrbotten,Sveaskog Fiske Nord (Norrbotten),Suobbatjaure,Sjö,NB-STRUCT:99f5476a15105db4803fbb3d,LÄNSGRANSKAD – Fiskekartan-struktur verifierad; vattenunikt artbelägg saknas,Namngiven vatten–FVO-koppling inom Fiskekartans strukturella tak; inga områdesarter generaliserade.,FVO-OMRÅDE,9c14a7d55b7024f6655e
Norrbotten,Sveaskog Fiske Nord (Norrbotten),Suobdek,Sjö,NB-STRUCT:893a88311e49c9bcc396cbd1,LÄNSGRANSKAD – Fiskekartan-struktur verifierad; vattenunikt artbelägg saknas,Namngiven vatten–FVO-koppling inom Fiskekartans strukturella tak; inga områdesarter generaliserade.,FVO-OMRÅDE,e0c0f4ceac7b61be2979
Norrbotten,Sveaskog Fiske Nord (Norrbotten),Suobdekluobbal,Sjö,NB-STRUCT:6a5c99772a49a63b9d896195,LÄNSGRANSKAD – Fiskekartan-struktur verifierad; vattenunikt artbelägg saknas,Namngiven vatten–FVO-koppling inom Fiskekartans strukturella tak; inga områdesarter generaliserade.,FVO-OMRÅDE,608d2cf8ba55cf74e7be
Norrbotten,Sveaskog Fiske Nord (Norrbotten),Suolojaure,Sjö,NB-STRUCT:01d5224f8059a585ae968e79,LÄNSGRANSKAD – Fiskekartan-struktur verifierad; vattenunikt artbelägg saknas,Namngiven vatten–FVO-koppling inom Fiskekartans strukturella tak; inga områdesarter generaliserade.,FVO-OMRÅDE,211e61502848ae0a9d98
Norrbotten,Sveaskog Fiske Nord (Norrbotten),Suolojoki,Vattendrag,NB-STRUCT:dcbf3d47f337dff4b9366756,LÄNSGRANSKAD – Fiskekartan-struktur verifierad; vattenunikt artbelägg saknas,Namngiven vatten–FVO-koppling inom Fiskekartans strukturella tak; inga områdesarter generaliserade.,FVO-OMRÅDE,269a060f82e8c2875668
Norrbotten,Sveaskog Fiske Nord (Norrbotten),Surujoki,Vattendrag,NB-STRUCT:7cc11df2b33707ca2f0c1152,LÄNSGRANSKAD – Fiskekartan-struktur verifierad; vattenunikt artbelägg saknas,Namngiven vatten–FVO-koppling inom Fiskekartans strukturella tak; inga områdesarter generaliserade.,FVO-OMRÅDE,61e72bebef1c47b8ce09
Norrbotten,Sveaskog Fiske Nord (Norrbotten),Svallmyrbäcken,Vattendrag,NB-STRUCT:5d1606834b6776558ff9e117,LÄNSGRANSKAD – Fiskekartan-struktur verifierad; vattenunikt artbelägg saknas,Namngiven vatten–FVO-koppling inom Fiskekartans strukturella tak; inga områdesarter generaliserade.,FVO-OMRÅDE,ac8c954265284936c812
Norrbotten,Sveaskog Fiske Nord (Norrbotten),Svanabäcken,Vattendrag,NB-STRUCT:bbd59d1b2a8f774674f659e7,LÄNSGRANSKAD – Fiskekartan-struktur verifierad; vattenunikt artbelägg saknas,Namngiven vatten–FVO-koppling inom Fiskekartans strukturella tak; inga områdesarter generaliserade.,FVO-OMRÅDE,3ac8eccdb7c9b1b0ae05
Norrbotten,Sveaskog Fiske Nord (Norrbotten),Svanaträsket,Sjö,NB-STRUCT:ce28f284b20ed88501171e5a,LÄNSGRANSKAD – Fiskekartan-struktur verifierad; vattenunikt artbelägg saknas,Namngiven vatten–FVO-koppling inom Fiskekartans strukturella tak; inga områdesarter generaliserade.,FVO-OMRÅDE,32a19383d4820746c919
Norrbotten,Sveaskog Fiske Nord (Norrbotten),Svartabborrtjärnen,Sjö,NB-STRUCT:0191b7eaa322a88ec930f13b,LÄNSGRANSKAD – Fiskekartan-struktur verifierad; vattenunikt artbelägg saknas,Namngiven vatten–FVO-koppling inom Fiskekartans strukturella tak; inga områdesarter generaliserade.,FVO-OMRÅDE,5a98370d455b7140ed8e
Norrbotten,Sveaskog Fiske Nord (Norrbotten),Svartjärnen,Sjö,NB-STRUCT:f1de080d66eceb2f1c824cf3,LÄNSGRANSKAD – Fiskekartan-struktur verifierad; vattenunikt artbelägg saknas,Namngiven vatten–FVO-koppling inom Fiskekartans strukturella tak; inga områdesarter generaliserade.,FVO-OMRÅDE,b663b0f3234464cd0f49
Norrbotten,Sveaskog Fiske Nord (Norrbotten),Svartlå-Mjövattenbäcken,Vattendrag,NB-STRUCT:12d18766cef0f45a418eb66c,LÄNSGRANSKAD – Fiskekartan-struktur verifierad; vattenunikt artbelägg saknas,Namngiven vatten–FVO-koppling inom Fiskekartans strukturella tak; inga områdesarter generaliserade.,FVO-OMRÅDE,e10aa632ee6d36264ee2
Norrbotten,Sveaskog Fiske Nord (Norrbotten),Svarttjärnbäcken,Vattendrag,NB-STRUCT:d5a9df825f057e0ef970b778,LÄNSGRANSKAD – Fiskekartan-struktur verifierad; vattenunikt artbelägg saknas,Namngiven vatten–FVO-koppling inom Fiskekartans strukturella tak; inga områdesarter generaliserade.,FVO-OMRÅDE,08b8924f767b13a57aa5
Norrbotten,Sveaskog Fiske Nord (Norrbotten),Svarttjärnen,Sjö,NB-STRUCT:56432a64c22d8f1a65e34595,LÄNSGRANSKAD – Fiskekartan-struktur verifierad; vattenunikt artbelägg saknas,Namngiven vatten–FVO-koppling inom Fiskekartans strukturella tak; inga områdesarter generaliserade.,FVO-OMRÅDE,d4883508cc6c3981aa0d
Norrbotten,Sveaskog Fiske Nord (Norrbotten),Svärdälven,Vattendrag,NB-STRUCT:50642de4774cbfc44d9c59fc,LÄNSGRANSKAD – Fiskekartan-struktur verifierad; vattenunikt artbelägg saknas,Namngiven vatten–FVO-koppling inom Fiskekartans strukturella tak; inga områdesarter generaliserade.,FVO-OMRÅDE,d385ddb9b5392b4097ce
Norrbotten,Sveaskog Fiske Nord (Norrbotten),Syväjärvi,Sjö,NB-STRUCT:3812b36554611fe04ecd92c0,LÄNSGRANSKAD – Fiskekartan-struktur verifierad; vattenunikt artbelägg saknas,Namngiven vatten–FVO-koppling inom Fiskekartans strukturella tak; inga områdesarter generaliserade.,FVO-OMRÅDE,5f80a204521573414810
Norrbotten,Sveaskog Fiske Nord (Norrbotten),Säckosbäcken,Vattendrag,NB-STRUCT:91c97bcb77889cda634fa714,LÄNSGRANSKAD – Fiskekartan-struktur verifierad; vattenunikt artbelägg saknas,Namngiven vatten–FVO-koppling inom Fiskekartans strukturella tak; inga områdesarter generaliserade.,FVO-OMRÅDE,4e8cda0ac57636390062
Norrbotten,Sveaskog Fiske Nord (Norrbotten),Särkijärvi,Sjö,NB-STRUCT:a64c20471ddd0103342e0e5e,LÄNSGRANSKAD – Fiskekartan-struktur verifierad; vattenunikt artbelägg saknas,Namngiven vatten–FVO-koppling inom Fiskekartans strukturella tak; inga områdesarter generaliserade.,FVO-OMRÅDE,6fe9bbbae75b245b3f50
Norrbotten,Sveaskog Fiske Nord (Norrbotten),Sårvatj,Sjö,NB-STRUCT:6bda89dea1e8a1cca5ab1531,LÄNSGRANSKAD – Fiskekartan-struktur verifierad; vattenunikt artbelägg saknas,Namngiven vatten–FVO-koppling inom Fiskekartans strukturella tak; inga områdesarter generaliserade.,FVO-OMRÅDE,4240f0c4edaba60e9a38
Norrbotten,Sveaskog Fiske Nord (Norrbotten),Söderträskbäcken,Vattendrag,NB-STRUCT:6962b1a99bafde2b7eb46e9c,LÄNSGRANSKAD – Fiskekartan-struktur verifierad; vattenunikt artbelägg saknas,Namngiven vatten–FVO-koppling inom Fiskekartans strukturella tak; inga områdesarter generaliserade.,FVO-OMRÅDE,1413245c1831e37c248f
Norrbotten,Sveaskog Fiske Nord (Norrbotten),Södra Akkajaure,Sjö,NB-STRUCT:d6afbd02a0f75aa6610eaaaa,LÄNSGRANSKAD – Fiskekartan-struktur verifierad; vattenunikt artbelägg saknas,Namngiven vatten–FVO-koppling inom Fiskekartans strukturella tak; inga områdesarter generaliserade.,FVO-OMRÅDE,4faa518cd36ba0a3a6d1
Norrbotten,Sveaskog Fiske Nord (Norrbotten),Södra Luossejaure,Sjö,NB-STRUCT:f20012801044eff7c344451b,LÄNSGRANSKAD – Fiskekartan-struktur verifierad; vattenunikt artbelägg saknas,Namngiven vatten–FVO-koppling inom Fiskekartans strukturella tak; inga områdesarter generaliserade.,FVO-OMRÅDE,6695c36029b537263d48
Norrbotten,Sveaskog Fiske Nord (Norrbotten),Södra Reivo,Sjö,NB-STRUCT:891549b45acb6fac89dc7418,LÄNSGRANSKAD – Fiskekartan-struktur verifierad; vattenunikt artbelägg saknas,Namngiven vatten–FVO-koppling inom Fiskekartans strukturella tak; inga områdesarter generaliserade.,FVO-OMRÅDE,56a32eed7e0c5702cd54
Norrbotten,Sveaskog Fiske Nord (Norrbotten),Söndagstjärnen,Sjö,NB-STRUCT:4498aa1dd6b9b8a2fbb2e969,LÄNSGRANSKAD – Fiskekartan-struktur verifierad; vattenunikt artbelägg saknas,Namngiven vatten–FVO-koppling inom Fiskekartans strukturella tak; inga områdesarter generaliserade.,FVO-OMRÅDE,c680d3293a50f861da1a
Norrbotten,Sveaskog Fiske Nord (Norrbotten),Sör-Gäddmaratjärnen,Sjö,NB-STRUCT:8fc800d00bc1dd4f624e0227,LÄNSGRANSKAD – Fiskekartan-struktur verifierad; vattenunikt artbelägg saknas,Namngiven vatten–FVO-koppling inom Fiskekartans strukturella tak; inga områdesarter generaliserade.,FVO-OMRÅDE,6e2e485d9109b9c2d533
Norrbotten,Sveaskog Fiske Nord (Norrbotten),Sör-Tjalmejaurbäcken,Vattendrag,NB-STRUCT:4906178de9cc11014fd52d95,LÄNSGRANSKAD – Fiskekartan-struktur verifierad; vattenunikt artbelägg saknas,Namngiven vatten–FVO-koppling inom Fiskekartans strukturella tak; inga områdesarter generaliserade.,FVO-OMRÅDE,cb4d0fc524e9f4721382
Norrbotten,Sveaskog Fiske Nord (Norrbotten),Sörvälbma,Sjö,NB-STRUCT:619de4d23b6cfa5d87dbaf15,LÄNSGRANSKAD – Fiskekartan-struktur verifierad; vattenunikt artbelägg saknas,Namngiven vatten–FVO-koppling inom Fiskekartans strukturella tak; inga områdesarter generaliserade.,FVO-OMRÅDE,6a2a21cd250b51d2b6a3
Norrbotten,Sveaskog Fiske Nord (Norrbotten),Söråbäcken,Vattendrag,NB-STRUCT:b0465eef0a833365cb6bcfe7,LÄNSGRANSKAD – Fiskekartan-struktur verifierad; vattenunikt artbelägg saknas,Namngiven vatten–FVO-koppling inom Fiskekartans strukturella tak; inga områdesarter generaliserade.,FVO-OMRÅDE,e8b575216236918d223b
Norrbotten,Sveaskog Fiske Nord (Norrbotten),Tammukkajärvi,Sjö,NB-STRUCT:2048643b278c7397002bd9f4,LÄNSGRANSKAD – Fiskekartan-struktur verifierad; vattenunikt artbelägg saknas,Namngiven vatten–FVO-koppling inom Fiskekartans strukturella tak; inga områdesarter generaliserade.,FVO-OMRÅDE,35f1fc06aa6d9ca10dda
Norrbotten,Sveaskog Fiske Nord (Norrbotten),Tammukkaoja,Vattendrag,NB-STRUCT:8d388046006007e17c689818,LÄNSGRANSKAD – Fiskekartan-struktur verifierad; vattenunikt artbelägg saknas,Namngiven vatten–FVO-koppling inom Fiskekartans strukturella tak; inga områdesarter generaliserade.,FVO-OMRÅDE,4439427fabd89c95d0a9
Norrbotten,Sveaskog Fiske Nord (Norrbotten),Tapmukjauratjärnen,Sjö,NB-STRUCT:a6a8dad96d47cca06e617841,LÄNSGRANSKAD – Fiskekartan-struktur verifierad; vattenunikt artbelägg saknas,Namngiven vatten–FVO-koppling inom Fiskekartans strukturella tak; inga områdesarter generaliserade.,FVO-OMRÅDE,5f1e433ec7ce723fd7fc
Norrbotten,Sveaskog Fiske Nord (Norrbotten),Tapmukjåkkå,Vattendrag,NB-STRUCT:a7494308526e023b02c82659,LÄNSGRANSKAD – Fiskekartan-struktur verifierad; vattenunikt artbelägg saknas,Namngiven vatten–FVO-koppling inom Fiskekartans strukturella tak; inga områdesarter generaliserade.,FVO-OMRÅDE,b3b92fcca7178ee910e0
Norrbotten,Sveaskog Fiske Nord (Norrbotten),Telebäcken/Tiellejåkkå,Vattendrag,NB-STRUCT:fc9b91af60a8578411621cac,LÄNSGRANSKAD – Fiskekartan-struktur verifierad; vattenunikt artbelägg saknas,Namngiven vatten–FVO-koppling inom Fiskekartans strukturella tak; inga områdesarter generaliserade.,FVO-OMRÅDE,cc50147cf4bbb9c07ff7
Norrbotten,Sveaskog Fiske Nord (Norrbotten),Tellek,Sjö,NB-STRUCT:4ec068a720e8ea691b79fb95,LÄNSGRANSKAD – Fiskekartan-struktur verifierad; vattenunikt artbelägg saknas,Namngiven vatten–FVO-koppling inom Fiskekartans strukturella tak; inga områdesarter generaliserade.,FVO-OMRÅDE,621a4b50581a81b550b8
Norrbotten,Sveaskog Fiske Nord (Norrbotten),Tiellejaure,Sjö,NB-STRUCT:99b0c3645b74baeb09376fb6,LÄNSGRANSKAD – Fiskekartan-struktur verifierad; vattenunikt artbelägg saknas,Namngiven vatten–FVO-koppling inom Fiskekartans strukturella tak; inga områdesarter generaliserade.,FVO-OMRÅDE,7ace6090285979fff5bf
Norrbotten,Sveaskog Fiske Nord (Norrbotten),Timmertjärnen,Sjö,NB-STRUCT:efd3a8db504ef892ecfc42db,LÄNSGRANSKAD – Fiskekartan-struktur verifierad; vattenunikt artbelägg saknas,Namngiven vatten–FVO-koppling inom Fiskekartans strukturella tak; inga områdesarter generaliserade.,FVO-OMRÅDE,9309f85e0a4b2d3f8276
Norrbotten,Sveaskog Fiske Nord (Norrbotten),Tiukujärvi,Sjö,NB-STRUCT:92e661873f8c7765ac99945e,LÄNSGRANSKAD – Fiskekartan-struktur verifierad; vattenunikt artbelägg saknas,Namngiven vatten–FVO-koppling inom Fiskekartans strukturella tak; inga områdesarter generaliserade.,FVO-OMRÅDE,5c9aa78918bdc85dc8db
Norrbotten,Sveaskog Fiske Nord (Norrbotten),Tjaktjejaure,Sjö,NB-STRUCT:25c9bb0334cb98a06f441004,LÄNSGRANSKAD – Fiskekartan-struktur verifierad; vattenunikt artbelägg saknas,Namngiven vatten–FVO-koppling inom Fiskekartans strukturella tak; inga områdesarter generaliserade.,FVO-OMRÅDE,fc3d745dcd8b572b8e32
Norrbotten,Sveaskog Fiske Nord (Norrbotten),Tjalmisbäcken,Vattendrag,NB-STRUCT:7e717d95f9435ae1c27ef8aa,LÄNSGRANSKAD – Fiskekartan-struktur verifierad; vattenunikt artbelägg saknas,Namngiven vatten–FVO-koppling inom Fiskekartans strukturella tak; inga områdesarter generaliserade.,FVO-OMRÅDE,c1b6a428d7b9f463a954
Norrbotten,Sveaskog Fiske Nord (Norrbotten),Tjapokjaure,Sjö,NB-STRUCT:509ad6808023f265fe2ca76d,LÄNSGRANSKAD – Fiskekartan-struktur verifierad; vattenunikt artbelägg saknas,Namngiven vatten–FVO-koppling inom Fiskekartans strukturella tak; inga områdesarter generaliserade.,FVO-OMRÅDE,cd1f44dad4f96095253c
Norrbotten,Sveaskog Fiske Nord (Norrbotten),Tjeutjenåivesjön,Sjö,NB-STRUCT:de3f1edc51d5358db0df1c97,LÄNSGRANSKAD – Fiskekartan-struktur verifierad; vattenunikt artbelägg saknas,Namngiven vatten–FVO-koppling inom Fiskekartans strukturella tak; inga områdesarter generaliserade.,FVO-OMRÅDE,287deb0a08891bd8ef98
Norrbotten,Sveaskog Fiske Nord (Norrbotten),Tjipkobäcken,Vattendrag,NB-STRUCT:948dfd57cc09294c0244b2a1,LÄNSGRANSKAD – Fiskekartan-struktur verifierad; vattenunikt artbelägg saknas,Namngiven vatten–FVO-koppling inom Fiskekartans strukturella tak; inga områdesarter generaliserade.,FVO-OMRÅDE,08223d60b474b83e3059
Norrbotten,Sveaskog Fiske Nord (Norrbotten),Tjittjertjärnen,Sjö,NB-STRUCT:60fd839e8bc99428a892c106,LÄNSGRANSKAD – Fiskekartan-struktur verifierad; vattenunikt artbelägg saknas,Namngiven vatten–FVO-koppling inom Fiskekartans strukturella tak; inga områdesarter generaliserade.,FVO-OMRÅDE,0ccdfe714ac5f3cb6429
Norrbotten,Sveaskog Fiske Nord (Norrbotten),Tjärasbäcken,Vattendrag,NB-STRUCT:eb67ca5e271ab2e2fca5f3e2,LÄNSGRANSKAD – Fiskekartan-struktur verifierad; vattenunikt artbelägg saknas,Namngiven vatten–FVO-koppling inom Fiskekartans strukturella tak; inga områdesarter generaliserade.,FVO-OMRÅDE,54614896e5bd7cfa9bdf
Norrbotten,Sveaskog Fiske Nord (Norrbotten),Tjärgetbäcken,Vattendrag,NB-STRUCT:d4ffb56dd89527a14258fe2d,LÄNSGRANSKAD – Fiskekartan-struktur verifierad; vattenunikt artbelägg saknas,Namngiven vatten–FVO-koppling inom Fiskekartans strukturella tak; inga områdesarter generaliserade.,FVO-OMRÅDE,13a8ffdd6e715cefa81a
Norrbotten,Sveaskog Fiske Nord (Norrbotten),Tjärmakjaure,Sjö,NB-STRUCT:37d3ef2b751c65f789811099,LÄNSGRANSKAD – Fiskekartan-struktur verifierad; vattenunikt artbelägg saknas,Namngiven vatten–FVO-koppling inom Fiskekartans strukturella tak; inga områdesarter generaliserade.,FVO-OMRÅDE,1c23f1fe951bb650f97e
Norrbotten,Sveaskog Fiske Nord (Norrbotten),Tjärnmyrån,Vattendrag,NB-STRUCT:5800c47eb39831d85fd7716a,LÄNSGRANSKAD – Fiskekartan-struktur verifierad; vattenunikt artbelägg saknas,Namngiven vatten–FVO-koppling inom Fiskekartans strukturella tak; inga områdesarter generaliserade.,FVO-OMRÅDE,e162014e3ea87c22861e
Norrbotten,Sveaskog Fiske Nord (Norrbotten),Tjålmak,Sjö,NB-STRUCT:e7746cb1ed17080a549c5582,LÄNSGRANSKAD – Fiskekartan-struktur verifierad; vattenunikt artbelägg saknas,Namngiven vatten–FVO-koppling inom Fiskekartans strukturella tak; inga områdesarter generaliserade.,FVO-OMRÅDE,174b5a3c408e951ff794
Norrbotten,Sveaskog Fiske Nord (Norrbotten),Tjålmejaure,Sjö,NB-STRUCT:d0c9f8a1d9320e887085c8a1,LÄNSGRANSKAD – Fiskekartan-struktur verifierad; vattenunikt artbelägg saknas,Namngiven vatten–FVO-koppling inom Fiskekartans strukturella tak; inga områdesarter generaliserade.,FVO-OMRÅDE,f46d6ec858e7835cc696
Norrbotten,Sveaskog Fiske Nord (Norrbotten),Tjålmejaurebäcken,Vattendrag,NB-STRUCT:b2e4c05813693aae3d922bc1,LÄNSGRANSKAD – Fiskekartan-struktur verifierad; vattenunikt artbelägg saknas,Namngiven vatten–FVO-koppling inom Fiskekartans strukturella tak; inga områdesarter generaliserade.,FVO-OMRÅDE,21cf95b7ce17b759ea54
Norrbotten,Sveaskog Fiske Nord (Norrbotten),Torneälven,Vattendrag,NB-STRUCT:c8f8275303c7c916ba787ba0,LÄNSGRANSKAD – Fiskekartan-struktur verifierad; vattenunikt artbelägg saknas,Namngiven vatten–FVO-koppling inom Fiskekartans strukturella tak; inga områdesarter generaliserade.,FVO-OMRÅDE,8e86cb44d8b516f31d43
Norrbotten,Sveaskog Fiske Nord (Norrbotten),Trekanttjärnen,Sjö,NB-STRUCT:36096e16c4f0ad622a0ac79b,LÄNSGRANSKAD – Fiskekartan-struktur verifierad; vattenunikt artbelägg saknas,Namngiven vatten–FVO-koppling inom Fiskekartans strukturella tak; inga områdesarter generaliserade.,FVO-OMRÅDE,77e5668b52d298ca2353
Norrbotten,Sveaskog Fiske Nord (Norrbotten),Trolltjärnen,Sjö,NB-STRUCT:516b70d222c9f118c90fce47,LÄNSGRANSKAD – Fiskekartan-struktur verifierad; vattenunikt artbelägg saknas,Namngiven vatten–FVO-koppling inom Fiskekartans strukturella tak; inga områdesarter generaliserade.,FVO-OMRÅDE,0156bb28d828d895f37d
Norrbotten,Sveaskog Fiske Nord (Norrbotten),Tráhpuoke,Sjö,NB-STRUCT:bb4d943491d14ec42cd1998c,LÄNSGRANSKAD – Fiskekartan-struktur verifierad; vattenunikt artbelägg saknas,Namngiven vatten–FVO-koppling inom Fiskekartans strukturella tak; inga områdesarter generaliserade.,FVO-OMRÅDE,ac1c41f8cdd2d5d6f2c8
Norrbotten,Sveaskog Fiske Nord (Norrbotten),Tuoljebäcken,Vattendrag,NB-STRUCT:1666728225577e7f749dd079,LÄNSGRANSKAD – Fiskekartan-struktur verifierad; vattenunikt artbelägg saknas,Namngiven vatten–FVO-koppling inom Fiskekartans strukturella tak; inga områdesarter generaliserade.,FVO-OMRÅDE,06f1c5cddc86c2f51f26
Norrbotten,Sveaskog Fiske Nord (Norrbotten),Tuomijärvi,Sjö,NB-STRUCT:551e0b44aebe300b6e000dfb,LÄNSGRANSKAD – Fiskekartan-struktur verifierad; vattenunikt artbelägg saknas,Namngiven vatten–FVO-koppling inom Fiskekartans strukturella tak; inga områdesarter generaliserade.,FVO-OMRÅDE,649edee9e87e13f4b3dd
Norrbotten,Sveaskog Fiske Nord (Norrbotten),Tuormajaure,Sjö,NB-STRUCT:5eda1b25cfc4a13f684f5e69,LÄNSGRANSKAD – Fiskekartan-struktur verifierad; vattenunikt artbelägg saknas,Namngiven vatten–FVO-koppling inom Fiskekartans strukturella tak; inga områdesarter generaliserade.,FVO-OMRÅDE,be078eeb34f4ff39804f
Norrbotten,Sveaskog Fiske Nord (Norrbotten),Turpasbäcken,Vattendrag,NB-STRUCT:d0f05314aa2d104080c5b271,LÄNSGRANSKAD – Fiskekartan-struktur verifierad; vattenunikt artbelägg saknas,Namngiven vatten–FVO-koppling inom Fiskekartans strukturella tak; inga områdesarter generaliserade.,FVO-OMRÅDE,34419ddf2c50125c4bda
Norrbotten,Sveaskog Fiske Nord (Norrbotten),Tuvmyrbäcken,Vattendrag,NB-STRUCT:a8731aa702f91a879dab72f0,LÄNSGRANSKAD – Fiskekartan-struktur verifierad; vattenunikt artbelägg saknas,Namngiven vatten–FVO-koppling inom Fiskekartans strukturella tak; inga områdesarter generaliserade.,FVO-OMRÅDE,686cdda7e4461603994c
Norrbotten,Sveaskog Fiske Nord (Norrbotten),Unna Kartojaure,Sjö,NB-STRUCT:b9c59978b440319713d2e994,LÄNSGRANSKAD – Fiskekartan-struktur verifierad; vattenunikt artbelägg saknas,Namngiven vatten–FVO-koppling inom Fiskekartans strukturella tak; inga områdesarter generaliserade.,FVO-OMRÅDE,8e8dd5e9fd85c07020ee
Norrbotten,Sveaskog Fiske Nord (Norrbotten),Urdamnet,Sjö,NB-STRUCT:34e70b1a1efd4c925961250b,LÄNSGRANSKAD – Fiskekartan-struktur verifierad; vattenunikt artbelägg saknas,Namngiven vatten–FVO-koppling inom Fiskekartans strukturella tak; inga områdesarter generaliserade.,FVO-OMRÅDE,afa8f7dac7da6593e117
Norrbotten,Sveaskog Fiske Nord (Norrbotten),Urstjärnen,Sjö,NB-STRUCT:a5d3ffd931e61f05b4c9fc76,LÄNSGRANSKAD – Fiskekartan-struktur verifierad; vattenunikt artbelägg saknas,Namngiven vatten–FVO-koppling inom Fiskekartans strukturella tak; inga områdesarter generaliserade.,FVO-OMRÅDE,ba71672348ccde3cc7c6
Norrbotten,Sveaskog Fiske Nord (Norrbotten),Urstjärnälven,Vattendrag,NB-STRUCT:cfa174b3614f11be9c5b34ed,LÄNSGRANSKAD – Fiskekartan-struktur verifierad; vattenunikt artbelägg saknas,Namngiven vatten–FVO-koppling inom Fiskekartans strukturella tak; inga områdesarter generaliserade.,FVO-OMRÅDE,859b8f938f0300663421
Norrbotten,Sveaskog Fiske Nord (Norrbotten),Utgrävningstjärnen,Sjö,NB-STRUCT:47920c241906e9a14eed3c42,LÄNSGRANSKAD – Fiskekartan-struktur verifierad; vattenunikt artbelägg saknas,Namngiven vatten–FVO-koppling inom Fiskekartans strukturella tak; inga områdesarter generaliserade.,FVO-OMRÅDE,28d56db19c2394abb848
Norrbotten,Sveaskog Fiske Nord (Norrbotten),Uttertjärnen,Sjö,NB-STRUCT:cd4da640437782bb72df48af,LÄNSGRANSKAD – Fiskekartan-struktur verifierad; vattenunikt artbelägg saknas,Namngiven vatten–FVO-koppling inom Fiskekartans strukturella tak; inga områdesarter generaliserade.,FVO-OMRÅDE,f3871da386f5a01ba657
Norrbotten,Sveaskog Fiske Nord (Norrbotten),Utteträsket,Sjö,NB-STRUCT:c0a4fce57dc6e4718dd7e671,LÄNSGRANSKAD – Fiskekartan-struktur verifierad; vattenunikt artbelägg saknas,Namngiven vatten–FVO-koppling inom Fiskekartans strukturella tak; inga områdesarter generaliserade.,FVO-OMRÅDE,23fa7fd4d64e4b6b1694
Norrbotten,Sveaskog Fiske Nord (Norrbotten),Vaksemjaure,Sjö,NB-STRUCT:f2f941826b2524aa4af6086c,LÄNSGRANSKAD – Fiskekartan-struktur verifierad; vattenunikt artbelägg saknas,Namngiven vatten–FVO-koppling inom Fiskekartans strukturella tak; inga områdesarter generaliserade.,FVO-OMRÅDE,f7419863f50c823ab32a
Norrbotten,Sveaskog Fiske Nord (Norrbotten),Valkanjaurbäcken,Vattendrag,NB-STRUCT:a4f7b9b29a5d5578d15bc9aa,LÄNSGRANSKAD – Fiskekartan-struktur verifierad; vattenunikt artbelägg saknas,Namngiven vatten–FVO-koppling inom Fiskekartans strukturella tak; inga områdesarter generaliserade.,FVO-OMRÅDE,88864e75568f7c0f2317
Norrbotten,Sveaskog Fiske Nord (Norrbotten),Valkanjaure,Sjö,NB-STRUCT:7ba929324bceac8f0ce60423,LÄNSGRANSKAD – Fiskekartan-struktur verifierad; vattenunikt artbelägg saknas,Namngiven vatten–FVO-koppling inom Fiskekartans strukturella tak; inga områdesarter generaliserade.,FVO-OMRÅDE,3b97e8fa4d6b06a9d0c3
Norrbotten,Sveaskog Fiske Nord (Norrbotten),Vassaraälven,Vattendrag,NB-STRUCT:3fcf8526a10cf948b3bd9e06,LÄNSGRANSKAD – Fiskekartan-struktur verifierad; vattenunikt artbelägg saknas,Namngiven vatten–FVO-koppling inom Fiskekartans strukturella tak; inga områdesarter generaliserade.,FVO-OMRÅDE,683b525b96c1718ebbfb
Norrbotten,Sveaskog Fiske Nord (Norrbotten),Vathanjoki,Vattendrag,NB-STRUCT:155f0c16f415dfdb329179d4,LÄNSGRANSKAD – Fiskekartan-struktur verifierad; vattenunikt artbelägg saknas,Namngiven vatten–FVO-koppling inom Fiskekartans strukturella tak; inga områdesarter generaliserade.,FVO-OMRÅDE,a39373d8e2411e9978fa
Norrbotten,Sveaskog Fiske Nord (Norrbotten),Vepmemokbäcken,Vattendrag,NB-STRUCT:c9de762e1ba37350ee71a06b,LÄNSGRANSKAD – Fiskekartan-struktur verifierad; vattenunikt artbelägg saknas,Namngiven vatten–FVO-koppling inom Fiskekartans strukturella tak; inga områdesarter generaliserade.,FVO-OMRÅDE,3605be10fb3416f79214
Norrbotten,Sveaskog Fiske Nord (Norrbotten),Vieddekjaure,Sjö,NB-STRUCT:d1afe8b1f7b5d0f9773ae548,LÄNSGRANSKAD – Fiskekartan-struktur verifierad; vattenunikt artbelägg saknas,Namngiven vatten–FVO-koppling inom Fiskekartans strukturella tak; inga områdesarter generaliserade.,FVO-OMRÅDE,51e3703e1a71655028d9
Norrbotten,Sveaskog Fiske Nord (Norrbotten),Viiksenoja,Vattendrag,NB-STRUCT:388dbcaf78a1fef1d408463b,LÄNSGRANSKAD – Fiskekartan-struktur verifierad; vattenunikt artbelägg saknas,Namngiven vatten–FVO-koppling inom Fiskekartans strukturella tak; inga områdesarter generaliserade.,FVO-OMRÅDE,d6b657b7434588777e61
Norrbotten,Sveaskog Fiske Nord (Norrbotten),Viitajärvi,Sjö,NB-STRUCT:3f2a83de7d6ce015e8c31a90,LÄNSGRANSKAD – Fiskekartan-struktur verifierad; vattenunikt artbelägg saknas,Namngiven vatten–FVO-koppling inom Fiskekartans strukturella tak; inga områdesarter generaliserade.,FVO-OMRÅDE,6f192bed3b5726724c0d
Norrbotten,Sveaskog Fiske Nord (Norrbotten),Viitaoja,Vattendrag,NB-STRUCT:c1c87335693d331282de2c22,LÄNSGRANSKAD – Fiskekartan-struktur verifierad; vattenunikt artbelägg saknas,Namngiven vatten–FVO-koppling inom Fiskekartans strukturella tak; inga områdesarter generaliserade.,FVO-OMRÅDE,f8408d9f1a161c0167dc
Norrbotten,Sveaskog Fiske Nord (Norrbotten),Vintertjärnen,Sjö,NB-STRUCT:da1ad019547165f5e7d5db8b,LÄNSGRANSKAD – Fiskekartan-struktur verifierad; vattenunikt artbelägg saknas,Namngiven vatten–FVO-koppling inom Fiskekartans strukturella tak; inga områdesarter generaliserade.,FVO-OMRÅDE,0b305e20c044b495d4c8
Norrbotten,Sveaskog Fiske Nord (Norrbotten),Vistbäcken,Vattendrag,NB-STRUCT:b468f8a57db6934dde956c36,LÄNSGRANSKAD – Fiskekartan-struktur verifierad; vattenunikt artbelägg saknas,Namngiven vatten–FVO-koppling inom Fiskekartans strukturella tak; inga områdesarter generaliserade.,FVO-OMRÅDE,5fb30f16f0c8fdf966cc
Norrbotten,Sveaskog Fiske Nord (Norrbotten),Vistån,Vattendrag,NB-STRUCT:f411e15b95a86f5699dea01b,LÄNSGRANSKAD – Fiskekartan-struktur verifierad; vattenunikt artbelägg saknas,Namngiven vatten–FVO-koppling inom Fiskekartans strukturella tak; inga områdesarter generaliserade.,FVO-OMRÅDE,bf2a9be9c47cb8708128
Norrbotten,Sveaskog Fiske Nord (Norrbotten),Vitbäcken,Vattendrag,NB-STRUCT:385d7a46baf56926b71570d7,LÄNSGRANSKAD – Fiskekartan-struktur verifierad; vattenunikt artbelägg saknas,Namngiven vatten–FVO-koppling inom Fiskekartans strukturella tak; inga områdesarter generaliserade.,FVO-OMRÅDE,124171336303c476e3da
Norrbotten,Sveaskog Fiske Nord (Norrbotten),Vitvattenstjärnen,Sjö,NB-STRUCT:33c19dcad7e9f70d12b0a8f3,LÄNSGRANSKAD – Fiskekartan-struktur verifierad; vattenunikt artbelägg saknas,Namngiven vatten–FVO-koppling inom Fiskekartans strukturella tak; inga områdesarter generaliserade.,FVO-OMRÅDE,a5c094722e16859547d8
Norrbotten,Sveaskog Fiske Nord (Norrbotten),Vungilojärvi,Sjö,NB-STRUCT:66eda3c3752c6155b83b4465,LÄNSGRANSKAD – Fiskekartan-struktur verifierad; vattenunikt artbelägg saknas,Namngiven vatten–FVO-koppling inom Fiskekartans strukturella tak; inga områdesarter generaliserade.,FVO-OMRÅDE,23f952ee064ec7387f03
Norrbotten,Sveaskog Fiske Nord (Norrbotten),Vuoletsjaure,Sjö,NB-STRUCT:f796aaf67ff544af894b2336,LÄNSGRANSKAD – Fiskekartan-struktur verifierad; vattenunikt artbelägg saknas,Namngiven vatten–FVO-koppling inom Fiskekartans strukturella tak; inga områdesarter generaliserade.,FVO-OMRÅDE,d8e309d9c866a0dd0409
Norrbotten,Sveaskog Fiske Nord (Norrbotten),Vuollakkajärvi,Sjö,NB-STRUCT:7bf73c6bd300f074368873be,LÄNSGRANSKAD – Fiskekartan-struktur verifierad; vattenunikt artbelägg saknas,Namngiven vatten–FVO-koppling inom Fiskekartans strukturella tak; inga områdesarter generaliserade.,FVO-OMRÅDE,77bdd15edbb222a1c455
Norrbotten,Sveaskog Fiske Nord (Norrbotten),Vuolppojávrre,Sjö,NB-STRUCT:e4aab369f51f7ed3148a53a7,LÄNSGRANSKAD – Fiskekartan-struktur verifierad; vattenunikt artbelägg saknas,Namngiven vatten–FVO-koppling inom Fiskekartans strukturella tak; inga områdesarter generaliserade.,FVO-OMRÅDE,6f514fe608eca7d74687
Norrbotten,Sveaskog Fiske Nord (Norrbotten),Vuomajärvi,Sjö,NB-STRUCT:0a7ccd637ef5c784c5e30439,LÄNSGRANSKAD – Fiskekartan-struktur verifierad; vattenunikt artbelägg saknas,Namngiven vatten–FVO-koppling inom Fiskekartans strukturella tak; inga områdesarter generaliserade.,FVO-OMRÅDE,43720131d555717e6303
Norrbotten,Sveaskog Fiske Nord (Norrbotten),Vuosaluoppal,Sjö,NB-STRUCT:e2abf31fdddc5d0cb853d679,LÄNSGRANSKAD – Fiskekartan-struktur verifierad; vattenunikt artbelägg saknas,Namngiven vatten–FVO-koppling inom Fiskekartans strukturella tak; inga områdesarter generaliserade.,FVO-OMRÅDE,2c1c1e23e85bc01deef2
Norrbotten,Sveaskog Fiske Nord (Norrbotten),Vuoskojaure,Sjö,NB-STRUCT:31c611c6790c64e14db3fc32,LÄNSGRANSKAD – Fiskekartan-struktur verifierad; vattenunikt artbelägg saknas,Namngiven vatten–FVO-koppling inom Fiskekartans strukturella tak; inga områdesarter generaliserade.,FVO-OMRÅDE,8a6a1af6e477cbe89290
Norrbotten,Sveaskog Fiske Nord (Norrbotten),Vuottasbäcken,Vattendrag,NB-STRUCT:5f63cf925a0659707fc55458,LÄNSGRANSKAD – Fiskekartan-struktur verifierad; vattenunikt artbelägg saknas,Namngiven vatten–FVO-koppling inom Fiskekartans strukturella tak; inga områdesarter generaliserade.,FVO-OMRÅDE,3503e354479460d45a52
Norrbotten,Sveaskog Fiske Nord (Norrbotten),Vägamyrbäcken,Vattendrag,NB-STRUCT:25b06538918797ced9b4dadb,LÄNSGRANSKAD – Fiskekartan-struktur verifierad; vattenunikt artbelägg saknas,Namngiven vatten–FVO-koppling inom Fiskekartans strukturella tak; inga områdesarter generaliserade.,FVO-OMRÅDE,c89a01b11dc51da00a6f
Norrbotten,Sveaskog Fiske Nord (Norrbotten),Välbma,Sjö,NB-STRUCT:58d8d4d2f8960f9356f4edc2,LÄNSGRANSKAD – Fiskekartan-struktur verifierad; vattenunikt artbelägg saknas,Namngiven vatten–FVO-koppling inom Fiskekartans strukturella tak; inga områdesarter generaliserade.,FVO-OMRÅDE,ff9f884f73f65562015d
Norrbotten,Sveaskog Fiske Nord (Norrbotten),Västiträskbäcken,Vattendrag,NB-STRUCT:b367d32d8096b25dbae3b5e3,LÄNSGRANSKAD – Fiskekartan-struktur verifierad; vattenunikt artbelägg saknas,Namngiven vatten–FVO-koppling inom Fiskekartans strukturella tak; inga områdesarter generaliserade.,FVO-OMRÅDE,bd124e062ecc4e817e9c
Norrbotten,Sveaskog Fiske Nord (Norrbotten),Västiträsket,Sjö,NB-STRUCT:d9ac7af9f343460e97b993c2,LÄNSGRANSKAD – Fiskekartan-struktur verifierad; vattenunikt artbelägg saknas,Namngiven vatten–FVO-koppling inom Fiskekartans strukturella tak; inga områdesarter generaliserade.,FVO-OMRÅDE,c1977816bd83700a7f32
Norrbotten,Sveaskog Fiske Nord (Norrbotten),Västra Abborrträsket,Sjö,NB-STRUCT:0da9d1fd70cd33eac75ee65d,LÄNSGRANSKAD – Fiskekartan-struktur verifierad; vattenunikt artbelägg saknas,Namngiven vatten–FVO-koppling inom Fiskekartans strukturella tak; inga områdesarter generaliserade.,FVO-OMRÅDE,57455cba74c061824aaf
Norrbotten,Sveaskog Fiske Nord (Norrbotten),Västra Gangsjajaure,Sjö,NB-STRUCT:4f47469e5e1d5d772b957dc1,LÄNSGRANSKAD – Fiskekartan-struktur verifierad; vattenunikt artbelägg saknas,Namngiven vatten–FVO-koppling inom Fiskekartans strukturella tak; inga områdesarter generaliserade.,FVO-OMRÅDE,2dc676d5915cac821fb5
Norrbotten,Sveaskog Fiske Nord (Norrbotten),Västra Gåbdejaure,Sjö,NB-STRUCT:1fcca4739faf03706c1c0d5a,LÄNSGRANSKAD – Fiskekartan-struktur verifierad; vattenunikt artbelägg saknas,Namngiven vatten–FVO-koppling inom Fiskekartans strukturella tak; inga områdesarter generaliserade.,FVO-OMRÅDE,7917c5fdc8b3b06cd311
Norrbotten,Sveaskog Fiske Nord (Norrbotten),Västra Järfojaur,Sjö,NB-STRUCT:5f57735193d88244d7ffc918,LÄNSGRANSKAD – Fiskekartan-struktur verifierad; vattenunikt artbelägg saknas,Namngiven vatten–FVO-koppling inom Fiskekartans strukturella tak; inga områdesarter generaliserade.,FVO-OMRÅDE,d9fc549cf532e8927f10
Norrbotten,Sveaskog Fiske Nord (Norrbotten),Västra Jåttåjaure,Sjö,NB-STRUCT:3832f2ddb38aaea83257266e,LÄNSGRANSKAD – Fiskekartan-struktur verifierad; vattenunikt artbelägg saknas,Namngiven vatten–FVO-koppling inom Fiskekartans strukturella tak; inga områdesarter generaliserade.,FVO-OMRÅDE,54bc3d60833b0241ebb9
Norrbotten,Sveaskog Fiske Nord (Norrbotten),Västra Kikkejaure,Sjö,NB-STRUCT:599e7cd137cf26778d15b8e0,LÄNSGRANSKAD – Fiskekartan-struktur verifierad; vattenunikt artbelägg saknas,Namngiven vatten–FVO-koppling inom Fiskekartans strukturella tak; inga områdesarter generaliserade.,FVO-OMRÅDE,b3fb489c830ad56b3d89
Norrbotten,Sveaskog Fiske Nord (Norrbotten),Västra Långtjärnen,Sjö,NB-STRUCT:7d1cc7caaa8319c8e771b7f0,LÄNSGRANSKAD – Fiskekartan-struktur verifierad; vattenunikt artbelägg saknas,Namngiven vatten–FVO-koppling inom Fiskekartans strukturella tak; inga områdesarter generaliserade.,FVO-OMRÅDE,8a1ccc8280362c29e7bf
Norrbotten,Sveaskog Fiske Nord (Norrbotten),Västra Tjålmejaure,Sjö,NB-STRUCT:28cc226bdb63a013020b563a,LÄNSGRANSKAD – Fiskekartan-struktur verifierad; vattenunikt artbelägg saknas,Namngiven vatten–FVO-koppling inom Fiskekartans strukturella tak; inga områdesarter generaliserade.,FVO-OMRÅDE,65b6c5488998397efa10
Norrbotten,Sveaskog Fiske Nord (Norrbotten),Vågselet,Sjö,NB-STRUCT:d45532066ad2170b9aa5402b,LÄNSGRANSKAD – Fiskekartan-struktur verifierad; vattenunikt artbelägg saknas,Namngiven vatten–FVO-koppling inom Fiskekartans strukturella tak; inga områdesarter generaliserade.,FVO-OMRÅDE,62ae67697c000b1b099f
Norrbotten,Sveaskog Fiske Nord (Norrbotten),Vågträskbäcken,Vattendrag,NB-STRUCT:332cf3241c5a422635aa64f9,LÄNSGRANSKAD – Fiskekartan-struktur verifierad; vattenunikt artbelägg saknas,Namngiven vatten–FVO-koppling inom Fiskekartans strukturella tak; inga områdesarter generaliserade.,FVO-OMRÅDE,8eb420c83f15f8fa030e
Norrbotten,Sveaskog Fiske Nord (Norrbotten),Vågträsket,Sjö,NB-STRUCT:096fea4695e23182d177fa4a,LÄNSGRANSKAD – Fiskekartan-struktur verifierad; vattenunikt artbelägg saknas,Namngiven vatten–FVO-koppling inom Fiskekartans strukturella tak; inga områdesarter generaliserade.,FVO-OMRÅDE,bb22312557676cf2734c
Norrbotten,Sveaskog Fiske Nord (Norrbotten),Ylijiemakkajärvi,Sjö,NB-STRUCT:8b29a2df86a01fea72369686,LÄNSGRANSKAD – Fiskekartan-struktur verifierad; vattenunikt artbelägg saknas,Namngiven vatten–FVO-koppling inom Fiskekartans strukturella tak; inga områdesarter generaliserade.,FVO-OMRÅDE,d01995870188e40e1cc7
Norrbotten,Sveaskog Fiske Nord (Norrbotten),Ylinen Heikinjärvi,Sjö,NB-STRUCT:7979e934295d9c11208bace2,LÄNSGRANSKAD – Fiskekartan-struktur verifierad; vattenunikt artbelägg saknas,Namngiven vatten–FVO-koppling inom Fiskekartans strukturella tak; inga områdesarter generaliserade.,FVO-OMRÅDE,d74017ec9de60c31103d
Norrbotten,Sveaskog Fiske Nord (Norrbotten),Yttersttjärnen,Sjö,NB-STRUCT:a939542578da82e51b973ed3,LÄNSGRANSKAD – Fiskekartan-struktur verifierad; vattenunikt artbelägg saknas,Namngiven vatten–FVO-koppling inom Fiskekartans strukturella tak; inga områdesarter generaliserade.,FVO-OMRÅDE,31d143e1ec84fe80d7e5
Norrbotten,Sveaskog Fiske Nord (Norrbotten),Ytterstträsket,Sjö,NB-STRUCT:4b7072f37a8eebacbe5a1840,LÄNSGRANSKAD – Fiskekartan-struktur verifierad; vattenunikt artbelägg saknas,Namngiven vatten–FVO-koppling inom Fiskekartans strukturella tak; inga områdesarter generaliserade.,FVO-OMRÅDE,0ba905dd4493df4f78c4
Norrbotten,Sveaskog Fiske Nord (Norrbotten),Yttre Daltjärnen,Sjö,NB-STRUCT:3b21d44066bb2e91a96357ff,LÄNSGRANSKAD – Fiskekartan-struktur verifierad; vattenunikt artbelägg saknas,Namngiven vatten–FVO-koppling inom Fiskekartans strukturella tak; inga områdesarter generaliserade.,FVO-OMRÅDE,7cc15f01c140931df038
Norrbotten,Sveaskog Fiske Nord (Norrbotten),Yttre Huvträsket,Sjö,NB-STRUCT:c37c48e341769fcced077ffd,LÄNSGRANSKAD – Fiskekartan-struktur verifierad; vattenunikt artbelägg saknas,Namngiven vatten–FVO-koppling inom Fiskekartans strukturella tak; inga områdesarter generaliserade.,FVO-OMRÅDE,71a701ed0f600e093a7d
Norrbotten,Sveaskog Fiske Nord (Norrbotten),Yttre Lill-Lappträsket,Sjö,NB-STRUCT:f4b2866bc3576086fd705061,LÄNSGRANSKAD – Fiskekartan-struktur verifierad; vattenunikt artbelägg saknas,Namngiven vatten–FVO-koppling inom Fiskekartans strukturella tak; inga områdesarter generaliserade.,FVO-OMRÅDE,bfc54984e4a4667e87cc
Norrbotten,Sveaskog Fiske Nord (Norrbotten),Yttre Stenträsket,Sjö,NB-STRUCT:4b4e35961cc180d914439668,LÄNSGRANSKAD – Fiskekartan-struktur verifierad; vattenunikt artbelägg saknas,Namngiven vatten–FVO-koppling inom Fiskekartans strukturella tak; inga områdesarter generaliserade.,FVO-OMRÅDE,f3925d7c29102bb26d00
Norrbotten,Sveaskog Fiske Nord (Norrbotten),Yttre-Lomtjärnen,Sjö,NB-STRUCT:464488474e341663bda18b3d,LÄNSGRANSKAD – Fiskekartan-struktur verifierad; vattenunikt artbelägg saknas,Namngiven vatten–FVO-koppling inom Fiskekartans strukturella tak; inga områdesarter generaliserade.,FVO-OMRÅDE,30121f72df810cc8a8f3
Norrbotten,Sveaskog Fiske Nord (Norrbotten),Áhkájávrrejågåsj,Vattendrag,NB-STRUCT:eaca80a26f163f30a4afaca2,LÄNSGRANSKAD – Fiskekartan-struktur verifierad; vattenunikt artbelägg saknas,Namngiven vatten–FVO-koppling inom Fiskekartans strukturella tak; inga områdesarter generaliserade.,FVO-OMRÅDE,c0315cc6c8b3aad6eaf3
Norrbotten,Sveaskog Fiske Nord (Norrbotten),Ávrasjjåhkå,Vattendrag,NB-STRUCT:87916cbd9c4264e964b5bd1c,LÄNSGRANSKAD – Fiskekartan-struktur verifierad; vattenunikt artbelägg saknas,Namngiven vatten–FVO-koppling inom Fiskekartans strukturella tak; inga områdesarter generaliserade.,FVO-OMRÅDE,98c594076389bae063f6
Norrbotten,Sveaskog Fiske Nord (Norrbotten),Älgtjärnen,Sjö,NB-STRUCT:a20b24050e8e88e6a90ea3da,LÄNSGRANSKAD – Fiskekartan-struktur verifierad; vattenunikt artbelägg saknas,Namngiven vatten–FVO-koppling inom Fiskekartans strukturella tak; inga områdesarter generaliserade.,FVO-OMRÅDE,820a22880311269ed6ce
Norrbotten,Sveaskog Fiske Nord (Norrbotten),Åbyälven,Vattendrag,NB-STRUCT:0c012659d2848b1ef80dc3bb,LÄNSGRANSKAD – Fiskekartan-struktur verifierad; vattenunikt artbelägg saknas,Namngiven vatten–FVO-koppling inom Fiskekartans strukturella tak; inga områdesarter generaliserade.,FVO-OMRÅDE,2d36665ca32403ac866f
Norrbotten,Sveaskog Fiske Nord (Norrbotten),Åkerselbäcken,Vattendrag,NB-STRUCT:58a851a3c1956007d445ee04,LÄNSGRANSKAD – Fiskekartan-struktur verifierad; vattenunikt artbelägg saknas,Namngiven vatten–FVO-koppling inom Fiskekartans strukturella tak; inga områdesarter generaliserade.,FVO-OMRÅDE,24f0ed01852a5d7b9443
Norrbotten,Sveaskog Fiske Nord (Norrbotten),Åroijaure,Sjö,NB-STRUCT:7f937b831fcce86bc8953824,LÄNSGRANSKAD – Fiskekartan-struktur verifierad; vattenunikt artbelägg saknas,Namngiven vatten–FVO-koppling inom Fiskekartans strukturella tak; inga områdesarter generaliserade.,FVO-OMRÅDE,56bbae48053939e414e2
Norrbotten,Sveaskog Fiske Nord (Norrbotten),Önusträsket,Sjö,NB-STRUCT:51b0fc1ce921c27705ea0adb,LÄNSGRANSKAD – Fiskekartan-struktur verifierad; vattenunikt artbelägg saknas,Namngiven vatten–FVO-koppling inom Fiskekartans strukturella tak; inga områdesarter generaliserade.,FVO-OMRÅDE,b1668073b13dfce1b298
Norrbotten,Sveaskog Fiske Nord (Norrbotten),Östra Abborrtjärnen,Sjö,NB-STRUCT:040d73c7fe45979f9e66e628,LÄNSGRANSKAD – Fiskekartan-struktur verifierad; vattenunikt artbelägg saknas,Namngiven vatten–FVO-koppling inom Fiskekartans strukturella tak; inga områdesarter generaliserade.,FVO-OMRÅDE,fe5ef1f9f28e231fbc9a
Norrbotten,Sveaskog Fiske Nord (Norrbotten),Östra Gangsjajaure,Sjö,NB-STRUCT:23cc017f9e1be4502eda55de,LÄNSGRANSKAD – Fiskekartan-struktur verifierad; vattenunikt artbelägg saknas,Namngiven vatten–FVO-koppling inom Fiskekartans strukturella tak; inga områdesarter generaliserade.,FVO-OMRÅDE,048053f66212f5dc324a
Norrbotten,Sveaskog Fiske Nord (Norrbotten),Östra Gåbdejaure,Sjö,NB-STRUCT:1ac004e181260a2ada2b7943,LÄNSGRANSKAD – Fiskekartan-struktur verifierad; vattenunikt artbelägg saknas,Namngiven vatten–FVO-koppling inom Fiskekartans strukturella tak; inga områdesarter generaliserade.,FVO-OMRÅDE,5d9bec8514738fd9aea8
Norrbotten,Sveaskog Fiske Nord (Norrbotten),Östra Järfojaur,Sjö,NB-STRUCT:1f83d9820b33f601547f208d,LÄNSGRANSKAD – Fiskekartan-struktur verifierad; vattenunikt artbelägg saknas,Namngiven vatten–FVO-koppling inom Fiskekartans strukturella tak; inga områdesarter generaliserade.,FVO-OMRÅDE,895d866353cb1f742edd
Norrbotten,Sveaskog Fiske Nord (Norrbotten),Östra Jåttåjaure,Sjö,NB-STRUCT:03d5b76b121338ece32ca336,LÄNSGRANSKAD – Fiskekartan-struktur verifierad; vattenunikt artbelägg saknas,Namngiven vatten–FVO-koppling inom Fiskekartans strukturella tak; inga områdesarter generaliserade.,FVO-OMRÅDE,b598d574682571f30d8f
Norrbotten,Sveaskog Fiske Nord (Norrbotten),Östra Kikkejaure,Sjö,NB-STRUCT:1b529a7ce2733bd903ffa673,LÄNSGRANSKAD – Fiskekartan-struktur verifierad; vattenunikt artbelägg saknas,Namngiven vatten–FVO-koppling inom Fiskekartans strukturella tak; inga områdesarter generaliserade.,FVO-OMRÅDE,4dea2c9a36e1428a0445
Norrbotten,Sveaskog Fiske Nord (Norrbotten),Östra Tjålmejaure,Sjö,NB-STRUCT:5bbca31219332c7c613914b1,LÄNSGRANSKAD – Fiskekartan-struktur verifierad; vattenunikt artbelägg saknas,Namngiven vatten–FVO-koppling inom Fiskekartans strukturella tak; inga områdesarter generaliserade.,FVO-OMRÅDE,f88138c862d8df8791e7
Norrbotten,Sveaskog Fiske Nord (Norrbotten),Övre Abmoselet,Sjö,NB-STRUCT:73f8afe88f6a7c283da3d9bd,LÄNSGRANSKAD – Fiskekartan-struktur verifierad; vattenunikt artbelägg saknas,Namngiven vatten–FVO-koppling inom Fiskekartans strukturella tak; inga områdesarter generaliserade.,FVO-OMRÅDE,f4cf6c6d64aaaa688b48
Norrbotten,Sveaskog Fiske Nord (Norrbotten),Övre Beivur,Sjö,NB-STRUCT:106b0db419c89ec1e3f14ce9,LÄNSGRANSKAD – Fiskekartan-struktur verifierad; vattenunikt artbelägg saknas,Namngiven vatten–FVO-koppling inom Fiskekartans strukturella tak; inga områdesarter generaliserade.,FVO-OMRÅDE,988feb0e49e1acd8f781
Norrbotten,Sveaskog Fiske Nord (Norrbotten),Övre Djuptjärnen,Sjö,NB-STRUCT:5f935cb51ddf923347ff7a8e,LÄNSGRANSKAD – Fiskekartan-struktur verifierad; vattenunikt artbelägg saknas,Namngiven vatten–FVO-koppling inom Fiskekartans strukturella tak; inga områdesarter generaliserade.,FVO-OMRÅDE,5a87ba95ac0c3a7bd978
Norrbotten,Sveaskog Fiske Nord (Norrbotten),Övre Esnarutjärnen,Sjö,NB-STRUCT:51363040cbd83628c038e6ce,LÄNSGRANSKAD – Fiskekartan-struktur verifierad; vattenunikt artbelägg saknas,Namngiven vatten–FVO-koppling inom Fiskekartans strukturella tak; inga områdesarter generaliserade.,FVO-OMRÅDE,ec05cc20a63ba896e9a6
Norrbotten,Sveaskog Fiske Nord (Norrbotten),Övre Lomselet,Sjö,NB-STRUCT:d17a1f9eef4f6cc9197f7d5c,LÄNSGRANSKAD – Fiskekartan-struktur verifierad; vattenunikt artbelägg saknas,Namngiven vatten–FVO-koppling inom Fiskekartans strukturella tak; inga områdesarter generaliserade.,FVO-OMRÅDE,11b121b6594e9b5bdbb6
Norrbotten,Sveaskog Fiske Nord (Norrbotten),Övre Naktetjärnen,Sjö,NB-STRUCT:d91906d49aa5fecce58d30eb,LÄNSGRANSKAD – Fiskekartan-struktur verifierad; vattenunikt artbelägg saknas,Namngiven vatten–FVO-koppling inom Fiskekartans strukturella tak; inga områdesarter generaliserade.,FVO-OMRÅDE,137ab8ea0172a1f764a0
Norrbotten,Sveaskog Fiske Nord (Norrbotten),Övre Puortmantjåkktjä,Sjö,NB-STRUCT:33235fcff38d0795c48c49f1,LÄNSGRANSKAD – Fiskekartan-struktur verifierad; vattenunikt artbelägg saknas,Namngiven vatten–FVO-koppling inom Fiskekartans strukturella tak; inga områdesarter generaliserade.,FVO-OMRÅDE,98bd5dc1b7976884bb66
Norrbotten,Sveaskog Fiske Nord (Norrbotten),Övre Storidan,Sjö,NB-STRUCT:591eb7716a19936dc92859ea,LÄNSGRANSKAD – Fiskekartan-struktur verifierad; vattenunikt artbelägg saknas,Namngiven vatten–FVO-koppling inom Fiskekartans strukturella tak; inga områdesarter generaliserade.,FVO-OMRÅDE,2f2b2c54663389a126f3
Norrbotten,Sveaskog Fiske Nord (Norrbotten),Övre Vuottasjaure,Sjö,NB-STRUCT:f5be57d0cd59401918c1f74f,LÄNSGRANSKAD – Fiskekartan-struktur verifierad; vattenunikt artbelägg saknas,Namngiven vatten–FVO-koppling inom Fiskekartans strukturella tak; inga områdesarter generaliserade.,FVO-OMRÅDE,5ef392f1be3a33824b8f
Norrbotten,Sävast-Unbyns fvof,Luleälven,Vattendrag,NB-STRUCT:de934c6985dece30508fa88b,UNRESOLVED,Saknar artunderlag,KÄLLGAP,93b4a7714e3abf66d052
Norrbotten,Sävast-Unbyns fvof,Råbäcken,Vattendrag,NB-STRUCT:b525d861a9e882eedcb506cf,UNRESOLVED,Saknar artunderlag,KÄLLGAP,de4167ec0a5773f907fb
Norrbotten,Sävast-Unbyns fvof,Sävastån,Vattendrag,NB-STRUCT:16b5ce2d9b6dd73648d4c6a6,UNRESOLVED,Saknar artunderlag,KÄLLGAP,6287ae2eb24e18d4f6cc
Norrbotten,Södra Sandträsk fvof,Sandbäcken,Vattendrag,NB-STRUCT:71ce85a677b45c10905598e9,UNRESOLVED,Saknar artunderlag,KÄLLGAP,59abd5e84a3551c4ce48
Norrbotten,Södra Sandträsk fvof,Sandträsket,Sjö,NB-STRUCT:6cbd70c6ee487ccdc5678ca6,UNRESOLVED,Saknar artunderlag,KÄLLGAP,bbe87bd813c1a4d97cce
Norrbotten,Trångforsens fvof,Bodån,Vattendrag,NB-STRUCT:0185421efc5f43aa00c8f6f4,UNRESOLVED,Saknar artunderlag,KÄLLGAP,ef020adde92963b6af1d
Norrbotten,Trångforsens fvof,Luleälven,Vattendrag,NB-STRUCT:5323f69c124748ac88edac22,UNRESOLVED,Saknar artunderlag,KÄLLGAP,00abf9399093f40a9975
Norrbotten,Trångforsens fvof,Storbäcken,Vattendrag,NB-STRUCT:529734d4eb9f396b2a1fe631,UNRESOLVED,Saknar artunderlag,KÄLLGAP,90a01893a4c38da9a1f5
Norrbotten,Trångforsens fvof,Vittjärvs Dämningsomr,Sjö,NB-STRUCT:7d9bc7d691a3bd183a09a0ab,UNRESOLVED,Saknar artunderlag,KÄLLGAP,22bbbc541bd6b731be49
Norrbotten,Ullatti fvof,Aksujärvi,Sjö,NB-STRUCT:42a237e6c016693b75d71ca9,LÄNSGRANSKAD – Fiskekartan-struktur verifierad; vattenunikt artbelägg saknas,Namngiven vatten–FVO-koppling inom Fiskekartans strukturella tak; inga områdesarter generaliserade.,FVO-OMRÅDE,b23b8a7a66c27f1fee9c
Norrbotten,Ullatti fvof,Kursujärvi,Sjö,NB-STRUCT:f9a086bff17a5fd6dda11892,LÄNSGRANSKAD – Fiskekartan-struktur verifierad; vattenunikt artbelägg saknas,Namngiven vatten–FVO-koppling inom Fiskekartans strukturella tak; inga områdesarter generaliserade.,FVO-OMRÅDE,42a01847759660042f41
Norrbotten,Ullatti fvof,Mäntyvaaranjärvi,Sjö,NB-STRUCT:0c2132395dd7c6dd6e65d2f9,LÄNSGRANSKAD – Fiskekartan-struktur verifierad; vattenunikt artbelägg saknas,Namngiven vatten–FVO-koppling inom Fiskekartans strukturella tak; inga områdesarter generaliserade.,FVO-OMRÅDE,a1d35c95111f50e108a4
Norrbotten,Ullatti fvof,Peuramaanjärvi,Sjö,NB-STRUCT:5f9ee2f42e6f3fe764a312fc,LÄNSGRANSKAD – Fiskekartan-struktur verifierad; vattenunikt artbelägg saknas,Namngiven vatten–FVO-koppling inom Fiskekartans strukturella tak; inga områdesarter generaliserade.,FVO-OMRÅDE,af7818972b97cfcca723
Norrbotten,Ullatti fvof,Pierujärvet,Sjö,NB-STRUCT:9aa49009aa857ac78b4b5c72,LÄNSGRANSKAD – Fiskekartan-struktur verifierad; vattenunikt artbelägg saknas,Namngiven vatten–FVO-koppling inom Fiskekartans strukturella tak; inga områdesarter generaliserade.,FVO-OMRÅDE,cafe0c82799cf7a4d6dc
Norrbotten,Ullatti fvof,Repojärvi,Sjö,NB-STRUCT:aa4c889e7fbf7885a08c4394,LÄNSGRANSKAD – Fiskekartan-struktur verifierad; vattenunikt artbelägg saknas,Namngiven vatten–FVO-koppling inom Fiskekartans strukturella tak; inga områdesarter generaliserade.,FVO-OMRÅDE,c39eda9d979006468024
Norrbotten,Ullatti fvof,Suksijärvi,Sjö,NB-STRUCT:3f291d8e7f46459e9e8c427f,LÄNSGRANSKAD – Fiskekartan-struktur verifierad; vattenunikt artbelägg saknas,Namngiven vatten–FVO-koppling inom Fiskekartans strukturella tak; inga områdesarter generaliserade.,FVO-OMRÅDE,ab3d45868527a3d02673
Norrbotten,Ullatti fvof,Ullattijärvet,Sjö,NB-STRUCT:1490de87943bc33141776319,LÄNSGRANSKAD – Fiskekartan-struktur verifierad; vattenunikt artbelägg saknas,Namngiven vatten–FVO-koppling inom Fiskekartans strukturella tak; inga områdesarter generaliserade.,FVO-OMRÅDE,b853560a2c9957ad5529
Norrbotten,Vistträsk FVO,Bredvikbäcken,Vattendrag,NB-STRUCT:9263649634eed39649dfdc5c,LÄNSGRANSKAD – Fiskekartan-struktur verifierad; vattenunikt artbelägg saknas,Namngiven vatten–FVO-koppling inom Fiskekartans strukturella tak; inga områdesarter generaliserade.,FVO-OMRÅDE,b2089d3ebbedb473c30d
Norrbotten,Vistträsk FVO,Brändån,Vattendrag,NB-STRUCT:2643bbb17a36ee415b5f90e5,LÄNSGRANSKAD – Fiskekartan-struktur verifierad; vattenunikt artbelägg saknas,Namngiven vatten–FVO-koppling inom Fiskekartans strukturella tak; inga områdesarter generaliserade.,FVO-OMRÅDE,376d9b339a9b1e599c70
Norrbotten,Vistträsk FVO,Muskusbäcken,Vattendrag,NB-STRUCT:13c540d13c4c69cab4d564ee,LÄNSGRANSKAD – Fiskekartan-struktur verifierad; vattenunikt artbelägg saknas,Namngiven vatten–FVO-koppling inom Fiskekartans strukturella tak; inga områdesarter generaliserade.,FVO-OMRÅDE,d7e246884e06a3724346
Norrbotten,Vistträsk FVO,Nörd-Vistträsket,Sjö,NB-STRUCT:787cb3dd4468be445def93b5,LÄNSGRANSKAD – Fiskekartan-struktur verifierad; vattenunikt artbelägg saknas,Namngiven vatten–FVO-koppling inom Fiskekartans strukturella tak; inga områdesarter generaliserade.,FVO-OMRÅDE,3a2dea239736cd96470b
Norrbotten,Vistträsk FVO,Sör-Vistträsket,Sjö,NB-STRUCT:9928641680dfc5503f5d5a4b,LÄNSGRANSKAD – Fiskekartan-struktur verifierad; vattenunikt artbelägg saknas,Namngiven vatten–FVO-koppling inom Fiskekartans strukturella tak; inga områdesarter generaliserade.,FVO-OMRÅDE,8a8776513d8c44bdccdd
Norrbotten,Vistträsk FVO,Vistbäcken,Vattendrag,NB-STRUCT:1dcf6cf28f55a0c289a5a4e6,LÄNSGRANSKAD – Fiskekartan-struktur verifierad; vattenunikt artbelägg saknas,Namngiven vatten–FVO-koppling inom Fiskekartans strukturella tak; inga områdesarter generaliserade.,FVO-OMRÅDE,78de6961d3c5f5d1905b
Norrbotten,Vistträsk FVO,Vistån,Vattendrag,NB-STRUCT:5a1129067dbf61c560537d6c,LÄNSGRANSKAD – Fiskekartan-struktur verifierad; vattenunikt artbelägg saknas,Namngiven vatten–FVO-koppling inom Fiskekartans strukturella tak; inga områdesarter generaliserade.,FVO-OMRÅDE,56dea2809911b5d65a65
Uppsala,Bodasundets fvof,Bodaviken,Sjö,UPP-STRUCT:b42c5a5f3868e95bf1077dd1,LÄNSGRANSKAD – struktur verifierad; vattenunikt artbelägg saknas,Namngiven vatten–FVO-koppling inom Fiskekartans strukturella tak; inga områdesarter generaliserade.,FVO-OMRÅDE,80a8d33d8b3c037a57f1
Uppsala,Bodasundets fvof,Måsan,Sjö,UPP-STRUCT:021d9188a3a929ad00036bf0,LÄNSGRANSKAD – struktur verifierad; vattenunikt artbelägg saknas,Namngiven vatten–FVO-koppling inom Fiskekartans strukturella tak; inga områdesarter generaliserade.,FVO-OMRÅDE,e220d5f75783026f7c39
Uppsala,Bodasundets fvof,Natviksfladen,Sjö,UPP-STRUCT:15fd387983aac19549c4e77a,LÄNSGRANSKAD – struktur verifierad; vattenunikt artbelägg saknas,Namngiven vatten–FVO-koppling inom Fiskekartans strukturella tak; inga områdesarter generaliserade.,FVO-OMRÅDE,099a19ddee4a1aad949c
Uppsala,Bodasundets fvof,Norrfjärden,Hav,UPP-STRUCT:c62b5ce16eef8b1e5ebeb52e,LÄNSGRANSKAD – struktur verifierad; vattenunikt artbelägg saknas,Namngiven vatten–FVO-koppling inom Fiskekartans strukturella tak; inga områdesarter generaliserade.,FVO-OMRÅDE,610fb9ae996072aa2ee9
Uppsala,Bodasundets fvof,Norrsundsfladen,Sjö,UPP-STRUCT:38ea676bd36cd023f961ba5e,LÄNSGRANSKAD – struktur verifierad; vattenunikt artbelägg saknas,Namngiven vatten–FVO-koppling inom Fiskekartans strukturella tak; inga områdesarter generaliserade.,FVO-OMRÅDE,bd48918f45241aed760f
Uppsala,Bodasundets fvof,Storfladen,Sjö,UPP-STRUCT:501fc5f106e0f6a9c1588a44,LÄNSGRANSKAD – struktur verifierad; vattenunikt artbelägg saknas,Namngiven vatten–FVO-koppling inom Fiskekartans strukturella tak; inga områdesarter generaliserade.,FVO-OMRÅDE,63c79fd9fb88bd6070e1
Uppsala,Marma Mehede fvof,Stallfjärden,Sjö,UPP-STRUCT:f58c1e35f3ef51f0eb7a4741,LÄNSGRANSKAD – struktur verifierad; vattenunikt artbelägg saknas,Namngiven vatten–FVO-koppling inom Fiskekartans strukturella tak; inga områdesarter generaliserade.,FVO-OMRÅDE,da4a941bdc8df4887ad2
Uppsala,Nedre Tämnareåns fvof,Dammen,Sjö,UPP-STRUCT:50e88f57bdd645677974cd7c,LÄNSGRANSKAD – struktur verifierad; vattenunikt artbelägg saknas,Namngiven vatten–FVO-koppling inom Fiskekartans strukturella tak; inga områdesarter generaliserade.,FVO-OMRÅDE,7a32143a5e5381819f5c
Uppsala,Skärsjöns fvof,Bjurvallabäcken,Vattendrag,UPP-STRUCT:8749bddd1c221c7f8dd07cc2,LÄNSGRANSKAD – struktur verifierad; vattenunikt artbelägg saknas,Namngiven vatten–FVO-koppling inom Fiskekartans strukturella tak; inga områdesarter generaliserade.,FVO-OMRÅDE,011a32a974c4d01c8139
Uppsala,Tämnarens fvof,Lindsbrobäcken,Vattendrag,UPP-STRUCT:63e4102a4239ecd5d353239a,LÄNSGRANSKAD – struktur verifierad; vattenunikt artbelägg saknas,Namngiven vatten–FVO-koppling inom Fiskekartans strukturella tak; inga områdesarter generaliserade.,FVO-OMRÅDE,99b9ae9f8a14b46b5926
Uppsala,Tämnarens fvof,Lisselbobäcken,Vattendrag,UPP-STRUCT:c1ec56ea1bd15e01cf2565b6,LÄNSGRANSKAD – struktur verifierad; vattenunikt artbelägg saknas,Namngiven vatten–FVO-koppling inom Fiskekartans strukturella tak; inga områdesarter generaliserade.,FVO-OMRÅDE,56ace14303800193c894
Uppsala,Tämnarens fvof,Åbyån,Vattendrag,UPP-STRUCT:542ce951780ea8f05a339103,LÄNSGRANSKAD – struktur verifierad; vattenunikt artbelägg saknas,Namngiven vatten–FVO-koppling inom Fiskekartans strukturella tak; inga områdesarter generaliserade.,FVO-OMRÅDE,abbde4a3d3940dc2f26b
Uppsala,Vendelsjöns fvof,Tegelsmoraån,Vattendrag,UPP-STRUCT:6e67d7cfebcf5c947c2d47cd,LÄNSGRANSKAD – struktur verifierad; vattenunikt artbelägg saknas,Namngiven vatten–FVO-koppling inom Fiskekartans strukturella tak; inga områdesarter generaliserade.,FVO-OMRÅDE,cd788bbbd172c681b4ad
Uppsala,Vällens fvof,Måsjödiket,Vattendrag,UPP-STRUCT:bd863e72f4807d001f51feb0,LÄNSGRANSKAD – struktur verifierad; vattenunikt artbelägg saknas,Namngiven vatten–FVO-koppling inom Fiskekartans strukturella tak; inga områdesarter generaliserade.,FVO-OMRÅDE,aa1d5f0488081050df56
Västmanland,Aspensjöarnas fvof,Flogen,Sjö,VLM-STRUCT:4a9b74be8f72cc88bc29e35c,LÄNSGRANSKAD – struktur verifierad; vattenunikt artbelägg saknas,Namngiven vatten–FVO-koppling inom Fiskekartans strukturella tak; inga områdesarter generaliserade.,FVO-OMRÅDE,b1a7356d37c6a41578cb
Västmanland,Aspensjöarnas fvof,Kratten,Sjö,VLM-STRUCT:682564265223cbabc02a2169,LÄNSGRANSKAD – struktur verifierad; vattenunikt artbelägg saknas,Namngiven vatten–FVO-koppling inom Fiskekartans strukturella tak; inga områdesarter generaliserade.,FVO-OMRÅDE,455c6d3832ab320960f0
Västmanland,Aspensjöarnas fvof,Sundbo Dammsjön,Sjö,VLM-STRUCT:062202355c3da3d335a3ace4,LÄNSGRANSKAD – struktur verifierad; vattenunikt artbelägg saknas,Namngiven vatten–FVO-koppling inom Fiskekartans strukturella tak; inga områdesarter generaliserade.,FVO-OMRÅDE,21de28ee113480d93f48
Västmanland,Fläcksjöns fvof,Spångtegsbäcken,Vattendrag,VLM-STRUCT:6539b9d6ab5c572589f220dc,LÄNSGRANSKAD – struktur verifierad; vattenunikt artbelägg saknas,Namngiven vatten–FVO-koppling inom Fiskekartans strukturella tak; inga områdesarter generaliserade.,FVO-OMRÅDE,b50f446751e50b3050ab
Västmanland,Glåpens fvof,Glåpmossbäcken,Vattendrag,VLM-STRUCT:827363db41cef6f3f260d20d,LÄNSGRANSKAD – struktur verifierad; vattenunikt artbelägg saknas,Namngiven vatten–FVO-koppling inom Fiskekartans strukturella tak; inga områdesarter generaliserade.,FVO-OMRÅDE,1711455082fc9244fb18
Västmanland,Gussjöns fvof,Gussjöbäck,Vattendrag,VLM-STRUCT:66047bc50869c80feebe3e31,LÄNSGRANSKAD – struktur verifierad; vattenunikt artbelägg saknas,Namngiven vatten–FVO-koppling inom Fiskekartans strukturella tak; inga områdesarter generaliserade.,FVO-OMRÅDE,c5bb037a7b4a28419e4c
Västmanland,Gussjöns fvof,Holmbobäck,Vattendrag,VLM-STRUCT:4221ebbb85667a54875358c8,LÄNSGRANSKAD – struktur verifierad; vattenunikt artbelägg saknas,Namngiven vatten–FVO-koppling inom Fiskekartans strukturella tak; inga områdesarter generaliserade.,FVO-OMRÅDE,4a8a99a0e37e1e4bc38e
Västmanland,Hörendesjöns fvof,Sågbäcken,Vattendrag,VLM-STRUCT:c030cbd118ce4473cf39cb49,LÄNSGRANSKAD – struktur verifierad; vattenunikt artbelägg saknas,Namngiven vatten–FVO-koppling inom Fiskekartans strukturella tak; inga områdesarter generaliserade.,FVO-OMRÅDE,f849979a7ff33798ac23
Västmanland,Ljömsebosjöns fvof,Ljömsebosjön,Sjö,VLM-STRUCT:24258c3b19a5a164f07f7311,LÄNSGRANSKAD – struktur verifierad; vattenunikt artbelägg saknas,Namngiven vatten–FVO-koppling inom Fiskekartans strukturella tak; inga områdesarter generaliserade.,FVO-OMRÅDE,67238e8c059d71e7ffbb
Västmanland,Ljömsebosjöns fvof,Västanbäcksbäcken,Vattendrag,VLM-STRUCT:9bb378d3249d2269163b3fc0,LÄNSGRANSKAD – struktur verifierad; vattenunikt artbelägg saknas,Namngiven vatten–FVO-koppling inom Fiskekartans strukturella tak; inga områdesarter generaliserade.,FVO-OMRÅDE,f862d6cbd69263f5d7e4
Västmanland,Ramnäs fvof,Abborrtjärnen,Sjö,VLM-STRUCT:dc97b8ded38d6e915b3186b8,LÄNSGRANSKAD – struktur verifierad; vattenunikt artbelägg saknas,Namngiven vatten–FVO-koppling inom Fiskekartans strukturella tak; inga områdesarter generaliserade.,FVO-OMRÅDE,237ab47eb28ad6c914a5
Västmanland,Ramnäs fvof,Bladtjärnen,Sjö,VLM-STRUCT:ac454aec607448fe118ea128,LÄNSGRANSKAD – struktur verifierad; vattenunikt artbelägg saknas,Namngiven vatten–FVO-koppling inom Fiskekartans strukturella tak; inga områdesarter generaliserade.,FVO-OMRÅDE,7f4f7e301afe8b238e3a
Västmanland,Ramnäs fvof,Fiskkraken,Sjö,VLM-STRUCT:4da2635cef2b7a6f992f1ce1,LÄNSGRANSKAD – struktur verifierad; vattenunikt artbelägg saknas,Namngiven vatten–FVO-koppling inom Fiskekartans strukturella tak; inga områdesarter generaliserade.,FVO-OMRÅDE,bbf3dde9ec59f53edf09
Västmanland,Ramnäs fvof,Gnien,Sjö,VLM-STRUCT:73e8d4133554269d342df622,LÄNSGRANSKAD – struktur verifierad; vattenunikt artbelägg saknas,Namngiven vatten–FVO-koppling inom Fiskekartans strukturella tak; inga områdesarter generaliserade.,FVO-OMRÅDE,18948fc3813943f2dd16
Västmanland,Ramnäs fvof,Granramen,Sjö,VLM-STRUCT:8b91eacfd5364ca8ca5b88bf,LÄNSGRANSKAD – struktur verifierad; vattenunikt artbelägg saknas,Namngiven vatten–FVO-koppling inom Fiskekartans strukturella tak; inga områdesarter generaliserade.,FVO-OMRÅDE,7e56454e8e6c8263c67a
Västmanland,Ramnäs fvof,Klysnen,Sjö,VLM-STRUCT:ebbe66c20be7ca70f0fe20b7,LÄNSGRANSKAD – struktur verifierad; vattenunikt artbelägg saknas,Namngiven vatten–FVO-koppling inom Fiskekartans strukturella tak; inga områdesarter generaliserade.,FVO-OMRÅDE,b6e98df88f808d544146
Västmanland,Ramnäs fvof,Lilla Acktjärnen,Sjö,VLM-STRUCT:90114f6568441c1fc3e05d79,LÄNSGRANSKAD – struktur verifierad; vattenunikt artbelägg saknas,Namngiven vatten–FVO-koppling inom Fiskekartans strukturella tak; inga områdesarter generaliserade.,FVO-OMRÅDE,e20fb6a1b6e0b1890c50
Västmanland,Ramnäs fvof,Lilla Björksnarssjön,Sjö,VLM-STRUCT:bfd525b236c3aa2e91e4fbe9,LÄNSGRANSKAD – struktur verifierad; vattenunikt artbelägg saknas,Namngiven vatten–FVO-koppling inom Fiskekartans strukturella tak; inga områdesarter generaliserade.,FVO-OMRÅDE,46171a7c4943b04901c4
Västmanland,Ramnäs fvof,Lilla Morsjön,Sjö,VLM-STRUCT:7928e3184cbfb47540345e4d,LÄNSGRANSKAD – struktur verifierad; vattenunikt artbelägg saknas,Namngiven vatten–FVO-koppling inom Fiskekartans strukturella tak; inga områdesarter generaliserade.,FVO-OMRÅDE,ec57c3485d20f3c74613
Västmanland,Ramnäs fvof,Lilla Målsjön,Sjö,VLM-STRUCT:f6180d8ec109479845ff9834,LÄNSGRANSKAD – struktur verifierad; vattenunikt artbelägg saknas,Namngiven vatten–FVO-koppling inom Fiskekartans strukturella tak; inga områdesarter generaliserade.,FVO-OMRÅDE,99d3a223fa89c76ac4df
Västmanland,Ramnäs fvof,Ljusvattnet,Sjö,VLM-STRUCT:bf240e3e476b7457af8ae422,LÄNSGRANSKAD – struktur verifierad; vattenunikt artbelägg saknas,Namngiven vatten–FVO-koppling inom Fiskekartans strukturella tak; inga områdesarter generaliserade.,FVO-OMRÅDE,0843b71b0ec274728384
Västmanland,Ramnäs fvof,Lomtjärnen,Sjö,VLM-STRUCT:68de4e49486f2b73e8064d63,LÄNSGRANSKAD – struktur verifierad; vattenunikt artbelägg saknas,Namngiven vatten–FVO-koppling inom Fiskekartans strukturella tak; inga områdesarter generaliserade.,FVO-OMRÅDE,d5fe5cb4567d128d32c6
Västmanland,Ramnäs fvof,Mellan Acktjärnen,Sjö,VLM-STRUCT:2a0b6f70060bca25ec5c1e70,LÄNSGRANSKAD – struktur verifierad; vattenunikt artbelägg saknas,Namngiven vatten–FVO-koppling inom Fiskekartans strukturella tak; inga områdesarter generaliserade.,FVO-OMRÅDE,f26b011b759398c16b23
Västmanland,Ramnäs fvof,Morsjööga,Sjö,VLM-STRUCT:bbdfbbbc1c298971b67c6fb6,LÄNSGRANSKAD – struktur verifierad; vattenunikt artbelägg saknas,Namngiven vatten–FVO-koppling inom Fiskekartans strukturella tak; inga områdesarter generaliserade.,FVO-OMRÅDE,fc0f5511af6957c7f1ea
Västmanland,Ramnäs fvof,Näcksjön,Sjö,VLM-STRUCT:3331e4c6a8e007640dc9c68c,LÄNSGRANSKAD – struktur verifierad; vattenunikt artbelägg saknas,Namngiven vatten–FVO-koppling inom Fiskekartans strukturella tak; inga områdesarter generaliserade.,FVO-OMRÅDE,21dbfa7579c888414501
Västmanland,Ramnäs fvof,Oxtjärnen,Sjö,VLM-STRUCT:2cec16236780aee4a42d6968,LÄNSGRANSKAD – struktur verifierad; vattenunikt artbelägg saknas,Namngiven vatten–FVO-koppling inom Fiskekartans strukturella tak; inga områdesarter generaliserade.,FVO-OMRÅDE,8805dc431609f6064280
Västmanland,Ramnäs fvof,Stentjärnen,Sjö,VLM-STRUCT:744b312afbe65a813421e2af,LÄNSGRANSKAD – struktur verifierad; vattenunikt artbelägg saknas,Namngiven vatten–FVO-koppling inom Fiskekartans strukturella tak; inga områdesarter generaliserade.,FVO-OMRÅDE,ddd7fe261a2648b5d8e3
Västmanland,Ramnäs fvof,Stora Acktjärnen,Sjö,VLM-STRUCT:a9ba87f98b7c4e380de16dcc,LÄNSGRANSKAD – struktur verifierad; vattenunikt artbelägg saknas,Namngiven vatten–FVO-koppling inom Fiskekartans strukturella tak; inga områdesarter generaliserade.,FVO-OMRÅDE,02eb7bf2a1419e606063
Västmanland,Ramnäs fvof,Stora Björksnarssjön,Sjö,VLM-STRUCT:4cd76e302e2db7192840b1d2,LÄNSGRANSKAD – struktur verifierad; vattenunikt artbelägg saknas,Namngiven vatten–FVO-koppling inom Fiskekartans strukturella tak; inga områdesarter generaliserade.,FVO-OMRÅDE,ba3c350573beebea75b6
Västmanland,Ramnäs fvof,Stora Morsjön,Sjö,VLM-STRUCT:9b1c42549b10e80be13c57f0,LÄNSGRANSKAD – struktur verifierad; vattenunikt artbelägg saknas,Namngiven vatten–FVO-koppling inom Fiskekartans strukturella tak; inga områdesarter generaliserade.,FVO-OMRÅDE,fb4fc99a93f0a2bb3153
Västmanland,Ramnäs fvof,Stora Målsjön,Sjö,VLM-STRUCT:7268437fbdf2f18eb90393a9,LÄNSGRANSKAD – struktur verifierad; vattenunikt artbelägg saknas,Namngiven vatten–FVO-koppling inom Fiskekartans strukturella tak; inga områdesarter generaliserade.,FVO-OMRÅDE,9788b7d4b3b69c1f3bf5
Västmanland,Ramnäs fvof,Ulvramen,Sjö,VLM-STRUCT:8136825b2c13220e900e4c81,LÄNSGRANSKAD – struktur verifierad; vattenunikt artbelägg saknas,Namngiven vatten–FVO-koppling inom Fiskekartans strukturella tak; inga områdesarter generaliserade.,FVO-OMRÅDE,6f6833e47791b4e8fbcc
Västmanland,Silvergruvans fvof,Helgonmossdammen,Sjö,VLM-STRUCT:54c98729fb2a9f9bdebbf2fa,LÄNSGRANSKAD – struktur verifierad; vattenunikt artbelägg saknas,Namngiven vatten–FVO-koppling inom Fiskekartans strukturella tak; inga områdesarter generaliserade.,FVO-OMRÅDE,6d5a20298b384332827c
Västmanland,Silvergruvans fvof,Järndammen,Sjö,VLM-STRUCT:ae0dbdd0f41a4718bf039a96,LÄNSGRANSKAD – struktur verifierad; vattenunikt artbelägg saknas,Namngiven vatten–FVO-koppling inom Fiskekartans strukturella tak; inga områdesarter generaliserade.,FVO-OMRÅDE,cf3a149c1c0d1db07535
Västmanland,Silvergruvans fvof,Järndammsbäcken,Vattendrag,VLM-STRUCT:16b8236f70257eb3ef7ede21,LÄNSGRANSKAD – struktur verifierad; vattenunikt artbelägg saknas,Namngiven vatten–FVO-koppling inom Fiskekartans strukturella tak; inga områdesarter generaliserade.,FVO-OMRÅDE,fce5f55d472240b82481
Västmanland,Silvergruvans fvof,Silvköparen,Sjö,VLM-STRUCT:83943b1a16945bd0e55a5b16,LÄNSGRANSKAD – struktur verifierad; vattenunikt artbelägg saknas,Namngiven vatten–FVO-koppling inom Fiskekartans strukturella tak; inga områdesarter generaliserade.,FVO-OMRÅDE,fc28bbcd5cbfeb1015c8
Västmanland,Silvergruvans fvof,Skvalån,Vattendrag,VLM-STRUCT:e8c2675e51e58a311da5d1d9,LÄNSGRANSKAD – struktur verifierad; vattenunikt artbelägg saknas,Namngiven vatten–FVO-koppling inom Fiskekartans strukturella tak; inga områdesarter generaliserade.,FVO-OMRÅDE,6cd9e206ca44c1886e95
Västmanland,Silvergruvans fvof,Stora Hundsjön,Sjö,VLM-STRUCT:5b5f981a807de60d722895e6,LÄNSGRANSKAD – struktur verifierad; vattenunikt artbelägg saknas,Namngiven vatten–FVO-koppling inom Fiskekartans strukturella tak; inga områdesarter generaliserade.,FVO-OMRÅDE,b8e821052624a96c436d
Västmanland,Skedvisjöns fvof,Skedviån,Vattendrag,VLM-STRUCT:0d51fc46d4ce30f05c318a80,LÄNSGRANSKAD – struktur verifierad; vattenunikt artbelägg saknas,Namngiven vatten–FVO-koppling inom Fiskekartans strukturella tak; inga områdesarter generaliserade.,FVO-OMRÅDE,0d2c54203525445d57c6
Västmanland,Snyten-Hällingens fvof,Hällingen,Sjö,VLM-STRUCT:311a287007f7978ed1000be4,LÄNSGRANSKAD – struktur verifierad; vattenunikt artbelägg saknas,Namngiven vatten–FVO-koppling inom Fiskekartans strukturella tak; inga områdesarter generaliserade.,FVO-OMRÅDE,b201b596542372784749
Västmanland,Storsjöns fvof,Sotbrobäcken,Vattendrag,VLM-STRUCT:1c35ce93f13d7fe609340ab9,LÄNSGRANSKAD – struktur verifierad; vattenunikt artbelägg saknas,Namngiven vatten–FVO-koppling inom Fiskekartans strukturella tak; inga områdesarter generaliserade.,FVO-OMRÅDE,0ba35929c208335cfc4b
Västmanland,Storsjöns fvof,Storån,Vattendrag,VLM-STRUCT:b375f77b7e7293dce71dbc78,LÄNSGRANSKAD – struktur verifierad; vattenunikt artbelägg saknas,Namngiven vatten–FVO-koppling inom Fiskekartans strukturella tak; inga områdesarter generaliserade.,FVO-OMRÅDE,aac4213ab9799c576ab0
Västmanland,Stävresjöns fvof,Gussjöbäck,Vattendrag,VLM-STRUCT:918ecd3136ca873e46868ba6,LÄNSGRANSKAD – struktur verifierad; vattenunikt artbelägg saknas,Namngiven vatten–FVO-koppling inom Fiskekartans strukturella tak; inga områdesarter generaliserade.,FVO-OMRÅDE,caa0c317dcaa645792c7
Västmanland,Svansjöarnas fvof,Getängsbäcken,Vattendrag,VLM-STRUCT:652b38fcddb69dcf4aea3db1,LÄNSGRANSKAD – struktur verifierad; vattenunikt artbelägg saknas,Namngiven vatten–FVO-koppling inom Fiskekartans strukturella tak; inga områdesarter generaliserade.,FVO-OMRÅDE,7b7f6cd0085a13f83b5e
Västmanland,Svansjöarnas fvof,Messlångsbäcken,Vattendrag,VLM-STRUCT:1a9ba2c96b3b4436af98dac6,LÄNSGRANSKAD – struktur verifierad; vattenunikt artbelägg saknas,Namngiven vatten–FVO-koppling inom Fiskekartans strukturella tak; inga områdesarter generaliserade.,FVO-OMRÅDE,6cf5ad3bc5c48bd58123
Västmanland,Svansjöarnas fvof,Ängsbäcken,Vattendrag,VLM-STRUCT:7601bdebfb8de12775245f59,LÄNSGRANSKAD – struktur verifierad; vattenunikt artbelägg saknas,Namngiven vatten–FVO-koppling inom Fiskekartans strukturella tak; inga områdesarter generaliserade.,FVO-OMRÅDE,bc259df1227141253bdd
Västmanland,Tappebosjöarnas fvof,Norra Tappebosjön,Sjö,VLM-STRUCT:2575489986cff7cf5f23e1cb,LÄNSGRANSKAD – struktur verifierad; vattenunikt artbelägg saknas,Namngiven vatten–FVO-koppling inom Fiskekartans strukturella tak; inga områdesarter generaliserade.,FVO-OMRÅDE,9455f7dec189c14f9bd4
Västmanland,Tappebosjöarnas fvof,Södra Tappebosjön,Sjö,VLM-STRUCT:fb3d9092b37a8a83863efee1,LÄNSGRANSKAD – struktur verifierad; vattenunikt artbelägg saknas,Namngiven vatten–FVO-koppling inom Fiskekartans strukturella tak; inga områdesarter generaliserade.,FVO-OMRÅDE,a9e0f8d7e95e19838c60
Västmanland,Tappebosjöarnas fvof,Viggsjön,Sjö,VLM-STRUCT:735e7285bf4482a38823bde7,LÄNSGRANSKAD – struktur verifierad; vattenunikt artbelägg saknas,Namngiven vatten–FVO-koppling inom Fiskekartans strukturella tak; inga områdesarter generaliserade.,FVO-OMRÅDE,d3ae926baeb559605e0d
Västmanland,Trätten-Holmsjöns fvof,Långtjärnsbäcken,Vattendrag,VLM-STRUCT:e417f4d12e56abf762d8e063,LÄNSGRANSKAD – struktur verifierad; vattenunikt artbelägg saknas,Namngiven vatten–FVO-koppling inom Fiskekartans strukturella tak; inga områdesarter generaliserade.,FVO-OMRÅDE,0acbbd7dc4ad362f08f4
Västmanland,Trätten-Holmsjöns fvof,Trätten,Sjö,VLM-STRUCT:56c59f2174813f79e092cd48,LÄNSGRANSKAD – struktur verifierad; vattenunikt artbelägg saknas,Namngiven vatten–FVO-koppling inom Fiskekartans strukturella tak; inga områdesarter generaliserade.,FVO-OMRÅDE,0584ea989bd4f417b477
Västmanland,Virsbosjöns fvof,Gottrickbäcken,Vattendrag,VLM-STRUCT:8961d9925f6f3ea7e6054f1c,LÄNSGRANSKAD – struktur verifierad; vattenunikt artbelägg saknas,Namngiven vatten–FVO-koppling inom Fiskekartans strukturella tak; inga områdesarter generaliserade.,FVO-OMRÅDE,682ad5ca16e6ae0f346d
Västmanland,Virsbosjöns fvof,Valsjöbäck,Vattendrag,VLM-STRUCT:471a18d58464ddc0035b49da,LÄNSGRANSKAD – struktur verifierad; vattenunikt artbelägg saknas,Namngiven vatten–FVO-koppling inom Fiskekartans strukturella tak; inga områdesarter generaliserade.,FVO-OMRÅDE,47c79cb2cdf95fb3ab96
Västmanland,Västlandasjöns fvof,Rölen,Sjö,VLM-STRUCT:ea4d66cfe0b9a90394a10f3f,LÄNSGRANSKAD – struktur verifierad; vattenunikt artbelägg saknas,Namngiven vatten–FVO-koppling inom Fiskekartans strukturella tak; inga områdesarter generaliserade.,FVO-OMRÅDE,963db46c7b2b0cb935af
Västmanland,Åmänningens fvof,Hyttbäcken,Vattendrag,VLM-STRUCT:2d6dd15ba276508c79b6abe1,LÄNSGRANSKAD – struktur verifierad; vattenunikt artbelägg saknas,Namngiven vatten–FVO-koppling inom Fiskekartans strukturella tak; inga områdesarter generaliserade.,FVO-OMRÅDE,1ce3fc820af31a9d1a97
Västmanland,Åmänningens fvof,Kvarnbäcken,Vattendrag,VLM-STRUCT:629b0c83559448ea9b4c15bf,LÄNSGRANSKAD – struktur verifierad; vattenunikt artbelägg saknas,Namngiven vatten–FVO-koppling inom Fiskekartans strukturella tak; inga områdesarter generaliserade.,FVO-OMRÅDE,770f2d68b70fbbdff1f4
Västmanland,Åmänningens fvof,Märrsjöbäcken,Vattendrag,VLM-STRUCT:06bb3c9651cab96269d07e20,LÄNSGRANSKAD – struktur verifierad; vattenunikt artbelägg saknas,Namngiven vatten–FVO-koppling inom Fiskekartans strukturella tak; inga områdesarter generaliserade.,FVO-OMRÅDE,35dc8abcfb6613fd36dd
Västmanland,Åmänningens fvof,Sågbäcken,Vattendrag,VLM-STRUCT:a3d5449200207ae4137b0d2b,LÄNSGRANSKAD – struktur verifierad; vattenunikt artbelägg saknas,Namngiven vatten–FVO-koppling inom Fiskekartans strukturella tak; inga områdesarter generaliserade.,FVO-OMRÅDE,283a79f3d6eb0624f468
Gävleborg,Alfta fvof,Aborrtjärnen,Sjö,GAV-FK:9c660cb9eafd74df08c1bcac,KÄLLSÖK KVAR – vattenunikt artbelägg saknas,,FVO-OMRÅDE,e28e1b63cc395e986852
Gävleborg,Alfta fvof,Asptjärnen,Sjö,GAV-FK:525a51cff9fcd8e7136d4cb5,KÄLLSÖK KVAR – vattenunikt artbelägg saknas,,FVO-OMRÅDE,75a3d58997bb84145296
Gävleborg,Alfta fvof,Björnsjön,Sjö,GAV-FK:01c875bd2dc365e093b6eb5f,KÄLLSÖK KVAR – vattenunikt artbelägg saknas,,FVO-OMRÅDE,f94504ec0d069749b55f
Gävleborg,Alfta fvof,Bruksdammen,Sjö,GAV-FK:e343d7597bfb34ebe2d015ad,KÄLLSÖK KVAR – vattenunikt artbelägg saknas,,FVO-OMRÅDE,b7fe2dd4cc399a116a63
Gävleborg,Alfta fvof,Djuptjärnen,Sjö,GAV-FK:abf6888e1355f7f53406c3fc,KÄLLSÖK KVAR – vattenunikt artbelägg saknas,,FVO-OMRÅDE,62fec68efe0dba840b7f
Gävleborg,Alfta fvof,Flugen,Sjö,GAV-FK:fe07e223ff967f61ac6ee5f9,KÄLLSÖK KVAR – vattenunikt artbelägg saknas,,FVO-OMRÅDE,90e685dba90be78877e7
Gävleborg,Alfta fvof,Flytjärn,Sjö,GAV-FK:9e33683fda5f33ba648f3949,KÄLLSÖK KVAR – vattenunikt artbelägg saknas,,FVO-OMRÅDE,c3bc0f3c0e83ec619276
Gävleborg,Alfta fvof,Flättjärnen,Sjö,GAV-FK:9a4840ec276d79a07405b431,KÄLLSÖK KVAR – vattenunikt artbelägg saknas,,FVO-OMRÅDE,39083abae7077e92ead0
Gävleborg,Alfta fvof,Flöttjärnarna,Sjö,GAV-FK:825f8f99205fa166381cde73,KÄLLSÖK KVAR – vattenunikt artbelägg saknas,,FVO-OMRÅDE,09efec568685fb6064e2
Gävleborg,Alfta fvof,Grevtjärn,Sjö,GAV-FK:1ec0fc45d3cc424b401d9c8f,KÄLLSÖK KVAR – vattenunikt artbelägg saknas,,FVO-OMRÅDE,9b7c7ef126ea9ea2d8bc
Gävleborg,Alfta fvof,Gropabotjärnarna,Sjö,GAV-FK:fc851be7327ba2cfb4e316cb,KÄLLSÖK KVAR – vattenunikt artbelägg saknas,,FVO-OMRÅDE,2c9bc980d8a1513045ec
Gävleborg,Alfta fvof,Gropatjärnen,Sjö,GAV-FK:0a65133a330c4e719e1d47a3,KÄLLSÖK KVAR – vattenunikt artbelägg saknas,,FVO-OMRÅDE,2993718ed5e40fde0edc
Gävleborg,Alfta fvof,Gullbergsbotjärnen,Sjö,GAV-FK:60af9537728cc3b4cbfd40cb,KÄLLSÖK KVAR – vattenunikt artbelägg saknas,,FVO-OMRÅDE,66d2d8bd33b9b52028d4
Gävleborg,Alfta fvof,Gässlingen,Sjö,GAV-FK:50a0aef7a7b644c941013d88,KÄLLSÖK KVAR – vattenunikt artbelägg saknas,,FVO-OMRÅDE,4af603d2bc9ad349f555
Gävleborg,Alfta fvof,Hämmen,Sjö,GAV-FK:0c21943d8afc772889d71d81,KÄLLSÖK KVAR – vattenunikt artbelägg saknas,,FVO-OMRÅDE,b7320401488168fd03b4
Gävleborg,Alfta fvof,Häsberstj.,Sjö,GAV-FK:b3720e1ebef7acaac881f7a7,KÄLLSÖK KVAR – vattenunikt artbelägg saknas,,FVO-OMRÅDE,aeb7d2f235c118f3a465
Gävleborg,Alfta fvof,Jägtjärnen,Sjö,GAV-FK:a369a4fcb2496116580c43b9,KÄLLSÖK KVAR – vattenunikt artbelägg saknas,,FVO-OMRÅDE,07999585fa89cd77e47b
Gävleborg,Alfta fvof,Kallåstjärnen,Sjö,GAV-FK:9bb5088b1845738a5915ee9c,KÄLLSÖK KVAR – vattenunikt artbelägg saknas,,FVO-OMRÅDE,649057212ec70a4bf8e4
Gävleborg,Alfta fvof,Knunatjärnen,Sjö,GAV-FK:601974c1de44c8ccb1c8f1ee,KÄLLSÖK KVAR – vattenunikt artbelägg saknas,,FVO-OMRÅDE,bf0b2d21b6d79d1c900b
Gävleborg,Alfta fvof,Kringeltjärnen,Sjö,GAV-FK:8e81db5849c9840171d0636b,KÄLLSÖK KVAR – vattenunikt artbelägg saknas,,FVO-OMRÅDE,18e708d518b82765e668
Gävleborg,Alfta fvof,Källtjärnen,Sjö,GAV-FK:96ab92974936f7f48aa8c063,KÄLLSÖK KVAR – vattenunikt artbelägg saknas,,FVO-OMRÅDE,76696bf5e18822444063
Gävleborg,Alfta fvof,Kölsjön,Sjö,GAV-FK:e6680a4c5fead68f119ab7ae,KÄLLSÖK KVAR – vattenunikt artbelägg saknas,,FVO-OMRÅDE,0fb94225ba45bef1b64f
Gävleborg,Alfta fvof,Lång-Rösten,Sjö,GAV-FK:9042bb716bb632ca9f7db6b8,KÄLLSÖK KVAR – vattenunikt artbelägg saknas,,FVO-OMRÅDE,1bbccd536f6fb5c4a1d6
Gävleborg,Alfta fvof,Långbotjärnen,Sjö,GAV-FK:95ce20026c5ad49793510dd4,KÄLLSÖK KVAR – vattenunikt artbelägg saknas,,FVO-OMRÅDE,d5bcccf1f13a87dd7a22
Gävleborg,Alfta fvof,Långtjärnen,Sjö,GAV-FK:2ed26a1004aaa9cbe6ff2159,KÄLLSÖK KVAR – vattenunikt artbelägg saknas,,FVO-OMRÅDE,ab4104e871f25a863012
Gävleborg,Alfta fvof,Motjärn,Sjö,GAV-FK:428b1c3495aa4d31e0b87eb7,KÄLLSÖK KVAR – vattenunikt artbelägg saknas,,FVO-OMRÅDE,499bdc5492bab5f5c632
Gävleborg,Alfta fvof,Mörttjärnen,Sjö,GAV-FK:c7d8ffa887c5b1a475e5f1d3,KÄLLSÖK KVAR – vattenunikt artbelägg saknas,,FVO-OMRÅDE,c9d824ca6589a8f3982e
Gävleborg,Alfta fvof,Nilsbergstjärnen,Sjö,GAV-FK:8dcab702cb46980df1c012ad,KÄLLSÖK KVAR – vattenunikt artbelägg saknas,,FVO-OMRÅDE,5d74c3bf339801d4ae10
Gävleborg,Alfta fvof,Norra Båttjärnet,Sjö,GAV-FK:6328950cbf71175c94d135fc,KÄLLSÖK KVAR – vattenunikt artbelägg saknas,,FVO-OMRÅDE,2df0e22c11c8256d71f6
Gävleborg,Alfta fvof,Nybotjärn,Sjö,GAV-FK:8b2d2eb495f76dca4f72214f,KÄLLSÖK KVAR – vattenunikt artbelägg saknas,,FVO-OMRÅDE,702fd451f9b62182b4d8
Gävleborg,Alfta fvof,Nybotjärnen,Sjö,GAV-FK:d1fa5dac943b46cc71516460,KÄLLSÖK KVAR – vattenunikt artbelägg saknas,,FVO-OMRÅDE,10ba80fc928d16410334
Gävleborg,Alfta fvof,Näckatjärnen,Sjö,GAV-FK:b6c030ef6fc339fd0a6ff417,KÄLLSÖK KVAR – vattenunikt artbelägg saknas,,FVO-OMRÅDE,3aa9d8e48f00b40f227d
Gävleborg,Alfta fvof,Pukatjärnen,Sjö,GAV-FK:99dc4ba54ed69319f5929111,KÄLLSÖK KVAR – vattenunikt artbelägg saknas,,FVO-OMRÅDE,ad2d08b34763ed2396e5
Gävleborg,Alfta fvof,Stavssjön,Sjö,GAV-FK:bc257c9d7b134d062f1f96db,KÄLLSÖK KVAR – vattenunikt artbelägg saknas,,FVO-OMRÅDE,903bdef06d239648836a
Gävleborg,Alfta fvof,Stensjön,Sjö,GAV-FK:5686b2d237e274295f301a6d,KÄLLSÖK KVAR – vattenunikt artbelägg saknas,,FVO-OMRÅDE,13e12ead09ced318b850
Gävleborg,Alfta fvof,Stora Glittern,Sjö,GAV-FK:44c15c95b4913775b065a26d,KÄLLSÖK KVAR – vattenunikt artbelägg saknas,,FVO-OMRÅDE,c547a6260fe0767ed2eb
Gävleborg,Alfta fvof,Stora Hedtjärnen,Sjö,GAV-FK:6cef0d4f4de667b3cc61cb83,KÄLLSÖK KVAR – vattenunikt artbelägg saknas,,FVO-OMRÅDE,a781f9ba4b1d25650c06
Gävleborg,Alfta fvof,Stora Långtjärnen,Sjö,GAV-FK:fb67256f9618fb35aa26a98c,KÄLLSÖK KVAR – vattenunikt artbelägg saknas,,FVO-OMRÅDE,a5079f9f2b2a1be8267e
Gävleborg,Alfta fvof,Storhandsken,Sjö,GAV-FK:ae43b28c1400cab345c05733,KÄLLSÖK KVAR – vattenunikt artbelägg saknas,,FVO-OMRÅDE,135443e27e35a9701bc4
Gävleborg,Alfta fvof,Stugtjärn,Sjö,GAV-FK:d6b8f585f7dfc4d8ea9d1530,KÄLLSÖK KVAR – vattenunikt artbelägg saknas,,FVO-OMRÅDE,9819e5c5fc9957ac5afc
Gävleborg,Alfta fvof,Stygganästjärnen,Sjö,GAV-FK:f2a55490d643c5f602ccdc28,KÄLLSÖK KVAR – vattenunikt artbelägg saknas,,FVO-OMRÅDE,da65f574cf845e595f88
Gävleborg,Alfta fvof,Sultnatjärnen,Sjö,GAV-FK:7235aae2ea5eeb8ffc3f205a,KÄLLSÖK KVAR – vattenunikt artbelägg saknas,,FVO-OMRÅDE,0da3684bce54ebe1ffc9
Gävleborg,Alfta fvof,Södra Båttjärnen,Sjö,GAV-FK:96a8903592df3091053730fb,KÄLLSÖK KVAR – vattenunikt artbelägg saknas,,FVO-OMRÅDE,be3e08772a4267dabb1f
Gävleborg,Alfta fvof,Trollabergstjärnarna,Sjö,GAV-FK:5e42b44a30ef787905b05dee,KÄLLSÖK KVAR – vattenunikt artbelägg saknas,,FVO-OMRÅDE,effc0c49229f0af2ebcd
Gävleborg,Alfta fvof,Uvasen,Sjö,GAV-FK:ff0595dbb6fcb0f1ecd64992,KÄLLSÖK KVAR – vattenunikt artbelägg saknas,,FVO-OMRÅDE,a23b63f31ff13843a9d5
Gävleborg,Alfta fvof,Vamnlösen,Sjö,GAV-FK:ca6c49daf42e6ffe90b098fb,KÄLLSÖK KVAR – vattenunikt artbelägg saknas,,FVO-OMRÅDE,c65360df971430ae7ade
Gävleborg,Alfta fvof,Väst-Skogtjärnen,Sjö,GAV-FK:cbeddb5ef872ebefd30d846b,KÄLLSÖK KVAR – vattenunikt artbelägg saknas,,FVO-OMRÅDE,f97292457f10d1645f68
Gävleborg,Alfta fvof,Västra Ämmatjärnen,Sjö,GAV-FK:98ec4f93d363db4e524458e1,KÄLLSÖK KVAR – vattenunikt artbelägg saknas,,FVO-OMRÅDE,8e6117ec131c726f3cca
Gävleborg,Alfta fvof,Österbotjärnen,Sjö,GAV-FK:65c91259a4952d3b440e7db8,KÄLLSÖK KVAR – vattenunikt artbelägg saknas,,FVO-OMRÅDE,e38c8cd871dbba063563
Gävleborg,Alfta fvof,Flöttjärnsbäcken,Vattendrag,GAV-FK:98797cf9f6fb3e659a0aaed1,KÄLLSÖK KVAR – vattenunikt artbelägg saknas,,FVO-OMRÅDE,6df8d92a649952529477
Gävleborg,Alfta fvof,Forsgårdsbäcken,Vattendrag,GAV-FK:54be9b691a519bbca2eb694c,KÄLLSÖK KVAR – vattenunikt artbelägg saknas,,FVO-OMRÅDE,064b4df2b173934b5d0e
Gävleborg,Alfta fvof,Frösteboån,Vattendrag,GAV-FK:44a823836084b2da7ac46ec0,KÄLLSÖK KVAR – vattenunikt artbelägg saknas,,FVO-OMRÅDE,ccf7d84abd4c1b87c862
Gävleborg,Alfta fvof,Gammelån,Vattendrag,GAV-FK:b5a68fbc3c43dd750cac8a8a,KÄLLSÖK KVAR – vattenunikt artbelägg saknas,,FVO-OMRÅDE,0eb1a03d660501314501
Gävleborg,Alfta fvof,Grannäsån,Vattendrag,GAV-FK:4c809a02f0b38e80571b4c40,KÄLLSÖK KVAR – vattenunikt artbelägg saknas,,FVO-OMRÅDE,d1d75f239a6a08ecc585
Gävleborg,Alfta fvof,Långabäcken,Vattendrag,GAV-FK:9474011ac0abe258aad10a53,KÄLLSÖK KVAR – vattenunikt artbelägg saknas,,FVO-OMRÅDE,8f095419c96e3fd1b97e
Gävleborg,Alfta fvof,Ormbäcken,Vattendrag,GAV-FK:80e26e3c83a99dc32618fea5,KÄLLSÖK KVAR – vattenunikt artbelägg saknas,,FVO-OMRÅDE,861aae85ef5a7e5bba70
Gävleborg,Alfta fvof,Svartbäcken,Vattendrag,GAV-FK:29a4e03faf51b7c4b0a885c5,KÄLLSÖK KVAR – vattenunikt artbelägg saknas,,FVO-OMRÅDE,856131df053079966980
Gävleborg,Alfta fvof,Vitaspbäcken,Vattendrag,GAV-FK:fada6c43afcb69b8ce22e068,KÄLLSÖK KVAR – vattenunikt artbelägg saknas,,FVO-OMRÅDE,9137c828c6383cb37ada
Gävleborg,Alfta fvof,Väst-Skogtjärnbäcken,Vattendrag,GAV-FK:c13bacfef9f31c8d10539289,KÄLLSÖK KVAR – vattenunikt artbelägg saknas,,FVO-OMRÅDE,02b04cccee214f62a4ac
Gävleborg,Alfta fvof,Ålakarsbäcken,Vattendrag,GAV-FK:40a1a2ed0b6e1ab713efd805,KÄLLSÖK KVAR – vattenunikt artbelägg saknas,,FVO-OMRÅDE,7483a174bed7a713426d
Gävleborg,Arbrå-Underviks fvof,Acktjärnen,Sjö,GAV-FK:625072a08a653694982d918e,KÄLLSÖK KVAR – vattenunikt artbelägg saknas,,FVO-OMRÅDE,dc9a5d21fa7d9290c3ca
Gävleborg,Arbrå-Underviks fvof,Björktjärnen,Sjö,GAV-FK:6476726205d6eda36c500cde,KÄLLSÖK KVAR – vattenunikt artbelägg saknas,,FVO-OMRÅDE,0e5b2bd29f69d18f8f44
Gävleborg,Arbrå-Underviks fvof,Blöten,Sjö,GAV-FK:5d1ecf8374cd7e720bd30ba7,KÄLLSÖK KVAR – vattenunikt artbelägg saknas,,FVO-OMRÅDE,aa26048454bce593bc13
Gävleborg,Arbrå-Underviks fvof,Bodtjärnen,Sjö,GAV-FK:1e7f8d4b217047daa2f71430,KÄLLSÖK KVAR – vattenunikt artbelägg saknas,,FVO-OMRÅDE,1e921918004113c8e888
Gävleborg,Arbrå-Underviks fvof,Bogårdstjärnen,Sjö,GAV-FK:8388627d9048a8754d6f10d6,KÄLLSÖK KVAR – vattenunikt artbelägg saknas,,FVO-OMRÅDE,b30cde28bb980b66ade8
Gävleborg,Arbrå-Underviks fvof,Flurtjärnen,Sjö,GAV-FK:bb92913cbb51481d38ed0c7d,KÄLLSÖK KVAR – vattenunikt artbelägg saknas,,FVO-OMRÅDE,fba32eae65a91514d177
Gävleborg,Arbrå-Underviks fvof,Hundgårdssjön,Sjö,GAV-FK:6fbdb96607835119ac8dde17,KÄLLSÖK KVAR – vattenunikt artbelägg saknas,,FVO-OMRÅDE,ed9020d714d0e172b497
Gävleborg,Arbrå-Underviks fvof,Lilla Dalsjön,Sjö,GAV-FK:04833a5bdd2d301faacde070,KÄLLSÖK KVAR – vattenunikt artbelägg saknas,,FVO-OMRÅDE,bd2888cb26b785de0932
Gävleborg,Arbrå-Underviks fvof,Lillbotjärnen,Sjö,GAV-FK:61cd969552386ada967ee07e,KÄLLSÖK KVAR – vattenunikt artbelägg saknas,,FVO-OMRÅDE,320fe51c03e032938e45
Gävleborg,Arbrå-Underviks fvof,Norra Maskinsjön,Sjö,GAV-FK:47175654c49950907155e4c5,KÄLLSÖK KVAR – vattenunikt artbelägg saknas,,FVO-OMRÅDE,3cc874a657a136bf5653
Gävleborg,Arbrå-Underviks fvof,Nöttjärnen,Sjö,GAV-FK:5db5f24ab770c3e4ac550255,KÄLLSÖK KVAR – vattenunikt artbelägg saknas,,FVO-OMRÅDE,2b5e839aa9c9d0c618f2
Gävleborg,Arbrå-Underviks fvof,Snattjärnen,Sjö,GAV-FK:2b2e6038445b42f6651630ae,KÄLLSÖK KVAR – vattenunikt artbelägg saknas,,FVO-OMRÅDE,2a42323bc097996c0602
Gävleborg,Arbrå-Underviks fvof,Södra Maskinsjön,Sjö,GAV-FK:9110ea47f433fe1c276a96f4,KÄLLSÖK KVAR – vattenunikt artbelägg saknas,,FVO-OMRÅDE,2c00574b8497c1c9513a
Gävleborg,Arbrå-Underviks fvof,Valåssjön,Sjö,GAV-FK:a553c3c36fca035b42e11e4a,KÄLLSÖK KVAR – vattenunikt artbelägg saknas,,FVO-OMRÅDE,baa5d0f509fe6cab608e
Gävleborg,Arbrå-Underviks fvof,Vrångtjärnen,Sjö,GAV-FK:a1d7c4f4900ab203a1e701ed,KÄLLSÖK KVAR – vattenunikt artbelägg saknas,,FVO-OMRÅDE,76c645ed71a1f24fa64a
Gävleborg,Arbrå-Underviks fvof,Över-Snaten,Sjö,GAV-FK:dd122e833f46234aaed2c58d,KÄLLSÖK KVAR – vattenunikt artbelägg saknas,,FVO-OMRÅDE,05b5e79eda088bbdd7ed
Gävleborg,Arbrå-Underviks fvof,Abborrtjärnsb.,Vattendrag,GAV-FK:e258984105c01a1004ff16a8,KÄLLSÖK KVAR – vattenunikt artbelägg saknas,,FVO-OMRÅDE,72c76defe14766113710
Gävleborg,Arbrå-Underviks fvof,Bogårdsån,Vattendrag,GAV-FK:52341c935826062e378d063f,KÄLLSÖK KVAR – vattenunikt artbelägg saknas,,FVO-OMRÅDE,3541b9778b2ef3b0b1aa
Gävleborg,Arbrå-Underviks fvof,Flybäcken,Vattendrag,GAV-FK:c38b71442b2479437fa1d4e3,KÄLLSÖK KVAR – vattenunikt artbelägg saknas,,FVO-OMRÅDE,fd067f1a6ed7c98166eb
Gävleborg,Arbrå-Underviks fvof,Hosboån,Vattendrag,GAV-FK:a539b34515993536b70105f6,KÄLLSÖK KVAR – vattenunikt artbelägg saknas,,FVO-OMRÅDE,b41da71d2371f27d443d
Gävleborg,Arbrå-Underviks fvof,Isteån,Vattendrag,GAV-FK:073f7802f00f48a0e6af4ed0,KÄLLSÖK KVAR – vattenunikt artbelägg saknas,,FVO-OMRÅDE,2e43fff6fb249021a692
Gävleborg,Arbrå-Underviks fvof,Millmyrån,Vattendrag,GAV-FK:c8ee1fe1e639456d6a97c68a,KÄLLSÖK KVAR – vattenunikt artbelägg saknas,,FVO-OMRÅDE,91012ff112231aaad228
Gävleborg,Arbrå-Underviks fvof,Nybobäcken,Vattendrag,GAV-FK:6ba6912043768a3ea6c7359f,KÄLLSÖK KVAR – vattenunikt artbelägg saknas,,FVO-OMRÅDE,62c75a6ebe8d669145b9
Gävleborg,Arbrå-Underviks fvof,Nyrönningsb.,Vattendrag,GAV-FK:184da49b54ffba095fe0e15d,KÄLLSÖK KVAR – vattenunikt artbelägg saknas,,FVO-OMRÅDE,195edca8b2362a0d7504
Gävleborg,Arbrå-Underviks fvof,Partån,Vattendrag,GAV-FK:41096f3e073ccfb6bbaa42b6,KÄLLSÖK KVAR – vattenunikt artbelägg saknas,,FVO-OMRÅDE,1b9e7f58cd17e491c2fe
Gävleborg,Arbrå-Underviks fvof,Ränningsb.,Vattendrag,GAV-FK:e19cc9f9f42336c0f1339752,KÄLLSÖK KVAR – vattenunikt artbelägg saknas,,FVO-OMRÅDE,f63de31c3f6cc51a8e88
Gävleborg,Arbrå-Underviks fvof,Sannån,Vattendrag,GAV-FK:66a03cc5288366901cde312a,KÄLLSÖK KVAR – vattenunikt artbelägg saknas,,FVO-OMRÅDE,072f3d8ab0b4ce9e2ad7
Gävleborg,Arbrå-Underviks fvof,Skyttån,Vattendrag,GAV-FK:b7e7256fcd34bc6ebac73ee0,KÄLLSÖK KVAR – vattenunikt artbelägg saknas,,FVO-OMRÅDE,89eb52b50d52131e60ad
Gävleborg,Arbrå-Underviks fvof,Snatbäcken,Vattendrag,GAV-FK:7c4a1cebac826ad75f0fbe1a,KÄLLSÖK KVAR – vattenunikt artbelägg saknas,,FVO-OMRÅDE,9dc5a07e170a88abb47f
Gävleborg,Arbrå-Underviks fvof,Stuttjärnsån,Vattendrag,GAV-FK:52d64ad1114806ad1d21e071,KÄLLSÖK KVAR – vattenunikt artbelägg saknas,,FVO-OMRÅDE,756fef84df50467748c0
Gävleborg,Arbrå-Underviks fvof,Trönöån,Vattendrag,GAV-FK:7775d9121495df5bc40748d9,KÄLLSÖK KVAR – vattenunikt artbelägg saknas,,FVO-OMRÅDE,46fd7322908419d2c9a6
Gävleborg,Arbrå-Underviks fvof,Växboån,Vattendrag,GAV-FK:5ad1c575f1e917e9fd029e7b,KÄLLSÖK KVAR – vattenunikt artbelägg saknas,,FVO-OMRÅDE,1291fd8a14e060bbb63c
Gävleborg,Arbrå-Underviks fvof,Ängaån,Vattendrag,GAV-FK:d98d733aee12b470d0bd2c3e,KÄLLSÖK KVAR – vattenunikt artbelägg saknas,,FVO-OMRÅDE,63a578be6b4ff8b5ed9a
Gävleborg,Arbrå-Underviks fvof,Östansjöån,Vattendrag,GAV-FK:6812b4d6d91fd5cd50ec1878,KÄLLSÖK KVAR – vattenunikt artbelägg saknas,,FVO-OMRÅDE,f4c488b9085d020a8992
Gävleborg,Bollnäs norra fvof,Bellsjön,Sjö,GAV-FK:27fbbc7a7001589248173543,KÄLLSÖK KVAR – vattenunikt artbelägg saknas,,FVO-OMRÅDE,909976082ddbdbc60cc4
Gävleborg,Bollnäs norra fvof,Bergbotjärnen,Sjö,GAV-FK:0e7fa172f2f1bb8f63ac0d33,KÄLLSÖK KVAR – vattenunikt artbelägg saknas,,FVO-OMRÅDE,fc364a89b5ba7ae44b35
Gävleborg,Bollnäs norra fvof,Björktjäratjärnen,Sjö,GAV-FK:2095d3739df742c7dba9f912,KÄLLSÖK KVAR – vattenunikt artbelägg saknas,,FVO-OMRÅDE,f45772a6150ad6916064
Gävleborg,Bollnäs norra fvof,Björntjärn,Sjö,GAV-FK:ce53a2ef506f5bcd82e23442,KÄLLSÖK KVAR – vattenunikt artbelägg saknas,,FVO-OMRÅDE,340298f355edb1dba670
Gävleborg,Bollnäs norra fvof,Bolletjärnen,Sjö,GAV-FK:aabcac1b90f4be482e70ed96,KÄLLSÖK KVAR – vattenunikt artbelägg saknas,,FVO-OMRÅDE,21ac41a2fd44a6f5bed5
Gävleborg,Bollnäs norra fvof,Ecklingen,Sjö,GAV-FK:1247b7dd35a5514a9cf5c4e8,KÄLLSÖK KVAR – vattenunikt artbelägg saknas,,FVO-OMRÅDE,60e535e94bc6bb08444e
Gävleborg,Bollnäs norra fvof,Fjärden,Sjö,GAV-FK:9ba63b128e357b355f2c2590,KÄLLSÖK KVAR – vattenunikt artbelägg saknas,,FVO-OMRÅDE,362c71fa39f484d49251
Gävleborg,Bollnäs norra fvof,Flästasjön,Sjö,GAV-FK:b27a1009c8e5d3ef7b08c3ba,KÄLLSÖK KVAR – vattenunikt artbelägg saknas,,FVO-OMRÅDE,da9e67f414abfd4e6897
Gävleborg,Bollnäs norra fvof,Getbergstjärn,Sjö,GAV-FK:690cfcac7cbd3246f48ea53b,KÄLLSÖK KVAR – vattenunikt artbelägg saknas,,FVO-OMRÅDE,90df61ea34b0efe8303a
Gävleborg,Bollnäs norra fvof,Gälsbotjärnen,Sjö,GAV-FK:b42340d122f0868244e39768,KÄLLSÖK KVAR – vattenunikt artbelägg saknas,,FVO-OMRÅDE,9e585de03d9649c95885
Gävleborg,Bollnäs norra fvof,Hemlingen,Sjö,GAV-FK:c1c44ca0b518ba363f602ca4,KÄLLSÖK KVAR – vattenunikt artbelägg saknas,,FVO-OMRÅDE,c64f41bb84c05497a556
Gävleborg,Bollnäs norra fvof,Hängsjön,Sjö,GAV-FK:29eb3c9f1053099d650a1e74,KÄLLSÖK KVAR – vattenunikt artbelägg saknas,,FVO-OMRÅDE,8405b7372b29262c9a23
Gävleborg,Bollnäs norra fvof,Håsjön,Sjö,GAV-FK:52e1ad8730b7db079ddc87fc,KÄLLSÖK KVAR – vattenunikt artbelägg saknas,,FVO-OMRÅDE,f8c31a2b74583e7a515b
Gävleborg,Bollnäs norra fvof,Höstbodtjärnen,Sjö,GAV-FK:b82791a396a0104019cdc98b,KÄLLSÖK KVAR – vattenunikt artbelägg saknas,,FVO-OMRÅDE,8b2d6120669cd7d7d794
Gävleborg,Bollnäs norra fvof,Lilla Flugen,Sjö,GAV-FK:192c9d9e39a19c91aebf5106,KÄLLSÖK KVAR – vattenunikt artbelägg saknas,,FVO-OMRÅDE,6845303a8fedf63e520d
Gävleborg,Bollnäs norra fvof,Mevassen,Sjö,GAV-FK:7f0d2d2db2c70e3b6dae6b3e,KÄLLSÖK KVAR – vattenunikt artbelägg saknas,,FVO-OMRÅDE,f91516303276e559b1c9
Gävleborg,Bollnäs norra fvof,Mosstjärnen,Sjö,GAV-FK:1084728b1d8ef7636802a3a3,KÄLLSÖK KVAR – vattenunikt artbelägg saknas,,FVO-OMRÅDE,f09c8c14a793e6662696
Gävleborg,Bollnäs norra fvof,Mutingen,Sjö,GAV-FK:78e4aa8d693175d6342cc973,KÄLLSÖK KVAR – vattenunikt artbelägg saknas,,FVO-OMRÅDE,2132c69a812de87ce6f6
Gävleborg,Bollnäs norra fvof,Mynntjärnen,Sjö,GAV-FK:b9fcfe6c4debdecc8f566d87,KÄLLSÖK KVAR – vattenunikt artbelägg saknas,,FVO-OMRÅDE,060ceaf60b9d4bf24767
Gävleborg,Bollnäs norra fvof,Nedra Herten,Sjö,GAV-FK:5d4b62135ad29edf300f20e3,KÄLLSÖK KVAR – vattenunikt artbelägg saknas,,FVO-OMRÅDE,77f6c07bd1bb92eac526
Gävleborg,Bollnäs norra fvof,Slåttsjön,Sjö,GAV-FK:89dce4c6ad515a15fe67ba99,KÄLLSÖK KVAR – vattenunikt artbelägg saknas,,FVO-OMRÅDE,208b117580d3cb48cfa8
Gävleborg,Bollnäs norra fvof,Stor-Flugen,Sjö,GAV-FK:45cdfe17e110c098aca34292,KÄLLSÖK KVAR – vattenunikt artbelägg saknas,,FVO-OMRÅDE,58b55297513203ec5f0c
Gävleborg,Bollnäs norra fvof,Stora Vensjön,Sjö,GAV-FK:2ff3b3136f87014e037b0fc1,KÄLLSÖK KVAR – vattenunikt artbelägg saknas,,FVO-OMRÅDE,5334da56cee6a142d548
Gävleborg,Bollnäs norra fvof,Södersjön,Sjö,GAV-FK:18903dc2954f88c8dc4278b7,KÄLLSÖK KVAR – vattenunikt artbelägg saknas,,FVO-OMRÅDE,aecc0b8765e93433424a
Gävleborg,Bollnäs norra fvof,Sörbosjön,Sjö,GAV-FK:dceeed1be006cafe5ac3bfd4,KÄLLSÖK KVAR – vattenunikt artbelägg saknas,,FVO-OMRÅDE,2786961014fac3968a7d
Gävleborg,Bollnäs norra fvof,Tvåtjärnarna,Sjö,GAV-FK:31148aa9119c48d579b01f91,KÄLLSÖK KVAR – vattenunikt artbelägg saknas,,FVO-OMRÅDE,513b42886ca99aa30c5a
Gävleborg,Bollnäs norra fvof,Västersjön,Sjö,GAV-FK:c091e8b5210a61a5a896e8e7,KÄLLSÖK KVAR – vattenunikt artbelägg saknas,,FVO-OMRÅDE,9cacc198f25e0e51bae4
Gävleborg,Bollnäs norra fvof,Västra Gässlingen,Sjö,GAV-FK:c7cf8445d53003a195a4799e,KÄLLSÖK KVAR – vattenunikt artbelägg saknas,,FVO-OMRÅDE,0046bbf80ef660b373a4
Gävleborg,Bollnäs norra fvof,Västra Ösen,Sjö,GAV-FK:79ab74a8a41ebc79549d48f8,KÄLLSÖK KVAR – vattenunikt artbelägg saknas,,FVO-OMRÅDE,07118af003a796b980c5
Gävleborg,Bollnäs norra fvof,Yxsjön,Sjö,GAV-FK:0b89f64ffb8b1085c3fd5b5f,KÄLLSÖK KVAR – vattenunikt artbelägg saknas,,FVO-OMRÅDE,b261695d906ded667047
Gävleborg,Bollnäs norra fvof,Åsbackaviken,Sjö,GAV-FK:fecdc40280616a79538ed0ad,KÄLLSÖK KVAR – vattenunikt artbelägg saknas,,FVO-OMRÅDE,045184dff6ee2e7514c6
Gävleborg,Bollnäs norra fvof,Östra Gässlingen,Sjö,GAV-FK:736edcb4e19dc60c29037f15,KÄLLSÖK KVAR – vattenunikt artbelägg saknas,,FVO-OMRÅDE,84c133721a52ec564a57
Gävleborg,Bollnäs norra fvof,Östra Hundtjärnen,Sjö,GAV-FK:cf2929b8ca6eaf289fb77186,KÄLLSÖK KVAR – vattenunikt artbelägg saknas,,FVO-OMRÅDE,283261c2ae8ec04b7788
Gävleborg,Bollnäs norra fvof,Östra Ösen,Sjö,GAV-FK:8819988b96c94e5c7e93b225,KÄLLSÖK KVAR – vattenunikt artbelägg saknas,,FVO-OMRÅDE,99ae62aae737f324b7d0
Gävleborg,Bollnäs norra fvof,Herteån,Vattendrag,GAV-FK:9002dceaec20c58d3682af6a,KÄLLSÖK KVAR – vattenunikt artbelägg saknas,,FVO-OMRÅDE,32d82c61623dfd037784
Gävleborg,Bollnäs norra fvof,Rabobäcken,Vattendrag,GAV-FK:302e465279010ecc3cc4cc61,KÄLLSÖK KVAR – vattenunikt artbelägg saknas,,FVO-OMRÅDE,c89d77aa6e2cf85fb8ee
Gävleborg,Bollnäs norra fvof,Växboån,Vattendrag,GAV-FK:ebc64bb55bec7bfe81ee9cb1,KÄLLSÖK KVAR – vattenunikt artbelägg saknas,,FVO-OMRÅDE,5f47109cb23ee26ffcb1
Gävleborg,Bollnäs södra fvof,Abborrkassen,Sjö,GAV-FK:50db9ded0aec211a479dc5d4,KÄLLSÖK KVAR – vattenunikt artbelägg saknas,,FVO-OMRÅDE,54c98628525ad594ace8
Gävleborg,Bollnäs södra fvof,Asptjärnen,Sjö,GAV-FK:e30c4b7fbe0aa0e635adf238,KÄLLSÖK KVAR – vattenunikt artbelägg saknas,,FVO-OMRÅDE,bc0a0db8acf5d144f066
Gävleborg,Bollnäs södra fvof,Björntjärn,Sjö,GAV-FK:0d6122399cfcfb7975b4d1c3,KÄLLSÖK KVAR – vattenunikt artbelägg saknas,,FVO-OMRÅDE,dbe09343f6ec2c8c7c0f
Gävleborg,Bollnäs södra fvof,Blecksjön,Sjö,GAV-FK:95a2ae0ea6f524eebe6cbdeb,KÄLLSÖK KVAR – vattenunikt artbelägg saknas,,FVO-OMRÅDE,bf48c14ee67bb099c686
Gävleborg,Bollnäs södra fvof,Bocksjön,Sjö,GAV-FK:1625204be56f41b44f8ee297,KÄLLSÖK KVAR – vattenunikt artbelägg saknas,,FVO-OMRÅDE,8c791481ef1c257426cb
Gävleborg,Bollnäs södra fvof,Bodtjärn,Sjö,GAV-FK:0dd380097fea8ce793766525,KÄLLSÖK KVAR – vattenunikt artbelägg saknas,,FVO-OMRÅDE,ea5bbe4b3bdd99418e13
Gävleborg,Bollnäs södra fvof,Bresiljorna,Sjö,GAV-FK:db824c9c1b5f3c55b535f725,KÄLLSÖK KVAR – vattenunikt artbelägg saknas,,FVO-OMRÅDE,79991bbee3a55f230dc2
Gävleborg,Bollnäs södra fvof,Dammtjärnen,Sjö,GAV-FK:bb2cce493563fb29288fe157,KÄLLSÖK KVAR – vattenunikt artbelägg saknas,,FVO-OMRÅDE,77b805e8c6d4c57d3076
Gävleborg,Bollnäs södra fvof,Fannstjärnen,Sjö,GAV-FK:d55037648ee3005b8f657ae1,KÄLLSÖK KVAR – vattenunikt artbelägg saknas,,FVO-OMRÅDE,9f6a2bf2c76bd82b114d
Gävleborg,Bollnäs södra fvof,Fansen,Sjö,GAV-FK:de7dace15b98a94d4d4e0587,KÄLLSÖK KVAR – vattenunikt artbelägg saknas,,FVO-OMRÅDE,eec23295566b850288f5
Gävleborg,Bollnäs södra fvof,Fisklösen,Sjö,GAV-FK:509c594dd46d8addc907daaf,KÄLLSÖK KVAR – vattenunikt artbelägg saknas,,FVO-OMRÅDE,0aa1fef8d7918b8d2baa
Gävleborg,Bollnäs södra fvof,Gyljen,Sjö,GAV-FK:a7cec18c34498495b4261762,KÄLLSÖK KVAR – vattenunikt artbelägg saknas,,FVO-OMRÅDE,12514f5bbe1b8cbdb453
Gävleborg,Bollnäs södra fvof,Hemlingen,Sjö,GAV-FK:4a469e59355906e0b8d9feae,KÄLLSÖK KVAR – vattenunikt artbelägg saknas,,FVO-OMRÅDE,2cb2c49225aa2be51ca3
Gävleborg,Bollnäs södra fvof,Holmsbosjön,Sjö,GAV-FK:29d697956f263e1e6d3c6900,KÄLLSÖK KVAR – vattenunikt artbelägg saknas,,FVO-OMRÅDE,560f0e4e40d1dcc91d2f
Gävleborg,Bollnäs södra fvof,Holmtjärnen,Sjö,GAV-FK:fff724b86bb2469da8b3fffa,KÄLLSÖK KVAR – vattenunikt artbelägg saknas,,FVO-OMRÅDE,95d73beec6526d1e94f7
Gävleborg,Bollnäs södra fvof,Häsbosjön,Sjö,GAV-FK:c93e9966f90ad175f2a93f89,KÄLLSÖK KVAR – vattenunikt artbelägg saknas,,FVO-OMRÅDE,0dfddc9f0a2253609575
Gävleborg,Bollnäs södra fvof,Högsjön,Sjö,GAV-FK:f9dd244fb3b69fb4dd0ecf3e,KÄLLSÖK KVAR – vattenunikt artbelägg saknas,,FVO-OMRÅDE,e14491b6937f18008679
Gävleborg,Bollnäs södra fvof,Kaxen,Sjö,GAV-FK:051a8064a101bdd59a24ac7f,KÄLLSÖK KVAR – vattenunikt artbelägg saknas,,FVO-OMRÅDE,f274f3e56b82f0089e17
Gävleborg,Bollnäs södra fvof,Kåvsjön,Sjö,GAV-FK:cb877fb14b843932a2ed9839,KÄLLSÖK KVAR – vattenunikt artbelägg saknas,,FVO-OMRÅDE,c505e25529b053d0f729
Gävleborg,Bollnäs södra fvof,Lilla Öjungen,Sjö,GAV-FK:fbd11e473fc840e6ef6619e6,KÄLLSÖK KVAR – vattenunikt artbelägg saknas,,FVO-OMRÅDE,f50d5e4dd71c5618f9d0
Gävleborg,Bollnäs södra fvof,Linnåstjärn,Sjö,GAV-FK:c0a22d60134b5f03cb78b366,KÄLLSÖK KVAR – vattenunikt artbelägg saknas,,FVO-OMRÅDE,f6b79b37585a665ba645
Gävleborg,Bollnäs södra fvof,Locksjön,Sjö,GAV-FK:ac736548ac05c966aa771aa8,KÄLLSÖK KVAR – vattenunikt artbelägg saknas,,FVO-OMRÅDE,5048705f5a7eb17926ec
Gävleborg,Bollnäs södra fvof,Långbotjärnen,Sjö,GAV-FK:e640e7ee24c3dd06e47b52b0,KÄLLSÖK KVAR – vattenunikt artbelägg saknas,,FVO-OMRÅDE,cd8187314f7463860c2c
Gävleborg,Bollnäs södra fvof,Lövtjärnen,Sjö,GAV-FK:d48d9670140804568dcec862,KÄLLSÖK KVAR – vattenunikt artbelägg saknas,,FVO-OMRÅDE,d3e10cd216b51a75aab4
Gävleborg,Bollnäs södra fvof,Mödängsbosjön,Sjö,GAV-FK:4c4d1cfe15169071334c3160,KÄLLSÖK KVAR – vattenunikt artbelägg saknas,,FVO-OMRÅDE,dcbebac50efa7a256135
Gävleborg,Bollnäs södra fvof,Mörtsjön,Sjö,GAV-FK:29f8ca3d4fcd61f153c628d5,KÄLLSÖK KVAR – vattenunikt artbelägg saknas,,FVO-OMRÅDE,84df869a099f73edda70
Gävleborg,Bollnäs södra fvof,Mörttjärn,Sjö,GAV-FK:e8380f2998b45d1c9f728c8b,KÄLLSÖK KVAR – vattenunikt artbelägg saknas,,FVO-OMRÅDE,7677ef793e24397b4d38
Gävleborg,Bollnäs södra fvof,Nybosjön,Sjö,GAV-FK:b1d7e53adf701e4c36814231,KÄLLSÖK KVAR – vattenunikt artbelägg saknas,,FVO-OMRÅDE,474a247f14b3bbece304
Gävleborg,Bollnäs södra fvof,Nysjön,Sjö,GAV-FK:718b12f7388fd5d4386b2881,KÄLLSÖK KVAR – vattenunikt artbelägg saknas,,FVO-OMRÅDE,c27d815733f6832b041f
Gävleborg,Bollnäs södra fvof,Rocksjön,Sjö,GAV-FK:4ce68b3a126f00804b31a314,KÄLLSÖK KVAR – vattenunikt artbelägg saknas,,FVO-OMRÅDE,01c58d7387c3ff13df26
Gävleborg,Bollnäs södra fvof,Silmo,Sjö,GAV-FK:89ba852f5c3bb07b60040b29,KÄLLSÖK KVAR – vattenunikt artbelägg saknas,,FVO-OMRÅDE,cc792223a7438163cb28
Gävleborg,Bollnäs södra fvof,Stensjön,Sjö,GAV-FK:59e87b56e147821a95c005f6,KÄLLSÖK KVAR – vattenunikt artbelägg saknas,,FVO-OMRÅDE,d860a0a027c252113342
Gävleborg,Bollnäs södra fvof,Stora Ljustjärnen,Sjö,GAV-FK:bf8447813b01348db1fca23c,KÄLLSÖK KVAR – vattenunikt artbelägg saknas,,FVO-OMRÅDE,56ddadcaad2e40536d7f
Gävleborg,Bollnäs södra fvof,Stugsjön,Sjö,GAV-FK:d21e7473a159ecc802d62770,KÄLLSÖK KVAR – vattenunikt artbelägg saknas,,FVO-OMRÅDE,8c39ac859c4584b5cc26
Gävleborg,Bollnäs södra fvof,Stålbergstjärnen,Sjö,GAV-FK:b6ce24da8623e86a22d7e77e,KÄLLSÖK KVAR – vattenunikt artbelägg saknas,,FVO-OMRÅDE,39d65d64dd280221fd02
Gävleborg,Bollnäs södra fvof,Sävertjärnet,Sjö,GAV-FK:c070224705277e481fdb344d,KÄLLSÖK KVAR – vattenunikt artbelägg saknas,,FVO-OMRÅDE,fbc65c8b5dc9a3fa9286
Gävleborg,Bollnäs södra fvof,Södra Båttjärnen,Sjö,GAV-FK:4c3428bcf992cf3cbf5389a9,KÄLLSÖK KVAR – vattenunikt artbelägg saknas,,FVO-OMRÅDE,d52c9eec2a6a970cdc98
Gävleborg,Bollnäs södra fvof,Tovabotjärnen,Sjö,GAV-FK:ddf9fc1a63fce32321be0cfe,KÄLLSÖK KVAR – vattenunikt artbelägg saknas,,FVO-OMRÅDE,22ab3d8cf5c9939b3a4b
Gävleborg,Bollnäs södra fvof,Vittsjöbosjön,Sjö,GAV-FK:000d02eb256f7aad13df83ff,KÄLLSÖK KVAR – vattenunikt artbelägg saknas,,FVO-OMRÅDE,c057ba149dc2ef2f26a5
Gävleborg,Bollnäs södra fvof,Västra Gällsjön,Sjö,GAV-FK:0345eac0fce2cfc47380739a,KÄLLSÖK KVAR – vattenunikt artbelägg saknas,,FVO-OMRÅDE,bf389d16bcb04791a974
Gävleborg,Bollnäs södra fvof,Västra Saggen,Sjö,GAV-FK:caab002036848ec4ffc459ba,KÄLLSÖK KVAR – vattenunikt artbelägg saknas,,FVO-OMRÅDE,ddabbbfa3835fc121b90
Gävleborg,Bollnäs södra fvof,Vålsjön,Sjö,GAV-FK:78078cb087743d8662a177c4,KÄLLSÖK KVAR – vattenunikt artbelägg saknas,,FVO-OMRÅDE,fb4fccbaae8732407b11
Gävleborg,Bollnäs södra fvof,Älgsjön,Sjö,GAV-FK:6f226a4aa08806b931f6bd8a,KÄLLSÖK KVAR – vattenunikt artbelägg saknas,,FVO-OMRÅDE,30033d1ce714a67cc6b8
Gävleborg,Bollnäs södra fvof,Ändalöstjärnen,Sjö,GAV-FK:5ffc1e3902ba83fc10df9c14,KÄLLSÖK KVAR – vattenunikt artbelägg saknas,,FVO-OMRÅDE,9dd293774f020f52f521
Gävleborg,Bollnäs södra fvof,Åtjärnen,Sjö,GAV-FK:bac6d282bba4c9152dce020f,KÄLLSÖK KVAR – vattenunikt artbelägg saknas,,FVO-OMRÅDE,95e846052680d033b30a
Gävleborg,Bollnäs södra fvof,Östra Gällsjön,Sjö,GAV-FK:0e803f4558b3624b95cedea1,KÄLLSÖK KVAR – vattenunikt artbelägg saknas,,FVO-OMRÅDE,1fe0fe49d7acea70ce91
Gävleborg,Bollnäs södra fvof,Östra Jönssen,Sjö,GAV-FK:9e6c66d7f902974d7a0d2b1b,KÄLLSÖK KVAR – vattenunikt artbelägg saknas,,FVO-OMRÅDE,05208625038a03330c4f
Gävleborg,Bollnäs södra fvof,Östra Saggen,Sjö,GAV-FK:abdb0185eb39360884d312db,KÄLLSÖK KVAR – vattenunikt artbelägg saknas,,FVO-OMRÅDE,3085d2ee26df4ba543db
Gävleborg,Bollnäs södra fvof,Gammelån,Vattendrag,GAV-FK:a3d8c1986ff1dfa92d12cb68,KÄLLSÖK KVAR – vattenunikt artbelägg saknas,,FVO-OMRÅDE,9358e55a37ae2af07346
Gävleborg,Bollnäs södra fvof,Gyljbäcken,Vattendrag,GAV-FK:de8e101bd35721187b0f3004,KÄLLSÖK KVAR – vattenunikt artbelägg saknas,,FVO-OMRÅDE,579053eba548d7571043
Gävleborg,Bollnäs södra fvof,Gällsån,Vattendrag,GAV-FK:a137797e46cca81c57917e8a,KÄLLSÖK KVAR – vattenunikt artbelägg saknas,,FVO-OMRÅDE,a45af106978964d11aa1
Gävleborg,Bollnäs södra fvof,Lortbäcken,Vattendrag,GAV-FK:1a2cb2fe03afb89588528642,KÄLLSÖK KVAR – vattenunikt artbelägg saknas,,FVO-OMRÅDE,f2860a9c43c84e8378c2
Gävleborg,Bollnäs södra fvof,Långsjöån,Vattendrag,GAV-FK:bb69da1bd97b5fbd2712fcf9,KÄLLSÖK KVAR – vattenunikt artbelägg saknas,,FVO-OMRÅDE,32e7aea6f2eca4d96f54
Gävleborg,Bollnäs södra fvof,Panerabäcken,Vattendrag,GAV-FK:b76be515c7f1ff23938deef7,KÄLLSÖK KVAR – vattenunikt artbelägg saknas,,FVO-OMRÅDE,2a9673c91d75bda3ed99
Gävleborg,Bollnäs södra fvof,Saggån,Vattendrag,GAV-FK:66bc6ed972a7a423fcf48b34,KÄLLSÖK KVAR – vattenunikt artbelägg saknas,,FVO-OMRÅDE,8a330750d761e5b1651d
Gävleborg,Bollnäs södra fvof,Sandån,Vattendrag,GAV-FK:6503c489885ead75080f4ef0,KÄLLSÖK KVAR – vattenunikt artbelägg saknas,,FVO-OMRÅDE,e16154394c984fc47c8d
Gävleborg,Bollnäs södra fvof,Testeboån,Vattendrag,GAV-FK:28f6d9537e5d91071c457b7d,KÄLLSÖK KVAR – vattenunikt artbelägg saknas,,FVO-OMRÅDE,3b4decbe3ffdc595a001
Gävleborg,Bollnäs södra fvof,Utterbäcken,Vattendrag,GAV-FK:b78a9b10b630deda3b8b2d95,KÄLLSÖK KVAR – vattenunikt artbelägg saknas,,FVO-OMRÅDE,bb462dc438cfb55469b9
Gävleborg,Bollnäs södra fvof,Äggsjöbäcken,Vattendrag,GAV-FK:72687730270e9a9fb4a87103,KÄLLSÖK KVAR – vattenunikt artbelägg saknas,,FVO-OMRÅDE,1f682914b197f51dba15
Gävleborg,Borrsjöåns fvof,Alsjön,Sjö,GAV-FK:883965456c20be135e400a2e,KÄLLSÖK KVAR – vattenunikt artbelägg saknas,,FVO-OMRÅDE,022bda8103af062763f9
Gävleborg,Borrsjöåns fvof,Fäbodsjön,Sjö,GAV-FK:7d09d0d04dc9632c44203bd1,KÄLLSÖK KVAR – vattenunikt artbelägg saknas,,FVO-OMRÅDE,2008199f9bb5180c208a
Gävleborg,Borrsjöåns fvof,Nedre Acktjärnen,Sjö,GAV-FK:567cf88770c48e4c6cd52d9d,KÄLLSÖK KVAR – vattenunikt artbelägg saknas,,FVO-OMRÅDE,42ce8bf3d27e172b5a85
Gävleborg,Borrsjöåns fvof,Offsjön,Sjö,GAV-FK:17cb370d5e9c5e0cdbacadeb,KÄLLSÖK KVAR – vattenunikt artbelägg saknas,,FVO-OMRÅDE,7c52f77d9ec56d06ffa8
Gävleborg,Borrsjöåns fvof,Titjärnen,Sjö,GAV-FK:48e8191565f362c4ed2eeed5,KÄLLSÖK KVAR – vattenunikt artbelägg saknas,,FVO-OMRÅDE,fac8867b8a91bffa5c79
Gävleborg,Borrsjöåns fvof,Vattsjön,Sjö,GAV-FK:77dba282991e826bff15036a,KÄLLSÖK KVAR – vattenunikt artbelägg saknas,,FVO-OMRÅDE,0341891661c3b519a799
Gävleborg,Borrsjöåns fvof,Älgshorn,Sjö,GAV-FK:04a72afac44c4d4a1b82818b,KÄLLSÖK KVAR – vattenunikt artbelägg saknas,,FVO-OMRÅDE,575671a80a1dd33d48a6
Gävleborg,Borrsjöåns fvof,Ginsjöbäcken,Vattendrag,GAV-FK:0bb76bcf6a8a2b30b1841564,KÄLLSÖK KVAR – vattenunikt artbelägg saknas,,FVO-OMRÅDE,a8342ece9d961f1acb1b
Gävleborg,Borrsjöåns fvof,Syltbäcken,Vattendrag,GAV-FK:eb365b14b7e2d20ccc49de9d,KÄLLSÖK KVAR – vattenunikt artbelägg saknas,,FVO-OMRÅDE,d7c52a87ce67cbb6aac6
Gävleborg,Dellenbygdens fvof,Abborrsjöarna,Sjö,GAV-FK:e9824201bc69bf47ac2e83e0,KÄLLSÖK KVAR – vattenunikt artbelägg saknas,,FVO-OMRÅDE,88cae4bb267c59855ce6
Gävleborg,Dellenbygdens fvof,Aggtjärnen,Sjö,GAV-FK:dcb500f90e2c798ce7730356,KÄLLSÖK KVAR – vattenunikt artbelägg saknas,,FVO-OMRÅDE,19a04316fe91adbae270
Gävleborg,Dellenbygdens fvof,Bergåstjärnen,Sjö,GAV-FK:32c4996ff51d7ca6e769967d,KÄLLSÖK KVAR – vattenunikt artbelägg saknas,,FVO-OMRÅDE,81e054105cdace1b98cb
Gävleborg,Dellenbygdens fvof,Björntjärnarna,Sjö,GAV-FK:585f36fe7678c7ed2f451318,KÄLLSÖK KVAR – vattenunikt artbelägg saknas,,FVO-OMRÅDE,7aefcaa7021b60f4ff12
Gävleborg,Dellenbygdens fvof,Björntjärnen,Sjö,GAV-FK:5920a8a23843a7f2086e0367,KÄLLSÖK KVAR – vattenunikt artbelägg saknas,,FVO-OMRÅDE,0877149ab2ec67fce21a
Gävleborg,Dellenbygdens fvof,Brukssjön,Sjö,GAV-FK:a7058e1ef8376d17b375207b,KÄLLSÖK KVAR – vattenunikt artbelägg saknas,,FVO-OMRÅDE,b08baecea33eb00f2aec
Gävleborg,Dellenbygdens fvof,Bursjön,Sjö,GAV-FK:26042eaf5db7ba7b0b9da600,KÄLLSÖK KVAR – vattenunikt artbelägg saknas,,FVO-OMRÅDE,4682aabcd1c178b71549
Gävleborg,Dellenbygdens fvof,Gammelsjön,Sjö,GAV-FK:b30fc339436406ef5b2be09c,KÄLLSÖK KVAR – vattenunikt artbelägg saknas,,FVO-OMRÅDE,023d2b26416a01962842
Gävleborg,Dellenbygdens fvof,Glombosjön,Sjö,GAV-FK:8ed7288fb66573d59e8f357f,KÄLLSÖK KVAR – vattenunikt artbelägg saknas,,FVO-OMRÅDE,bfdbf9f891722e6e114d
Gävleborg,Dellenbygdens fvof,Grubbsjön,Sjö,GAV-FK:d9525f59b2a48d64d02519ae,KÄLLSÖK KVAR – vattenunikt artbelägg saknas,,FVO-OMRÅDE,ca2b1d1dee9357852e13
Gävleborg,Dellenbygdens fvof,Gunnarsbosjön,Sjö,GAV-FK:94248d874affe5f6db322847,KÄLLSÖK KVAR – vattenunikt artbelägg saknas,,FVO-OMRÅDE,009f7757e100332b2dce
Gävleborg,Dellenbygdens fvof,Gäddsjön,Sjö,GAV-FK:f46507c456965e187885a3b3,KÄLLSÖK KVAR – vattenunikt artbelägg saknas,,FVO-OMRÅDE,55ad1f00ef37f7928197
Gävleborg,Dellenbygdens fvof,Gåssjön,Sjö,GAV-FK:1cefe96c7bfe1fd35f480d20,KÄLLSÖK KVAR – vattenunikt artbelägg saknas,,FVO-OMRÅDE,14825c9f1fa3e4831fae
Gävleborg,Dellenbygdens fvof,Hedåssjön,Sjö,GAV-FK:ca036c9b8a0c4cc7e9703b73,KÄLLSÖK KVAR – vattenunikt artbelägg saknas,,FVO-OMRÅDE,aa7aec6724cea954b924
Gävleborg,Dellenbygdens fvof,Hilltjärnen,Sjö,GAV-FK:a97c615ebf03f1efcdba70a2,KÄLLSÖK KVAR – vattenunikt artbelägg saknas,,FVO-OMRÅDE,8cf2d2d2e2842b29c387
Gävleborg,Dellenbygdens fvof,Håknorrbosjön,Sjö,GAV-FK:4e7ed4447a57ec5d26fce63a,KÄLLSÖK KVAR – vattenunikt artbelägg saknas,,FVO-OMRÅDE,dbcd10b8125bd48bc072
Gävleborg,Dellenbygdens fvof,Jansjösjön,Sjö,GAV-FK:c0714b373df7b62b0e415473,KÄLLSÖK KVAR – vattenunikt artbelägg saknas,,FVO-OMRÅDE,304e982aa781c86df289
Gävleborg,Dellenbygdens fvof,Lappkulltjärnen,Sjö,GAV-FK:90dad2a953c5935cc8e71c3b,KÄLLSÖK KVAR – vattenunikt artbelägg saknas,,FVO-OMRÅDE,8b2e1f6ac1e95a48027c
Gävleborg,Dellenbygdens fvof,Lillbosjön,Sjö,GAV-FK:1e31f98f7c75a2aa5c409471,KÄLLSÖK KVAR – vattenunikt artbelägg saknas,,FVO-OMRÅDE,fdccfcb4661aa306f0cc
Gävleborg,Dellenbygdens fvof,Lillnaggen,Sjö,GAV-FK:5916ced6f151ee2fb64e2eba,KÄLLSÖK KVAR – vattenunikt artbelägg saknas,,FVO-OMRÅDE,fd4835a8977f94cf9fcc
Gävleborg,Dellenbygdens fvof,Lillsjön,Sjö,GAV-FK:d931bfda94012876cb82be3b,KÄLLSÖK KVAR – vattenunikt artbelägg saknas,,FVO-OMRÅDE,ccb97024abad041adf0a
Gävleborg,Dellenbygdens fvof,Lillvallssjön,Sjö,GAV-FK:53b343b55bf3fb081fde2aed,KÄLLSÖK KVAR – vattenunikt artbelägg saknas,,FVO-OMRÅDE,17a3d75e1dbd8627734c
Gävleborg,Dellenbygdens fvof,Linsjön,Sjö,GAV-FK:f2717ac51092e6e93d96a73e,KÄLLSÖK KVAR – vattenunikt artbelägg saknas,,FVO-OMRÅDE,f3f06cc9625e1dcc6ff8
Gävleborg,Dellenbygdens fvof,Lissel-Ecklingen,Sjö,GAV-FK:c159045dbcb719447e369685,KÄLLSÖK KVAR – vattenunikt artbelägg saknas,,FVO-OMRÅDE,78006fcd36504c0cdfba
Gävleborg,Dellenbygdens fvof,Loppesjön,Sjö,GAV-FK:3795e36ae88c7974bfcb5741,KÄLLSÖK KVAR – vattenunikt artbelägg saknas,,FVO-OMRÅDE,2c709ebbaf571e2525b3
Gävleborg,Dellenbygdens fvof,Långbosjön,Sjö,GAV-FK:c0bd5c3d5f8675f8198e518f,KÄLLSÖK KVAR – vattenunikt artbelägg saknas,,FVO-OMRÅDE,06d18724325f3a942796
Gävleborg,Dellenbygdens fvof,Långedsjön,Sjö,GAV-FK:91a581494ae5b5a79a3262c1,KÄLLSÖK KVAR – vattenunikt artbelägg saknas,,FVO-OMRÅDE,c66c1cb961599f6ba0a2
Gävleborg,Dellenbygdens fvof,Lången,Sjö,GAV-FK:8ae98356255560ebfd82fa73,KÄLLSÖK KVAR – vattenunikt artbelägg saknas,,FVO-OMRÅDE,3966dac8c4ffe39b5842
Gävleborg,Dellenbygdens fvof,Morasjön,Sjö,GAV-FK:8cf55255ea33d6e8c283995b,KÄLLSÖK KVAR – vattenunikt artbelägg saknas,,FVO-OMRÅDE,67131203728770f32601
Gävleborg,Dellenbygdens fvof,Naggtjärnen,Sjö,GAV-FK:96bbc97eb3234901fd95b474,KÄLLSÖK KVAR – vattenunikt artbelägg saknas,,FVO-OMRÅDE,c97cc35677800ac6da1d
Gävleborg,Dellenbygdens fvof,Nedre Fläsmasjön,Sjö,GAV-FK:001d37a083acd74a24e95b7f,KÄLLSÖK KVAR – vattenunikt artbelägg saknas,,FVO-OMRÅDE,2af551b265fd00cd251d
Gävleborg,Dellenbygdens fvof,Norr-Lången,Sjö,GAV-FK:13aa59cac0597f6766428d10,KÄLLSÖK KVAR – vattenunikt artbelägg saknas,,FVO-OMRÅDE,e216e642c6bc2d6af765
Gävleborg,Dellenbygdens fvof,Nottjärnen,Sjö,GAV-FK:aadb35e85e4a83a24a1f479f,KÄLLSÖK KVAR – vattenunikt artbelägg saknas,,FVO-OMRÅDE,5e2b2984e2943fd5ec79
Gävleborg,Dellenbygdens fvof,Nyvallssjön,Sjö,GAV-FK:794e41418abc77fd54782cde,KÄLLSÖK KVAR – vattenunikt artbelägg saknas,,FVO-OMRÅDE,c2f8d20275ceacca9c00
Gävleborg,Dellenbygdens fvof,Olatjärnen,Sjö,GAV-FK:0c598f95a8b4687c881416d2,KÄLLSÖK KVAR – vattenunikt artbelägg saknas,,FVO-OMRÅDE,272db10b30c4e08db4b6
Gävleborg,Dellenbygdens fvof,Oppsjösjön,Sjö,GAV-FK:85f7d6c29b476c21ab2e52f4,KÄLLSÖK KVAR – vattenunikt artbelägg saknas,,FVO-OMRÅDE,060d6de7c6bd886da44d
Gävleborg,Dellenbygdens fvof,Prästvallssjön,Sjö,GAV-FK:4af303fc1a303fe988eac88f,KÄLLSÖK KVAR – vattenunikt artbelägg saknas,,FVO-OMRÅDE,b1793ba7d44d4fdf4861
Gävleborg,Dellenbygdens fvof,Regeltjärnen,Sjö,GAV-FK:3d7b73f68e3ba44ee214835d,KÄLLSÖK KVAR – vattenunikt artbelägg saknas,,FVO-OMRÅDE,16b439d092ab8b917353
Gävleborg,Dellenbygdens fvof,Rossjön,Sjö,GAV-FK:6fb43246ad448e26c2a3781a,KÄLLSÖK KVAR – vattenunikt artbelägg saknas,,FVO-OMRÅDE,b0acbededd1fe840a68f
Gävleborg,Dellenbygdens fvof,Rångsjön,Sjö,GAV-FK:3b4f2bc979bf65efc6d70936,KÄLLSÖK KVAR – vattenunikt artbelägg saknas,,FVO-OMRÅDE,52e759f0f3c2eb4f8055
Gävleborg,Dellenbygdens fvof,Slängsåstjärnen,Sjö,GAV-FK:2561eb5058d394c6c6142236,KÄLLSÖK KVAR – vattenunikt artbelägg saknas,,FVO-OMRÅDE,179ace932eb9b154168b
Gävleborg,Dellenbygdens fvof,Slättjärnen,Sjö,GAV-FK:84099f51b78983aa78c82736,KÄLLSÖK KVAR – vattenunikt artbelägg saknas,,FVO-OMRÅDE,4de7cfd032fe77f2eaf9
Gävleborg,Dellenbygdens fvof,Slångan,Sjö,GAV-FK:9d667567f64811f08f3a6584,KÄLLSÖK KVAR – vattenunikt artbelägg saknas,,FVO-OMRÅDE,e616143e9691d899f5f0
Gävleborg,Dellenbygdens fvof,Sniptjärnen,Sjö,GAV-FK:1c558739cf0eb575874a9432,KÄLLSÖK KVAR – vattenunikt artbelägg saknas,,FVO-OMRÅDE,98034c6d14faf343831c
Gävleborg,Dellenbygdens fvof,Stor-Ecklingen,Sjö,GAV-FK:60bafb1f0b48c40eb132463a,KÄLLSÖK KVAR – vattenunikt artbelägg saknas,,FVO-OMRÅDE,cccf5d3a29529e4a3051
Gävleborg,Dellenbygdens fvof,Stor-Tillammstjärnen,Sjö,GAV-FK:87271ebf63f7fc8ce0315308,KÄLLSÖK KVAR – vattenunikt artbelägg saknas,,FVO-OMRÅDE,8354f0d83e4cb1582809
Gävleborg,Dellenbygdens fvof,Stora Råbergstjärnen,Sjö,GAV-FK:456588f5eeb512de053190be,KÄLLSÖK KVAR – vattenunikt artbelägg saknas,,FVO-OMRÅDE,bcd7ed139ecc2a4faa34
Gävleborg,Dellenbygdens fvof,Stormyrtjärnen,Sjö,GAV-FK:f936965dcc0b79df622eb482,KÄLLSÖK KVAR – vattenunikt artbelägg saknas,,FVO-OMRÅDE,42acbd31463bf0c4dcb8
Gävleborg,Dellenbygdens fvof,Stornaggtjärnen,Sjö,GAV-FK:a729c5b3fff28dfa2b15c38b,KÄLLSÖK KVAR – vattenunikt artbelägg saknas,,FVO-OMRÅDE,55d68631a09a2b777f7f
Gävleborg,Dellenbygdens fvof,Storuven,Sjö,GAV-FK:285e7bc04b7e4283f39ba8eb,KÄLLSÖK KVAR – vattenunikt artbelägg saknas,,FVO-OMRÅDE,67eb5619c65aa4a0d6ab
Gävleborg,Dellenbygdens fvof,Strandsjön,Sjö,GAV-FK:0ad0197e47a83972cc9bf367,KÄLLSÖK KVAR – vattenunikt artbelägg saknas,,FVO-OMRÅDE,c74cba6fdb97b907018c
Gävleborg,Dellenbygdens fvof,Styggtjärnen,Sjö,GAV-FK:2b2939ed233697d5204caa26,KÄLLSÖK KVAR – vattenunikt artbelägg saknas,,FVO-OMRÅDE,968d25ed1ec0ab40f39b
Gävleborg,Dellenbygdens fvof,Surängssjön,Sjö,GAV-FK:3ac75adfc40f45b1cf214b4e,KÄLLSÖK KVAR – vattenunikt artbelägg saknas,,FVO-OMRÅDE,c55eb5933177ed1ca802
Gävleborg,Dellenbygdens fvof,Sättjärasjön,Sjö,GAV-FK:a87f9b81040cbadc972dbc97,KÄLLSÖK KVAR – vattenunikt artbelägg saknas,,FVO-OMRÅDE,b24ede081955b6801287
Gävleborg,Dellenbygdens fvof,Södra Abborrtjärnen,Sjö,GAV-FK:b245875294fd97551d5a762d,KÄLLSÖK KVAR – vattenunikt artbelägg saknas,,FVO-OMRÅDE,603b7c11e02d1d9eba77
Gävleborg,Dellenbygdens fvof,Tjärnatjärnen,Sjö,GAV-FK:0346224a88c7eac5d8a70a11,KÄLLSÖK KVAR – vattenunikt artbelägg saknas,,FVO-OMRÅDE,e6602fb7518f679125ac
Gävleborg,Dellenbygdens fvof,Torpsjön,Sjö,GAV-FK:7bba4094ae14897a6bfd2643,KÄLLSÖK KVAR – vattenunikt artbelägg saknas,,FVO-OMRÅDE,0856e619e475c7c9c2fd
Gävleborg,Dellenbygdens fvof,Trollsvallssjön,Sjö,GAV-FK:c38774e3374bcaa5fa220310,KÄLLSÖK KVAR – vattenunikt artbelägg saknas,,FVO-OMRÅDE,37d6b7770375aa0e7530
Gävleborg,Dellenbygdens fvof,Västra Brännåstjärne,Sjö,GAV-FK:683fd646180156c864293d37,KÄLLSÖK KVAR – vattenunikt artbelägg saknas,,FVO-OMRÅDE,a9bce7e56ce478f56355
Gävleborg,Dellenbygdens fvof,Västra Sjusjön,Sjö,GAV-FK:9e876387d479d15b1305a834,KÄLLSÖK KVAR – vattenunikt artbelägg saknas,,VATTENUNIK,690ccd6253cf808493ce
Gävleborg,Dellenbygdens fvof,Vålåssjön,Sjö,GAV-FK:70b27757034691c20b09eb52,KÄLLSÖK KVAR – vattenunikt artbelägg saknas,,FVO-OMRÅDE,567705f65a8246036978
Gävleborg,Dellenbygdens fvof,Ytterstensjön,Sjö,GAV-FK:7a3a60bddb8aa4f7667ce1e0,KÄLLSÖK KVAR – vattenunikt artbelägg saknas,,FVO-OMRÅDE,1067df1bc7abbb92f451
Gävleborg,Dellenbygdens fvof,Yttre Rimskogssjön,Sjö,GAV-FK:260250a6b6f0615e852e94a7,KÄLLSÖK KVAR – vattenunikt artbelägg saknas,,FVO-OMRÅDE,c7b581db3a253fe5b409
Gävleborg,Dellenbygdens fvof,Älvessjön,Sjö,GAV-FK:30d6cf404e6c971720722dc1,KÄLLSÖK KVAR – vattenunikt artbelägg saknas,,FVO-OMRÅDE,00eadc6230c7ad74fe4e
Gävleborg,Dellenbygdens fvof,Öratjärnen,Sjö,GAV-FK:9c511c6a4de1261660c8ba3f,KÄLLSÖK KVAR – vattenunikt artbelägg saknas,,FVO-OMRÅDE,dd373ecf5aa585111b21
Gävleborg,Dellenbygdens fvof,Östra Brännåstjärnen,Sjö,GAV-FK:29b75f26d7a172e3f8919161,KÄLLSÖK KVAR – vattenunikt artbelägg saknas,,FVO-OMRÅDE,2cd7830219eac7a9c89f
Gävleborg,Dellenbygdens fvof,Östra Geasjön,Sjö,GAV-FK:5a5ded8e7a98f8c1b2afafcf,KÄLLSÖK KVAR – vattenunikt artbelägg saknas,,FVO-OMRÅDE,dffc25cc085704e7b376
Gävleborg,Dellenbygdens fvof,Östra Hävlungen,Sjö,GAV-FK:658486db6fddb9bc78c1ace0,KÄLLSÖK KVAR – vattenunikt artbelägg saknas,,FVO-OMRÅDE,e0f45c59d892493d69d1
Gävleborg,Dellenbygdens fvof,Övre Järvåssjön,Sjö,GAV-FK:e8e584961ae3621deb390bc3,KÄLLSÖK KVAR – vattenunikt artbelägg saknas,,FVO-OMRÅDE,fac0eab5136d3bf75d5a
Gävleborg,Dellenbygdens fvof,Övre Rimskogssjön,Sjö,GAV-FK:8874383a5bed63360af4eaba,KÄLLSÖK KVAR – vattenunikt artbelägg saknas,,FVO-OMRÅDE,b6f482a90e60de8968ac
Gävleborg,Dellenbygdens fvof,Andersbob.,Vattendrag,GAV-FK:5e4f4b2d1bd84023a801f282,KÄLLSÖK KVAR – vattenunikt artbelägg saknas,,FVO-OMRÅDE,ff1b3f6f2202b51c37db
Gävleborg,Dellenbygdens fvof,Begstjärnsbäcken,Vattendrag,GAV-FK:1e144ecc62549fb31372cfd0,KÄLLSÖK KVAR – vattenunikt artbelägg saknas,,FVO-OMRÅDE,b073f419ed344e7311e5
Gävleborg,Dellenbygdens fvof,Borån,Vattendrag,GAV-FK:7f818b3477812f0cf8b5cb9a,KÄLLSÖK KVAR – vattenunikt artbelägg saknas,,FVO-OMRÅDE,46ace3290c3bb0f2ec90
Gävleborg,Dellenbygdens fvof,Bredb.,Vattendrag,GAV-FK:6fc1202dac61bde01787f432,KÄLLSÖK KVAR – vattenunikt artbelägg saknas,,FVO-OMRÅDE,a1bfae5b8742404b07cd
Gävleborg,Dellenbygdens fvof,Dalån,Vattendrag,GAV-FK:13c9e1e1388112f2a7b61c23,KÄLLSÖK KVAR – vattenunikt artbelägg saknas,,FVO-OMRÅDE,08bcee221ef8a78634e6
Gävleborg,Dellenbygdens fvof,Fiskemyrbäcken,Vattendrag,GAV-FK:4f402c50a4084a2775f30185,KÄLLSÖK KVAR – vattenunikt artbelägg saknas,,FVO-OMRÅDE,e0b57055b665b8d418ec
Gävleborg,Dellenbygdens fvof,Flybäcken,Vattendrag,GAV-FK:19545a589950f02d3ff5347a,KÄLLSÖK KVAR – vattenunikt artbelägg saknas,,FVO-OMRÅDE,33810733116e839c0977
Gävleborg,Dellenbygdens fvof,Gammelvallsbäcken,Vattendrag,GAV-FK:ad8add56c22a18a2f1cf15ad,KÄLLSÖK KVAR – vattenunikt artbelägg saknas,,FVO-OMRÅDE,adb0fead3aa64a03b7e4
Gävleborg,Dellenbygdens fvof,Gammelån,Vattendrag,GAV-FK:351b071f11b32a325d9ddc22,KÄLLSÖK KVAR – vattenunikt artbelägg saknas,,FVO-OMRÅDE,ba6ca60bd9041e7b74a7
Gävleborg,Dellenbygdens fvof,Getaån,Vattendrag,GAV-FK:9b59f35b0c66f8bd9781716e,KÄLLSÖK KVAR – vattenunikt artbelägg saknas,,FVO-OMRÅDE,9c9a2b34cb9e6fba37b5
Gävleborg,Dellenbygdens fvof,Gladb.,Vattendrag,GAV-FK:b3abf9a341a8f03bcf38c88b,KÄLLSÖK KVAR – vattenunikt artbelägg saknas,,FVO-OMRÅDE,10bb1eb8961992921c4c
Gävleborg,Dellenbygdens fvof,Gräsjöbäcken,Vattendrag,GAV-FK:8734eb37800d24f60632d2ca,KÄLLSÖK KVAR – vattenunikt artbelägg saknas,,FVO-OMRÅDE,1f9f1111a4e68ac9d0bb
Gävleborg,Dellenbygdens fvof,Gråängsån,Vattendrag,GAV-FK:be5f1160cbf135e7a68b305d,KÄLLSÖK KVAR – vattenunikt artbelägg saknas,,FVO-OMRÅDE,77d2bf4454c0e6a1efcb
Gävleborg,Dellenbygdens fvof,Gässån,Vattendrag,GAV-FK:fbb55876ff75f7db20471ca3,KÄLLSÖK KVAR – vattenunikt artbelägg saknas,,FVO-OMRÅDE,5b83d4880dba14f71e70
Gävleborg,Dellenbygdens fvof,Huggsterbäcken,Vattendrag,GAV-FK:1d3cb22c08de768cf7851dd6,KÄLLSÖK KVAR – vattenunikt artbelägg saknas,,FVO-OMRÅDE,a6dbfae9d80a50b62ff2
Gävleborg,Dellenbygdens fvof,Hundsjöbäcken,Vattendrag,GAV-FK:10acbfd40062c82e86c91d63,KÄLLSÖK KVAR – vattenunikt artbelägg saknas,,FVO-OMRÅDE,624931f65878dba96675
Gävleborg,Dellenbygdens fvof,Hyboån,Vattendrag,GAV-FK:2558c49703b41442646b3bad,KÄLLSÖK KVAR – vattenunikt artbelägg saknas,,FVO-OMRÅDE,6b6bf47f40cc78aa5019
Gävleborg,Dellenbygdens fvof,Härnån,Vattendrag,GAV-FK:58c99eba19cb163abfcd6e6f,KÄLLSÖK KVAR – vattenunikt artbelägg saknas,,FVO-OMRÅDE,8adedaa3b4e8f2f1a2ab
Gävleborg,Dellenbygdens fvof,Kittebäcken,Vattendrag,GAV-FK:2b73d48c4e88823114de74c5,KÄLLSÖK KVAR – vattenunikt artbelägg saknas,,FVO-OMRÅDE,6f35629acfac8b629436
Gävleborg,Dellenbygdens fvof,Korsmyrbäcken,Vattendrag,GAV-FK:3a955ddbf5420c3b2fdc4b05,KÄLLSÖK KVAR – vattenunikt artbelägg saknas,,FVO-OMRÅDE,ee0c2c2a229486da0408
Gävleborg,Dellenbygdens fvof,Källsjöbäcken,Vattendrag,GAV-FK:9e8da2f45670ed83e5ef64fc,KÄLLSÖK KVAR – vattenunikt artbelägg saknas,,FVO-OMRÅDE,18906ac95ebd2d48c2a6
Gävleborg,Dellenbygdens fvof,Kölån,Vattendrag,GAV-FK:dc241a3786eaa45d1c713ea6,KÄLLSÖK KVAR – vattenunikt artbelägg saknas,,FVO-OMRÅDE,f14ec468541b737f1821
Gävleborg,Dellenbygdens fvof,Laxåsbäcken,Vattendrag,GAV-FK:401a47368162ad35089e89aa,KÄLLSÖK KVAR – vattenunikt artbelägg saknas,,FVO-OMRÅDE,f85fcd41bb1b5f47c274
Gävleborg,Dellenbygdens fvof,Lövåsb.,Vattendrag,GAV-FK:8db7e28d88da0264f83e41db,KÄLLSÖK KVAR – vattenunikt artbelägg saknas,,FVO-OMRÅDE,6b6ea82c033be614b4ea
Gävleborg,Dellenbygdens fvof,Naggbäcken,Vattendrag,GAV-FK:c089ec7da47c958b6a2f3d37,KÄLLSÖK KVAR – vattenunikt artbelägg saknas,,FVO-OMRÅDE,9f0b8f635fb100cba61d
Gävleborg,Dellenbygdens fvof,Njupfatbäcken,Vattendrag,GAV-FK:5e7e09970e04907b44000ba2,KÄLLSÖK KVAR – vattenunikt artbelägg saknas,,FVO-OMRÅDE,2bfcb41bf3b6af6f9f36
Gävleborg,Dellenbygdens fvof,Nyvallsbäcken,Vattendrag,GAV-FK:7f11cacdfa72af3869fc2635,KÄLLSÖK KVAR – vattenunikt artbelägg saknas,,FVO-OMRÅDE,74c592bfa40e8f9f002a
Gävleborg,Dellenbygdens fvof,Olatjärnsbäcken,Vattendrag,GAV-FK:d642df225503491e6c6205f1,KÄLLSÖK KVAR – vattenunikt artbelägg saknas,,FVO-OMRÅDE,4c128655caad4ca4105f
Gävleborg,Dellenbygdens fvof,Oxsjöån,Vattendrag,GAV-FK:8ac9a77e93924f61ca076b4f,KÄLLSÖK KVAR – vattenunikt artbelägg saknas,,FVO-OMRÅDE,0e68d59aeeffed6d2b09
Gävleborg,Dellenbygdens fvof,Rävåsbäcken,Vattendrag,GAV-FK:01e858531798d5e2d93feeab,KÄLLSÖK KVAR – vattenunikt artbelägg saknas,,FVO-OMRÅDE,1444ef92c6dc6f78ea91
Gävleborg,Dellenbygdens fvof,Storån,Vattendrag,GAV-FK:772c03dbf564e85fcffc579f,KÄLLSÖK KVAR – vattenunikt artbelägg saknas,,FVO-OMRÅDE,f9af09e54db37ed62b9f
Gävleborg,Dellenbygdens fvof,Storåsbäcken,Vattendrag,GAV-FK:04a8f3baeaacb5b8af5b7ea6,KÄLLSÖK KVAR – vattenunikt artbelägg saknas,,FVO-OMRÅDE,8d0228d53b7df30b1cdf
Gävleborg,Dellenbygdens fvof,Svartb.,Vattendrag,GAV-FK:aa7362bdae143dd0829eb251,KÄLLSÖK KVAR – vattenunikt artbelägg saknas,,FVO-OMRÅDE,06eef63354fed2d77133
Gävleborg,Dellenbygdens fvof,Svartån,Vattendrag,GAV-FK:cfc50f440247fac9523789dc,KÄLLSÖK KVAR – vattenunikt artbelägg saknas,,FVO-OMRÅDE,1c5d9f2a2ae3fa717c2d
Gävleborg,Dellenbygdens fvof,Sylån,Vattendrag,GAV-FK:221f25ba770b1ecbb00a67ef,KÄLLSÖK KVAR – vattenunikt artbelägg saknas,,FVO-OMRÅDE,228bc498b2358d3c50ab
Gävleborg,Dellenbygdens fvof,Sågb.,Vattendrag,GAV-FK:05768b89a07a43d51d027808,KÄLLSÖK KVAR – vattenunikt artbelägg saknas,,FVO-OMRÅDE,655928f8ee2d16a0a30c
Gävleborg,Dellenbygdens fvof,Tannabäcken,Vattendrag,GAV-FK:479aca7b96b92d256191dee3,KÄLLSÖK KVAR – vattenunikt artbelägg saknas,,FVO-OMRÅDE,a44e52af15b1db193f11
Gävleborg,Dellenbygdens fvof,Tjuvatjärnsb.,Vattendrag,GAV-FK:bc28e855c9984ea18f2089eb,KÄLLSÖK KVAR – vattenunikt artbelägg saknas,,FVO-OMRÅDE,35d2e7c9701ee03356a2
Gävleborg,Dellenbygdens fvof,Ulvsjöån,Vattendrag,GAV-FK:6e6abfd2e90b8594c6427966,KÄLLSÖK KVAR – vattenunikt artbelägg saknas,,FVO-OMRÅDE,9a4aee3a7b5b8b79d6ec
Gävleborg,Dellenbygdens fvof,Vikörsån,Vattendrag,GAV-FK:90942008d8c5f329fc979262,KÄLLSÖK KVAR – vattenunikt artbelägg saknas,,FVO-OMRÅDE,037f5aa8187f39e25327
Gävleborg,Dellenbygdens fvof,Vildbäcken,Vattendrag,GAV-FK:aa3f227155e5cacca957f07c,KÄLLSÖK KVAR – vattenunikt artbelägg saknas,,FVO-OMRÅDE,8af64c031bba8d453cd2
Gävleborg,Dellenbygdens fvof,Ysjöbäcken,Vattendrag,GAV-FK:092c163381b253f8f035e418,KÄLLSÖK KVAR – vattenunikt artbelägg saknas,,FVO-OMRÅDE,7d07e16fd7df26e92f8a
Gävleborg,Enångers fvof,Bottenängestjärnen,Sjö,GAV-FK:c7ac1fc94a38f8fe60455551,KÄLLSÖK KVAR – vattenunikt artbelägg saknas,,FVO-OMRÅDE,002ab3b1039ae999f862
Gävleborg,Enångers fvof,Grängsjön,Sjö,GAV-FK:99ca00d38352ffae23a600d9,KÄLLSÖK KVAR – vattenunikt artbelägg saknas,,FVO-OMRÅDE,212b8a6c772ca0499877
Gävleborg,Enångers fvof,Laxtjärn,Sjö,GAV-FK:3fc00256659efe5040a38528,KÄLLSÖK KVAR – vattenunikt artbelägg saknas,,FVO-OMRÅDE,81e0c062221e74d3d8a1
Gävleborg,Enångers fvof,Lillsjön,Sjö,GAV-FK:b292d74df6e8f0e3c1e287ca,KÄLLSÖK KVAR – vattenunikt artbelägg saknas,,FVO-OMRÅDE,a163bec362001558912c
Gävleborg,Enångers fvof,Lindesjön,Sjö,GAV-FK:6663cb21b4acb5b8802e98e1,KÄLLSÖK KVAR – vattenunikt artbelägg saknas,,FVO-OMRÅDE,72030521a47b31732fca
Gävleborg,Enångers fvof,Skitigsjön,Sjö,GAV-FK:88dcdd56f9624f92f4be9713,KÄLLSÖK KVAR – vattenunikt artbelägg saknas,,FVO-OMRÅDE,b6491399b825dfa80890
Gävleborg,Enångers fvof,Svedtjärnen,Sjö,GAV-FK:3e2406ceacb815492ed4ba5c,KÄLLSÖK KVAR – vattenunikt artbelägg saknas,,FVO-OMRÅDE,41676cc6d8148744565f
Gävleborg,Enångers fvof,Sörtjärnen,Sjö,GAV-FK:07e0fbdeae25a89c8db9e288,KÄLLSÖK KVAR – vattenunikt artbelägg saknas,,FVO-OMRÅDE,4cc1d01379e1a5a32ca9
Gävleborg,Enångers fvof,Brunntjärnsb.,Vattendrag,GAV-FK:6308eb10a1e665d4cab4b812,KÄLLSÖK KVAR – vattenunikt artbelägg saknas,,FVO-OMRÅDE,6fcd5ca2535cdf0aad3f
Gävleborg,Enångers fvof,Höljån,Vattendrag,GAV-FK:2e1538e90ccad0c0d8e828b4,KÄLLSÖK KVAR – vattenunikt artbelägg saknas,,FVO-OMRÅDE,c86f6ee7849079796e3d
Gävleborg,Enångers fvof,Karismyrbäcken,Vattendrag,GAV-FK:174ba62e3afd49001cb2feae,KÄLLSÖK KVAR – vattenunikt artbelägg saknas,,FVO-OMRÅDE,1a5055b1b9b5cac306df
Gävleborg,Enångers fvof,Långvindsån,Vattendrag,GAV-FK:e0d4562a665d8902679a7185,KÄLLSÖK KVAR – vattenunikt artbelägg saknas,,FVO-OMRÅDE,54e1072b8d5a02318471
Gävleborg,Enångers fvof,Millmyrån,Vattendrag,GAV-FK:32e10a9257ad5ccbfc8d7fe3,KÄLLSÖK KVAR – vattenunikt artbelägg saknas,,FVO-OMRÅDE,a92cfbb2e4f9f6a3aed9
Gävleborg,Enångers fvof,Slättsmyrb.,Vattendrag,GAV-FK:65461850549be49f97455cb0,KÄLLSÖK KVAR – vattenunikt artbelägg saknas,,FVO-OMRÅDE,a16e008832fbbd5527c7
Gävleborg,Enångers fvof,Trönöån,Vattendrag,GAV-FK:4ec1ed48001bbdb325bc2040,KÄLLSÖK KVAR – vattenunikt artbelägg saknas,,FVO-OMRÅDE,cba622ae731d012a1e82
Gävleborg,Finnmarkens fvof,Abborrtjärnen,Sjö,GAV-FK:9308a9e6b68c26802fb454bc,KÄLLSÖK KVAR – vattenunikt artbelägg saknas,,FVO-OMRÅDE,38a12f098e14cfae02e7
Gävleborg,Finnmarkens fvof,Acksjön,Sjö,GAV-FK:bf59b2e4d25f7ad44859dd25,KÄLLSÖK KVAR – vattenunikt artbelägg saknas,,FVO-OMRÅDE,24b06def3b061d76c6f0
Gävleborg,Finnmarkens fvof,Björnsjön,Sjö,GAV-FK:900d411fa58544edaaa08c6a,KÄLLSÖK KVAR – vattenunikt artbelägg saknas,,FVO-OMRÅDE,f2b47a411c7124d57e3e
Gävleborg,Finnmarkens fvof,Bomflarken,Sjö,GAV-FK:bfb36d94a14dec65357c0d19,KÄLLSÖK KVAR – vattenunikt artbelägg saknas,,FVO-OMRÅDE,7bc5a21c35ae6dbc8de9
Gävleborg,Finnmarkens fvof,Brunnstjärnen,Sjö,GAV-FK:0c6f39337a96daf95af51d72,KÄLLSÖK KVAR – vattenunikt artbelägg saknas,,FVO-OMRÅDE,8a93a4b5f19f343c8e6d
Gävleborg,Finnmarkens fvof,Flarksjön,Sjö,GAV-FK:2818d9d847876f845bacb628,KÄLLSÖK KVAR – vattenunikt artbelägg saknas,,FVO-OMRÅDE,d54a42c0f53779b6332a
Gävleborg,Finnmarkens fvof,Gräsvattnet,Sjö,GAV-FK:84424236011314715a97d3a5,KÄLLSÖK KVAR – vattenunikt artbelägg saknas,,FVO-OMRÅDE,852c95530227e6c58279
Gävleborg,Finnmarkens fvof,Gäddtjärnen,Sjö,GAV-FK:74950e0c04feb18d2f4a82f4,KÄLLSÖK KVAR – vattenunikt artbelägg saknas,,FVO-OMRÅDE,0f33cde033bdfa205327
Gävleborg,Finnmarkens fvof,Hem-Hällsjön,Sjö,GAV-FK:7991b8a585fde69e170e8e9c,KÄLLSÖK KVAR – vattenunikt artbelägg saknas,,FVO-OMRÅDE,8ed67fc52390d7b9c509
Gävleborg,Finnmarkens fvof,Holmsjön,Sjö,GAV-FK:622f9a127543968dafe2ab36,KÄLLSÖK KVAR – vattenunikt artbelägg saknas,,FVO-OMRÅDE,a430b81a02145655dcfe
Gävleborg,Finnmarkens fvof,Hussjön,Sjö,GAV-FK:ee74153a3a18e11b315c912f,KÄLLSÖK KVAR – vattenunikt artbelägg saknas,,FVO-OMRÅDE,ac7b7127d6b80e6faadc
Gävleborg,Finnmarkens fvof,Iguln,Sjö,GAV-FK:ef483a1f2fd61e4c4c90cb78,KÄLLSÖK KVAR – vattenunikt artbelägg saknas,,FVO-OMRÅDE,6502c8637e69785b8219
Gävleborg,Finnmarkens fvof,Klucksjön,Sjö,GAV-FK:5d2af1fedbfc13cc1741cff2,KÄLLSÖK KVAR – vattenunikt artbelägg saknas,,FVO-OMRÅDE,70eceddff00d48715c32
Gävleborg,Finnmarkens fvof,Krokvattnet,Sjö,GAV-FK:fa015f2e5daa6441cd2a882d,KÄLLSÖK KVAR – vattenunikt artbelägg saknas,,FVO-OMRÅDE,b8b65e1d754836b1c4f0
Gävleborg,Finnmarkens fvof,Lombäcksflarken,Sjö,GAV-FK:3201c18ba00e712979f27342,KÄLLSÖK KVAR – vattenunikt artbelägg saknas,,FVO-OMRÅDE,4b028d905921e7524bf4
Gävleborg,Finnmarkens fvof,Lort-Tyckeln,Sjö,GAV-FK:ff3bce8dc9a396edc65ba0f8,KÄLLSÖK KVAR – vattenunikt artbelägg saknas,,FVO-OMRÅDE,fba458aa4ac8a2018473
Gävleborg,Finnmarkens fvof,Mellan Gryssjön,Sjö,GAV-FK:511759ffdcfb1aa97ce6b3ad,KÄLLSÖK KVAR – vattenunikt artbelägg saknas,,FVO-OMRÅDE,c0f7fcd70131b40f7d6e
Gävleborg,Finnmarkens fvof,Mellan-Hällsjön,Sjö,GAV-FK:6a77d6923af74a4e232795a3,KÄLLSÖK KVAR – vattenunikt artbelägg saknas,,FVO-OMRÅDE,da466ef2028e6a103e03
Gävleborg,Finnmarkens fvof,Mellan-Kölsjön,Sjö,GAV-FK:5ac8262eeeb50d73432cb332,KÄLLSÖK KVAR – vattenunikt artbelägg saknas,,FVO-OMRÅDE,716689c4a1fe5e463067
Gävleborg,Finnmarkens fvof,Myrsjön,Sjö,GAV-FK:d79376c2265bc18b4fe4aaa9,KÄLLSÖK KVAR – vattenunikt artbelägg saknas,,FVO-OMRÅDE,af325081cd9af7ef88b6
Gävleborg,Finnmarkens fvof,Myrtäktflarken,Sjö,GAV-FK:985c339d802450d963643d89,KÄLLSÖK KVAR – vattenunikt artbelägg saknas,,FVO-OMRÅDE,18cd572f0170e42d3943
Gävleborg,Finnmarkens fvof,Nedra Gryssjön,Sjö,GAV-FK:2c228bbc85179f2282832d61,KÄLLSÖK KVAR – vattenunikt artbelägg saknas,,FVO-OMRÅDE,7a131580a82bafd4c245
Gävleborg,Finnmarkens fvof,Nedra-Kölsjön,Sjö,GAV-FK:89f0b9cd1f709080eaaa7020,KÄLLSÖK KVAR – vattenunikt artbelägg saknas,,FVO-OMRÅDE,888933436b64183e8450
Gävleborg,Finnmarkens fvof,Nedre Björnåflarken,Sjö,GAV-FK:661de5d59f984e853a880c65,KÄLLSÖK KVAR – vattenunikt artbelägg saknas,,FVO-OMRÅDE,1c9179de7c3420112705
Gävleborg,Finnmarkens fvof,Näsjön,Sjö,GAV-FK:59f2307bed04a471d7766acf,KÄLLSÖK KVAR – vattenunikt artbelägg saknas,,FVO-OMRÅDE,7696ff456ba672a3a22f
Gävleborg,Finnmarkens fvof,Onglamm,Sjö,GAV-FK:3354068dd107f5fcb0cef496,KÄLLSÖK KVAR – vattenunikt artbelägg saknas,,FVO-OMRÅDE,3b7966a9235b4d3e79a7
Gävleborg,Finnmarkens fvof,Oresjön,Sjö,GAV-FK:ca4b51df974e5e6d9c2ca542,KÄLLSÖK KVAR – vattenunikt artbelägg saknas,,FVO-OMRÅDE,af69d3916942fee4c389
Gävleborg,Finnmarkens fvof,Oresjötjärnen,Sjö,GAV-FK:2159a40f4affc955e1e8c1bc,KÄLLSÖK KVAR – vattenunikt artbelägg saknas,,FVO-OMRÅDE,ad0f1204ee8c9e50c7b3
Gävleborg,Finnmarkens fvof,Ormsjön,Sjö,GAV-FK:fc26f6657e90094e056ce398,KÄLLSÖK KVAR – vattenunikt artbelägg saknas,,FVO-OMRÅDE,9ba62a59dd51fb629a38
Gävleborg,Finnmarkens fvof,Ormtjärnen,Sjö,GAV-FK:6c052c4f1da21423286b2ead,KÄLLSÖK KVAR – vattenunikt artbelägg saknas,,FVO-OMRÅDE,097e0bc8dea17d759f1f
Gävleborg,Finnmarkens fvof,Rödtjärnen,Sjö,GAV-FK:4cd7013b25917faf8bdc5452,KÄLLSÖK KVAR – vattenunikt artbelägg saknas,,FVO-OMRÅDE,630d00f2519b52d79174
Gävleborg,Finnmarkens fvof,Rörsjön,Sjö,GAV-FK:e711cbde027fe96f78d63c21,KÄLLSÖK KVAR – vattenunikt artbelägg saknas,,FVO-OMRÅDE,7ee8d5cb4c34529c22d5
Gävleborg,Finnmarkens fvof,Sidertjärnen,Sjö,GAV-FK:1a80546bf1d9f238b0790c15,KÄLLSÖK KVAR – vattenunikt artbelägg saknas,,FVO-OMRÅDE,889ebb4c1ac537ccd066
Gävleborg,Finnmarkens fvof,Stensjön,Sjö,GAV-FK:1b8e390e694b3c512e0ed5b0,KÄLLSÖK KVAR – vattenunikt artbelägg saknas,,FVO-OMRÅDE,5704e5fd9f79be3d0b92
Gävleborg,Finnmarkens fvof,Stor-Jättsjön,Sjö,GAV-FK:3a7549a639987baaec0677d9,KÄLLSÖK KVAR – vattenunikt artbelägg saknas,,FVO-OMRÅDE,54c10ab268fbb4bd4b21
Gävleborg,Finnmarkens fvof,Stor-Uttertjärnen,Sjö,GAV-FK:c9a44c85aa063b2a16d2a6f5,KÄLLSÖK KVAR – vattenunikt artbelägg saknas,,FVO-OMRÅDE,4c754a670931e002175c
Gävleborg,Finnmarkens fvof,Stortjärnen,Sjö,GAV-FK:1119bda2f9750030796272b7,KÄLLSÖK KVAR – vattenunikt artbelägg saknas,,FVO-OMRÅDE,beb44c8fa51ee245af8e
Gävleborg,Finnmarkens fvof,Trygg-Tyckeln,Sjö,GAV-FK:32ef7d7f08e9b27ab84d4aa2,KÄLLSÖK KVAR – vattenunikt artbelägg saknas,,FVO-OMRÅDE,ae00a2a7f64b20742ec4
Gävleborg,Finnmarkens fvof,Uttertjärnen,Sjö,GAV-FK:f33e861e6b8cbe2e8ec4e0f0,KÄLLSÖK KVAR – vattenunikt artbelägg saknas,,FVO-OMRÅDE,979d2342634d4b5688c6
Gävleborg,Finnmarkens fvof,Yttre Mårdslättjärnen,Sjö,GAV-FK:00e4e72ca6819dcca7be07dd,KÄLLSÖK KVAR – vattenunikt artbelägg saknas,,FVO-OMRÅDE,2fa38f4759d12f558f7f
Gävleborg,Finnmarkens fvof,Yttre Rävsjön,Sjö,GAV-FK:49b0496cf4bcc67f263baa94,KÄLLSÖK KVAR – vattenunikt artbelägg saknas,,FVO-OMRÅDE,4357a07b9c91aecd260d
Gävleborg,Finnmarkens fvof,Örnsjön,Sjö,GAV-FK:f10708ed8f0cd00afe17c713,KÄLLSÖK KVAR – vattenunikt artbelägg saknas,,FVO-OMRÅDE,4e0f31a684d87492299b
Gävleborg,Finnmarkens fvof,Övra Hjällsjön,Sjö,GAV-FK:39b7efb0114244b7b816c035,KÄLLSÖK KVAR – vattenunikt artbelägg saknas,,FVO-OMRÅDE,70bebcd7e38870229794
Gävleborg,Finnmarkens fvof,Övra Kölsjön,Sjö,GAV-FK:5532649bb8abf58b86065ae9,KÄLLSÖK KVAR – vattenunikt artbelägg saknas,,FVO-OMRÅDE,acdd1b8e33fe251ac582
Gävleborg,Finnmarkens fvof,Fågelsjöån,Vattendrag,GAV-FK:e59aeb2875ab7d1fbe34b685,KÄLLSÖK KVAR – vattenunikt artbelägg saknas,,FVO-OMRÅDE,a333fcc05de2dfd1d3c0
Gävleborg,Finnmarkens fvof,Gönan,Vattendrag,GAV-FK:72a95a098c458379a2cd123b,KÄLLSÖK KVAR – vattenunikt artbelägg saknas,,FVO-OMRÅDE,a0f4eed8a5ffae2d9361
Gävleborg,Finnmarkens fvof,Hällsjöbäcken,Vattendrag,GAV-FK:150653a868bcf93054465863,KÄLLSÖK KVAR – vattenunikt artbelägg saknas,,FVO-OMRÅDE,cec49a7e8d51839f147b
Gävleborg,Finnmarkens fvof,Korrisbäcken,Vattendrag,GAV-FK:df2142df9b2a11cee56b0a1e,KÄLLSÖK KVAR – vattenunikt artbelägg saknas,,FVO-OMRÅDE,5c530a6926903ffceb86
Gävleborg,Finnmarkens fvof,Lillån,Vattendrag,GAV-FK:b6ffd362abfe77d415261863,KÄLLSÖK KVAR – vattenunikt artbelägg saknas,,FVO-OMRÅDE,99fe48f499f72950b6e2
Gävleborg,Finnmarkens fvof,Nappobäcken,Vattendrag,GAV-FK:e303d8088e70dbaa91136e20,KÄLLSÖK KVAR – vattenunikt artbelägg saknas,,FVO-OMRÅDE,7e6ae8884cb109bf65f8
Gävleborg,Finnmarkens fvof,Oreälven,Vattendrag,GAV-FK:7e9a7508a3a9bc446d0e1ae8,KÄLLSÖK KVAR – vattenunikt artbelägg saknas,,FVO-OMRÅDE,eb5aa0e3c7c7febe61f5
Gävleborg,Finnmarkens fvof,Virkasjärvsbäcken,Vattendrag,GAV-FK:156841363f1cd181e77cabda,KÄLLSÖK KVAR – vattenunikt artbelägg saknas,,FVO-OMRÅDE,3246a13446b1e07f17eb
Gävleborg,Finnmarkens fvof,Voxnan,Vattendrag,GAV-FK:3c2f9d1b6ba2544f56c6c9e2,KÄLLSÖK KVAR – vattenunikt artbelägg saknas,,FVO-OMRÅDE,323196f8acaecf2d0b69
Gävleborg,Fjärdens fvof,Fagersjön,Sjö,GAV-FK:f01adccfea380ea3e5596bec,KÄLLSÖK KVAR – vattenunikt artbelägg saknas,,FVO-OMRÅDE,af43a6f79e231d520e32
Gävleborg,Fjärdens fvof,Fjärden,Sjö,GAV-FK:617cc0728e6d1943b998b693,KÄLLSÖK KVAR – vattenunikt artbelägg saknas,,FVO-OMRÅDE,c68ec6c45d4076cc79c3
Gävleborg,Fjärdens fvof,Lasjön,Sjö,GAV-FK:8bce3487b3c56e0fd23a40b0,KÄLLSÖK KVAR – vattenunikt artbelägg saknas,,FVO-OMRÅDE,218f431ebc1a62c3a22e
Gävleborg,Fjärdens fvof,Liss-Abborrtjärnen,Sjö,GAV-FK:f94f844c3c6f83443183da26,KÄLLSÖK KVAR – vattenunikt artbelägg saknas,,FVO-OMRÅDE,9b963cc8930629419ca0
Gävleborg,Fjärdens fvof,Långsjön,Sjö,GAV-FK:518384eff23b9fa3df40427c,KÄLLSÖK KVAR – vattenunikt artbelägg saknas,,FVO-OMRÅDE,673bc8d6e2cd0b1550c1
Gävleborg,Fjärdens fvof,Långtjärnen,Sjö,GAV-FK:41c9a122e50fa3eb2024f832,KÄLLSÖK KVAR – vattenunikt artbelägg saknas,,FVO-OMRÅDE,eb7c052bad985f823a6d
Gävleborg,Fjärdens fvof,Mellansjön,Sjö,GAV-FK:99ce06fba18869c51fecadba,KÄLLSÖK KVAR – vattenunikt artbelägg saknas,,FVO-OMRÅDE,8df87a89c5c7cc47bc0f
Gävleborg,Fjärdens fvof,Sommarbodtjärnen,Sjö,GAV-FK:59541c23f076864fbbd32b32,KÄLLSÖK KVAR – vattenunikt artbelägg saknas,,FVO-OMRÅDE,099a49ecac1f9acfc7b1
Gävleborg,Fjärdens fvof,Stor-Abborrtjärnen,Sjö,GAV-FK:eef0f85c6ce25d79cece2cd6,KÄLLSÖK KVAR – vattenunikt artbelägg saknas,,FVO-OMRÅDE,59fffc6d26489a8ca520
Gävleborg,Fjärdens fvof,Stor-Dammtjärnen,Sjö,GAV-FK:b241f26dcc879c4a5c5838c3,KÄLLSÖK KVAR – vattenunikt artbelägg saknas,,FVO-OMRÅDE,03f3cc710928069534f1
Gävleborg,Fjärdens fvof,Tretjärnen,Sjö,GAV-FK:001d5fbc1fefaf55a0077a46,KÄLLSÖK KVAR – vattenunikt artbelägg saknas,,FVO-OMRÅDE,eee3e99fe2c4ec0b23b1
Gävleborg,Fjärdens fvof,Ycklaren,Sjö,GAV-FK:11dc4ee14eceea8a19eccfcd,KÄLLSÖK KVAR – vattenunikt artbelägg saknas,,FVO-OMRÅDE,ad06e43fca57b12f4b4d
Gävleborg,Fjärdens fvof,Östersjön,Sjö,GAV-FK:ae8264e248c1a99aa205f43a,KÄLLSÖK KVAR – vattenunikt artbelägg saknas,,FVO-OMRÅDE,935a6e9278acde5dd665
Gävleborg,Fjärdens fvof,Hällsjöbäcken,Vattendrag,GAV-FK:63fe185a4336e57fa5345cb2,KÄLLSÖK KVAR – vattenunikt artbelägg saknas,,FVO-OMRÅDE,61319b530610b5cc417a
Gävleborg,Fjärdens fvof,Laån,Vattendrag,GAV-FK:3cf81a11530600de8fd22d16,KÄLLSÖK KVAR – vattenunikt artbelägg saknas,,FVO-OMRÅDE,a535916b689f6d8a305d
Gävleborg,Fjärdens fvof,Säverängsån,Vattendrag,GAV-FK:c249fb0f3e35d5f1a9c983dd,KÄLLSÖK KVAR – vattenunikt artbelägg saknas,,FVO-OMRÅDE,4a543f8ac59567e65a0a
Gävleborg,Forsa fvof,Björkråtjärnen,Sjö,GAV-FK:c6b1fab4a4c1871bab91ea80,KÄLLSÖK KVAR – vattenunikt artbelägg saknas,,FVO-OMRÅDE,c65e31924c9c0f75a4b3
Gävleborg,Forsa fvof,Dånsjön,Sjö,GAV-FK:b93285fde26b876bb861fc62,KÄLLSÖK KVAR – vattenunikt artbelägg saknas,,FVO-OMRÅDE,91531fee8f56b0933c9c
Gävleborg,Forsa fvof,Finnsjön,Sjö,GAV-FK:8179577f849313e2545038dd,KÄLLSÖK KVAR – vattenunikt artbelägg saknas,,FVO-OMRÅDE,e6fa2f0a026f0af4b412
Gävleborg,Forsa fvof,Funstasjön,Sjö,GAV-FK:5d61dcaf6bf647c7d618d541,KÄLLSÖK KVAR – vattenunikt artbelägg saknas,,FVO-OMRÅDE,6918a0e4eacc11cb21d4
Gävleborg,Forsa fvof,Fuskåssjön,Sjö,GAV-FK:fac1ebe82a2134d50ca8936d,KÄLLSÖK KVAR – vattenunikt artbelägg saknas,,FVO-OMRÅDE,8cb3b1b21dccdf86fe2e
Gävleborg,Forsa fvof,Ingan,Sjö,GAV-FK:c88eaf084dd95d9dbdc26de3,KÄLLSÖK KVAR – vattenunikt artbelägg saknas,,FVO-OMRÅDE,929597eb0fb388af41c2
Gävleborg,Forsa fvof,Kösen,Sjö,GAV-FK:af033c81504ca7d6e90c14c6,KÄLLSÖK KVAR – vattenunikt artbelägg saknas,,FVO-OMRÅDE,20ae8d2f83397f354865
Gävleborg,Forsa fvof,Lill-Yan,Sjö,GAV-FK:effc5081a31702244cbb6a6b,KÄLLSÖK KVAR – vattenunikt artbelägg saknas,,FVO-OMRÅDE,c3837e2862cab48b267e
Gävleborg,Forsa fvof,Mellansjön,Sjö,GAV-FK:aa43c4742676174e21716c1d,KÄLLSÖK KVAR – vattenunikt artbelägg saknas,,FVO-OMRÅDE,f134b9affa6f7f811b60
Gävleborg,Forsa fvof,Rolfstaån (Dämn.Omr),Sjö,GAV-FK:d66fc781fe743529e2465224,KÄLLSÖK KVAR – vattenunikt artbelägg saknas,,FVO-OMRÅDE,d2b7575628d4d086b5f5
Gävleborg,Forsa fvof,Sjösjö,Sjö,GAV-FK:a9e0d51eb87ef275f95c3357,KÄLLSÖK KVAR – vattenunikt artbelägg saknas,,FVO-OMRÅDE,0ca3ef23d16cae54751f
Gävleborg,Forsa fvof,Sorgbosjön,Sjö,GAV-FK:1cefdc064198ecaaccc76507,KÄLLSÖK KVAR – vattenunikt artbelägg saknas,,FVO-OMRÅDE,bbad1c82fc98355d2ebb
Gävleborg,Forsa fvof,Stor-Yan,Sjö,GAV-FK:5c54a425a93d0420328a31c4,KÄLLSÖK KVAR – vattenunikt artbelägg saknas,,FVO-OMRÅDE,98856a4fe46afe572d64
Gävleborg,Forsa fvof,Storsjön,Sjö,GAV-FK:f86c7dfd974f2378407b3d9e,KÄLLSÖK KVAR – vattenunikt artbelägg saknas,,FVO-OMRÅDE,f5c3bce243de31b9c396
Gävleborg,Forsa fvof,Södra Dellen,Sjö,GAV-FK:702e4db4445b8c3a43afaadf,KÄLLSÖK KVAR – vattenunikt artbelägg saknas,,FVO-OMRÅDE,d2a15914a2187dd0c577
Gävleborg,Forsa fvof,Sörsjön,Sjö,GAV-FK:29b4ccccae1e0153898aaed3,KÄLLSÖK KVAR – vattenunikt artbelägg saknas,,FVO-OMRÅDE,ea3e03ca06d39b3e4ec8
Gävleborg,Forsa fvof,Tövsättertjärnen,Sjö,GAV-FK:496c29d37ef3582dac33977c,KÄLLSÖK KVAR – vattenunikt artbelägg saknas,,FVO-OMRÅDE,95470fe475b34522894f
Gävleborg,Forsa fvof,Djuptjärnsb.,Vattendrag,GAV-FK:557b99d700bf9ef5cdd82357,KÄLLSÖK KVAR – vattenunikt artbelägg saknas,,FVO-OMRÅDE,bbb44b050208522efb31
Gävleborg,Forsa fvof,Finnbergsån,Vattendrag,GAV-FK:344dc56bb0d413d4f63bfb0c,KÄLLSÖK KVAR – vattenunikt artbelägg saknas,,FVO-OMRÅDE,69ae4e5f6c864e38c70d
Gävleborg,Forsa fvof,Hornån,Vattendrag,GAV-FK:7fd4f6c6d608337120db163a,KÄLLSÖK KVAR – vattenunikt artbelägg saknas,,FVO-OMRÅDE,9bb8b6f9f8681208367f
Gävleborg,Forsa fvof,Kakelbäcken,Vattendrag,GAV-FK:4ca79668f0fb8716cc8376c1,KÄLLSÖK KVAR – vattenunikt artbelägg saknas,,FVO-OMRÅDE,01966c4b2f51db38414e
Gävleborg,Forsa fvof,Nanstab.,Vattendrag,GAV-FK:867518719461d8944ef8081c,KÄLLSÖK KVAR – vattenunikt artbelägg saknas,,FVO-OMRÅDE,716114715e1b4c7d8bbb
Gävleborg,Forsa fvof,Rossbäcken,Vattendrag,GAV-FK:65eec91c89e4a6526384f749,KÄLLSÖK KVAR – vattenunikt artbelägg saknas,,FVO-OMRÅDE,939c78b25f13a4d1dc71
Gävleborg,Forsa fvof,Svartån,Vattendrag,GAV-FK:cdb1f474a179c9e0186538ce,KÄLLSÖK KVAR – vattenunikt artbelägg saknas,,FVO-OMRÅDE,4d5a3bd646e18cb85337
Gävleborg,Forsa fvof,Svedjaån,Vattendrag,GAV-FK:1a30e2a6637420cb8fa522b6,KÄLLSÖK KVAR – vattenunikt artbelägg saknas,,FVO-OMRÅDE,422c48d492f7acb1bff1
Gävleborg,Forsa fvof,Tannabäcken,Vattendrag,GAV-FK:cfca7c9160efa2e37fa1671c,KÄLLSÖK KVAR – vattenunikt artbelägg saknas,,FVO-OMRÅDE,9debeacb750dce2f2474
Gävleborg,Forsa fvof,Trogstaån,Vattendrag,GAV-FK:f58ef0f6199d92a03e57a064,KÄLLSÖK KVAR – vattenunikt artbelägg saknas,,FVO-OMRÅDE,899267d4bbcd39fe55cd
Gävleborg,Färnebofjärdens fvof,Fågleån,Vattendrag,GAV-FK:89a3cfe29b87e58c8da63c7c,KÄLLSÖK KVAR – vattenunikt artbelägg saknas,,FVO-OMRÅDE,b00e063b313a0ec76f67
Gävleborg,Färnebofjärdens fvof,Laggarboån,Vattendrag,GAV-FK:220bebc2747a75b70bb6ef15,KÄLLSÖK KVAR – vattenunikt artbelägg saknas,,FVO-OMRÅDE,af56ca9cfe13301cfd8d
Gävleborg,Gammelstilla fvof,Gammelstillaån,Vattendrag,GAV-FK:50fa5787f19d6541536597cb,KÄLLSÖK KVAR – vattenunikt artbelägg saknas,,KANDIDAT-UTAN-IDENTIFIERAD-FVO-KÄLLA,c1521a94dbffcdf42df7
Gävleborg,Gysingeforsarnas fvof,Hedesundafjärden,Sjö,GAV-FK:c6c2ef4251b6e43216d37f02,KÄLLSÖK KVAR – vattenunikt artbelägg saknas,,FVO-OMRÅDE,8474b0f5dd8816b8c468
Gävleborg,Gysingeforsarnas fvof,Gisselbäcken,Vattendrag,GAV-FK:4d49696401832a201eef156e,KÄLLSÖK KVAR – vattenunikt artbelägg saknas,,FVO-OMRÅDE,9f9ee6fcc1784e33cc6c
Gävleborg,Gysingeforsarnas fvof,Valmbäcken,Vattendrag,GAV-FK:5654eb3c8caf82f71f597e56,KÄLLSÖK KVAR – vattenunikt artbelägg saknas,,FVO-OMRÅDE,9893e0894cb03c1a49db
Gävleborg,Hamrånge fvof,Abborrtjärnen,Sjö,GAV-FK:ceffce8ed2a425d1701c6b3d,KÄLLSÖK KVAR – vattenunikt artbelägg saknas,,FVO-OMRÅDE,8794c7ec1ff58d42f5c9
Gävleborg,Hamrånge fvof,Asasjön,Sjö,GAV-FK:c1768c3b0ec2962c10cfa501,KÄLLSÖK KVAR – vattenunikt artbelägg saknas,,FVO-OMRÅDE,46e689b02b8892e0b372
Gävleborg,Hamrånge fvof,Björkången,Sjö,GAV-FK:99878e689652cd11168d104e,KÄLLSÖK KVAR – vattenunikt artbelägg saknas,,FVO-OMRÅDE,b559b0b55a0e019e7a63
Gävleborg,Hamrånge fvof,Blåkullstjärnen,Sjö,GAV-FK:f2f11031da082e03ba367b50,KÄLLSÖK KVAR – vattenunikt artbelägg saknas,,FVO-OMRÅDE,914be6b6545aa194360c
Gävleborg,Hamrånge fvof,Bondsundet,Sjö,GAV-FK:d2a6eb69bff47564d3ebe3b7,KÄLLSÖK KVAR – vattenunikt artbelägg saknas,,FVO-OMRÅDE,1e10ac0804cf785f4974
Gävleborg,Hamrånge fvof,Bredtjärnen,Sjö,GAV-FK:ba8ea283d1a7100c33aaaa70,KÄLLSÖK KVAR – vattenunikt artbelägg saknas,,FVO-OMRÅDE,27bdda4e5d7fd146832f
Gävleborg,Hamrånge fvof,Gocksen,Sjö,GAV-FK:b0f5c4b9d9f7f868458ae8c7,KÄLLSÖK KVAR – vattenunikt artbelägg saknas,,FVO-OMRÅDE,4b60a4a493b36a653020
Gävleborg,Hamrånge fvof,Grosstjärnen,Sjö,GAV-FK:f2aa68af074b9dbf6eecbbb9,KÄLLSÖK KVAR – vattenunikt artbelägg saknas,,FVO-OMRÅDE,2181a45cefa54263a4e2
Gävleborg,Hamrånge fvof,Hundsfjärden,Sjö,GAV-FK:bdfeb5e64d34201911bf2d68,KÄLLSÖK KVAR – vattenunikt artbelägg saknas,,FVO-OMRÅDE,8ca73d01a98c77bc3f22
Gävleborg,Hamrånge fvof,Kroktjärnen,Sjö,GAV-FK:e893b779987e44677b1d54f4,KÄLLSÖK KVAR – vattenunikt artbelägg saknas,,FVO-OMRÅDE,895985b9069e7af7f669
Gävleborg,Hamrånge fvof,Kylen,Sjö,GAV-FK:c49322856e5801b18418cdf8,KÄLLSÖK KVAR – vattenunikt artbelägg saknas,,FVO-OMRÅDE,fafc5d98787a643be880
Gävleborg,Hamrånge fvof,Läxen,Sjö,GAV-FK:3abb8ad89619daa48649049f,KÄLLSÖK KVAR – vattenunikt artbelägg saknas,,FVO-OMRÅDE,4812fc4b2ebf10b2ed49
Gävleborg,Hamrånge fvof,Lössnaren,Sjö,GAV-FK:136a4de4a197c0a5649f55fd,KÄLLSÖK KVAR – vattenunikt artbelägg saknas,,FVO-OMRÅDE,63bd5f99b81003251126
Gävleborg,Hamrånge fvof,Marsjön,Sjö,GAV-FK:1523f667d0333907f4b9b0ee,KÄLLSÖK KVAR – vattenunikt artbelägg saknas,,FVO-OMRÅDE,cc3d81cb841e2235a2f6
Gävleborg,Hamrånge fvof,Mellantjärnen,Sjö,GAV-FK:230b3c5b112765679bbf53b9,KÄLLSÖK KVAR – vattenunikt artbelägg saknas,,FVO-OMRÅDE,f16169865de376945069
Gävleborg,Hamrånge fvof,Måsen,Sjö,GAV-FK:8985c6f4c28539766cff2033,KÄLLSÖK KVAR – vattenunikt artbelägg saknas,,FVO-OMRÅDE,5d2ae93ef0bacb08eeaf
Gävleborg,Hamrånge fvof,Måssjön,Sjö,GAV-FK:3f8fc8b9325880e3d18feeb8,KÄLLSÖK KVAR – vattenunikt artbelägg saknas,,FVO-OMRÅDE,d9ad498b9b78653c1a71
Gävleborg,Hamrånge fvof,Måstjärnen,Sjö,GAV-FK:dba5f853a89f577bfe46fa61,KÄLLSÖK KVAR – vattenunikt artbelägg saknas,,FVO-OMRÅDE,959fe7f7573508c75fa1
Gävleborg,Hamrånge fvof,Mörttjärnen,Sjö,GAV-FK:f5169645688e566a3531b2cf,KÄLLSÖK KVAR – vattenunikt artbelägg saknas,,FVO-OMRÅDE,329727ac7065a65cb3bb
Gävleborg,Hamrånge fvof,Nedre Skalsjön,Sjö,GAV-FK:425735ed082ed0015560ecd7,KÄLLSÖK KVAR – vattenunikt artbelägg saknas,,FVO-OMRÅDE,1c379bf7b6e0130d0eff
Gävleborg,Hamrånge fvof,Nissjön,Sjö,GAV-FK:e96679402a6d1602ddb167f9,KÄLLSÖK KVAR – vattenunikt artbelägg saknas,,FVO-OMRÅDE,310da68acb45ce1667c1
Gävleborg,Hamrånge fvof,Ormfjärden,Sjö,GAV-FK:7ef71f1313fe9c1d2a64cd2d,KÄLLSÖK KVAR – vattenunikt artbelägg saknas,,FVO-OMRÅDE,466e247ff16b2abb7d19
Gävleborg,Hamrånge fvof,Rävfjärden,Sjö,GAV-FK:96629f3511fdd732e74c3c21,KÄLLSÖK KVAR – vattenunikt artbelägg saknas,,FVO-OMRÅDE,91e17147650de965eab0
Gävleborg,Hamrånge fvof,Skäggaren,Sjö,GAV-FK:ceaa3079b6b94ed92a2f4fdf,KÄLLSÖK KVAR – vattenunikt artbelägg saknas,,FVO-OMRÅDE,1dfdc1e13610cbd02423
Gävleborg,Hamrånge fvof,Spångholmsdammen,Sjö,GAV-FK:2103f41f57c125f39c1bd00b,KÄLLSÖK KVAR – vattenunikt artbelägg saknas,,FVO-OMRÅDE,4a206235c19a7c1cf107
Gävleborg,Hamrånge fvof,Stensjön,Sjö,GAV-FK:5ffc6045ebcb8a34c6b34f92,KÄLLSÖK KVAR – vattenunikt artbelägg saknas,,FVO-OMRÅDE,5404afa78c3f3ec3a759
Gävleborg,Hamrånge fvof,Stor-Dammsjön,Sjö,GAV-FK:60eb745975a4a4b3cb9b4540,KÄLLSÖK KVAR – vattenunikt artbelägg saknas,,FVO-OMRÅDE,8965b516bcf9a321506a
Gävleborg,Hamrånge fvof,Stora Mjuggsjön,Sjö,GAV-FK:4ace5b75cc74f709cba2e066,KÄLLSÖK KVAR – vattenunikt artbelägg saknas,,FVO-OMRÅDE,260bf0b82765999e5d6b
Gävleborg,Hamrånge fvof,Stora Svantjärnen,Sjö,GAV-FK:e8ba25ce6305436e8fe7df1f,KÄLLSÖK KVAR – vattenunikt artbelägg saknas,,FVO-OMRÅDE,c12a7819201695ca39f1
Gävleborg,Hamrånge fvof,Svartsjön,Sjö,GAV-FK:9e42262b9770d6b7ab37fe04,KÄLLSÖK KVAR – vattenunikt artbelägg saknas,,FVO-OMRÅDE,7e14cbaa228d51749bd2
Gävleborg,Hamrånge fvof,Svarttjärnen,Sjö,GAV-FK:9e976bede266613dffbcd53e,KÄLLSÖK KVAR – vattenunikt artbelägg saknas,,FVO-OMRÅDE,3b7ce4c36847335e6c53
Gävleborg,Hamrånge fvof,Tolvören,Sjö,GAV-FK:e39eb95d668d8abcd071ea95,KÄLLSÖK KVAR – vattenunikt artbelägg saknas,,FVO-OMRÅDE,a35d756592cb1033e3fd
Gävleborg,Hamrånge fvof,Örntjärnen,Sjö,GAV-FK:9edbd65e495b0cce29af2c05,KÄLLSÖK KVAR – vattenunikt artbelägg saknas,,FVO-OMRÅDE,cca5f059852c13bd0400
Gävleborg,Hamrånge fvof,Asasjöbäcken,Vattendrag,GAV-FK:86029c1492e06c1ea2494af6,KÄLLSÖK KVAR – vattenunikt artbelägg saknas,,FVO-OMRÅDE,53b03397606721cbceab
Gävleborg,Hamrånge fvof,Björkångsån,Vattendrag,GAV-FK:e39f7cf3fb0c717bfe0f6eba,KÄLLSÖK KVAR – vattenunikt artbelägg saknas,,FVO-OMRÅDE,6943f9cf796e74ae73ab
Gävleborg,Hamrånge fvof,Järpmursbäcken,Vattendrag,GAV-FK:49f85f446e5794487507bab1,KÄLLSÖK KVAR – vattenunikt artbelägg saknas,,FVO-OMRÅDE,3c8ff0feef20f68d3bab
Gävleborg,Hamrånge fvof,Lillvadbäcken,Vattendrag,GAV-FK:446b0a92efe046ed23ab551c,KÄLLSÖK KVAR – vattenunikt artbelägg saknas,,FVO-OMRÅDE,a2a576704dbe7797c4a5
Gävleborg,Hamrånge fvof,Mårdbäcken,Vattendrag,GAV-FK:75e7c344d0a5517dbf97a344,KÄLLSÖK KVAR – vattenunikt artbelägg saknas,,FVO-OMRÅDE,ebbfab06e3052880d89a
Gävleborg,Hamrånge fvof,Norrmarkbäcken,Vattendrag,GAV-FK:0fbea0d5cbce0f58f01262fa,KÄLLSÖK KVAR – vattenunikt artbelägg saknas,,FVO-OMRÅDE,a3f5e916799e85c4596f
Gävleborg,Hamrånge fvof,Romsån,Vattendrag,GAV-FK:107311c72e0465a4c6ef4d33,KÄLLSÖK KVAR – vattenunikt artbelägg saknas,,FVO-OMRÅDE,eb297fadcb4c5fda7704
Gävleborg,Hamrånge fvof,Slåttmur kanal,Vattendrag,GAV-FK:34c414e5d301d26b094d6041,KÄLLSÖK KVAR – vattenunikt artbelägg saknas,,FVO-OMRÅDE,dbe3efc2d175dbdcd15a
Gävleborg,Hedesunda och Söderforsfjärdarnas fvof,Untrafjärden,Sjö,GAV-FK:0609fb7f390c8b9d8de1b457,KÄLLSÖK KVAR – vattenunikt artbelägg saknas,,FVO-OMRÅDE,66c609773fa1a23a868f
Gävleborg,Hedesunda och Söderforsfjärdarnas fvof,Vriden,Sjö,GAV-FK:8227364201241158b11c0b9d,KÄLLSÖK KVAR – vattenunikt artbelägg saknas,,FVO-OMRÅDE,b3fa1b3911422bf8cfdb
Gävleborg,Hedesunda och Söderforsfjärdarnas fvof,Ingsån,Vattendrag,GAV-FK:287ea9ff0237dce431bfdccf,KÄLLSÖK KVAR – vattenunikt artbelägg saknas,,FVO-OMRÅDE,75ea3346ef902f9d8aab
Gävleborg,Hedesunda och Söderforsfjärdarnas fvof,Kvarnmurbäcken,Vattendrag,GAV-FK:5f63dbcd1c83b24bbae3b76e,KÄLLSÖK KVAR – vattenunikt artbelägg saknas,,FVO-OMRÅDE,1394ea2309a2b76bd72b
Gävleborg,Hedesunda och Söderforsfjärdarnas fvof,Myrbäcken,Vattendrag,GAV-FK:0b9cc68fbed17f0e268ebbbd,KÄLLSÖK KVAR – vattenunikt artbelägg saknas,,FVO-OMRÅDE,336b4abf0413f4dd4616
Gävleborg,Hedesunda och Söderforsfjärdarnas fvof,Rotbäcken,Vattendrag,GAV-FK:0d8d593f02f233355f4328e6,KÄLLSÖK KVAR – vattenunikt artbelägg saknas,,FVO-OMRÅDE,247a5ee66cf0d0a67fbe
Gävleborg,Hedesunda och Söderforsfjärdarnas fvof,Ålboån,Vattendrag,GAV-FK:37bb420331c6e45091b54c9c,KÄLLSÖK KVAR – vattenunikt artbelägg saknas,,FVO-OMRÅDE,327c40d91a4d32ee78a1
Gävleborg,Hedesunda och Söderforsfjärdarnas fvof,Ölboån,Vattendrag,GAV-FK:978e1cc46105f4a71691ce96,KÄLLSÖK KVAR – vattenunikt artbelägg saknas,,FVO-OMRÅDE,13760c6ff8a28eb87675
Gävleborg,Hille fvof,Bosjön,Sjö,GAV-FK:bf5f74cbf8e4c4299c3985bc,KÄLLSÖK KVAR – vattenunikt artbelägg saknas,,FVO-OMRÅDE,e39de7da38d62cdef826
Gävleborg,Hille fvof,Fjärden,Sjö,GAV-FK:c0155eb46f582ce50a4baf15,KÄLLSÖK KVAR – vattenunikt artbelägg saknas,,FVO-OMRÅDE,611ecd17f6f4f0f83ebe
Gävleborg,Hille fvof,Gammel-Fäbodsjön,Sjö,GAV-FK:18bb75b1084fd10b9b581a01,KÄLLSÖK KVAR – vattenunikt artbelägg saknas,,FVO-OMRÅDE,b6cc7ca6a751ff6eefb9
Gävleborg,Hille fvof,Håmansmaren 1,Sjö,GAV-FK:4ef37d740e5ac4ede8d650b0,KÄLLSÖK KVAR – vattenunikt artbelägg saknas,,FVO-OMRÅDE,5653ccf948deb0c4813d
Gävleborg,Hille fvof,Håmansmaren 2,Sjö,GAV-FK:8e5f5fc0ae6ae2c353f11b74,KÄLLSÖK KVAR – vattenunikt artbelägg saknas,,FVO-OMRÅDE,8113843460ee5c5735f3
Gävleborg,Hille fvof,Håmansmaren 3,Sjö,GAV-FK:bec2901b56e7fb5d6670ec4a,KÄLLSÖK KVAR – vattenunikt artbelägg saknas,,FVO-OMRÅDE,fd687db7f932a4c3a80d
Gävleborg,Hille fvof,Lilla Mjuggsjön,Sjö,GAV-FK:5551fccded7b3c92d980ba7f,KÄLLSÖK KVAR – vattenunikt artbelägg saknas,,FVO-OMRÅDE,48374ec5556eb45215b7
Gävleborg,Hille fvof,Marsjöarna,Sjö,GAV-FK:0a971f5d30bee65efcacea7a,KÄLLSÖK KVAR – vattenunikt artbelägg saknas,,FVO-OMRÅDE,be8f13ae0f288f352eca
Gävleborg,Hille fvof,Mårdängsjön,Sjö,GAV-FK:3c946916b23b132c253a36d3,KÄLLSÖK KVAR – vattenunikt artbelägg saknas,,FVO-OMRÅDE,a6918499f476436b70dd
Gävleborg,Hille fvof,Måssjön,Sjö,GAV-FK:c9550f22eeeadf84fe6df85b,KÄLLSÖK KVAR – vattenunikt artbelägg saknas,,FVO-OMRÅDE,aa1c030e23b8b0f5460e
Gävleborg,Hille fvof,Norra Ösasjön,Sjö,GAV-FK:2e423d06510d5b773e2a4aec,KÄLLSÖK KVAR – vattenunikt artbelägg saknas,,FVO-OMRÅDE,20fc4fcd778a7da6e83c
Gävleborg,Hille fvof,Pölen,Sjö,GAV-FK:22037e034775afca8599eec5,KÄLLSÖK KVAR – vattenunikt artbelägg saknas,,FVO-OMRÅDE,b702fb64243cd37c04f8
Gävleborg,Hille fvof,Skarvsjön,Sjö,GAV-FK:93c50d2c0f6246663cf5a5b0,KÄLLSÖK KVAR – vattenunikt artbelägg saknas,,FVO-OMRÅDE,32188cc69e9a5c512448
Gävleborg,Hille fvof,Stora Mjuggsjön,Sjö,GAV-FK:a12b45b5535f98d5c9422842,KÄLLSÖK KVAR – vattenunikt artbelägg saknas,,FVO-OMRÅDE,05b40c092c778cce1dcb
Gävleborg,Hille fvof,Storfjärden,Sjö,GAV-FK:6c2770a9d82960aa58422919,KÄLLSÖK KVAR – vattenunikt artbelägg saknas,,FVO-OMRÅDE,54e7c6ad5b7ce0e2a13c
Gävleborg,Hille fvof,Stormar,Sjö,GAV-FK:ab5d6f505097bb09b7b98238,KÄLLSÖK KVAR – vattenunikt artbelägg saknas,,FVO-OMRÅDE,9b1ee66182883a5ef644
Gävleborg,Hille fvof,Södra Ösasjön,Sjö,GAV-FK:52826cb1da4314fd804b3c14,KÄLLSÖK KVAR – vattenunikt artbelägg saknas,,FVO-OMRÅDE,01016c7f8179055138c9
Gävleborg,Hille fvof,Väster-Norrmarksjön,Sjö,GAV-FK:ef90f1e7ebcc41abe1a123b1,KÄLLSÖK KVAR – vattenunikt artbelägg saknas,,FVO-OMRÅDE,87d5210abbda89db2aaf
Gävleborg,Hille fvof,Öster-Norrmarksjön,Sjö,GAV-FK:08d2f61712ba49dc2b95ce31,KÄLLSÖK KVAR – vattenunikt artbelägg saknas,,FVO-OMRÅDE,9b797266e4ffbaa6f342
Gävleborg,Hille fvof,Dammån,Vattendrag,GAV-FK:f21c49d28de374b8380e8057,KÄLLSÖK KVAR – vattenunikt artbelägg saknas,,FVO-OMRÅDE,8edf22e72e9504182013
Gävleborg,Hofors fvof,Acktjärn,Sjö,GAV-FK:52751424e8ce56716e618d2f,KÄLLSÖK KVAR – vattenunikt artbelägg saknas,,FVO-OMRÅDE,5f06daf4f1736f1e8df1
Gävleborg,Hofors fvof,Holmsjön,Sjö,GAV-FK:7cbe1ab2141081c8ee489cd4,KÄLLSÖK KVAR – vattenunikt artbelägg saknas,,FVO-OMRÅDE,05c34a3a65789bb9ed33
Gävleborg,Hofors fvof,Hosjön,Sjö,GAV-FK:666662307788a5b34c4f6a36,KÄLLSÖK KVAR – vattenunikt artbelägg saknas,,FVO-OMRÅDE,7b9015d41e17bf034ed7
Gävleborg,Hofors fvof,Hyn,Sjö,GAV-FK:1ae11256ca5c341e290030d7,KÄLLSÖK KVAR – vattenunikt artbelägg saknas,,FVO-OMRÅDE,2e1399cfc460367d77d6
Gävleborg,Hofors fvof,Lill-Gösken,Sjö,GAV-FK:8b7dce1cc5191a0787a5f414,KÄLLSÖK KVAR – vattenunikt artbelägg saknas,,FVO-OMRÅDE,92b3692e3936ebcf3c9d
Gävleborg,Hofors fvof,Lilla Kröntjärn,Sjö,GAV-FK:e4b0d95269264ecae26c1d1e,KÄLLSÖK KVAR – vattenunikt artbelägg saknas,,FVO-OMRÅDE,49c9c0646338d2027288
Gävleborg,Hofors fvof,Lissjön,Sjö,GAV-FK:cbe135205ec45943801c7fd6,KÄLLSÖK KVAR – vattenunikt artbelägg saknas,,FVO-OMRÅDE,ea0bade80020efb31ed0
Gävleborg,Hofors fvof,Ormsjön,Sjö,GAV-FK:2f4842261dc733f64072d40d,KÄLLSÖK KVAR – vattenunikt artbelägg saknas,,FVO-OMRÅDE,4d5d6876bfd329df7fcd
Gävleborg,Hofors fvof,Stavtjärndammen,Sjö,GAV-FK:e2ff943ef1428d4c0c8c2c2d,KÄLLSÖK KVAR – vattenunikt artbelägg saknas,,FVO-OMRÅDE,e75dd196fd91b9686b95
Gävleborg,Hofors fvof,Stora Kröntjärn,Sjö,GAV-FK:f582bf299ce615247bedffd8,KÄLLSÖK KVAR – vattenunikt artbelägg saknas,,FVO-OMRÅDE,49e4939817aab186897f
Gävleborg,Hofors fvof,Surtjärn,Sjö,GAV-FK:052ea43f05eb8b20fa55c9b5,KÄLLSÖK KVAR – vattenunikt artbelägg saknas,,FVO-OMRÅDE,3739cdf2c3ab94d57c13
Gävleborg,Hofors fvof,Hoån,Vattendrag,GAV-FK:ae2e338d3ab84e6b2b101945,KÄLLSÖK KVAR – vattenunikt artbelägg saknas,,FVO-OMRÅDE,870a885cf6dcf54217b1
Gävleborg,Hofors fvof,Lissjöbäcken,Vattendrag,GAV-FK:e5568fbd004e877ad6f296a2,KÄLLSÖK KVAR – vattenunikt artbelägg saknas,,FVO-OMRÅDE,3b7b058654315ec5ef9d
Gävleborg,Hofors fvof,Mjölnarån,Vattendrag,GAV-FK:737a21501194e23e8c5024b5,KÄLLSÖK KVAR – vattenunikt artbelägg saknas,,FVO-OMRÅDE,86fbdbc56cf5f5b816d9
Gävleborg,Högs fvof,Bromsvallssjön,Sjö,GAV-FK:4f268e9a25415e2748dcde1a,KÄLLSÖK KVAR – vattenunikt artbelägg saknas,,FVO-OMRÅDE,4175d235ebfbc4d1fd30
Gävleborg,Högs fvof,Lintjärnen,Sjö,GAV-FK:f330ec93e230ef18d651f5b2,KÄLLSÖK KVAR – vattenunikt artbelägg saknas,,FVO-OMRÅDE,fc9cc2d9c9b7c14c5bb3
Gävleborg,Högs fvof,Skålsjön,Sjö,GAV-FK:858eb1beed2271d9bf8caa19,KÄLLSÖK KVAR – vattenunikt artbelägg saknas,,FVO-OMRÅDE,9302ff93903c60c5a453
Gävleborg,Högs fvof,Skålsjötjärnen,Sjö,GAV-FK:b0680f1f0ec95b92e0057e57,KÄLLSÖK KVAR – vattenunikt artbelägg saknas,,FVO-OMRÅDE,bbeebc764ec96bdf32e6
Gävleborg,Högs fvof,Överbosjön,Sjö,GAV-FK:3654588dd692da91f2875449,KÄLLSÖK KVAR – vattenunikt artbelägg saknas,,FVO-OMRÅDE,615c9e15da9876432ecb
Gävleborg,Högs fvof,Bromsvallsbäcken,Vattendrag,GAV-FK:d77fec9abcb4e37a27d3533b,KÄLLSÖK KVAR – vattenunikt artbelägg saknas,,FVO-OMRÅDE,71486040e34ae33e2d0b
Gävleborg,Högs fvof,Hornån,Vattendrag,GAV-FK:1000e837a9b12b4048f949e3,KÄLLSÖK KVAR – vattenunikt artbelägg saknas,,FVO-OMRÅDE,85a7ceb5c4afcb32025e
Gävleborg,Högs fvof,Rossbäcken,Vattendrag,GAV-FK:8b91923ab46a91bc8be5918c,KÄLLSÖK KVAR – vattenunikt artbelägg saknas,,FVO-OMRÅDE,4a9be278070676afe5cd
Gävleborg,Jädraås fvof,Ivantjärnen,Sjö,GAV-FK:7281b5272afe07dcc05f8501,KÄLLSÖK KVAR – vattenunikt artbelägg saknas,,FVO-OMRÅDE,b59a9bb47b36daee10e7
Gävleborg,Jädraås fvof,Kolkilamp,Sjö,GAV-FK:45e56f440cad2b6e0a55b33e,KÄLLSÖK KVAR – vattenunikt artbelägg saknas,,FVO-OMRÅDE,643acff46c9763cdb228
Gävleborg,Jädraås fvof,Liss-Abborrtjärnen,Sjö,GAV-FK:f9179746e1bb05a7e3b4f077,KÄLLSÖK KVAR – vattenunikt artbelägg saknas,,FVO-OMRÅDE,dae5391b659ecfb0c2e2
Gävleborg,Jädraås fvof,Ljustjärnen,Sjö,GAV-FK:bccf676c1b60e8b2255cd36a,KÄLLSÖK KVAR – vattenunikt artbelägg saknas,,FVO-OMRÅDE,dd842a32213d16888a01
Gävleborg,Jädraås fvof,Låtilamp,Sjö,GAV-FK:d3f21472354f6f092a48a984,KÄLLSÖK KVAR – vattenunikt artbelägg saknas,,FVO-OMRÅDE,477fd9f34351d3bcc6c6
Gävleborg,Jädraås fvof,Notlamp,Sjö,GAV-FK:db6048fe62ebed746ad9f2f2,KÄLLSÖK KVAR – vattenunikt artbelägg saknas,,FVO-OMRÅDE,83396e0822d6075e0ad4
Gävleborg,Jädraås fvof,Rönnback-Holmsjön,Sjö,GAV-FK:bc49b25f6c2c1b80b963332a,KÄLLSÖK KVAR – vattenunikt artbelägg saknas,,FVO-OMRÅDE,f7b9e2716e9ec90782d4
Gävleborg,Jädraås fvof,Sidsjön,Sjö,GAV-FK:993d0ab8baf7c2cb14d11d20,KÄLLSÖK KVAR – vattenunikt artbelägg saknas,,FVO-OMRÅDE,b2264ae340ed3d646c80
Gävleborg,Jädraås fvof,Skältjärnen,Sjö,GAV-FK:c73c68b7a9634cb9ff05b17a,KÄLLSÖK KVAR – vattenunikt artbelägg saknas,,FVO-OMRÅDE,217351623fd636040cbb
Gävleborg,Jädraås fvof,Svarttjärnen,Sjö,GAV-FK:0041626056e3c466ff69a48d,KÄLLSÖK KVAR – vattenunikt artbelägg saknas,,FVO-OMRÅDE,16c34324feb06a358f94
Gävleborg,Jädraås fvof,Vansattatjärnen,Sjö,GAV-FK:3fc732319bb4110c3f68542f,KÄLLSÖK KVAR – vattenunikt artbelägg saknas,,FVO-OMRÅDE,02d714d0692ffca55a42
Gävleborg,Jädraås fvof,Älgsjön,Sjö,GAV-FK:0df38dbbe2c3dd1ca9525761,KÄLLSÖK KVAR – vattenunikt artbelägg saknas,,FVO-OMRÅDE,52c69cbeb09b889f1f0d
Gävleborg,Jädraås fvof,Hennaporusbäcken,Vattendrag,GAV-FK:1fc4e39cdb6a12b9510d6b30,KÄLLSÖK KVAR – vattenunikt artbelägg saknas,,FVO-OMRÅDE,062001144cfa3c50ef93
Gävleborg,Jädraås fvof,Lillån,Vattendrag,GAV-FK:2a30c2f7bbe152b0dac013d2,KÄLLSÖK KVAR – vattenunikt artbelägg saknas,,FVO-OMRÅDE,c5008d405e1db26eaebf
Gävleborg,Järbo fvof,Gullsjön,Sjö,GAV-FK:4ce075c799fd88c38d827013,KÄLLSÖK KVAR – vattenunikt artbelägg saknas,,FVO-OMRÅDE,7e255f0aaf632c0c27fa
Gävleborg,Järbo fvof,Hacktjärnarna,Sjö,GAV-FK:a9344ece072cca1b1bbb97d8,KÄLLSÖK KVAR – vattenunikt artbelägg saknas,,FVO-OMRÅDE,7bac97d07c419c87056a
Gävleborg,Järbo fvof,Holmsjön,Sjö,GAV-FK:be991164c32eeae935807e98,KÄLLSÖK KVAR – vattenunikt artbelägg saknas,,FVO-OMRÅDE,2add0542a8002cf56a3a
Gävleborg,Järbo fvof,Hälltjärnen,Sjö,GAV-FK:a4cb7f0f2525ca51e0eb3469,KÄLLSÖK KVAR – vattenunikt artbelägg saknas,,FVO-OMRÅDE,1c44ca476b26da8d5679
Gävleborg,Järbo fvof,Kalvsjön,Sjö,GAV-FK:7d967fdb6766ed84db8cc0c9,KÄLLSÖK KVAR – vattenunikt artbelägg saknas,,FVO-OMRÅDE,cd532942d4ff05720ed6
Gävleborg,Järbo fvof,Långsjön,Sjö,GAV-FK:49e405035cb1e7d0971564e8,KÄLLSÖK KVAR – vattenunikt artbelägg saknas,,FVO-OMRÅDE,a0f305df9cd91ba1c97d
Gävleborg,Järbo fvof,Rojärvi,Sjö,GAV-FK:29ebf6c74e84f4ffae10d505,KÄLLSÖK KVAR – vattenunikt artbelägg saknas,,FVO-OMRÅDE,2ea6a76d9f44cd7ea9eb
Gävleborg,Järbo fvof,Stora Mörtsjön,Sjö,GAV-FK:97894e251677b858237bd1f5,KÄLLSÖK KVAR – vattenunikt artbelägg saknas,,FVO-OMRÅDE,b3f8711c9caa38308331
Gävleborg,Järbo fvof,Vällingen,Sjö,GAV-FK:4011043e482561879d84e4e4,KÄLLSÖK KVAR – vattenunikt artbelägg saknas,,FVO-OMRÅDE,bfd46cde46da776028d0
Gävleborg,Järbo fvof,Pengerb,Vattendrag,GAV-FK:4063b0ad60a79908f5de5f64,KÄLLSÖK KVAR – vattenunikt artbelägg saknas,,FVO-OMRÅDE,2e89beb71af824b1d244
Gävleborg,Järbo fvof,Vällingbäcken,Vattendrag,GAV-FK:d01fdc2330c016bc21c0c247,KÄLLSÖK KVAR – vattenunikt artbelägg saknas,,FVO-OMRÅDE,9d1b5a8e930a43e929e4
Gävleborg,Järvsö fvof,Flarken,Sjö,GAV-FK:7f888e4e5428cea059a89c58,KÄLLSÖK KVAR – vattenunikt artbelägg saknas,,FVO-OMRÅDE,14ac6d1d3cd4fd3170de
Gävleborg,Järvsö fvof,Flurtjärnen,Sjö,GAV-FK:75539215cc3c1c0b9d07dd0d,KÄLLSÖK KVAR – vattenunikt artbelägg saknas,,FVO-OMRÅDE,d093a060de334d979c27
Gävleborg,Järvsö fvof,Foskvågen,Sjö,GAV-FK:687df40eecdd63d15a74abb3,KÄLLSÖK KVAR – vattenunikt artbelägg saknas,,FVO-OMRÅDE,20a755caa8030c427428
Gävleborg,Järvsö fvof,Furusjön,Sjö,GAV-FK:38205ec4667975e4a2175bc1,KÄLLSÖK KVAR – vattenunikt artbelägg saknas,,FVO-OMRÅDE,1b9592ca26a23ce64523
Gävleborg,Järvsö fvof,Gartstjärnen,Sjö,GAV-FK:ba2f9e4625d96aa40e715b49,KÄLLSÖK KVAR – vattenunikt artbelägg saknas,,FVO-OMRÅDE,436b096db81d996424da
Gävleborg,Järvsö fvof,Gatvattnet,Sjö,GAV-FK:aa6d419b3765baaaa631754d,KÄLLSÖK KVAR – vattenunikt artbelägg saknas,,FVO-OMRÅDE,e16aed13718dda314182
Gävleborg,Järvsö fvof,Gryttjen,Sjö,GAV-FK:e1c481b5c89398f0f169895f,KÄLLSÖK KVAR – vattenunikt artbelägg saknas,,FVO-OMRÅDE,82def503cf65467b080d
Gävleborg,Järvsö fvof,Gummervallstjärnen,Sjö,GAV-FK:7ea673cb8db2ae9e0e1c8225,KÄLLSÖK KVAR – vattenunikt artbelägg saknas,,FVO-OMRÅDE,dfede26f00b8a5f9ae2b
Gävleborg,Järvsö fvof,Hedtjärnen,Sjö,GAV-FK:00294a305a2450f18c9f0416,KÄLLSÖK KVAR – vattenunikt artbelägg saknas,,FVO-OMRÅDE,f1d81169b630fb9988b7
Gävleborg,Järvsö fvof,Järvsötjärn,Sjö,GAV-FK:1a66e1d62e698d98bf48bedc,KÄLLSÖK KVAR – vattenunikt artbelägg saknas,,FVO-OMRÅDE,094973ee468a0e56cd19
Gävleborg,Järvsö fvof,Klimptjärn,Sjö,GAV-FK:65dbbb5693cf77f21c9d4e38,KÄLLSÖK KVAR – vattenunikt artbelägg saknas,,FVO-OMRÅDE,c28cbaa417c974334bb7
Gävleborg,Järvsö fvof,Lill-Stråsjötjärnen,Sjö,GAV-FK:79f4ebf288196dd2f072b689,KÄLLSÖK KVAR – vattenunikt artbelägg saknas,,FVO-OMRÅDE,79b42baf6432a7efd4ba
Gävleborg,Järvsö fvof,Lilla Kölsjön,Sjö,GAV-FK:8d8dfc27b38650619ab19003,KÄLLSÖK KVAR – vattenunikt artbelägg saknas,,FVO-OMRÅDE,32d2fbd71ae8ec93f58b
Gävleborg,Järvsö fvof,Lillsjön,Sjö,GAV-FK:1a3dce1452b4938fd3a5ca29,KÄLLSÖK KVAR – vattenunikt artbelägg saknas,,FVO-OMRÅDE,1b815e3dcfc57377163a
Gävleborg,Järvsö fvof,Locken,Sjö,GAV-FK:1b7f21f2e72248dd5ceee4f7,KÄLLSÖK KVAR – vattenunikt artbelägg saknas,,FVO-OMRÅDE,5ac7648cfd2c5117fda2
Gävleborg,Järvsö fvof,Långtjärnen,Sjö,GAV-FK:b8a5aa49219cc73e338e7d70,KÄLLSÖK KVAR – vattenunikt artbelägg saknas,,FVO-OMRÅDE,d2900bc6bc890a394954
Gävleborg,Järvsö fvof,Mörttjärn,Sjö,GAV-FK:8fec5e0374f941a29f2cd27b,KÄLLSÖK KVAR – vattenunikt artbelägg saknas,,FVO-OMRÅDE,300f83ade4320da1e0e8
Gävleborg,Järvsö fvof,Mörttjärnen,Sjö,GAV-FK:aad6e59c735d01d52fcbbeb2,KÄLLSÖK KVAR – vattenunikt artbelägg saknas,,FVO-OMRÅDE,44c5e1ea4d12d7ba4c4e
Gävleborg,Järvsö fvof,Nedre Stugsjön,Sjö,GAV-FK:aa990062f124167882da6894,KÄLLSÖK KVAR – vattenunikt artbelägg saknas,,FVO-OMRÅDE,81f50ae83cfc3e9a9aa8
Gävleborg,Järvsö fvof,Nyvallstjärnen,Sjö,GAV-FK:25efc61ac12e78ad25514f9e,KÄLLSÖK KVAR – vattenunikt artbelägg saknas,,FVO-OMRÅDE,d35c5e63b48e6fa6ecc1
Gävleborg,Järvsö fvof,Orsjön,Sjö,GAV-FK:e5c9d85e198805db8e852cf1,KÄLLSÖK KVAR – vattenunikt artbelägg saknas,,FVO-OMRÅDE,ca146897fd753a4c6473
Gävleborg,Järvsö fvof,Spjuttjärnen,Sjö,GAV-FK:abdde5d0285d3d6d56166303,KÄLLSÖK KVAR – vattenunikt artbelägg saknas,,FVO-OMRÅDE,59ad6b3315cfbec53698
Gävleborg,Järvsö fvof,Stora Dalsjön,Sjö,GAV-FK:2fdffa5c6f61d9ad0c449faa,KÄLLSÖK KVAR – vattenunikt artbelägg saknas,,FVO-OMRÅDE,bd4c7414f6bbf68d54e5
Gävleborg,Järvsö fvof,Stora Lintjärnen,Sjö,GAV-FK:df80d10b8cc6e306f022de1b,KÄLLSÖK KVAR – vattenunikt artbelägg saknas,,FVO-OMRÅDE,53af05cce158c0c95313
Gävleborg,Järvsö fvof,Stora Mörtsjön,Sjö,GAV-FK:baa72ca9eb0220d59a5fb316,KÄLLSÖK KVAR – vattenunikt artbelägg saknas,,FVO-OMRÅDE,6c71c57b513e88bda6ed
Gävleborg,Järvsö fvof,Storsjön,Sjö,GAV-FK:b007b1b6dadd3de544fda27a,KÄLLSÖK KVAR – vattenunikt artbelägg saknas,,FVO-OMRÅDE,825f86fc183784a11b00
Gävleborg,Järvsö fvof,Stråsjön,Sjö,GAV-FK:5d66d9a9d4b12aae39d0a55b,KÄLLSÖK KVAR – vattenunikt artbelägg saknas,,FVO-OMRÅDE,056bc632f1fb5e799970
Gävleborg,Järvsö fvof,Sånghussjön,Sjö,GAV-FK:763654b4cdfcbc4843437610,KÄLLSÖK KVAR – vattenunikt artbelägg saknas,,FVO-OMRÅDE,388df31bdbd11ba73d9e
Gävleborg,Järvsö fvof,Trerönningen,Sjö,GAV-FK:87fb5fb64afcbfe1e5d49421,KÄLLSÖK KVAR – vattenunikt artbelägg saknas,,FVO-OMRÅDE,280877a868893603f28e
Gävleborg,Järvsö fvof,Valåssjön,Sjö,GAV-FK:197194e75e841116e5245455,KÄLLSÖK KVAR – vattenunikt artbelägg saknas,,FVO-OMRÅDE,91a333e3393858b110f8
Gävleborg,Järvsö fvof,Vålsjön,Sjö,GAV-FK:73ee3a069e0da9083414b705,KÄLLSÖK KVAR – vattenunikt artbelägg saknas,,FVO-OMRÅDE,0d2153a330e4477d5ae8
Gävleborg,Järvsö fvof,Yckelbosjön,Sjö,GAV-FK:a8b99176dd668e3c8341bcb3,KÄLLSÖK KVAR – vattenunikt artbelägg saknas,,FVO-OMRÅDE,3d6f449d79b844d1ac48
Gävleborg,Järvsö fvof,Älgtjärnen,Sjö,GAV-FK:bbfda6551802b9056f4dbbb9,KÄLLSÖK KVAR – vattenunikt artbelägg saknas,,FVO-OMRÅDE,9870575330c7ec041c9f
Gävleborg,Järvsö fvof,Övre Bursjön,Sjö,GAV-FK:bce6cbd02a878e221c06d7c8,KÄLLSÖK KVAR – vattenunikt artbelägg saknas,,FVO-OMRÅDE,8d4fc38a9a0076ec70ad
Gävleborg,Järvsö fvof,Övre Stugsjön,Sjö,GAV-FK:f9ac7b5c150f00b87f6869fc,KÄLLSÖK KVAR – vattenunikt artbelägg saknas,,FVO-OMRÅDE,dc4892b94fb3d948063f
Gävleborg,Järvsö fvof,Andån,Vattendrag,GAV-FK:091c4636cf03cf6d2a18ff4c,KÄLLSÖK KVAR – vattenunikt artbelägg saknas,,FVO-OMRÅDE,04d197c6bde9e7f85e1b
Gävleborg,Järvsö fvof,Bergvallsån,Vattendrag,GAV-FK:14d24c416e2159341e6c8c8d,KÄLLSÖK KVAR – vattenunikt artbelägg saknas,,FVO-OMRÅDE,9e82ad7107c347aa12d2
Gävleborg,Järvsö fvof,Bursjöbäcken,Vattendrag,GAV-FK:268a8e69e5872dabde76825d,KÄLLSÖK KVAR – vattenunikt artbelägg saknas,,FVO-OMRÅDE,15db8ba269d9db296137
Gävleborg,Järvsö fvof,Dalån,Vattendrag,GAV-FK:67edefa7995ebc87e9479856,KÄLLSÖK KVAR – vattenunikt artbelägg saknas,,FVO-OMRÅDE,867b22595168323adf54
Gävleborg,Järvsö fvof,Djuptjärnån,Vattendrag,GAV-FK:bd8021aa777d95e541a88961,KÄLLSÖK KVAR – vattenunikt artbelägg saknas,,FVO-OMRÅDE,5957ffb37f744519ecd5
Gävleborg,Järvsö fvof,Lindsån,Vattendrag,GAV-FK:462644d133e154efc84b24c3,KÄLLSÖK KVAR – vattenunikt artbelägg saknas,,FVO-OMRÅDE,42e87ad50b9c18589981
Gävleborg,Järvsö fvof,Orsmilbäcken,Vattendrag,GAV-FK:a1f34b1316cc363a97cb7b5b,KÄLLSÖK KVAR – vattenunikt artbelägg saknas,,FVO-OMRÅDE,96e2120167774afc33ba
Gävleborg,Järvsö fvof,Rossån,Vattendrag,GAV-FK:a9f402df5649c93c18d8a6f2,KÄLLSÖK KVAR – vattenunikt artbelägg saknas,,FVO-OMRÅDE,edfde475d2b904ed9366
Gävleborg,Järvsö fvof,Sundsån,Vattendrag,GAV-FK:9f2e547e0d58fd4e8ea08743,KÄLLSÖK KVAR – vattenunikt artbelägg saknas,,FVO-OMRÅDE,4c99de18461b049077d0
Gävleborg,Järvsö fvof,Svartbäcken,Vattendrag,GAV-FK:4f7c628597209009dd888490,KÄLLSÖK KVAR – vattenunikt artbelägg saknas,,FVO-OMRÅDE,2519f711ca14c87c05a8
Gävleborg,Järvsö fvof,Sörbyån,Vattendrag,GAV-FK:000a08a8b51fca9161e5184a,KÄLLSÖK KVAR – vattenunikt artbelägg saknas,,FVO-OMRÅDE,cc7853da4cd848e8dc12
Gävleborg,Järvsö fvof,Timmob,Vattendrag,GAV-FK:441c9d54a6bfccedc8901988,KÄLLSÖK KVAR – vattenunikt artbelägg saknas,,FVO-OMRÅDE,ddc92f1480d49d135900
Gävleborg,Järvsö fvof,Uvåsbäcken,Vattendrag,GAV-FK:e9f17fed391490263862d0b7,KÄLLSÖK KVAR – vattenunikt artbelägg saknas,,FVO-OMRÅDE,9234013ce1f10abc59b5
Gävleborg,Kyrkvidsåsens fvof,Storsjön,Sjö,GAV-FK:0845dae9bf9b01096f733457,KÄLLSÖK KVAR – vattenunikt artbelägg saknas,,FVO-OMRÅDE,2e7060b3ec7e86414d94
Gävleborg,Kyrkvidsåsens fvof,Trönöån,Vattendrag,GAV-FK:b46b3aa77f3c49c0882d2542,KÄLLSÖK KVAR – vattenunikt artbelägg saknas,,KANDIDAT-UTAN-IDENTIFIERAD-FVO-KÄLLA,8233f7df71694ee72755
Gävleborg,Kårböle fvof,Björkkullstjärnarna,Sjö,GAV-FK:7ee47d34df5bc478fa9096e0,KÄLLSÖK KVAR – vattenunikt artbelägg saknas,,FVO-OMRÅDE,b665de0a7e3cdcd7a087
Gävleborg,Kårböle fvof,Lill-Vingeltjärnen,Sjö,GAV-FK:af7e261bf1750597c1e76c3a,KÄLLSÖK KVAR – vattenunikt artbelägg saknas,,FVO-OMRÅDE,82eccdc17bc5f4b6e1b7
Gävleborg,Kårböle fvof,Långtjärnen,Sjö,GAV-FK:90222c2474e8b63b4684934f,KÄLLSÖK KVAR – vattenunikt artbelägg saknas,,FVO-OMRÅDE,8f813584e195c88cc969
Gävleborg,Kårböle fvof,Messubodsjön,Sjö,GAV-FK:95872211c01ea664e8a6f36a,KÄLLSÖK KVAR – vattenunikt artbelägg saknas,,FVO-OMRÅDE,5c6b6a725a16101e8092
Gävleborg,Kårböle fvof,Stor-Vingeltjärnen,Sjö,GAV-FK:e2d2f07767d8db68e81970dc,KÄLLSÖK KVAR – vattenunikt artbelägg saknas,,FVO-OMRÅDE,27f8a6c4db91588fdaf5
Gävleborg,Kårböle fvof,Västra Sillersjön,Sjö,GAV-FK:d3005e991c9447ebb2f54a1c,KÄLLSÖK KVAR – vattenunikt artbelägg saknas,,FVO-OMRÅDE,2424cf2844451d86404a
Gävleborg,Kårböle fvof,Öjeforsens Dämningsomr,Sjö,GAV-FK:79390863042ce53899a276a9,KÄLLSÖK KVAR – vattenunikt artbelägg saknas,,FVO-OMRÅDE,41cd21bfdab41cd3dd2f
Gävleborg,Kårböle fvof,Borrån N.Grenen,Vattendrag,GAV-FK:583352eba3828dc1620abf7d,KÄLLSÖK KVAR – vattenunikt artbelägg saknas,,FVO-OMRÅDE,bb6bf017c4bf59fcbe6f
Gävleborg,Kårböle fvof,Skålån,Vattendrag,GAV-FK:8dbf4ef76e5258e3bb2bd345,KÄLLSÖK KVAR – vattenunikt artbelägg saknas,,FVO-OMRÅDE,30a26f2b7d31d2a70776
Gävleborg,Kårböle fvof,Stenån,Vattendrag,GAV-FK:491274e3ea0075410775603b,KÄLLSÖK KVAR – vattenunikt artbelägg saknas,,FVO-OMRÅDE,e4945a1f19c874bbfd1a
Gävleborg,Kårböle fvof,Stor-Järvsjöån,Vattendrag,GAV-FK:bd429963ec21fc5e1d6dd6af,KÄLLSÖK KVAR – vattenunikt artbelägg saknas,,FVO-OMRÅDE,456e0ba0e158d70b67cb
Gävleborg,Ljusdals fvof,Alsjön,Sjö,GAV-FK:947645dfb618f28cfe6e90cc,KÄLLSÖK KVAR – vattenunikt artbelägg saknas,,FVO-OMRÅDE,6ecc9cddf54368e068ed
Gävleborg,Ljusdals fvof,Bergstjärnen,Sjö,GAV-FK:158449278b4f661a33c1753c,KÄLLSÖK KVAR – vattenunikt artbelägg saknas,,FVO-OMRÅDE,3a823a3438fa58db12be
Gävleborg,Ljusdals fvof,Björktjärnen,Sjö,GAV-FK:48a27cd15f274870b3741821,KÄLLSÖK KVAR – vattenunikt artbelägg saknas,,FVO-OMRÅDE,56604690e9b162ca6550
Gävleborg,Ljusdals fvof,Björnsjön,Sjö,GAV-FK:d72fdf27e528d23bf32d8471,KÄLLSÖK KVAR – vattenunikt artbelägg saknas,,FVO-OMRÅDE,1a60f83861cfe3c65382
Gävleborg,Ljusdals fvof,Borrsjön,Sjö,GAV-FK:e5042aae165fcb23b3afb65a,KÄLLSÖK KVAR – vattenunikt artbelägg saknas,,FVO-OMRÅDE,20095058c97c8b0ed401
Gävleborg,Ljusdals fvof,Bäckeslåttstjärnen,Sjö,GAV-FK:95343d07ad8b567364a7d5a8,KÄLLSÖK KVAR – vattenunikt artbelägg saknas,,FVO-OMRÅDE,0a044555ce6bbf48ffe0
Gävleborg,Ljusdals fvof,Finnebysjön,Sjö,GAV-FK:5d8c1ea675c7195daaa4180d,KÄLLSÖK KVAR – vattenunikt artbelägg saknas,,FVO-OMRÅDE,bd5a0e2f2b5f7f9a9a06
Gävleborg,Ljusdals fvof,Foskvågen,Sjö,GAV-FK:d67eb61d58ece768dfce8ee5,KÄLLSÖK KVAR – vattenunikt artbelägg saknas,,FVO-OMRÅDE,1a4b32687671f0461d4a
Gävleborg,Ljusdals fvof,Gissetjärnen,Sjö,GAV-FK:bbd6902f1167c96350ce8032,KÄLLSÖK KVAR – vattenunikt artbelägg saknas,,FVO-OMRÅDE,45209f74f0007c5fbf37
Gävleborg,Ljusdals fvof,Gussjön,Sjö,GAV-FK:932d29a50028f05b305cf976,KÄLLSÖK KVAR – vattenunikt artbelägg saknas,,FVO-OMRÅDE,2da208b65a8e5d008e1a
Gävleborg,Ljusdals fvof,Gäddtjärnen,Sjö,GAV-FK:5c9a85e0752fe40135f40b7c,KÄLLSÖK KVAR – vattenunikt artbelägg saknas,,FVO-OMRÅDE,ac32b76530a1b6b9436e
Gävleborg,Ljusdals fvof,Hedstatjärnen,Sjö,GAV-FK:715fb2507d88729dd1c7b8d9,KÄLLSÖK KVAR – vattenunikt artbelägg saknas,,FVO-OMRÅDE,ff4861b41fcfd5b7f71a
Gävleborg,Ljusdals fvof,Holmtjärnen,Sjö,GAV-FK:35807bd65cd0107d5e9ae33b,KÄLLSÖK KVAR – vattenunikt artbelägg saknas,,FVO-OMRÅDE,b1da7e964948baa13380
Gävleborg,Ljusdals fvof,Hundstjärnen,Sjö,GAV-FK:265978b654a7ce44c88d80bf,KÄLLSÖK KVAR – vattenunikt artbelägg saknas,,FVO-OMRÅDE,fc11672c02fa42a6ceb1
Gävleborg,Ljusdals fvof,Kaptenstjärnen,Sjö,GAV-FK:43dc16c6bd9c8a9d77a52ecb,KÄLLSÖK KVAR – vattenunikt artbelägg saknas,,FVO-OMRÅDE,5d7b35455d8f1381c721
Gävleborg,Ljusdals fvof,Kroktjärnen,Sjö,GAV-FK:d036343267267f5b0169cf2c,KÄLLSÖK KVAR – vattenunikt artbelägg saknas,,FVO-OMRÅDE,b3a6d815be1f9c23e763
Gävleborg,Ljusdals fvof,Kräkeltjärnen,Sjö,GAV-FK:04d54c3f126375a0061de06e,KÄLLSÖK KVAR – vattenunikt artbelägg saknas,,FVO-OMRÅDE,6d5e4b86367e149b1062
Gävleborg,Ljusdals fvof,Kumsjön,Sjö,GAV-FK:775aaf93294884c598c8bd40,KÄLLSÖK KVAR – vattenunikt artbelägg saknas,,FVO-OMRÅDE,0fa25951846f90af5834
Gävleborg,Ljusdals fvof,Kumtjärnen,Sjö,GAV-FK:daf7493ec4ae2a0e4adc3e8b,KÄLLSÖK KVAR – vattenunikt artbelägg saknas,,FVO-OMRÅDE,fb5e909e797a65a7c63a
Gävleborg,Ljusdals fvof,Lillstugutjärnen,Sjö,GAV-FK:b957445b0ae4dba55f40cd1b,KÄLLSÖK KVAR – vattenunikt artbelägg saknas,,FVO-OMRÅDE,f569cf4417a6cafef8ca
Gävleborg,Ljusdals fvof,Lindtjärnen,Sjö,GAV-FK:e2ea453289430d7927f19fd5,KÄLLSÖK KVAR – vattenunikt artbelägg saknas,,FVO-OMRÅDE,15a9f534329dbedfd47b
Gävleborg,Ljusdals fvof,Ljustjärnen,Sjö,GAV-FK:795ca22cf89d0c6705675023,KÄLLSÖK KVAR – vattenunikt artbelägg saknas,,FVO-OMRÅDE,f9736fc4e12a2bc0ff3e
Gävleborg,Ljusdals fvof,Morvallstjärnarna,Sjö,GAV-FK:b8a23281f707bd2afaf956d7,KÄLLSÖK KVAR – vattenunikt artbelägg saknas,,FVO-OMRÅDE,7467bc21cf56eb992514
Gävleborg,Ljusdals fvof,Måndagstjärnen,Sjö,GAV-FK:d6cccdb7c7846a0a2ee7288c,KÄLLSÖK KVAR – vattenunikt artbelägg saknas,,FVO-OMRÅDE,6531f7f5fe7b5a7e0838
Gävleborg,Ljusdals fvof,Norrbottenstjärnarna,Sjö,GAV-FK:ce21d2e5e7ebc4a4fbe5e4ba,KÄLLSÖK KVAR – vattenunikt artbelägg saknas,,FVO-OMRÅDE,8abc9130bf37b0535756
Gävleborg,Ljusdals fvof,Ol-Gummessjön,Sjö,GAV-FK:457e51f75329d1b489e4e00b,KÄLLSÖK KVAR – vattenunikt artbelägg saknas,,FVO-OMRÅDE,9ba32466abfc9abbc75c
Gävleborg,Ljusdals fvof,Olastjärnen,Sjö,GAV-FK:0e390c8df928c24aa4c73db0,KÄLLSÖK KVAR – vattenunikt artbelägg saknas,,FVO-OMRÅDE,30fcfc7aad8e50709576
Gävleborg,Ljusdals fvof,Onsängssjön,Sjö,GAV-FK:8aea351534393794ce02464e,KÄLLSÖK KVAR – vattenunikt artbelägg saknas,,FVO-OMRÅDE,b7b41955376dfa9e7c1b
Gävleborg,Ljusdals fvof,Opptjärnen,Sjö,GAV-FK:d1d943c532a4f6b85d96e92a,KÄLLSÖK KVAR – vattenunikt artbelägg saknas,,FVO-OMRÅDE,1893a024c1f7df3a3de4
Gävleborg,Ljusdals fvof,Prästskogssjön,Sjö,GAV-FK:9bbe9793f9e1da4b47f748e3,KÄLLSÖK KVAR – vattenunikt artbelägg saknas,,FVO-OMRÅDE,dc7b64d97e1c5877099f
Gävleborg,Ljusdals fvof,Ranungen,Sjö,GAV-FK:17961bfb0a6509b459ea581c,KÄLLSÖK KVAR – vattenunikt artbelägg saknas,,FVO-OMRÅDE,7be39a019f1b0034e22f
Gävleborg,Ljusdals fvof,Remmasjön,Sjö,GAV-FK:494633945dcfc528c5a2d50c,KÄLLSÖK KVAR – vattenunikt artbelägg saknas,,FVO-OMRÅDE,a5a4d138b1e6ea6257d3
Gävleborg,Ljusdals fvof,Risbergssjön,Sjö,GAV-FK:84174c3c765f946d025d57ed,KÄLLSÖK KVAR – vattenunikt artbelägg saknas,,FVO-OMRÅDE,59027d65adc474d3a539
Gävleborg,Ljusdals fvof,Risbergstjärnen,Sjö,GAV-FK:3f532cf0ea1da9af45a9aef9,KÄLLSÖK KVAR – vattenunikt artbelägg saknas,,FVO-OMRÅDE,8d29bed5a1134a9b5f16
Gävleborg,Ljusdals fvof,Råtjärnen,Sjö,GAV-FK:dd85f953059fa7f3a0c15d21,KÄLLSÖK KVAR – vattenunikt artbelägg saknas,,FVO-OMRÅDE,7076cdef106b429963a7
Gävleborg,Ljusdals fvof,Sandviks-Lungan,Sjö,GAV-FK:fa764d9097ba492bb4198600,KÄLLSÖK KVAR – vattenunikt artbelägg saknas,,FVO-OMRÅDE,aa8a8432f9fa3bf200fb
Gävleborg,Ljusdals fvof,Skråsstjärnen,Sjö,GAV-FK:f959ad189776407d8fb19a6b,KÄLLSÖK KVAR – vattenunikt artbelägg saknas,,FVO-OMRÅDE,dbf2f33ca00b185e01fc
Gävleborg,Ljusdals fvof,Skärken,Sjö,GAV-FK:de19f431cfe8d285a736b9bf,KÄLLSÖK KVAR – vattenunikt artbelägg saknas,,FVO-OMRÅDE,c034b3352ab4b0b703ce
Gävleborg,Ljusdals fvof,Skåltjärnen,Sjö,GAV-FK:eda97cb3907c5bda451c54d9,KÄLLSÖK KVAR – vattenunikt artbelägg saknas,,FVO-OMRÅDE,d05a69039e19ac0aeb9b
Gävleborg,Ljusdals fvof,Skålvallssjön,Sjö,GAV-FK:d6bb7aadf287a22a470542a5,KÄLLSÖK KVAR – vattenunikt artbelägg saknas,,FVO-OMRÅDE,f58d1bdfcd9bcca0b39b
Gävleborg,Ljusdals fvof,Skånristjärnen,Sjö,GAV-FK:c9d9872483a5688b3cedf253,KÄLLSÖK KVAR – vattenunikt artbelägg saknas,,FVO-OMRÅDE,b630511b47b1f0c174a9
Gävleborg,Ljusdals fvof,Skånsjön,Sjö,GAV-FK:2162e36cb6207a8b5b36ffc6,KÄLLSÖK KVAR – vattenunikt artbelägg saknas,,FVO-OMRÅDE,da1fde0ad00bbff23e7c
Gävleborg,Ljusdals fvof,Slåttjärnen,Sjö,GAV-FK:6898aeef4a0e385350aa4b59,KÄLLSÖK KVAR – vattenunikt artbelägg saknas,,FVO-OMRÅDE,2b11ee7cdb9986fe3439
Gävleborg,Ljusdals fvof,Steksjön,Sjö,GAV-FK:4ceea0b81238e21c75897dcf,KÄLLSÖK KVAR – vattenunikt artbelägg saknas,,FVO-OMRÅDE,0f5030252d72486b3bfd
Gävleborg,Ljusdals fvof,Stor-Blitjärnen,Sjö,GAV-FK:868e4f943bd2a69eff9013dd,KÄLLSÖK KVAR – vattenunikt artbelägg saknas,,FVO-OMRÅDE,ca8249a35c43f6ee2278
Gävleborg,Ljusdals fvof,Stor-Valsjön,Sjö,GAV-FK:3089f71fa28092738ea345e1,KÄLLSÖK KVAR – vattenunikt artbelägg saknas,,FVO-OMRÅDE,114ea2d22529617b29b9
Gävleborg,Ljusdals fvof,Stora Björntjärnen,Sjö,GAV-FK:9465e16f8390b4bb664f09b7,KÄLLSÖK KVAR – vattenunikt artbelägg saknas,,FVO-OMRÅDE,6551fdae5f2efc779540
Gävleborg,Ljusdals fvof,Stora Håversjön,Sjö,GAV-FK:027527905b423da615f9220a,KÄLLSÖK KVAR – vattenunikt artbelägg saknas,,FVO-OMRÅDE,ae149e64b75e3cb7681c
Gävleborg,Ljusdals fvof,Stora Åltjärnen,Sjö,GAV-FK:417d7fcfc34a2a663a7aae96,KÄLLSÖK KVAR – vattenunikt artbelägg saknas,,FVO-OMRÅDE,11f447e4adc894a8b554
Gävleborg,Ljusdals fvof,Stugsjön,Sjö,GAV-FK:5adf0c8adc57f934f6dc176b,KÄLLSÖK KVAR – vattenunikt artbelägg saknas,,FVO-OMRÅDE,6d97f44c55b0b33c03e6
Gävleborg,Ljusdals fvof,Stömmatjärnen,Sjö,GAV-FK:dd64517afe0afd3f68471f8e,KÄLLSÖK KVAR – vattenunikt artbelägg saknas,,FVO-OMRÅDE,66af5fa295c05a4190cf
Gävleborg,Ljusdals fvof,Sundstjärnarna,Sjö,GAV-FK:7f39c4a4659f2262ab4b550c,KÄLLSÖK KVAR – vattenunikt artbelägg saknas,,FVO-OMRÅDE,0866b66b135950cb4073
Gävleborg,Ljusdals fvof,Sundstjärnen,Sjö,GAV-FK:6b6b03366499511519ce6720,KÄLLSÖK KVAR – vattenunikt artbelägg saknas,,FVO-OMRÅDE,699cbb21169b19249065
Gävleborg,Ljusdals fvof,Svartsjöarna,Sjö,GAV-FK:b4c6aabb138f2c785af163c3,KÄLLSÖK KVAR – vattenunikt artbelägg saknas,,FVO-OMRÅDE,23e19abe5a574a99684a
Gävleborg,Ljusdals fvof,Södra Väljetjärnen,Sjö,GAV-FK:ce2948da48d47fda27043678,KÄLLSÖK KVAR – vattenunikt artbelägg saknas,,FVO-OMRÅDE,31015a58f46b7ecee850
Gävleborg,Ljusdals fvof,Treslinten,Sjö,GAV-FK:80ba4b082e201a1fbe525cbf,KÄLLSÖK KVAR – vattenunikt artbelägg saknas,,FVO-OMRÅDE,d1ddc6ed5de299d2aeb0
Gävleborg,Ljusdals fvof,Ulvasen,Sjö,GAV-FK:436b21c32b23f0808363cb37,KÄLLSÖK KVAR – vattenunikt artbelägg saknas,,FVO-OMRÅDE,c19cff2ea3782896cf07
Gävleborg,Ljusdals fvof,Valltjärnen,Sjö,GAV-FK:71efe1c529c6d59c1a9cd14c,KÄLLSÖK KVAR – vattenunikt artbelägg saknas,,FVO-OMRÅDE,15eca1eb36cf1e23d736
Gävleborg,Ljusdals fvof,Vikarsjön,Sjö,GAV-FK:b3da7694c9c3e9d83ad6dae3,KÄLLSÖK KVAR – vattenunikt artbelägg saknas,,FVO-OMRÅDE,c64692fd726ecf7c2c2a
Gävleborg,Ljusdals fvof,Västeråstjärnen,Sjö,GAV-FK:093a6d4bac28da5862b55a54,KÄLLSÖK KVAR – vattenunikt artbelägg saknas,,FVO-OMRÅDE,19867b42bc609a3fec2a
Gävleborg,Ljusdals fvof,Västra Hävlungen,Sjö,GAV-FK:a06a6696f88a4fd8fa142267,KÄLLSÖK KVAR – vattenunikt artbelägg saknas,,FVO-OMRÅDE,fa537274f73f721ca296
Gävleborg,Ljusdals fvof,Västra Siksjön,Sjö,GAV-FK:ffe974345bdcb3e9cd01a8dd,KÄLLSÖK KVAR – vattenunikt artbelägg saknas,,FVO-OMRÅDE,8f5fb1709e496dec6a60
Gävleborg,Ljusdals fvof,Åsbotjärnen,Sjö,GAV-FK:27e706d60ea9c14b470fe036,KÄLLSÖK KVAR – vattenunikt artbelägg saknas,,FVO-OMRÅDE,9098eea0098b353c74fd
Gävleborg,Ljusdals fvof,Östra Geasjön,Sjö,GAV-FK:76d1e92b469106e58d18cadb,KÄLLSÖK KVAR – vattenunikt artbelägg saknas,,FVO-OMRÅDE,75670cc93ae1ddfa64ca
Gävleborg,Ljusdals fvof,Östra Siksjön,Sjö,GAV-FK:d079b3936cfd6e77ba3acd69,KÄLLSÖK KVAR – vattenunikt artbelägg saknas,,FVO-OMRÅDE,38b9a20c9adbe5ce29e0
Gävleborg,Ljusdals fvof,Övre Mångtjärnen,Sjö,GAV-FK:d7b891b8664463fb83ad1c1c,KÄLLSÖK KVAR – vattenunikt artbelägg saknas,,FVO-OMRÅDE,f02f064ad45f711b9796
Gävleborg,Ljusdals fvof,Övre Mörttjärnen,Sjö,GAV-FK:c75d88c95018a31aae759275,KÄLLSÖK KVAR – vattenunikt artbelägg saknas,,FVO-OMRÅDE,386ece14d481e5f676d4
Gävleborg,Ljusdals fvof,Övre Vintervägstjärne,Sjö,GAV-FK:edef87cde3bae019e6a8c777,KÄLLSÖK KVAR – vattenunikt artbelägg saknas,,FVO-OMRÅDE,bf9b1e19413dd1d3e66e
Gävleborg,Ljusdals fvof,Bjartån,Vattendrag,GAV-FK:5251eb731e704b68b76d11f9,KÄLLSÖK KVAR – vattenunikt artbelägg saknas,,FVO-OMRÅDE,62e73808bd2a760e3533
Gävleborg,Ljusdals fvof,Brändbobäcken,Vattendrag,GAV-FK:aa047a7c370266916b3038c4,KÄLLSÖK KVAR – vattenunikt artbelägg saknas,,FVO-OMRÅDE,dbd7e5a582c8784cd2b0
Gävleborg,Ljusdals fvof,Enån,Vattendrag,GAV-FK:ffe71a1b100f00e588630059,KÄLLSÖK KVAR – vattenunikt artbelägg saknas,,FVO-OMRÅDE,be87e44a77a7d938f07b
Gävleborg,Ljusdals fvof,Gammelvallsbäcken,Vattendrag,GAV-FK:07b26ef3ad1a2e82f58c2e9d,KÄLLSÖK KVAR – vattenunikt artbelägg saknas,,FVO-OMRÅDE,58ae3d2c669207f50050
Gävleborg,Ljusdals fvof,Getaån,Vattendrag,GAV-FK:e1e718be8489713f1f7e90fa,KÄLLSÖK KVAR – vattenunikt artbelägg saknas,,FVO-OMRÅDE,e959e88dca8490b1323b
Gävleborg,Ljusdals fvof,Gladbäcken,Vattendrag,GAV-FK:fd02dfae11089db31c919170,KÄLLSÖK KVAR – vattenunikt artbelägg saknas,,FVO-OMRÅDE,bc4e783b26584015b52b
Gävleborg,Ljusdals fvof,Gådaån,Vattendrag,GAV-FK:d86e9e28c09c48d53c21b1a8,KÄLLSÖK KVAR – vattenunikt artbelägg saknas,,FVO-OMRÅDE,11995d8c262810a7e3a1
Gävleborg,Ljusdals fvof,Holån,Vattendrag,GAV-FK:665615a4708db56c97133f30,KÄLLSÖK KVAR – vattenunikt artbelägg saknas,,FVO-OMRÅDE,29163799d6824a3866b1
Gävleborg,Ljusdals fvof,Håkasb.,Vattendrag,GAV-FK:ce20689a57c1a16b5e23b1b7,KÄLLSÖK KVAR – vattenunikt artbelägg saknas,,FVO-OMRÅDE,50fd657676a6b831b166
Gävleborg,Ljusdals fvof,Krankmyrb.,Vattendrag,GAV-FK:11cd9b2adc6f46376b00f6e7,KÄLLSÖK KVAR – vattenunikt artbelägg saknas,,FVO-OMRÅDE,1743e203046974b5a7d7
Gävleborg,Ljusdals fvof,Liljeslåttsbäcken,Vattendrag,GAV-FK:ac3e93356c025b6b4768db20,KÄLLSÖK KVAR – vattenunikt artbelägg saknas,,FVO-OMRÅDE,156142d9b0ee8b051b16
Gävleborg,Ljusdals fvof,Mångtjärnsån,Vattendrag,GAV-FK:8718ae7a0cef14055f8c85e3,KÄLLSÖK KVAR – vattenunikt artbelägg saknas,,FVO-OMRÅDE,c7669be85e3798e71351
Gävleborg,Ljusdals fvof,Nyåkersbäcken,Vattendrag,GAV-FK:958ec6f172cc227429b32c15,KÄLLSÖK KVAR – vattenunikt artbelägg saknas,,FVO-OMRÅDE,5bc3ab7128caf7eb1809
Gävleborg,Ljusdals fvof,Prästskogsån,Vattendrag,GAV-FK:87a54f1132af8edd99bf9740,KÄLLSÖK KVAR – vattenunikt artbelägg saknas,,FVO-OMRÅDE,e5edc6ef201654c702d4
Gävleborg,Ljusdals fvof,Ranungsbäcken,Vattendrag,GAV-FK:16af463f6d1f55cb47194668,KÄLLSÖK KVAR – vattenunikt artbelägg saknas,,FVO-OMRÅDE,59a45f4ded5a667549dd
Gävleborg,Ljusdals fvof,Råtjärnsbäcken,Vattendrag,GAV-FK:b835c5e46d7f652cdc06c2d3,KÄLLSÖK KVAR – vattenunikt artbelägg saknas,,FVO-OMRÅDE,c23c370ded0ae00ed904
Gävleborg,Ljusdals fvof,Sandbäcken,Vattendrag,GAV-FK:9e1e6995eaa0e4753a8f4a1e,KÄLLSÖK KVAR – vattenunikt artbelägg saknas,,FVO-OMRÅDE,0d20a67e5a8ce5a66a6b
Gävleborg,Ljusdals fvof,Sjöboån,Vattendrag,GAV-FK:926eb6cc5fb045ccb462bf29,KÄLLSÖK KVAR – vattenunikt artbelägg saknas,,FVO-OMRÅDE,6b3f87f8d35cbaa7f8fe
Gävleborg,Ljusdals fvof,Sorgån,Vattendrag,GAV-FK:8ebf2b6910d7103f9c6e076d,KÄLLSÖK KVAR – vattenunikt artbelägg saknas,,FVO-OMRÅDE,5d5a2b874f566f5fe460
Gävleborg,Ljusdals fvof,Storåsbäcken,Vattendrag,GAV-FK:3dc7a287fc31e8208101ba83,KÄLLSÖK KVAR – vattenunikt artbelägg saknas,,FVO-OMRÅDE,ed2ab5a18329f5372f3b
Gävleborg,Ljusdals fvof,Svedjebäcken,Vattendrag,GAV-FK:428c0f07e6f00c567b20e32d,KÄLLSÖK KVAR – vattenunikt artbelägg saknas,,FVO-OMRÅDE,07d908f793f87b791cbd
Gävleborg,Ljusdals fvof,Tenbäcken,Vattendrag,GAV-FK:ab1a7050a3f7375f6df46814,KÄLLSÖK KVAR – vattenunikt artbelägg saknas,,FVO-OMRÅDE,5e9ab476a2cae7f8f1aa
Gävleborg,Ljusdals fvof,Ulvasån,Vattendrag,GAV-FK:5f4ce2ed32857872ff67dc1a,KÄLLSÖK KVAR – vattenunikt artbelägg saknas,,FVO-OMRÅDE,501c600792e27bd9d8f9
Gävleborg,Ljusdals fvof,Venåsbäcken,Vattendrag,GAV-FK:e1efdd27e9769086b126109e,KÄLLSÖK KVAR – vattenunikt artbelägg saknas,,FVO-OMRÅDE,b1d6abdb0d917563060e
Gävleborg,Ljusdals fvof,Ämnesbäcken,Vattendrag,GAV-FK:579b8e22f24e833d98279efb,KÄLLSÖK KVAR – vattenunikt artbelägg saknas,,FVO-OMRÅDE,d2eaa4a6855efd847609
Gävleborg,Los-Hamra fvof,Ackjalamm,Sjö,GAV-FK:dda0733a8563c9357a1799d8,KÄLLSÖK KVAR – vattenunikt artbelägg saknas,,FVO-OMRÅDE,a6cd4fce99ece658b27f
Gävleborg,Los-Hamra fvof,Acksjön,Sjö,GAV-FK:4270a9ab9b7e44cc9507bf82,KÄLLSÖK KVAR – vattenunikt artbelägg saknas,,FVO-OMRÅDE,0c8e8c05006b0361c328
Gävleborg,Los-Hamra fvof,Båtsjön,Sjö,GAV-FK:4da0dd60c529f325d20cc2c0,KÄLLSÖK KVAR – vattenunikt artbelägg saknas,,FVO-OMRÅDE,9ec0d2dc7e940ab7c9a7
Gävleborg,Los-Hamra fvof,Fräkentjärnen,Sjö,GAV-FK:3de79f891bd1355d3d9ef703,KÄLLSÖK KVAR – vattenunikt artbelägg saknas,,FVO-OMRÅDE,2c6491bd77bad9112d2d
Gävleborg,Los-Hamra fvof,Grycken,Sjö,GAV-FK:294c261a3cb1d532f99114fa,KÄLLSÖK KVAR – vattenunikt artbelägg saknas,,FVO-OMRÅDE,eae2f22b2becc75640cd
Gävleborg,Los-Hamra fvof,Grästjärnen,Sjö,GAV-FK:09c9faa32cff4fb481193e3c,KÄLLSÖK KVAR – vattenunikt artbelägg saknas,,FVO-OMRÅDE,a8555e24432edb3e6796
Gävleborg,Los-Hamra fvof,Gäddtjärnen,Sjö,GAV-FK:de5a16b2b8ca4c63d1cde788,KÄLLSÖK KVAR – vattenunikt artbelägg saknas,,FVO-OMRÅDE,e0c0ebe9635a469f58ef
Gävleborg,Los-Hamra fvof,Hamrasjöhötjärnen,Sjö,GAV-FK:0df403502ac2460385f08e53,KÄLLSÖK KVAR – vattenunikt artbelägg saknas,,FVO-OMRÅDE,2d4c6e5628b9f46d89e9
Gävleborg,Los-Hamra fvof,Hemtjärnen,Sjö,GAV-FK:4495c4345f0f6216e145ab2e,KÄLLSÖK KVAR – vattenunikt artbelägg saknas,,FVO-OMRÅDE,025932ac6e2695b6cc59
Gävleborg,Los-Hamra fvof,Hundsjön,Sjö,GAV-FK:8d45b9e531fef29a9d99bdfb,KÄLLSÖK KVAR – vattenunikt artbelägg saknas,,FVO-OMRÅDE,825ece8a8f5aed9c0d3c
Gävleborg,Los-Hamra fvof,Hällbergstjärnen,Sjö,GAV-FK:65794ed168a5491fbea878b0,KÄLLSÖK KVAR – vattenunikt artbelägg saknas,,FVO-OMRÅDE,239abf790b2b3a3c4659
Gävleborg,Los-Hamra fvof,Hästskosjön,Sjö,GAV-FK:7c21a4dd04314935aaa3adab,KÄLLSÖK KVAR – vattenunikt artbelägg saknas,,FVO-OMRÅDE,3dbc1e2cc1101fbd94de
Gävleborg,Los-Hamra fvof,Järptjärnen,Sjö,GAV-FK:54619296891fa146609636c2,KÄLLSÖK KVAR – vattenunikt artbelägg saknas,,FVO-OMRÅDE,2c3d6b04df8e31ff4864
Gävleborg,Los-Hamra fvof,Kottlamm,Sjö,GAV-FK:c3565d6555457f2fb8955cd3,KÄLLSÖK KVAR – vattenunikt artbelägg saknas,,FVO-OMRÅDE,4d4d013da769673fd556
Gävleborg,Los-Hamra fvof,Ladmyrtjärnen,Sjö,GAV-FK:ca6aa4f2899cb57e91454ff9,KÄLLSÖK KVAR – vattenunikt artbelägg saknas,,FVO-OMRÅDE,15b51dc8f712792c4d81
Gävleborg,Los-Hamra fvof,Laxtjärnen,Sjö,GAV-FK:2d4ff4d18d36633beaac0c61,KÄLLSÖK KVAR – vattenunikt artbelägg saknas,,FVO-OMRÅDE,177506e3538d3e194a0d
Gävleborg,Los-Hamra fvof,Lettolamm,Sjö,GAV-FK:76fa18ce3b04a55157ced430,KÄLLSÖK KVAR – vattenunikt artbelägg saknas,,FVO-OMRÅDE,a6a8872d888ff52f4e7e
Gävleborg,Los-Hamra fvof,Lilla Paskalamm,Sjö,GAV-FK:9fe46d542b8ebd4fe19ec0b9,KÄLLSÖK KVAR – vattenunikt artbelägg saknas,,FVO-OMRÅDE,5cbc889226ea08804936
Gävleborg,Los-Hamra fvof,Lillsillret,Sjö,GAV-FK:a14f2426f5cc60fa8035a5a2,KÄLLSÖK KVAR – vattenunikt artbelägg saknas,,FVO-OMRÅDE,bc052fc3f4a9247923ec
Gävleborg,Los-Hamra fvof,Lillsjön,Sjö,GAV-FK:f8f4ad7521272dc1e6ed89ce,KÄLLSÖK KVAR – vattenunikt artbelägg saknas,,FVO-OMRÅDE,c6c4f26ba32002c7431a
Gävleborg,Los-Hamra fvof,Långtjärnen,Sjö,GAV-FK:c5cff9ddd53e2a30673e30ab,KÄLLSÖK KVAR – vattenunikt artbelägg saknas,,FVO-OMRÅDE,ed911f1dd38607a64dc1
Gävleborg,Los-Hamra fvof,Malungen,Sjö,GAV-FK:65b54806ddb65e114fc9b81f,KÄLLSÖK KVAR – vattenunikt artbelägg saknas,,FVO-OMRÅDE,8130f7d04c1e8efd3c09
Gävleborg,Los-Hamra fvof,Mellantjärnen,Sjö,GAV-FK:313ba816c5ca8518d5c2f268,KÄLLSÖK KVAR – vattenunikt artbelägg saknas,,FVO-OMRÅDE,0c44a0a867b1d619ecc2
Gävleborg,Los-Hamra fvof,Mörtsjön,Sjö,GAV-FK:ad168d748ce4b438f83f91b2,KÄLLSÖK KVAR – vattenunikt artbelägg saknas,,FVO-OMRÅDE,e714ced94191f61a0b74
Gävleborg,Los-Hamra fvof,Mörttjärnen,Sjö,GAV-FK:04e76a244b359644d8dd4a29,KÄLLSÖK KVAR – vattenunikt artbelägg saknas,,FVO-OMRÅDE,eda1a846c1ad3f3338a8
Gävleborg,Los-Hamra fvof,Nederåtjärnen,Sjö,GAV-FK:c18e1ff8d46b56bddc48ce68,KÄLLSÖK KVAR – vattenunikt artbelägg saknas,,FVO-OMRÅDE,1e2ad94719e3b1646363
Gävleborg,Los-Hamra fvof,Nedre Lomsjön,Sjö,GAV-FK:a91f0601a8164bddd622cd19,KÄLLSÖK KVAR – vattenunikt artbelägg saknas,,FVO-OMRÅDE,0efa852e2b2ca539cdb4
Gävleborg,Los-Hamra fvof,Norrbytjärnen,Sjö,GAV-FK:42ea756e7ae8172c510a3c09,KÄLLSÖK KVAR – vattenunikt artbelägg saknas,,FVO-OMRÅDE,bd3e6a036c5d8e170894
Gävleborg,Los-Hamra fvof,Nälgojärv,Sjö,GAV-FK:4f4842907e33550ddf50e975,KÄLLSÖK KVAR – vattenunikt artbelägg saknas,,FVO-OMRÅDE,dde7d168527d149230c3
Gävleborg,Los-Hamra fvof,Nävertjärn,Sjö,GAV-FK:9cc0aaa034e2082ee7d908ab,KÄLLSÖK KVAR – vattenunikt artbelägg saknas,,FVO-OMRÅDE,f889a069f3cf794212cf
Gävleborg,Los-Hamra fvof,Nöungen,Sjö,GAV-FK:f0a687744ddd0519af67e9ea,KÄLLSÖK KVAR – vattenunikt artbelägg saknas,,FVO-OMRÅDE,cb7b773f7342cabd0298
Gävleborg,Los-Hamra fvof,Rensjön,Sjö,GAV-FK:699b4d46493fbf4f51f5d1a0,KÄLLSÖK KVAR – vattenunikt artbelägg saknas,,FVO-OMRÅDE,89fee18761a93dd3f2af
Gävleborg,Los-Hamra fvof,Roklamm,Sjö,GAV-FK:98b8503bd506a967af53d102,KÄLLSÖK KVAR – vattenunikt artbelägg saknas,,FVO-OMRÅDE,9572ca96778e0667a9d2
Gävleborg,Los-Hamra fvof,Rotsjön,Sjö,GAV-FK:4b6535ec5c9efc4ccd3a2460,KÄLLSÖK KVAR – vattenunikt artbelägg saknas,,FVO-OMRÅDE,31bc9d80780b677d24c3
Gävleborg,Los-Hamra fvof,Salmijärv,Sjö,GAV-FK:9d0c4d718e9051cbfd0e7785,KÄLLSÖK KVAR – vattenunikt artbelägg saknas,,FVO-OMRÅDE,cb30c9466640ecfae3c1
Gävleborg,Los-Hamra fvof,Skarptjärnarna S,Sjö,GAV-FK:1166b5c75f25da033808e8bb,KÄLLSÖK KVAR – vattenunikt artbelägg saknas,,FVO-OMRÅDE,64a6d50e41b7c9c5ed5d
Gävleborg,Los-Hamra fvof,Stor-Acksjön,Sjö,GAV-FK:902d21c8f2f29a157d382b70,KÄLLSÖK KVAR – vattenunikt artbelägg saknas,,FVO-OMRÅDE,a00a89b3f0bcf987076d
Gävleborg,Los-Hamra fvof,Stora Härnösandstjärn,Sjö,GAV-FK:58e55dd522a216e4873142c9,KÄLLSÖK KVAR – vattenunikt artbelägg saknas,,FVO-OMRÅDE,78a890e28c9e53043a54
Gävleborg,Los-Hamra fvof,Stora Hässjabergstjärn,Sjö,GAV-FK:d5de97f88dd3a74bd9e4a831,KÄLLSÖK KVAR – vattenunikt artbelägg saknas,,FVO-OMRÅDE,80dcc1519b7a21b759cd
Gävleborg,Los-Hamra fvof,Stora Mörtsjön,Sjö,GAV-FK:a5d9294588305a38f592a0e7,KÄLLSÖK KVAR – vattenunikt artbelägg saknas,,FVO-OMRÅDE,1459204465ba155d4781
Gävleborg,Los-Hamra fvof,Storlugnan,Sjö,GAV-FK:aef6fa1c2b9ae909d1b728c5,KÄLLSÖK KVAR – vattenunikt artbelägg saknas,,FVO-OMRÅDE,b0f9fe2da8d920a7620c
Gävleborg,Los-Hamra fvof,Storsillret,Sjö,GAV-FK:d2ad96adfbe081d54873a6d6,KÄLLSÖK KVAR – vattenunikt artbelägg saknas,,FVO-OMRÅDE,9c4206879ed9b843d57c
Gävleborg,Los-Hamra fvof,Storsjön,Sjö,GAV-FK:2e0c147cca72b0d97fb4b436,KÄLLSÖK KVAR – vattenunikt artbelägg saknas,,FVO-OMRÅDE,2c52982d35b14149c4b6
Gävleborg,Los-Hamra fvof,Stortjärnen,Sjö,GAV-FK:ade8a260150a0d43b6bf254d,KÄLLSÖK KVAR – vattenunikt artbelägg saknas,,FVO-OMRÅDE,14b9dd51366c700c84cf
Gävleborg,Los-Hamra fvof,Svantjärnen,Sjö,GAV-FK:46a4ffd409c57e2da4983c98,KÄLLSÖK KVAR – vattenunikt artbelägg saknas,,FVO-OMRÅDE,5390a570c19b1b584227
Gävleborg,Los-Hamra fvof,Sättnässjön,Sjö,GAV-FK:dbb32b238c6f54e92d22408b,KÄLLSÖK KVAR – vattenunikt artbelägg saknas,,FVO-OMRÅDE,61cc7a4643b595fc9f54
Gävleborg,Los-Hamra fvof,Södra Stormyrtjärnen,Sjö,GAV-FK:c4829654abf1d9e1df78c2e0,KÄLLSÖK KVAR – vattenunikt artbelägg saknas,,FVO-OMRÅDE,7bd4c14abdefb3d1caa5
Gävleborg,Los-Hamra fvof,Tallasjärv,Sjö,GAV-FK:ffe5c2aaba308907edcecb65,KÄLLSÖK KVAR – vattenunikt artbelägg saknas,,FVO-OMRÅDE,28cf2c0ac2dd19112474
Gävleborg,Los-Hamra fvof,Tornmyrtjärnen,Sjö,GAV-FK:4df1ce4fe8cb05e6b7df12e8,KÄLLSÖK KVAR – vattenunikt artbelägg saknas,,FVO-OMRÅDE,1328626e8adc05fda4a2
Gävleborg,Los-Hamra fvof,Tvärtförstjärn,Sjö,GAV-FK:71e6119048c8664c902ed808,KÄLLSÖK KVAR – vattenunikt artbelägg saknas,,FVO-OMRÅDE,d2265ba779a47bb10a21
Gävleborg,Los-Hamra fvof,Västerborrsjön,Sjö,GAV-FK:bc1b2a1347cab8b2787d0b99,KÄLLSÖK KVAR – vattenunikt artbelägg saknas,,FVO-OMRÅDE,1b235fc72e45e8dd2abf
Gävleborg,Los-Hamra fvof,Västersjön,Sjö,GAV-FK:18bda88e7031f043c1dfebec,KÄLLSÖK KVAR – vattenunikt artbelägg saknas,,FVO-OMRÅDE,53e67b9fabf10195b7b2
Gävleborg,Los-Hamra fvof,Åtjärnen,Sjö,GAV-FK:e92caaf97b061936787a76ab,KÄLLSÖK KVAR – vattenunikt artbelägg saknas,,FVO-OMRÅDE,97530de652b172a371d3
Gävleborg,Los-Hamra fvof,Öster-Borrsjön,Sjö,GAV-FK:21f3b896cc0369eb719eeba9,KÄLLSÖK KVAR – vattenunikt artbelägg saknas,,FVO-OMRÅDE,1d904f3b47ccc70ff563
Gävleborg,Los-Hamra fvof,Övre Lomsjön,Sjö,GAV-FK:b0aa29ce3c263e43ae91451d,KÄLLSÖK KVAR – vattenunikt artbelägg saknas,,FVO-OMRÅDE,6a2ffe42e8b6dd46ae23
Gävleborg,Los-Hamra fvof,Borrån,Vattendrag,GAV-FK:ab58c8a4b04455cd638d461d,KÄLLSÖK KVAR – vattenunikt artbelägg saknas,,FVO-OMRÅDE,1af3c872349d4bb37464
Gävleborg,Los-Hamra fvof,Brännmyrb,Vattendrag,GAV-FK:5226454db74cd14714f480a2,KÄLLSÖK KVAR – vattenunikt artbelägg saknas,,FVO-OMRÅDE,56d1572adbe650feeae0
Gävleborg,Los-Hamra fvof,Frysbäcken,Vattendrag,GAV-FK:9f7d7832d1caae8f1ef75d10,KÄLLSÖK KVAR – vattenunikt artbelägg saknas,,FVO-OMRÅDE,d1c9f5670d5f619343ce
Gävleborg,Los-Hamra fvof,Gällsjöån,Vattendrag,GAV-FK:ccc933fe80b77bae96b39f72,KÄLLSÖK KVAR – vattenunikt artbelägg saknas,,FVO-OMRÅDE,0e7544f032a4043124f3
Gävleborg,Los-Hamra fvof,Hyttån,Vattendrag,GAV-FK:48355e9553dcd5a3d07d1c8e,KÄLLSÖK KVAR – vattenunikt artbelägg saknas,,FVO-OMRÅDE,533dfe8b642af8f676cc
Gävleborg,Los-Hamra fvof,Håvaån,Vattendrag,GAV-FK:e892b4e653dbf6b62a4a6bd4,KÄLLSÖK KVAR – vattenunikt artbelägg saknas,,FVO-OMRÅDE,ef8963ed0ad7e9370199
Gävleborg,Los-Hamra fvof,Mångån,Vattendrag,GAV-FK:e5ff539633b17ec7f2d30c28,KÄLLSÖK KVAR – vattenunikt artbelägg saknas,,FVO-OMRÅDE,684bf4c6677a53f996a2
Gävleborg,Los-Hamra fvof,Mörtsjöån,Vattendrag,GAV-FK:d6270764481e81ba6ff82036,KÄLLSÖK KVAR – vattenunikt artbelägg saknas,,FVO-OMRÅDE,bb821d3d884f7e4ebe66
Gävleborg,Los-Hamra fvof,Nitybäcken,Vattendrag,GAV-FK:2cef27cd1e77f3c30ae002cf,KÄLLSÖK KVAR – vattenunikt artbelägg saknas,,FVO-OMRÅDE,a46f008d56be2f2c8234
Gävleborg,Los-Hamra fvof,Stor-Järvsjöån,Vattendrag,GAV-FK:45592250e524f99da0edb2d3,KÄLLSÖK KVAR – vattenunikt artbelägg saknas,,FVO-OMRÅDE,71fc59a133c9edc3c124
Gävleborg,Los-Hamra fvof,Tåkerån,Vattendrag,GAV-FK:1c87cddbd7fd05e76f8406aa,KÄLLSÖK KVAR – vattenunikt artbelägg saknas,,FVO-OMRÅDE,544487fe72351d83120f
Gävleborg,Malmjärns fvof,Malmjärn,Sjö,GAV-FK:cf4639b50bacd4af8c8beab2,KÄLLSÖK KVAR – vattenunikt artbelägg saknas,,FVO-OMRÅDE,da95d335d17dd19d9bf2
Gävleborg,Malmjärns fvof,Övre Dammen,Sjö,GAV-FK:6cca998c0c30f62f3f9b8d52,KÄLLSÖK KVAR – vattenunikt artbelägg saknas,,FVO-OMRÅDE,b6fdc508918fbe5665f0
Gävleborg,Malmjärns fvof,Gammelstillaån,Vattendrag,GAV-FK:c1004ee685f8f20ee75cfa17,KÄLLSÖK KVAR – vattenunikt artbelägg saknas,,FVO-OMRÅDE,dca59b87255498d313fe
Gävleborg,Malmjärns fvof,Getån/Storån,Vattendrag,GAV-FK:caf9a41c47f3ebf948c28979,KÄLLSÖK KVAR – vattenunikt artbelägg saknas,,FVO-OMRÅDE,6cdba53bf12e85fe1932
Gävleborg,Malmjärns fvof,Hoån,Vattendrag,GAV-FK:8227a163fe9b9a27afe986bd,KÄLLSÖK KVAR – vattenunikt artbelägg saknas,,FVO-OMRÅDE,ed7b07aab9203811f6f3
Gävleborg,Malmjärns fvof,Malmjärnsbäcken,Vattendrag,GAV-FK:bb2d0f6fc5c8ca119d849973,KÄLLSÖK KVAR – vattenunikt artbelägg saknas,,FVO-OMRÅDE,57f7444f115d5eb9f654
Gävleborg,Medskogssjöns fvof,Säverängsån,Vattendrag,GAV-FK:d00f5aaa72d83cd6402a3a28,KÄLLSÖK KVAR – vattenunikt artbelägg saknas,,FVO-OMRÅDE,d43ea3c9bbafa32c1a83
Gävleborg,Mo fvof,Lill-Hisjön,Sjö,GAV-FK:ac2d137aa0aaa997b32d9a9c,KÄLLSÖK KVAR – vattenunikt artbelägg saknas,,FVO-OMRÅDE,5280311a2ed8a3a5017b
Gävleborg,Mo fvof,Mjugsjön,Sjö,GAV-FK:6f2c3697ad216fd694a3b3bf,KÄLLSÖK KVAR – vattenunikt artbelägg saknas,,FVO-OMRÅDE,599de8a441da9debad75
Gävleborg,Mo fvof,Flysån,Vattendrag,GAV-FK:79da7b04c94edca2b44dfe5f,KÄLLSÖK KVAR – vattenunikt artbelägg saknas,,FVO-OMRÅDE,b8d6fe4d658faa58de20
Gävleborg,Mo fvof,Glössboån,Vattendrag,GAV-FK:394a527298ecdd18f8e02fb3,KÄLLSÖK KVAR – vattenunikt artbelägg saknas,,FVO-OMRÅDE,7ee1fec86465491064da
Gävleborg,Mo fvof,Rolån,Vattendrag,GAV-FK:a4edf7e83aad59fcd540324e,KÄLLSÖK KVAR – vattenunikt artbelägg saknas,,FVO-OMRÅDE,e98562287c9e2b77086e
Gävleborg,Mo fvof,Snarbäcken,Vattendrag,GAV-FK:257e29337d268f88d96f2097,KÄLLSÖK KVAR – vattenunikt artbelägg saknas,,FVO-OMRÅDE,aa77c17b0a11cae10fdb
Gävleborg,Mo fvof,Söderalaån,Vattendrag,GAV-FK:a5a733b227236ee63b2606ef,KÄLLSÖK KVAR – vattenunikt artbelägg saknas,,FVO-OMRÅDE,0577eb1d6e14f2860d31
Gävleborg,Nedre Gavleåns fvof,Sälgsjön,Sjö,GAV-FK:3d8480c139aef5a5b8140b87,KÄLLSÖK KVAR – vattenunikt artbelägg saknas,,FVO-OMRÅDE,685621c5436b84694a9b
Gävleborg,Nedre Gavleåns fvof,Rökärrsbäcken,Vattendrag,GAV-FK:e3b561b97cfd96cd32835b3b,KÄLLSÖK KVAR – vattenunikt artbelägg saknas,,FVO-OMRÅDE,181ab0f9ab7b24ed1cc4
Gävleborg,Nedre Gavleåns fvof,Valsjöbäcken,Vattendrag,GAV-FK:6aa85ca42abccc123ccaa409,KÄLLSÖK KVAR – vattenunikt artbelägg saknas,,FVO-OMRÅDE,bc9558a0bb2267956799
Gävleborg,Nordanstigs fvof,Annsjön,Sjö,GAV-FK:77f50c1d0101607d54ff6817,KÄLLSÖK KVAR – vattenunikt artbelägg saknas,,FVO-OMRÅDE,37836c3bcb4f61349a92
Gävleborg,Nordanstigs fvof,Armsjön,Sjö,GAV-FK:9661ed41d690e94614f7f810,KÄLLSÖK KVAR – vattenunikt artbelägg saknas,,FVO-OMRÅDE,627558278fd4a3731143
Gävleborg,Nordanstigs fvof,Barrtjärnen,Sjö,GAV-FK:a6ac91b8c250ea7975c1e7ee,KÄLLSÖK KVAR – vattenunikt artbelägg saknas,,FVO-OMRÅDE,ebd3f0ca72d1ca22a05f
Gävleborg,Nordanstigs fvof,Basttjärn,Sjö,GAV-FK:d97018ff46360a694d1c5c42,KÄLLSÖK KVAR – vattenunikt artbelägg saknas,,FVO-OMRÅDE,ce19a9fb9370bc814498
Gävleborg,Nordanstigs fvof,Bälingsjön,Sjö,GAV-FK:9fbbc69f2423aa14f59c7e57,KÄLLSÖK KVAR – vattenunikt artbelägg saknas,,FVO-OMRÅDE,cc3318a17b0e3742f2fa
Gävleborg,Nordanstigs fvof,Dalvikssjön,Sjö,GAV-FK:cae2c6e91b05a01b9678fa7d,KÄLLSÖK KVAR – vattenunikt artbelägg saknas,,FVO-OMRÅDE,903a633c68dea319907d
Gävleborg,Nordanstigs fvof,Djuptjärnen,Sjö,GAV-FK:6789964b207cc72ff0f89623,KÄLLSÖK KVAR – vattenunikt artbelägg saknas,,FVO-OMRÅDE,15398acb6300a53d1e8f
Gävleborg,Nordanstigs fvof,Flen-Tjärnarna,Sjö,GAV-FK:124ab775ff0d63d0fd326e76,KÄLLSÖK KVAR – vattenunikt artbelägg saknas,,FVO-OMRÅDE,af1f45f911e4696b253b
Gävleborg,Nordanstigs fvof,Flärktjärnen,Sjö,GAV-FK:2361df59ae828f454e0a9aa3,KÄLLSÖK KVAR – vattenunikt artbelägg saknas,,FVO-OMRÅDE,b50b0a079b22ee36f79e
Gävleborg,Nordanstigs fvof,Föltjärnen,Sjö,GAV-FK:117d4546f769191cf1771208,KÄLLSÖK KVAR – vattenunikt artbelägg saknas,,FVO-OMRÅDE,0fca469e36f7581f311c
Gävleborg,Nordanstigs fvof,Gammelbodtjärnen,Sjö,GAV-FK:090c73133d6975079a3bd978,KÄLLSÖK KVAR – vattenunikt artbelägg saknas,,FVO-OMRÅDE,98c74e3118f34fb4d2f7
Gävleborg,Nordanstigs fvof,Gryttjestjärnen,Sjö,GAV-FK:dff74606848d609f10be2140,KÄLLSÖK KVAR – vattenunikt artbelägg saknas,,FVO-OMRÅDE,e3df31131aa03e0ec3a5
Gävleborg,Nordanstigs fvof,Grängsjösjön,Sjö,GAV-FK:5f01fd7cef3fabc8a7d021ba,KÄLLSÖK KVAR – vattenunikt artbelägg saknas,,FVO-OMRÅDE,c13d30d6f77583118775
Gävleborg,Nordanstigs fvof,Grännsjön,Sjö,GAV-FK:948d4868044a11f0eb259648,KÄLLSÖK KVAR – vattenunikt artbelägg saknas,,FVO-OMRÅDE,518631bb5c2c8469920e
Gävleborg,Nordanstigs fvof,Gårdsjön,Sjö,GAV-FK:e0dfc968dc6a19402ec1aecd,KÄLLSÖK KVAR – vattenunikt artbelägg saknas,,FVO-OMRÅDE,35d239e6187ef6174f80
Gävleborg,Nordanstigs fvof,Hannåstjärnen,Sjö,GAV-FK:fdd1ea2737f864d0fcbe78d6,KÄLLSÖK KVAR – vattenunikt artbelägg saknas,,FVO-OMRÅDE,4b17a61622fa888c649d
Gävleborg,Nordanstigs fvof,Harsjön,Sjö,GAV-FK:92a27c98a43aee01312a3284,KÄLLSÖK KVAR – vattenunikt artbelägg saknas,,FVO-OMRÅDE,e03c9b3428772c09cf23
Gävleborg,Nordanstigs fvof,Hasselasjön,Sjö,GAV-FK:dda58df7aefb3cae2b86b4b0,KÄLLSÖK KVAR – vattenunikt artbelägg saknas,,FVO-OMRÅDE,f33b0f71b7ca47b0ab19
Gävleborg,Nordanstigs fvof,Hemtjärnen,Sjö,GAV-FK:e0e45687bcbfc5868e6d51d9,KÄLLSÖK KVAR – vattenunikt artbelägg saknas,,FVO-OMRÅDE,a37daabd378d50486c1f
Gävleborg,Nordanstigs fvof,Holsjön,Sjö,GAV-FK:ddc63feff7758c79df71a1d8,KÄLLSÖK KVAR – vattenunikt artbelägg saknas,,FVO-OMRÅDE,2507b8de42ef76ff4407
Gävleborg,Nordanstigs fvof,Hullsjön,Sjö,GAV-FK:720063cb4b326234423aee17,KÄLLSÖK KVAR – vattenunikt artbelägg saknas,,FVO-OMRÅDE,966b3e8fdc9e927143a0
Gävleborg,Nordanstigs fvof,Håckstatjärn,Sjö,GAV-FK:5369fc049fba2c5a7fba20bd,KÄLLSÖK KVAR – vattenunikt artbelägg saknas,,FVO-OMRÅDE,d0bb25a2e89edf2e11c0
Gävleborg,Nordanstigs fvof,Jättendalssjön,Sjö,GAV-FK:acd68ff858f1cbded55002a5,KÄLLSÖK KVAR – vattenunikt artbelägg saknas,,FVO-OMRÅDE,c44ec7db3b39b2b322b9
Gävleborg,Nordanstigs fvof,Kittesjön,Sjö,GAV-FK:056c8f72c4f700d0933283cc,KÄLLSÖK KVAR – vattenunikt artbelägg saknas,,FVO-OMRÅDE,51be7ab9af2bcda94589
Gävleborg,Nordanstigs fvof,Klingersjön,Sjö,GAV-FK:f1937fbad87abbae4b3b0ad3,KÄLLSÖK KVAR – vattenunikt artbelägg saknas,,FVO-OMRÅDE,9c5ed04ae9104c7ff9bb
Gävleborg,Nordanstigs fvof,Koltjärnen,Sjö,GAV-FK:22974c936d0ea0add5fcea27,KÄLLSÖK KVAR – vattenunikt artbelägg saknas,,FVO-OMRÅDE,e40bd42804840eff6034
Gävleborg,Nordanstigs fvof,Kroksjön,Sjö,GAV-FK:e640478040cf3a89e30c60c9,KÄLLSÖK KVAR – vattenunikt artbelägg saknas,,FVO-OMRÅDE,d585e707b6123414bb9b
Gävleborg,Nordanstigs fvof,Kråkbäckssjön,Sjö,GAV-FK:0407faafd5158d6f03dcc772,KÄLLSÖK KVAR – vattenunikt artbelägg saknas,,FVO-OMRÅDE,452b8bbadef9a455ba7c
Gävleborg,Nordanstigs fvof,Kunnsjön,Sjö,GAV-FK:55a4f003f32ac69c626432dc,KÄLLSÖK KVAR – vattenunikt artbelägg saknas,,FVO-OMRÅDE,2cf098e0166449126627
Gävleborg,Nordanstigs fvof,Kyrksjön,Sjö,GAV-FK:ee5485152f07a641171b6467,KÄLLSÖK KVAR – vattenunikt artbelägg saknas,,FVO-OMRÅDE,7ce50411dec9ae4eaf87
Gävleborg,Nordanstigs fvof,Lill-Malungen,Sjö,GAV-FK:4b54c63f74e3c17e09516823,KÄLLSÖK KVAR – vattenunikt artbelägg saknas,,FVO-OMRÅDE,e81c427fb09dbb2756dd
Gävleborg,Nordanstigs fvof,Lill-Målsjön,Sjö,GAV-FK:7b41e52a96a0697128e1aa5f,KÄLLSÖK KVAR – vattenunikt artbelägg saknas,,FVO-OMRÅDE,61d1274ad6f3604de37d
Gävleborg,Nordanstigs fvof,Lill-Mörtsjön,Sjö,GAV-FK:4b4296b4c0a8c1ee44b8a7b4,KÄLLSÖK KVAR – vattenunikt artbelägg saknas,,FVO-OMRÅDE,eb45d3d4c5b1e0420d47
Gävleborg,Nordanstigs fvof,Lillsjön,Sjö,GAV-FK:7070eb61eb119303cb4b8e2f,KÄLLSÖK KVAR – vattenunikt artbelägg saknas,,FVO-OMRÅDE,776b16c15476eba34759
Gävleborg,Nordanstigs fvof,Lindsjön,Sjö,GAV-FK:01259c318d9526e8f2acfaf3,KÄLLSÖK KVAR – vattenunikt artbelägg saknas,,FVO-OMRÅDE,d80870ad0fadc1e76e11
Gävleborg,Nordanstigs fvof,Lomman,Sjö,GAV-FK:ca156e04e5e42008fcff4c48,KÄLLSÖK KVAR – vattenunikt artbelägg saknas,,FVO-OMRÅDE,f9b54e8121bfed16fd62
Gävleborg,Nordanstigs fvof,Längsterbodsjön,Sjö,GAV-FK:8ea18cd14a49d20810b09213,KÄLLSÖK KVAR – vattenunikt artbelägg saknas,,FVO-OMRÅDE,15f6584de70b32a74a90
Gävleborg,Nordanstigs fvof,Långsjön,Sjö,GAV-FK:c572cae8539bbfa5a06f425a,KÄLLSÖK KVAR – vattenunikt artbelägg saknas,,FVO-OMRÅDE,e984a60056b0f078b796
Gävleborg,Nordanstigs fvof,Malungen,Sjö,GAV-FK:e6fc931f145dc92498b24c51,KÄLLSÖK KVAR – vattenunikt artbelägg saknas,,FVO-OMRÅDE,1a61cfdeec297a9e3801
Gävleborg,Nordanstigs fvof,Masksjön,Sjö,GAV-FK:a13467206b53005c98a2c81e,KÄLLSÖK KVAR – vattenunikt artbelägg saknas,,FVO-OMRÅDE,315d1d203d7afb35b4d1
Gävleborg,Nordanstigs fvof,Mettalamptjärnen,Sjö,GAV-FK:519582e75aa86c0ad7ad11b0,KÄLLSÖK KVAR – vattenunikt artbelägg saknas,,FVO-OMRÅDE,bfd80d5024edaccb1e18
Gävleborg,Nordanstigs fvof,Mörkåstjärnen,Sjö,GAV-FK:6dcf69b0df2784288c948e7b,KÄLLSÖK KVAR – vattenunikt artbelägg saknas,,FVO-OMRÅDE,359c5f0976e090a03eca
Gävleborg,Nordanstigs fvof,Mörtsjön,Sjö,GAV-FK:7b997d1cb012c986365bb1e5,KÄLLSÖK KVAR – vattenunikt artbelägg saknas,,FVO-OMRÅDE,93ce898f3ba4855a18fe
Gävleborg,Nordanstigs fvof,Norra Ässjösjön,Sjö,GAV-FK:aa5bddaf42e94b843ecca6c2,KÄLLSÖK KVAR – vattenunikt artbelägg saknas,,FVO-OMRÅDE,31eb3e2b5f4e37e03dc7
Gävleborg,Nordanstigs fvof,Norrsjön,Sjö,GAV-FK:f8bf7c9ee1dbffd38191c5fe,KÄLLSÖK KVAR – vattenunikt artbelägg saknas,,FVO-OMRÅDE,58033398fee84aa7eaf3
Gävleborg,Nordanstigs fvof,Norrtjärnen,Sjö,GAV-FK:98d9cd87c70a05eb93ee2add,KÄLLSÖK KVAR – vattenunikt artbelägg saknas,,FVO-OMRÅDE,b3a77110f574e8b3eb50
Gävleborg,Nordanstigs fvof,Opptjärnen,Sjö,GAV-FK:ce343e88f5f4dd88fc67794c,KÄLLSÖK KVAR – vattenunikt artbelägg saknas,,FVO-OMRÅDE,a9612d1cb6437af861db
Gävleborg,Nordanstigs fvof,Orrantjärnen,Sjö,GAV-FK:14052a3dc8c04a39da9be706,KÄLLSÖK KVAR – vattenunikt artbelägg saknas,,FVO-OMRÅDE,f8025b7b2269d3e4e06d
Gävleborg,Nordanstigs fvof,Rånkastjärnen,Sjö,GAV-FK:d403490511c88da649894a93,KÄLLSÖK KVAR – vattenunikt artbelägg saknas,,FVO-OMRÅDE,6d0797c4f6b18e6152ae
Gävleborg,Nordanstigs fvof,Skäcktjärnen,Sjö,GAV-FK:92d7a3418cc64be834bc8d0f,KÄLLSÖK KVAR – vattenunikt artbelägg saknas,,FVO-OMRÅDE,11297fac04d20bb6a6a5
Gävleborg,Nordanstigs fvof,Småtjärnarna,Sjö,GAV-FK:59bd13bd9ad63b90429b6fbc,KÄLLSÖK KVAR – vattenunikt artbelägg saknas,,FVO-OMRÅDE,b092e71cc3603020bdbe
Gävleborg,Nordanstigs fvof,Stensjön,Sjö,GAV-FK:2a40a8fe0d15b4b167c4ee8d,KÄLLSÖK KVAR – vattenunikt artbelägg saknas,,FVO-OMRÅDE,3ec9778e9196686e66a9
Gävleborg,Nordanstigs fvof,Stor-Målsjön,Sjö,GAV-FK:0636503697c65917e876cca8,KÄLLSÖK KVAR – vattenunikt artbelägg saknas,,FVO-OMRÅDE,2ff9a59c8eeeea8efb19
Gävleborg,Nordanstigs fvof,Stor-Svarven,Sjö,GAV-FK:fd727b2433677d3a53a8154f,KÄLLSÖK KVAR – vattenunikt artbelägg saknas,,FVO-OMRÅDE,28c11857c5a33543266c
Gävleborg,Nordanstigs fvof,Stormyrtjärnen,Sjö,GAV-FK:56817b22da9c2f2caa7bc19e,KÄLLSÖK KVAR – vattenunikt artbelägg saknas,,FVO-OMRÅDE,9599911b29c71f6d2201
Gävleborg,Nordanstigs fvof,Storsjön,Sjö,GAV-FK:16dd3ec767b9c113f6af3acc,KÄLLSÖK KVAR – vattenunikt artbelägg saknas,,FVO-OMRÅDE,92db07e56bd36d7d7cc0
Gävleborg,Nordanstigs fvof,Stortjärnen,Sjö,GAV-FK:816c66a8c42a675ac58c4f74,KÄLLSÖK KVAR – vattenunikt artbelägg saknas,,FVO-OMRÅDE,9e26a2ce6ef3f6d8758b
Gävleborg,Nordanstigs fvof,Sundtjärnen,Sjö,GAV-FK:715ac97bb23717ea6ee1d409,KÄLLSÖK KVAR – vattenunikt artbelägg saknas,,FVO-OMRÅDE,e9d15d77bb6531014542
Gävleborg,Nordanstigs fvof,Svarvtjärnen,Sjö,GAV-FK:1a546781684723d4d2e6c460,KÄLLSÖK KVAR – vattenunikt artbelägg saknas,,FVO-OMRÅDE,d92f45fa42ce1b08fef5
Gävleborg,Nordanstigs fvof,Sänningstjärnen,Sjö,GAV-FK:adc5c9f19c913e9cdab3aaf1,KÄLLSÖK KVAR – vattenunikt artbelägg saknas,,FVO-OMRÅDE,6c8b9da7893203017e31
Gävleborg,Nordanstigs fvof,Sävsjön,Sjö,GAV-FK:7d15fa5f86c837fee297e858,KÄLLSÖK KVAR – vattenunikt artbelägg saknas,,FVO-OMRÅDE,9fd929ed7fefe5bc61eb
Gävleborg,Nordanstigs fvof,Söderåstjärnen,Sjö,GAV-FK:91d36624d81503e3697912e8,KÄLLSÖK KVAR – vattenunikt artbelägg saknas,,FVO-OMRÅDE,4b36f94b10e883c561cf
Gävleborg,Nordanstigs fvof,Södra Herrgårdstjärne,Sjö,GAV-FK:8a5ccbc25a8d4777f924e48c,KÄLLSÖK KVAR – vattenunikt artbelägg saknas,,FVO-OMRÅDE,33da156272afde0e3ca5
Gävleborg,Nordanstigs fvof,Sörsjön,Sjö,GAV-FK:d8080b07f5dedd4b2127831f,KÄLLSÖK KVAR – vattenunikt artbelägg saknas,,FVO-OMRÅDE,0a286f48f72e9188f50e
Gävleborg,Nordanstigs fvof,Sörsjön-Norrsjön,Sjö,GAV-FK:8cb71f08cef2a402f09d70b3,KÄLLSÖK KVAR – vattenunikt artbelägg saknas,,FVO-OMRÅDE,db8fa7bdfc835b8249c1
Gävleborg,Nordanstigs fvof,Sörtjärnen,Sjö,GAV-FK:4da9c67d228e8ee8c7ed0cd9,KÄLLSÖK KVAR – vattenunikt artbelägg saknas,,FVO-OMRÅDE,d3d9dfc2649ceb46f25b
Gävleborg,Nordanstigs fvof,Tannetjärnen,Sjö,GAV-FK:7247d9bb80c65376ad786091,KÄLLSÖK KVAR – vattenunikt artbelägg saknas,,FVO-OMRÅDE,868673b5525c2c193a45
Gävleborg,Nordanstigs fvof,Tillsjötjärnen,Sjö,GAV-FK:a7dc5db8b37828ce8616952c,KÄLLSÖK KVAR – vattenunikt artbelägg saknas,,FVO-OMRÅDE,f7b22bf6e6804e41b27c
Gävleborg,Nordanstigs fvof,Tröstenstjärnen,Sjö,GAV-FK:db0ef05158bf5fb2d8a1eb9f,KÄLLSÖK KVAR – vattenunikt artbelägg saknas,,FVO-OMRÅDE,73a124b0f0fb31ca4f16
Gävleborg,Nordanstigs fvof,Tvissingstjärnen,Sjö,GAV-FK:b6c37b3aa4d3bdf5536e1b5c,KÄLLSÖK KVAR – vattenunikt artbelägg saknas,,FVO-OMRÅDE,6707b380a7ec2b67a6ab
Gävleborg,Nordanstigs fvof,Vattlångssjön,Sjö,GAV-FK:3ce23824df7770b5101c53a6,KÄLLSÖK KVAR – vattenunikt artbelägg saknas,,FVO-OMRÅDE,4c9478a8ca2d80fad5ef
Gävleborg,Nordanstigs fvof,Viggtjärnen,Sjö,GAV-FK:072bf9dfcfb99551410693e7,KÄLLSÖK KVAR – vattenunikt artbelägg saknas,,FVO-OMRÅDE,9070ac8f5bf65de45610
Gävleborg,Nordanstigs fvof,Vrångtjärnen,Sjö,GAV-FK:ba3cc167c840bdd6e5e3f246,KÄLLSÖK KVAR – vattenunikt artbelägg saknas,,FVO-OMRÅDE,ee532d3af852532435e8
Gävleborg,Nordanstigs fvof,Västra Kölsjön,Sjö,GAV-FK:8e3b44746fa0eefe83371add,KÄLLSÖK KVAR – vattenunikt artbelägg saknas,,FVO-OMRÅDE,f83dc549fdfdf313ad9d
Gävleborg,Nordanstigs fvof,Västra Ässjösjön,Sjö,GAV-FK:68e872b6aae62fa8d90d15f4,KÄLLSÖK KVAR – vattenunikt artbelägg saknas,,FVO-OMRÅDE,0f780bfd8d8a0d573346
Gävleborg,Nordanstigs fvof,Västängstjärnen,Sjö,GAV-FK:3efbe148316201c5b37cda24,KÄLLSÖK KVAR – vattenunikt artbelägg saknas,,FVO-OMRÅDE,2f89d278b21f6b603f3d
Gävleborg,Nordanstigs fvof,Yttre Dösjön,Sjö,GAV-FK:cfdeace75eefe9da6e1d77a5,KÄLLSÖK KVAR – vattenunikt artbelägg saknas,,FVO-OMRÅDE,a32d8a393d34ad2f4f77
Gävleborg,Nordanstigs fvof,Älgeredssjön,Sjö,GAV-FK:b12edac7afe08624b3787185,KÄLLSÖK KVAR – vattenunikt artbelägg saknas,,FVO-OMRÅDE,04484c9c6471888b7ff8
Gävleborg,Nordanstigs fvof,Älvsjön,Sjö,GAV-FK:c3b488317f4ac9d0d6999042,KÄLLSÖK KVAR – vattenunikt artbelägg saknas,,FVO-OMRÅDE,46148714a90e47573049
Gävleborg,Nordanstigs fvof,Ängbodtjärnen,Sjö,GAV-FK:b1e8d4ec11e6966a60c60faa,KÄLLSÖK KVAR – vattenunikt artbelägg saknas,,FVO-OMRÅDE,ddec58c770e3c6c0e8ae
Gävleborg,Nordanstigs fvof,Åsbölesjön,Sjö,GAV-FK:6a2859a9c16aa43c2cdff15d,KÄLLSÖK KVAR – vattenunikt artbelägg saknas,,FVO-OMRÅDE,1527acf4011805283128
Gävleborg,Nordanstigs fvof,Öfttjärnen,Sjö,GAV-FK:75ecf51e61888a6930dc5924,KÄLLSÖK KVAR – vattenunikt artbelägg saknas,,FVO-OMRÅDE,c64654708b641413c098
Gävleborg,Nordanstigs fvof,Östra Kölsjön,Sjö,GAV-FK:adc22445d61f4408e6294559,KÄLLSÖK KVAR – vattenunikt artbelägg saknas,,FVO-OMRÅDE,fdca878ca88e92d4a698
Gävleborg,Nordanstigs fvof,688449-158499,Vattendrag,GAV-FK:cc5d98742ad518adf5548892,KÄLLSÖK KVAR – vattenunikt artbelägg saknas,,FVO-OMRÅDE,161aeb059aa054729bf4
Gävleborg,Nordanstigs fvof,Dalkvarnsbäcken,Vattendrag,GAV-FK:50c3c2d28ea49f8894a85b1c,KÄLLSÖK KVAR – vattenunikt artbelägg saknas,,FVO-OMRÅDE,3a08bc0e374b24c9053b
Gävleborg,Nordanstigs fvof,Edeån,Vattendrag,GAV-FK:66c7c441bebf79aefc746389,KÄLLSÖK KVAR – vattenunikt artbelägg saknas,,FVO-OMRÅDE,612d22e8c77d28ea90a0
Gävleborg,Nordanstigs fvof,Finnb.,Vattendrag,GAV-FK:be49dfff745cfb637f703dfa,KÄLLSÖK KVAR – vattenunikt artbelägg saknas,,FVO-OMRÅDE,772ef48840374b90c87a
Gävleborg,Nordanstigs fvof,Gammelgårdsbäcken,Vattendrag,GAV-FK:99e1ff9fad26da5a0f686262,KÄLLSÖK KVAR – vattenunikt artbelägg saknas,,FVO-OMRÅDE,08d3e49df7e25d4ab58d
Gävleborg,Nordanstigs fvof,Gammelån,Vattendrag,GAV-FK:4f47ecab4ebfede106a209cb,KÄLLSÖK KVAR – vattenunikt artbelägg saknas,,FVO-OMRÅDE,4ec2892488c736251533
Gävleborg,Nordanstigs fvof,Gravåsb.,Vattendrag,GAV-FK:2c5c749328bb3bdbd8d4b048,KÄLLSÖK KVAR – vattenunikt artbelägg saknas,,FVO-OMRÅDE,448f15a5422e192b019b
Gävleborg,Nordanstigs fvof,Grängsjöån,Vattendrag,GAV-FK:99d66b9c69747deda2c44584,KÄLLSÖK KVAR – vattenunikt artbelägg saknas,,FVO-OMRÅDE,e0b8d5f361f5b4e646d7
Gävleborg,Nordanstigs fvof,Harmångersån N Grenen,Vattendrag,GAV-FK:7d697dc35b6e1520b5e3bae3,KÄLLSÖK KVAR – vattenunikt artbelägg saknas,,FVO-OMRÅDE,d235f3434ec6976e00cf
Gävleborg,Nordanstigs fvof,Hebbersån,Vattendrag,GAV-FK:fd14a53ee44e8f9d9b9ebba1,KÄLLSÖK KVAR – vattenunikt artbelägg saknas,,FVO-OMRÅDE,0ae79269ac4276d85a19
Gävleborg,Nordanstigs fvof,Korsmyrbäcken,Vattendrag,GAV-FK:5d55913decfe2d8f2a4dfb65,KÄLLSÖK KVAR – vattenunikt artbelägg saknas,,FVO-OMRÅDE,785fca9e4c5277b70716
Gävleborg,Nordanstigs fvof,Lillån,Vattendrag,GAV-FK:f774cf863100337b73918895,KÄLLSÖK KVAR – vattenunikt artbelägg saknas,,FVO-OMRÅDE,52faf07e97c67abdfe49
Gävleborg,Nordanstigs fvof,Långtjärnsbäcken,Vattendrag,GAV-FK:a8c3766fa6a0a3355df33b56,KÄLLSÖK KVAR – vattenunikt artbelägg saknas,,FVO-OMRÅDE,ce8e349232902c57561b
Gävleborg,Nordanstigs fvof,Nybodån,Vattendrag,GAV-FK:35091e0f1c5cc06d8e616f29,KÄLLSÖK KVAR – vattenunikt artbelägg saknas,,FVO-OMRÅDE,e59c10c430b2babbdae4
Gävleborg,Nordanstigs fvof,Rödsättbäcken,Vattendrag,GAV-FK:f014a0c1e03899ebab8771d0,KÄLLSÖK KVAR – vattenunikt artbelägg saknas,,FVO-OMRÅDE,2faa44588e8e8546e72d
Gävleborg,Nordanstigs fvof,Skansån,Vattendrag,GAV-FK:3fbb3e7c92d7fce973635a26,KÄLLSÖK KVAR – vattenunikt artbelägg saknas,,FVO-OMRÅDE,7164837cb80a8d2bbdb1
Gävleborg,Nordanstigs fvof,Vadesån,Vattendrag,GAV-FK:386f42769eb86716172be074,KÄLLSÖK KVAR – vattenunikt artbelägg saknas,,FVO-OMRÅDE,5f7fa9c54649ad6f587a
Gävleborg,Nordanstigs fvof,Viaån,Vattendrag,GAV-FK:dc0aaf2646dd2c52b0ff38a0,KÄLLSÖK KVAR – vattenunikt artbelägg saknas,,FVO-OMRÅDE,baaeb1ce2526ecb8daf5
Gävleborg,Nordanstigs fvof,Öfttjärnen,Vattendrag,GAV-FK:7707f25b80569ef2e3fcd2a9,KÄLLSÖK KVAR – vattenunikt artbelägg saknas,,FVO-OMRÅDE,28cc1f8c200aa16ed069
Gävleborg,Norrala-Trönö fvof,Flattjärnen,Sjö,GAV-FK:812cba32eb68ef156c47b943,KÄLLSÖK KVAR – vattenunikt artbelägg saknas,,FVO-OMRÅDE,c82c7a8bdbd38ef14072
Gävleborg,Norrala-Trönö fvof,Igeltjärn,Sjö,GAV-FK:34f779fff06e41f766580cc0,KÄLLSÖK KVAR – vattenunikt artbelägg saknas,,FVO-OMRÅDE,69f7a911fbb744763d5a
Gävleborg,Norrala-Trönö fvof,Kastviken,Sjö,GAV-FK:2958ef546c6acfe658e29e09,KÄLLSÖK KVAR – vattenunikt artbelägg saknas,,FVO-OMRÅDE,091173a8d67c1ceca3bc
Gävleborg,Norrala-Trönö fvof,Kungsgårdssjön,Sjö,GAV-FK:df4459de0a28f8cd0f179de4,KÄLLSÖK KVAR – vattenunikt artbelägg saknas,,FVO-OMRÅDE,7b1713968b9a481bcd7d
Gävleborg,Norrala-Trönö fvof,Lill-Hisjön,Sjö,GAV-FK:4f76f034428907459b7dddb7,KÄLLSÖK KVAR – vattenunikt artbelägg saknas,,FVO-OMRÅDE,2ac207115b76e1be6338
Gävleborg,Norrala-Trönö fvof,Långtjärn,Sjö,GAV-FK:27b61491cccc97755cb7037f,KÄLLSÖK KVAR – vattenunikt artbelägg saknas,,FVO-OMRÅDE,2fcf8f9574383e882cec
Gävleborg,Norrala-Trönö fvof,Mjugsjön,Sjö,GAV-FK:8732448f05690fcf983e4edf,KÄLLSÖK KVAR – vattenunikt artbelägg saknas,,FVO-OMRÅDE,80e29c3b95a84c58b9ea
Gävleborg,Norrala-Trönö fvof,Mörtsjön,Sjö,GAV-FK:375e2ea9861dcdd38e64cc25,KÄLLSÖK KVAR – vattenunikt artbelägg saknas,,FVO-OMRÅDE,a7650a2ef886a3d92e9d
Gävleborg,Norrala-Trönö fvof,Norrbodtjärn,Sjö,GAV-FK:618c6355d285e8bb340db3a7,KÄLLSÖK KVAR – vattenunikt artbelägg saknas,,FVO-OMRÅDE,efb8a8def5a639664174
Gävleborg,Norrala-Trönö fvof,Skärsåsjön,Sjö,GAV-FK:0d02f85fcc0ad0ae2d936e38,KÄLLSÖK KVAR – vattenunikt artbelägg saknas,,FVO-OMRÅDE,679c1c5f960f452db823
Gävleborg,Norrala-Trönö fvof,Styvsjön,Sjö,GAV-FK:a21c3969a945f693b2aae973,KÄLLSÖK KVAR – vattenunikt artbelägg saknas,,FVO-OMRÅDE,de089066ab66044d0d68
Gävleborg,Norrala-Trönö fvof,Sör-Järnässjön,Sjö,GAV-FK:c87d1f7d96ac64ed1b14c246,KÄLLSÖK KVAR – vattenunikt artbelägg saknas,,FVO-OMRÅDE,7f84a9b05120b504670c
Gävleborg,Norrala-Trönö fvof,Varbergsviken,Sjö,GAV-FK:c0216afa765bc5b7d71699ef,KÄLLSÖK KVAR – vattenunikt artbelägg saknas,,FVO-OMRÅDE,80ec09b9e5dbb6e8aca5
Gävleborg,Norrala-Trönö fvof,Visbodsjön,Sjö,GAV-FK:8c71197081526485e8b2a3bb,KÄLLSÖK KVAR – vattenunikt artbelägg saknas,,FVO-OMRÅDE,1fe976d05b0000ea0b93
Gävleborg,Norrala-Trönö fvof,Östertjärn,Sjö,GAV-FK:8739ea7e5257a0ae5d51c259,KÄLLSÖK KVAR – vattenunikt artbelägg saknas,,FVO-OMRÅDE,d54e385618620250f4a8
Gävleborg,Norrala-Trönö fvof,Bodbäcken,Vattendrag,GAV-FK:40686157103f37b1ef6dee4b,KÄLLSÖK KVAR – vattenunikt artbelägg saknas,,FVO-OMRÅDE,3f286bc5c6e04d7bb0a8
Gävleborg,Norrala-Trönö fvof,Höljån,Vattendrag,GAV-FK:8229b9b44ce912f4cc71bb17,KÄLLSÖK KVAR – vattenunikt artbelägg saknas,,FVO-OMRÅDE,93d8c38ec82962a64db3
Gävleborg,Norrala-Trönö fvof,Laxbäcken,Vattendrag,GAV-FK:acb7f7859626aecb0aab8f1b,KÄLLSÖK KVAR – vattenunikt artbelägg saknas,,FVO-OMRÅDE,3f9075191a7ce8846cc3
Gävleborg,Norrala-Trönö fvof,Måndagsbäcken,Vattendrag,GAV-FK:edbfa0525623a654a862e76b,KÄLLSÖK KVAR – vattenunikt artbelägg saknas,,FVO-OMRÅDE,fb9aa72ed85879292b66
Gävleborg,Norrala-Trönö fvof,Norralaån,Vattendrag,GAV-FK:06c293bea6f0252ffdfdd52b,KÄLLSÖK KVAR – vattenunikt artbelägg saknas,,FVO-OMRÅDE,3f6c9feb52d5bf18cb55
Gävleborg,Norrala-Trönö fvof,Rolån,Vattendrag,GAV-FK:051a326d5bf3d38cceb4f9d2,KÄLLSÖK KVAR – vattenunikt artbelägg saknas,,FVO-OMRÅDE,7b95adcfbe74a45144d0
Gävleborg,Norrala-Trönö fvof,Slåttån,Vattendrag,GAV-FK:89d097d3911c43858ec8c25e,KÄLLSÖK KVAR – vattenunikt artbelägg saknas,,FVO-OMRÅDE,c1a83aab3b1cbc88acb5
Gävleborg,Norrala-Trönö fvof,Snarbäcken,Vattendrag,GAV-FK:b7530074dff0ca361e90229e,KÄLLSÖK KVAR – vattenunikt artbelägg saknas,,FVO-OMRÅDE,0c760e48021ea7299767
Gävleborg,Norrala-Trönö fvof,Stuttjärnsån,Vattendrag,GAV-FK:49523394a2c286f16b822fc2,KÄLLSÖK KVAR – vattenunikt artbelägg saknas,,FVO-OMRÅDE,977c88db229175daa5db
Gävleborg,Norrala-Trönö fvof,Stärtebodbäcken,Vattendrag,GAV-FK:12c905ae2f8bb919a37d29b5,KÄLLSÖK KVAR – vattenunikt artbelägg saknas,,FVO-OMRÅDE,c2d02ad88df2bcda47a5
Gävleborg,Norrala-Trönö fvof,Örabäcken,Vattendrag,GAV-FK:8a9aecafbd63e59c83be6232,KÄLLSÖK KVAR – vattenunikt artbelägg saknas,,FVO-OMRÅDE,93c5067e9672bfdfcca7
Gävleborg,Ockelbo NÖ fvof,Ekaren,Sjö,GAV-FK:537f239afd1660c92ad287a3,KÄLLSÖK KVAR – vattenunikt artbelägg saknas,,FVO-OMRÅDE,f9c08f94fb48ec348446
Gävleborg,Ockelbo NÖ fvof,Fäbodtjärnen,Sjö,GAV-FK:9dad91d47f5ffe0ad0fd3bcf,KÄLLSÖK KVAR – vattenunikt artbelägg saknas,,FVO-OMRÅDE,0498753eaa29a3b76eb2
Gävleborg,Ockelbo NÖ fvof,Grosstjärnen,Sjö,GAV-FK:6fdac7435a57cae1bda446d8,KÄLLSÖK KVAR – vattenunikt artbelägg saknas,,FVO-OMRÅDE,cbaf254a0589099c3624
Gävleborg,Ockelbo NÖ fvof,Gåstjärnen,Sjö,GAV-FK:fa712e5d085edf46f636a28f,KÄLLSÖK KVAR – vattenunikt artbelägg saknas,,FVO-OMRÅDE,ce7402310ab23391e2f8
Gävleborg,Ockelbo NÖ fvof,Hedsjön,Sjö,GAV-FK:93441cbb6a2a7a91c2f4ae9e,KÄLLSÖK KVAR – vattenunikt artbelägg saknas,,FVO-OMRÅDE,9cf96138cbbcc1d75ba7
Gävleborg,Ockelbo NÖ fvof,Hälltjärnen,Sjö,GAV-FK:0088a5e91596847d836c119c,KÄLLSÖK KVAR – vattenunikt artbelägg saknas,,FVO-OMRÅDE,b03b5a1ec6fec0dc0c93
Gävleborg,Ockelbo NÖ fvof,Kroksjön,Sjö,GAV-FK:6fe0cf4e38323529bed6a4f5,KÄLLSÖK KVAR – vattenunikt artbelägg saknas,,FVO-OMRÅDE,50f2acd0381be11d891c
Gävleborg,Ockelbo NÖ fvof,Lill-Vrången,Sjö,GAV-FK:cd8b504aa70b06d9778ab54c,KÄLLSÖK KVAR – vattenunikt artbelägg saknas,,FVO-OMRÅDE,3ca2425e1ac17f4df16b
Gävleborg,Ockelbo NÖ fvof,Liss-Dammsjön,Sjö,GAV-FK:20c4abe1e7f7e3009116de03,KÄLLSÖK KVAR – vattenunikt artbelägg saknas,,FVO-OMRÅDE,865796efc5a3afa7225b
Gävleborg,Ockelbo NÖ fvof,Lisstjärnen,Sjö,GAV-FK:0ba607caeb9be4d64be5c99a,KÄLLSÖK KVAR – vattenunikt artbelägg saknas,,FVO-OMRÅDE,1f883f2f0e5d73aeb4e9
Gävleborg,Ockelbo NÖ fvof,Ljustjärnen,Sjö,GAV-FK:b1f21f9bf4016fc7c4d78742,KÄLLSÖK KVAR – vattenunikt artbelägg saknas,,FVO-OMRÅDE,5d3688c1ff72ea55f537
Gävleborg,Ockelbo NÖ fvof,Långsjön,Sjö,GAV-FK:540edb718fa6cd7358974762,KÄLLSÖK KVAR – vattenunikt artbelägg saknas,,FVO-OMRÅDE,b5acdb6c2fc16064c275
Gävleborg,Ockelbo NÖ fvof,Mellantjärnen,Sjö,GAV-FK:e07daed02ee7633a81784b5b,KÄLLSÖK KVAR – vattenunikt artbelägg saknas,,FVO-OMRÅDE,2155a15b6c400d92908a
Gävleborg,Ockelbo NÖ fvof,Mörtsjön,Sjö,GAV-FK:46b417a51b90db0472584784,KÄLLSÖK KVAR – vattenunikt artbelägg saknas,,FVO-OMRÅDE,bb02f57cf18aaefd3b96
Gävleborg,Ockelbo NÖ fvof,Nedre Mellansjön,Sjö,GAV-FK:8893671466bd268dee174d3e,KÄLLSÖK KVAR – vattenunikt artbelägg saknas,,FVO-OMRÅDE,96227cadd76ade2d6d60
Gävleborg,Ockelbo NÖ fvof,Norrbosjön,Sjö,GAV-FK:f5ab9d17fa6c7dbf02a079fe,KÄLLSÖK KVAR – vattenunikt artbelägg saknas,,FVO-OMRÅDE,b0e572d4297c6df54c2a
Gävleborg,Ockelbo NÖ fvof,Nytjärnen,Sjö,GAV-FK:27f3e7f97d957b4abf831cdc,KÄLLSÖK KVAR – vattenunikt artbelägg saknas,,FVO-OMRÅDE,ec5b714ad233ea1ede30
Gävleborg,Ockelbo NÖ fvof,Stor-Dammsjön,Sjö,GAV-FK:7708055045b3f6ee633a04db,KÄLLSÖK KVAR – vattenunikt artbelägg saknas,,FVO-OMRÅDE,f33e4e0f77e5fa68f286
Gävleborg,Ockelbo NÖ fvof,Stortjärnen,Sjö,GAV-FK:b73eb0143aee45acb589f39e,KÄLLSÖK KVAR – vattenunikt artbelägg saknas,,FVO-OMRÅDE,a017e39c92d5c4500390
Gävleborg,Ockelbo NÖ fvof,Svartsjön,Sjö,GAV-FK:e4648a411e19c82b14c7c634,KÄLLSÖK KVAR – vattenunikt artbelägg saknas,,FVO-OMRÅDE,e1fc9b274b1816c80327
Gävleborg,Ockelbo NÖ fvof,Säljsjön,Sjö,GAV-FK:755b74cd3f407b1a18ea0fda,KÄLLSÖK KVAR – vattenunikt artbelägg saknas,,FVO-OMRÅDE,2d2fc829f3741986fee2
Gävleborg,Ockelbo NÖ fvof,Trossjön,Sjö,GAV-FK:b8ffa7a023ec060defac42b0,KÄLLSÖK KVAR – vattenunikt artbelägg saknas,,FVO-OMRÅDE,652aa5e7f2f5b27a8c33
Gävleborg,Ockelbo NÖ fvof,Väringen,Sjö,GAV-FK:8f9793008ea088a555be5937,KÄLLSÖK KVAR – vattenunikt artbelägg saknas,,FVO-OMRÅDE,bebb2d4fe3ddb4160808
Gävleborg,Ockelbo NÖ fvof,Övre Mörttjärnen,Sjö,GAV-FK:149897daf66355354b771349,KÄLLSÖK KVAR – vattenunikt artbelägg saknas,,FVO-OMRÅDE,b4915371ba6daef2a6ba
Gävleborg,Ockelbo NÖ fvof,Döljebrobäcken,Vattendrag,GAV-FK:996de9b14f2e2228d3180b38,KÄLLSÖK KVAR – vattenunikt artbelägg saknas,,FVO-OMRÅDE,d15705d4046e43b84e8d
Gävleborg,Ockelbo NÖ fvof,Femtjärnsbäcken,Vattendrag,GAV-FK:1a807db6520070890966f5f2,KÄLLSÖK KVAR – vattenunikt artbelägg saknas,,FVO-OMRÅDE,5a931e84027326f7c07e
Gävleborg,Ockelbo NÖ fvof,Finnbäcken,Vattendrag,GAV-FK:e277c3eff0649ba3610c0b7d,KÄLLSÖK KVAR – vattenunikt artbelägg saknas,,FVO-OMRÅDE,f22a2bd6f8252925813c
Gävleborg,Ockelbo NÖ fvof,Häsängesbäcken,Vattendrag,GAV-FK:ff9698720653b2bae3b72f88,KÄLLSÖK KVAR – vattenunikt artbelägg saknas,,FVO-OMRÅDE,9e10541275f199490733
Gävleborg,Ockelbo NÖ fvof,Krokbäcken,Vattendrag,GAV-FK:ece0e8dfb1639b4ac006e1a7,KÄLLSÖK KVAR – vattenunikt artbelägg saknas,,FVO-OMRÅDE,f840f8e0f52a7f9fb82b
Gävleborg,Ockelbo NÖ fvof,Kroksjöbäcken,Vattendrag,GAV-FK:71ba96c33c7e9de805c732c2,KÄLLSÖK KVAR – vattenunikt artbelägg saknas,,FVO-OMRÅDE,a71c0494225931df86a2
Gävleborg,Ockelbo NÖ fvof,Nytjärnsb,Vattendrag,GAV-FK:025328082291b1398ba65ad1,KÄLLSÖK KVAR – vattenunikt artbelägg saknas,,FVO-OMRÅDE,22e56231e1a4e0b1ecbf
Gävleborg,Ockelbo NÖ fvof,Panterängsbäcken,Vattendrag,GAV-FK:88a1254b75e1618edf5da90c,KÄLLSÖK KVAR – vattenunikt artbelägg saknas,,FVO-OMRÅDE,6d36ab7c87c26f3eef5b
Gävleborg,Ockelbo NÖ fvof,Romsån,Vattendrag,GAV-FK:15e0e933482059c1b55414f7,KÄLLSÖK KVAR – vattenunikt artbelägg saknas,,FVO-OMRÅDE,0c4442123ea5bf54c43c
Gävleborg,Ockelbo NÖ fvof,Trossjöbäcken,Vattendrag,GAV-FK:4d3657c4f2ad7be3a7ff1885,KÄLLSÖK KVAR – vattenunikt artbelägg saknas,,FVO-OMRÅDE,c76d37711462de909d3e
Gävleborg,Ockelbo NÖ fvof,Örebäcken,Vattendrag,GAV-FK:2054dc5733102ca9eecf360e,KÄLLSÖK KVAR – vattenunikt artbelägg saknas,,FVO-OMRÅDE,9649001bb86c7af3f7c6
Gävleborg,Orsa Besparingsskogs fvof,Fetsjöarna,Sjö,GAV-FK:76c89b4afafad8dcf036c8c4,KÄLLSÖK KVAR – vattenunikt artbelägg saknas,,FVO-OMRÅDE,6f2a81a7c4daf81c228b
Gävleborg,Orsa Besparingsskogs fvof,Hästskotjärnen,Sjö,GAV-FK:763a221c551ce6b107356f02,KÄLLSÖK KVAR – vattenunikt artbelägg saknas,,FVO-OMRÅDE,fa42c5670424fff3291e
Gävleborg,Orsa Besparingsskogs fvof,Jussinjärv,Sjö,GAV-FK:cc0159ed9a7e50baed73a413,KÄLLSÖK KVAR – vattenunikt artbelägg saknas,,FVO-OMRÅDE,b02dc60083b79e9b9c99
Gävleborg,Orsa Besparingsskogs fvof,Kisärklamm,Sjö,GAV-FK:20a38d9f53ce5c75e9ea14cb,KÄLLSÖK KVAR – vattenunikt artbelägg saknas,,FVO-OMRÅDE,ba19a0024e8e1cf089eb
Gävleborg,Orsa Besparingsskogs fvof,Knopp-Långsjön,Sjö,GAV-FK:769a6011a3feb3705b823339,KÄLLSÖK KVAR – vattenunikt artbelägg saknas,,FVO-OMRÅDE,26d5382ffa73f2e4f658
Gävleborg,Orsa Besparingsskogs fvof,Mellan-Ivarstjärnen,Sjö,GAV-FK:768608944d58be4dab6c58c6,KÄLLSÖK KVAR – vattenunikt artbelägg saknas,,FVO-OMRÅDE,14c2dafdafcc302f8d06
Gävleborg,Orsa Besparingsskogs fvof,Mörttjärnen,Sjö,GAV-FK:72a666fbd57b7ade9b7c26ac,KÄLLSÖK KVAR – vattenunikt artbelägg saknas,,FVO-OMRÅDE,452c7ad6db4994b9eb17
Gävleborg,Orsa Besparingsskogs fvof,Nedre Ivarstjärnen,Sjö,GAV-FK:b748f52bad83b3432922f74f,KÄLLSÖK KVAR – vattenunikt artbelägg saknas,,FVO-OMRÅDE,affdd3690fb8355088b8
Gävleborg,Orsa Besparingsskogs fvof,Nedre Koskilamm,Sjö,GAV-FK:5ad969153e65b3685c16fc91,KÄLLSÖK KVAR – vattenunikt artbelägg saknas,,FVO-OMRÅDE,19fccc94f66e405ee85f
Gävleborg,Orsa Besparingsskogs fvof,Noppijärvi,Sjö,GAV-FK:9e12ee91a62603b17615c834,KÄLLSÖK KVAR – vattenunikt artbelägg saknas,,FVO-OMRÅDE,4a4ab1a634fa571c925c
Gävleborg,Orsa Besparingsskogs fvof,Nyslåttjärnarna,Sjö,GAV-FK:01938053f120451da9a43fb0,KÄLLSÖK KVAR – vattenunikt artbelägg saknas,,FVO-OMRÅDE,5b308de3929ca1525a0e
Gävleborg,Orsa Besparingsskogs fvof,Pasklamm,Sjö,GAV-FK:3c8f4672c24ae5eebf3cf556,KÄLLSÖK KVAR – vattenunikt artbelägg saknas,,FVO-OMRÅDE,6427b420aaeea1242e0b
Gävleborg,Orsa Besparingsskogs fvof,Risslosjön,Sjö,GAV-FK:affbac0c0af9373a19245566,KÄLLSÖK KVAR – vattenunikt artbelägg saknas,,FVO-OMRÅDE,7b171de249aa898fc9b4
Gävleborg,Orsa Besparingsskogs fvof,Rodenjärv,Sjö,GAV-FK:3904c7e74fff6e4d88e14bbb,KÄLLSÖK KVAR – vattenunikt artbelägg saknas,,FVO-OMRÅDE,ac0356c7188952e8e560
Gävleborg,Orsa Besparingsskogs fvof,Silisanlamm,Sjö,GAV-FK:e6ddd20316eb8604c4467e5d,KÄLLSÖK KVAR – vattenunikt artbelägg saknas,,FVO-OMRÅDE,6c360dc13cdbf199c233
Gävleborg,Orsa Besparingsskogs fvof,Skarpabborrtjärnarna,Sjö,GAV-FK:97a1e4128cdc2ff5243dae58,KÄLLSÖK KVAR – vattenunikt artbelägg saknas,,FVO-OMRÅDE,564fed9d371293c396e9
Gävleborg,Orsa Besparingsskogs fvof,Skäften,Sjö,GAV-FK:d34ab3fe1dabb1fad30c016b,KÄLLSÖK KVAR – vattenunikt artbelägg saknas,,FVO-OMRÅDE,776322d00e6436fcf5c1
Gävleborg,Orsa Besparingsskogs fvof,Sopilamm,Sjö,GAV-FK:6dc626788c35ce6588677e87,KÄLLSÖK KVAR – vattenunikt artbelägg saknas,,FVO-OMRÅDE,32d3fee4993c2fa23805
Gävleborg,Orsa Besparingsskogs fvof,Stora Kangaslamm,Sjö,GAV-FK:96e8efc65bd460d97f75827d,KÄLLSÖK KVAR – vattenunikt artbelägg saknas,,FVO-OMRÅDE,222c6cb51d521c0fa599
Gävleborg,Orsa Besparingsskogs fvof,Svarttjärnen,Sjö,GAV-FK:f4e2a49169227f7585e646eb,KÄLLSÖK KVAR – vattenunikt artbelägg saknas,,FVO-OMRÅDE,c2c6fca229b369794227
Gävleborg,Orsa Besparingsskogs fvof,Tippingsjön,Sjö,GAV-FK:8972cbdd9863b54af3b2e124,KÄLLSÖK KVAR – vattenunikt artbelägg saknas,,FVO-OMRÅDE,6077fd5aa8f696c21153
Gävleborg,Orsa Besparingsskogs fvof,Trondhattjärnen,Sjö,GAV-FK:3a5654dd13e404dd3f5c2d82,KÄLLSÖK KVAR – vattenunikt artbelägg saknas,,FVO-OMRÅDE,4bbd184c0ad8f13575a2
Gävleborg,Orsa Besparingsskogs fvof,Värmderåssjön,Sjö,GAV-FK:742c439cd36823201b1db74c,KÄLLSÖK KVAR – vattenunikt artbelägg saknas,,FVO-OMRÅDE,7cee2a39787048428d03
Gävleborg,Orsa Besparingsskogs fvof,Vässinjärvi,Sjö,GAV-FK:80697a6a0772b746ff7e7b5c,KÄLLSÖK KVAR – vattenunikt artbelägg saknas,,FVO-OMRÅDE,5d411ce91caeee15e640
Gävleborg,Orsa Besparingsskogs fvof,Övre Ivarstjärnen,Sjö,GAV-FK:40b0f483e2adca9ade1ec442,KÄLLSÖK KVAR – vattenunikt artbelägg saknas,,FVO-OMRÅDE,485e6c080b2ee014a0dc
Gävleborg,Orsa Besparingsskogs fvof,Brynbergsbäcken,Vattendrag,GAV-FK:64f31577380473f91f7096c7,KÄLLSÖK KVAR – vattenunikt artbelägg saknas,,FVO-OMRÅDE,d6cb3919372872c90bbc
Gävleborg,Orsa Besparingsskogs fvof,Dalkarsbäcken,Vattendrag,GAV-FK:a74b17380059135d30b1432a,KÄLLSÖK KVAR – vattenunikt artbelägg saknas,,FVO-OMRÅDE,9448365fe70236a15fe0
Gävleborg,Orsa Besparingsskogs fvof,Delåsbäcken,Vattendrag,GAV-FK:128ac44fac24c4474b60b5d9,KÄLLSÖK KVAR – vattenunikt artbelägg saknas,,FVO-OMRÅDE,255a85f3fe81b761d864
Gävleborg,Orsa Besparingsskogs fvof,Ivarsån,Vattendrag,GAV-FK:9e04798bef77ad201af3ba12,KÄLLSÖK KVAR – vattenunikt artbelägg saknas,,FVO-OMRÅDE,d3ca11af9f2c4db0361a
Gävleborg,Orsa Besparingsskogs fvof,Klockarbäcken,Vattendrag,GAV-FK:928abf0808a6393b9efc74c8,KÄLLSÖK KVAR – vattenunikt artbelägg saknas,,FVO-OMRÅDE,5b9a4da1a5445d0725ac
Gävleborg,Orsa Besparingsskogs fvof,Koskilammsbäcken,Vattendrag,GAV-FK:6ffcec4107d39f89785cceec,KÄLLSÖK KVAR – vattenunikt artbelägg saknas,,FVO-OMRÅDE,de9f2e6a0cfbeb1f628f
Gävleborg,Orsa Besparingsskogs fvof,Kvarnbäcken,Vattendrag,GAV-FK:dbd43f6b08f6a9a73b8919b4,KÄLLSÖK KVAR – vattenunikt artbelägg saknas,,FVO-OMRÅDE,2ff4a393ce08fba4059c
Gävleborg,Orsa Besparingsskogs fvof,Laduån,Vattendrag,GAV-FK:448310a9b3751622f87ebcf8,KÄLLSÖK KVAR – vattenunikt artbelägg saknas,,FVO-OMRÅDE,fadc666eeb6d663025ba
Gävleborg,Orsa Besparingsskogs fvof,Majkölsbäcken,Vattendrag,GAV-FK:a06f01ba6223d5ab730105f2,KÄLLSÖK KVAR – vattenunikt artbelägg saknas,,FVO-OMRÅDE,4397e650f087fc99017e
Gävleborg,Orsa Besparingsskogs fvof,Sandvasseln,Vattendrag,GAV-FK:599cf2ebd3816e1fcf088ded,KÄLLSÖK KVAR – vattenunikt artbelägg saknas,,FVO-OMRÅDE,2aff56263675c7293784
Gävleborg,Orsa Besparingsskogs fvof,Silisanlammsbäcken,Vattendrag,GAV-FK:818318499ca563a869111527,KÄLLSÖK KVAR – vattenunikt artbelägg saknas,,FVO-OMRÅDE,75d061f7ec5406e08c75
Gävleborg,Orsa Besparingsskogs fvof,Stampbäcken,Vattendrag,GAV-FK:191530e41368c0b4a69bd93d,KÄLLSÖK KVAR – vattenunikt artbelägg saknas,,FVO-OMRÅDE,40e46d808ae3f69c8080
Gävleborg,Orsa Besparingsskogs fvof,Svartbäcken,Vattendrag,GAV-FK:16bf4db75451a3649cd212e2,KÄLLSÖK KVAR – vattenunikt artbelägg saknas,,FVO-OMRÅDE,939b55ba3dbdca1d0581
Gävleborg,Orsa Besparingsskogs fvof,Ämån,Vattendrag,GAV-FK:689fd393ed09ed38e34c7a93,KÄLLSÖK KVAR – vattenunikt artbelägg saknas,,FVO-OMRÅDE,96a45f155f3d6647c326
Gävleborg,Ottnarens fvof,Dammsjön,Sjö,GAV-FK:50f7845dae7ed9c4a07ff22b,KÄLLSÖK KVAR – vattenunikt artbelägg saknas,,FVO-OMRÅDE,ff349c3ccda619f0017d
Gävleborg,Ottnarens fvof,Särstasjön,Sjö,GAV-FK:e1ebbe13496f8a3cd161fd1b,KÄLLSÖK KVAR – vattenunikt artbelägg saknas,,FVO-OMRÅDE,e8d1795b04970d12c342
Gävleborg,Ottnarens fvof,Väsaren,Sjö,GAV-FK:79f822b70d75431ae2f5b8fa,KÄLLSÖK KVAR – vattenunikt artbelägg saknas,,FVO-OMRÅDE,4d64cea9f1ad52546a88
Gävleborg,Ottnarens fvof,Gammelstillaån,Vattendrag,GAV-FK:fe61ee45e5a767091e01ca32,KÄLLSÖK KVAR – vattenunikt artbelägg saknas,,FVO-OMRÅDE,a3b41783cea9824cb9c3
Gävleborg,Ottnarens fvof,Gavelhytteån,Vattendrag,GAV-FK:0f0119e418e8903c56598694,KÄLLSÖK KVAR – vattenunikt artbelägg saknas,,FVO-OMRÅDE,6af16396d0be1c573884
Gävleborg,Ottnarens fvof,Hoån,Vattendrag,GAV-FK:df3d0724b296f4e916c476c3,KÄLLSÖK KVAR – vattenunikt artbelägg saknas,,FVO-OMRÅDE,98ff6c4405f71d510de9
Gävleborg,Ottnarens fvof,Stigerängsbäcken,Vattendrag,GAV-FK:d781fdd3c79bd427d12368f6,KÄLLSÖK KVAR – vattenunikt artbelägg saknas,,FVO-OMRÅDE,8aa94447048314f9a87d
Gävleborg,Ovanåkers fvof,Acktjärn,Sjö,GAV-FK:0ced415b278e465f50b67379,KÄLLSÖK KVAR – vattenunikt artbelägg saknas,,FVO-OMRÅDE,82ac9c3ebac5a4dcce6a
Gävleborg,Ovanåkers fvof,Andtjärnen,Sjö,GAV-FK:b5829173877434c7f37f7833,KÄLLSÖK KVAR – vattenunikt artbelägg saknas,,FVO-OMRÅDE,94c1a1e849ec95b0b226
Gävleborg,Ovanåkers fvof,Björktjärnen,Sjö,GAV-FK:65908777e70c4d576c046a67,KÄLLSÖK KVAR – vattenunikt artbelägg saknas,,FVO-OMRÅDE,d7ec4698da75228f3066
Gävleborg,Ovanåkers fvof,Finnstjärn,Sjö,GAV-FK:581561d30d03a658abd7f0d9,KÄLLSÖK KVAR – vattenunikt artbelägg saknas,,FVO-OMRÅDE,379da034ca3139d6fcc1
Gävleborg,Ovanåkers fvof,Fisktjärnen,Sjö,GAV-FK:488d07db4c25976938541f59,KÄLLSÖK KVAR – vattenunikt artbelägg saknas,,FVO-OMRÅDE,4133ff88574ef2492426
Gävleborg,Ovanåkers fvof,Fullen,Sjö,GAV-FK:498a511a20fe6e1fe9630913,KÄLLSÖK KVAR – vattenunikt artbelägg saknas,,FVO-OMRÅDE,e533155d48b03aaa0481
Gävleborg,Ovanåkers fvof,Grängen,Sjö,GAV-FK:27eedee9cd9b0be9c35a2312,KÄLLSÖK KVAR – vattenunikt artbelägg saknas,,FVO-OMRÅDE,0ab6978d6a3feb19ada7
Gävleborg,Ovanåkers fvof,Gråssjön,Sjö,GAV-FK:7059222126296af6c82de2d7,KÄLLSÖK KVAR – vattenunikt artbelägg saknas,,FVO-OMRÅDE,3149b63ceb89923f01c8
Gävleborg,Ovanåkers fvof,Gäddtjärnen,Sjö,GAV-FK:983282ced9f8f47e4dc7d4a8,KÄLLSÖK KVAR – vattenunikt artbelägg saknas,,FVO-OMRÅDE,89fe7cfbc883e505b434
Gävleborg,Ovanåkers fvof,Gårdstjärnen,Sjö,GAV-FK:7d1f242b0805db903924099d,KÄLLSÖK KVAR – vattenunikt artbelägg saknas,,FVO-OMRÅDE,b1386e83d60066a4de93
Gävleborg,Ovanåkers fvof,Hälftasen,Sjö,GAV-FK:b24d45fa5fdac6aba1199cca,KÄLLSÖK KVAR – vattenunikt artbelägg saknas,,FVO-OMRÅDE,5045bc6e8c895488f035
Gävleborg,Ovanåkers fvof,Illatjärnen,Sjö,GAV-FK:eab5a5b4736d47c546f4c0d1,KÄLLSÖK KVAR – vattenunikt artbelägg saknas,,FVO-OMRÅDE,d3b77bff8d3e4744108e
Gävleborg,Ovanåkers fvof,Karstjärnen,Sjö,GAV-FK:351bd3fb7aacfb6837719a9c,KÄLLSÖK KVAR – vattenunikt artbelägg saknas,,FVO-OMRÅDE,c2188f2426f875ca391e
Gävleborg,Ovanåkers fvof,Klinga-Källa,Sjö,GAV-FK:15cd4290a767ad1d861644dd,KÄLLSÖK KVAR – vattenunikt artbelägg saknas,,FVO-OMRÅDE,fa716c6f3da74620af0e
Gävleborg,Ovanåkers fvof,Lilla Grytaflygen,Sjö,GAV-FK:8f1ea61fffece5462fa1c24b,KÄLLSÖK KVAR – vattenunikt artbelägg saknas,,FVO-OMRÅDE,594f7dc333002d473e6c
Gävleborg,Ovanåkers fvof,Ljustjärnen,Sjö,GAV-FK:610eefb43fca4a39dd82a33e,KÄLLSÖK KVAR – vattenunikt artbelägg saknas,,FVO-OMRÅDE,95cb26725a2db5eef690
Gävleborg,Ovanåkers fvof,Långabäckstjärnen,Sjö,GAV-FK:61deb33a66cb406c5f48ddf9,KÄLLSÖK KVAR – vattenunikt artbelägg saknas,,FVO-OMRÅDE,501b9ff09e0899dcaf02
Gävleborg,Ovanåkers fvof,Långasen,Sjö,GAV-FK:7bf53016d32a00121f7d46c0,KÄLLSÖK KVAR – vattenunikt artbelägg saknas,,FVO-OMRÅDE,d285494b46726ed4a48c
Gävleborg,Ovanåkers fvof,Långbotjärnen,Sjö,GAV-FK:43d41b9a870701cfc14f0ca3,KÄLLSÖK KVAR – vattenunikt artbelägg saknas,,FVO-OMRÅDE,ef0c6b81af4a5c633f4d
Gävleborg,Ovanåkers fvof,Långtjärnen,Sjö,GAV-FK:c71c1bbb2ee3ebb63674744d,KÄLLSÖK KVAR – vattenunikt artbelägg saknas,,FVO-OMRÅDE,8e1f87fc5e99946e9b93
Gävleborg,Ovanåkers fvof,Lövtjärn,Sjö,GAV-FK:63e8f3d0b010eb25914b735a,KÄLLSÖK KVAR – vattenunikt artbelägg saknas,,FVO-OMRÅDE,0046e935acfc09779a0f
Gävleborg,Ovanåkers fvof,Mittjastjärnen,Sjö,GAV-FK:9c62912d4f5cbb039dee1721,KÄLLSÖK KVAR – vattenunikt artbelägg saknas,,FVO-OMRÅDE,86e0a82d26ceed53c844
Gävleborg,Ovanåkers fvof,Muckeltjärn,Sjö,GAV-FK:d9e2f9efa616bddff2d34321,KÄLLSÖK KVAR – vattenunikt artbelägg saknas,,FVO-OMRÅDE,540948d62000bb24e70a
Gävleborg,Ovanåkers fvof,Mörtsjön,Sjö,GAV-FK:817e55d1d704e145c0e002cf,KÄLLSÖK KVAR – vattenunikt artbelägg saknas,,FVO-OMRÅDE,c4068b53008ca614e4e5
Gävleborg,Ovanåkers fvof,Nedre Bursjön,Sjö,GAV-FK:874d8c2fed3eeaddbb314001,KÄLLSÖK KVAR – vattenunikt artbelägg saknas,,FVO-OMRÅDE,e00e5f1e048247853385
Gävleborg,Ovanåkers fvof,Nedre Ärtassen,Sjö,GAV-FK:372acb3fca7a79583d80823c,KÄLLSÖK KVAR – vattenunikt artbelägg saknas,,FVO-OMRÅDE,8b0f7be25aa23b992b8a
Gävleborg,Ovanåkers fvof,Norra Homnan,Sjö,GAV-FK:fb6dfdd98e591b89153473f2,KÄLLSÖK KVAR – vattenunikt artbelägg saknas,,FVO-OMRÅDE,3536a4475b435db2f76a
Gävleborg,Ovanåkers fvof,Norra Våsen,Sjö,GAV-FK:04b09ff7cc3d525066f82d8f,KÄLLSÖK KVAR – vattenunikt artbelägg saknas,,FVO-OMRÅDE,52b1089bda42258ce585
Gävleborg,Ovanåkers fvof,Nästjärn,Sjö,GAV-FK:1516fe64367ac2dd7a543087,KÄLLSÖK KVAR – vattenunikt artbelägg saknas,,FVO-OMRÅDE,be7d8ef44e95e92dfa5b
Gävleborg,Ovanåkers fvof,Näverbergstjärnen,Sjö,GAV-FK:a517fe5531da8be316cc5224,KÄLLSÖK KVAR – vattenunikt artbelägg saknas,,FVO-OMRÅDE,23e0af157f11de8004de
Gävleborg,Ovanåkers fvof,Ryggessjön,Sjö,GAV-FK:379728ba8bac7ce90e0f9135,KÄLLSÖK KVAR – vattenunikt artbelägg saknas,,FVO-OMRÅDE,0d7a2e4e5d0491894d16
Gävleborg,Ovanåkers fvof,Räkabo-Fisktjärnen,Sjö,GAV-FK:9efe8ad313fb73e6bf939724,KÄLLSÖK KVAR – vattenunikt artbelägg saknas,,FVO-OMRÅDE,2153673540679beaf60a
Gävleborg,Ovanåkers fvof,Skärstuten,Sjö,GAV-FK:99c7cb205b89a29c7e01540d,KÄLLSÖK KVAR – vattenunikt artbelägg saknas,,FVO-OMRÅDE,839c8dcda0ef9c4fd516
Gävleborg,Ovanåkers fvof,Stavssjön,Sjö,GAV-FK:6c0152fa0af8d1a28e457d2f,KÄLLSÖK KVAR – vattenunikt artbelägg saknas,,FVO-OMRÅDE,c5d7e735d77f47dbdb4c
Gävleborg,Ovanåkers fvof,Stentjärnarna,Sjö,GAV-FK:ba207f8b9add060e6c4be531,KÄLLSÖK KVAR – vattenunikt artbelägg saknas,,FVO-OMRÅDE,2faaedfd6d8bfc036451
Gävleborg,Ovanåkers fvof,Stora Gåsatjärnen,Sjö,GAV-FK:6ec147cbf6e4a99c81df1c13,KÄLLSÖK KVAR – vattenunikt artbelägg saknas,,FVO-OMRÅDE,869e3365ed1f5e3f8a4e
Gävleborg,Ovanåkers fvof,Stora Skåltjärn,Sjö,GAV-FK:9fe05794da39daaee8013285,KÄLLSÖK KVAR – vattenunikt artbelägg saknas,,FVO-OMRÅDE,c67f8b5952d7fa8d8757
Gävleborg,Ovanåkers fvof,Stora Svarttjärnen,Sjö,GAV-FK:17f6e3a0b9fb16deb4fa6ca0,KÄLLSÖK KVAR – vattenunikt artbelägg saknas,,FVO-OMRÅDE,da3603511bc56caa5dc7
Gävleborg,Ovanåkers fvof,Stugtjärnen,Sjö,GAV-FK:b32162793c95df5c50d10a27,KÄLLSÖK KVAR – vattenunikt artbelägg saknas,,FVO-OMRÅDE,05a9a884d5fe0516040d
Gävleborg,Ovanåkers fvof,Sässman,Sjö,GAV-FK:b126a9d2838bd33e3edc887f,KÄLLSÖK KVAR – vattenunikt artbelägg saknas,,FVO-OMRÅDE,bb595ac97de77f0b125d
Gävleborg,Ovanåkers fvof,Sävtjärn,Sjö,GAV-FK:2e772ff1723b62a0b0e02585,KÄLLSÖK KVAR – vattenunikt artbelägg saknas,,FVO-OMRÅDE,978d480ca39af93e52bb
Gävleborg,Ovanåkers fvof,Södra Linasen,Sjö,GAV-FK:d2f081080e45ba658e7c3acd,KÄLLSÖK KVAR – vattenunikt artbelägg saknas,,FVO-OMRÅDE,34a3c869bc2d8137393d
Gävleborg,Ovanåkers fvof,Södra Våsen,Sjö,GAV-FK:d625207f93c66cb025840d78,KÄLLSÖK KVAR – vattenunikt artbelägg saknas,,FVO-OMRÅDE,0e54cedcc3bca416c1e0
Gävleborg,Ovanåkers fvof,Timssjön,Sjö,GAV-FK:e9cfb4acd17f5de06c6b57fa,KÄLLSÖK KVAR – vattenunikt artbelägg saknas,,FVO-OMRÅDE,98c782bc19d81af52c89
Gävleborg,Ovanåkers fvof,Ullungen,Sjö,GAV-FK:62de71288eb81ccfdade9f09,KÄLLSÖK KVAR – vattenunikt artbelägg saknas,,FVO-OMRÅDE,4d1f32dcd84722663290
Gävleborg,Ovanåkers fvof,Viksjön,Sjö,GAV-FK:8d5975942e3c4028aec73e9c,KÄLLSÖK KVAR – vattenunikt artbelägg saknas,,FVO-OMRÅDE,cb38c4c0bd41f2db770d
Gävleborg,Ovanåkers fvof,Vägnan,Sjö,GAV-FK:6f0403576198acf1d6115f18,KÄLLSÖK KVAR – vattenunikt artbelägg saknas,,FVO-OMRÅDE,650ff5ed1bf2a04cbd16
Gävleborg,Ovanåkers fvof,Västra Hommatjärnen,Sjö,GAV-FK:a640e8dba3c0fe983534e4fb,KÄLLSÖK KVAR – vattenunikt artbelägg saknas,,FVO-OMRÅDE,e63fab3f70c8c590406a
Gävleborg,Ovanåkers fvof,Västra Nyasen,Sjö,GAV-FK:f2d325f02b835722f69d9ed8,KÄLLSÖK KVAR – vattenunikt artbelägg saknas,,FVO-OMRÅDE,3582c395655b3501c92f
Gävleborg,Ovanåkers fvof,Västra Råbergstjärnen,Sjö,GAV-FK:002aa7ef32f5f72591d43a74,KÄLLSÖK KVAR – vattenunikt artbelägg saknas,,FVO-OMRÅDE,9ebb66c133d1d1b29234
Gävleborg,Ovanåkers fvof,Västra Ämmatjärnen,Sjö,GAV-FK:9a7247888e582ecc67bd0291,KÄLLSÖK KVAR – vattenunikt artbelägg saknas,,FVO-OMRÅDE,d4fc48ec7e87cfd03edc
Gävleborg,Ovanåkers fvof,Älmessjön,Sjö,GAV-FK:1504ba49ed79d61849aa611f,KÄLLSÖK KVAR – vattenunikt artbelägg saknas,,FVO-OMRÅDE,91994ac7350d32ad4e32
Gävleborg,Ovanåkers fvof,Östra Hommatjärnen,Sjö,GAV-FK:6f7b24b8d9b7533205969f85,KÄLLSÖK KVAR – vattenunikt artbelägg saknas,,FVO-OMRÅDE,191ceb8599d84d06c3e5
Gävleborg,Ovanåkers fvof,Forsgårdsbäcken,Vattendrag,GAV-FK:ef4477af2d86d6cf418da2d9,KÄLLSÖK KVAR – vattenunikt artbelägg saknas,,FVO-OMRÅDE,36023c345ba3f5b68b09
Gävleborg,Ovanåkers fvof,Frösteboån,Vattendrag,GAV-FK:c5fa0662205b0a30b06224b9,KÄLLSÖK KVAR – vattenunikt artbelägg saknas,,FVO-OMRÅDE,1c037deecb19fb3c1e52
Gävleborg,Ovanåkers fvof,Kyaån,Vattendrag,GAV-FK:07744081b2f3ba26953b47ba,KÄLLSÖK KVAR – vattenunikt artbelägg saknas,,FVO-OMRÅDE,7b31455f34917667f350
Gävleborg,Ovanåkers fvof,Lappbäcken,Vattendrag,GAV-FK:78ff5f454abb74114f3580fa,KÄLLSÖK KVAR – vattenunikt artbelägg saknas,,FVO-OMRÅDE,00b89f37dd11eee5a1d6
Gävleborg,Ovanåkers fvof,Ullångsån,Vattendrag,GAV-FK:f5f7df1f62fd46b6d05fca7b,KÄLLSÖK KVAR – vattenunikt artbelägg saknas,,FVO-OMRÅDE,785f75e5e33a4e0196a9
Gävleborg,Ovanåkers fvof,Voxnan,Vattendrag,GAV-FK:c7ecc0ed465e5fa36af1ae03,KÄLLSÖK KVAR – vattenunikt artbelägg saknas,,FVO-OMRÅDE,175882aad4afdd62f0e2
Gävleborg,Ramsjö fvof,Abborrtjärnen,Sjö,GAV-FK:21c72df9d2b111d6d16d4adc,KÄLLSÖK KVAR – vattenunikt artbelägg saknas,,FVO-OMRÅDE,a944be8b333d6d11c1b0
Gävleborg,Ramsjö fvof,Bergasen,Sjö,GAV-FK:40d666ca1b32f46b28528d82,KÄLLSÖK KVAR – vattenunikt artbelägg saknas,,FVO-OMRÅDE,39857c1e7be7a3891381
Gävleborg,Ramsjö fvof,Bratjärnen,Sjö,GAV-FK:1815ff4fb343bc2aa57775a7,KÄLLSÖK KVAR – vattenunikt artbelägg saknas,,FVO-OMRÅDE,3b450bfa9214618b3208
Gävleborg,Ramsjö fvof,Brinnasen,Sjö,GAV-FK:d9e999fece3cefb16303134c,KÄLLSÖK KVAR – vattenunikt artbelägg saknas,,FVO-OMRÅDE,e79258fe13da994ff519
Gävleborg,Ramsjö fvof,Bursen,Sjö,GAV-FK:009eeb19175c2cf4835ab9ad,KÄLLSÖK KVAR – vattenunikt artbelägg saknas,,FVO-OMRÅDE,30c1a74a06a989a1bebc
Gävleborg,Ramsjö fvof,Bävertjärnen,Sjö,GAV-FK:0875a66974c876f822ed2ede,KÄLLSÖK KVAR – vattenunikt artbelägg saknas,,FVO-OMRÅDE,584bf9a4be30b0f28ea7
Gävleborg,Ramsjö fvof,Dellen,Sjö,GAV-FK:cc8684ee2a84d41415fb6580,KÄLLSÖK KVAR – vattenunikt artbelägg saknas,,FVO-OMRÅDE,2433e1cd79aacbd774ea
Gävleborg,Ramsjö fvof,Djuptjärnen,Sjö,GAV-FK:72ba7d1847727e7ecf0b9b59,KÄLLSÖK KVAR – vattenunikt artbelägg saknas,,FVO-OMRÅDE,3243f84cb14987731ec9
Gävleborg,Ramsjö fvof,Finnebysjön,Sjö,GAV-FK:1ba202cb4d558118e6ecafd9,KÄLLSÖK KVAR – vattenunikt artbelägg saknas,,FVO-OMRÅDE,2deeb68d617a5dc3faf4
Gävleborg,Ramsjö fvof,Gäddsjön,Sjö,GAV-FK:f8b601ab2582c94d20252524,KÄLLSÖK KVAR – vattenunikt artbelägg saknas,,FVO-OMRÅDE,a668a017c4d9d38d72d1
Gävleborg,Ramsjö fvof,Halljan,Sjö,GAV-FK:49241c14fb9ab2743ec4ca9a,KÄLLSÖK KVAR – vattenunikt artbelägg saknas,,FVO-OMRÅDE,c0c1465b83d6ee6979b8
Gävleborg,Ramsjö fvof,Häckelassjön,Sjö,GAV-FK:1649e9ea1b27e2616b9f8b39,KÄLLSÖK KVAR – vattenunikt artbelägg saknas,,FVO-OMRÅDE,44986f2040b7b950a60f
Gävleborg,Ramsjö fvof,Hästskotjärnen,Sjö,GAV-FK:4f2bb88328d14c4db1dc8286,KÄLLSÖK KVAR – vattenunikt artbelägg saknas,,FVO-OMRÅDE,59c72f950e3f3a422c83
Gävleborg,Ramsjö fvof,Häxtjärnen,Sjö,GAV-FK:973fdce678befb7e204ac750,KÄLLSÖK KVAR – vattenunikt artbelägg saknas,,FVO-OMRÅDE,592eac7634abf2bf11b7
Gävleborg,Ramsjö fvof,Högbränntjärnen,Sjö,GAV-FK:ba11ef9d84f1d3970fbf41a7,KÄLLSÖK KVAR – vattenunikt artbelägg saknas,,FVO-OMRÅDE,e663853b55def2db7d9e
Gävleborg,Ramsjö fvof,Lill-Blitjärn,Sjö,GAV-FK:0c1129ebf744ee709f0f892a,KÄLLSÖK KVAR – vattenunikt artbelägg saknas,,FVO-OMRÅDE,24c02e4d43a65b71b1a8
Gävleborg,Ramsjö fvof,Långtjärnen,Sjö,GAV-FK:7dc3135da06a1a881b7f580a,KÄLLSÖK KVAR – vattenunikt artbelägg saknas,,FVO-OMRÅDE,1aab1b3e3611b5e1cf19
Gävleborg,Ramsjö fvof,Norr-Grötsjön,Sjö,GAV-FK:ce0eac2eef2a3e7b4ed533d1,KÄLLSÖK KVAR – vattenunikt artbelägg saknas,,FVO-OMRÅDE,0707879fdc16073af578
Gävleborg,Ramsjö fvof,Norra Grundvattssjön,Sjö,GAV-FK:9871c781c4efc9941b9fa894,KÄLLSÖK KVAR – vattenunikt artbelägg saknas,,FVO-OMRÅDE,142f27c986f04e8033bf
Gävleborg,Ramsjö fvof,Norra Ursjön,Sjö,GAV-FK:b420ab379e58a8d9c8513c03,KÄLLSÖK KVAR – vattenunikt artbelägg saknas,,FVO-OMRÅDE,3ada25a6783fcdf0d831
Gävleborg,Ramsjö fvof,Nyslögstjärnen,Sjö,GAV-FK:4faa949b025a6af2d37b2682,KÄLLSÖK KVAR – vattenunikt artbelägg saknas,,FVO-OMRÅDE,db9fb6e5544ea259c4be
Gävleborg,Ramsjö fvof,Näcktjärnen,Sjö,GAV-FK:fa9c47b5d16e05d2dd4aa72a,KÄLLSÖK KVAR – vattenunikt artbelägg saknas,,FVO-OMRÅDE,1fe0dab7e2cbfea1829c
Gävleborg,Ramsjö fvof,Ol-Gummessjön,Sjö,GAV-FK:334443ef2ea8ec3e67b12c06,KÄLLSÖK KVAR – vattenunikt artbelägg saknas,,FVO-OMRÅDE,87fef890bec383750de6
Gävleborg,Ramsjö fvof,Ribergstjärnen,Sjö,GAV-FK:355bd637b3aaf137467c5715,KÄLLSÖK KVAR – vattenunikt artbelägg saknas,,FVO-OMRÅDE,4beae327cc9636f6cc18
Gävleborg,Ramsjö fvof,Rottjärnen,Sjö,GAV-FK:381f4021bc14a1b23da88e5a,KÄLLSÖK KVAR – vattenunikt artbelägg saknas,,FVO-OMRÅDE,df70a9d923b8d849a38e
Gävleborg,Ramsjö fvof,Stagelsjön,Sjö,GAV-FK:2dafab1b64e73fc0b7f3b065,KÄLLSÖK KVAR – vattenunikt artbelägg saknas,,FVO-OMRÅDE,8b10a918d0ea97abe770
Gävleborg,Ramsjö fvof,Stagelåstjärnen,Sjö,GAV-FK:1dda563ca11e9a9b7f4a6154,KÄLLSÖK KVAR – vattenunikt artbelägg saknas,,FVO-OMRÅDE,29d7662edf067aebee33
Gävleborg,Ramsjö fvof,Steksjön,Sjö,GAV-FK:cdc1e72126d7e21679b0b001,KÄLLSÖK KVAR – vattenunikt artbelägg saknas,,FVO-OMRÅDE,bbe51ccda905d20d817b
Gävleborg,Ramsjö fvof,Stor-Svarttjärnen,Sjö,GAV-FK:524733591d38924c8d772ac0,KÄLLSÖK KVAR – vattenunikt artbelägg saknas,,FVO-OMRÅDE,70fe3a1dd90c8000d468
Gävleborg,Ramsjö fvof,Stora Ensjöloken,Sjö,GAV-FK:a5fc6f1b529e4ad0a1940533,KÄLLSÖK KVAR – vattenunikt artbelägg saknas,,FVO-OMRÅDE,fa6bfacfd964613e3c74
Gävleborg,Ramsjö fvof,Stormyrtjärnen,Sjö,GAV-FK:9ae41582bbcb7184c8f9ff33,KÄLLSÖK KVAR – vattenunikt artbelägg saknas,,FVO-OMRÅDE,c966e5dae596e1205796
Gävleborg,Ramsjö fvof,Stornaggtjärnen,Sjö,GAV-FK:11aebfbdbf03323ecc00bb48,KÄLLSÖK KVAR – vattenunikt artbelägg saknas,,FVO-OMRÅDE,49e755b4cf8815a8237d
Gävleborg,Ramsjö fvof,Sör-Grötsjön,Sjö,GAV-FK:f836703c764148b710fba7c8,KÄLLSÖK KVAR – vattenunikt artbelägg saknas,,FVO-OMRÅDE,269b38f43293596de217
Gävleborg,Ramsjö fvof,Tornatjärnen,Sjö,GAV-FK:6995d1d4990880dd0881c1df,KÄLLSÖK KVAR – vattenunikt artbelägg saknas,,FVO-OMRÅDE,fd4170c5211b273e78f0
Gävleborg,Ramsjö fvof,Treslinten,Sjö,GAV-FK:fd4df2b651bde2529341ebdd,KÄLLSÖK KVAR – vattenunikt artbelägg saknas,,FVO-OMRÅDE,ec5c5654c488017a2201
Gävleborg,Ramsjö fvof,Trolltjärnen,Sjö,GAV-FK:59ef40e6ccea6d975d334d2b,KÄLLSÖK KVAR – vattenunikt artbelägg saknas,,FVO-OMRÅDE,92e0ef6be26e5f053368
Gävleborg,Ramsjö fvof,Vandeln,Sjö,GAV-FK:3837a6dfa721686fbf090fa1,KÄLLSÖK KVAR – vattenunikt artbelägg saknas,,FVO-OMRÅDE,3c5f8b6e22fb2f8d3912
Gävleborg,Ramsjö fvof,Västertjärnen,Sjö,GAV-FK:05fea0b9b8ec2c13f4ec62dc,KÄLLSÖK KVAR – vattenunikt artbelägg saknas,,FVO-OMRÅDE,79e5a4c04fca3ebc35a6
Gävleborg,Ramsjö fvof,Västervåsen,Sjö,GAV-FK:188e7a31476230fd60b0412a,KÄLLSÖK KVAR – vattenunikt artbelägg saknas,,FVO-OMRÅDE,333720cc4e06ed924685
Gävleborg,Ramsjö fvof,Västskogstjärnarna,Sjö,GAV-FK:c34dadbe5bae3b79d514f9b6,KÄLLSÖK KVAR – vattenunikt artbelägg saknas,,FVO-OMRÅDE,f2a254f85b03e789371f
Gävleborg,Ramsjö fvof,Öster-Våsen,Sjö,GAV-FK:719415e7d36a9fca67a2ab24,KÄLLSÖK KVAR – vattenunikt artbelägg saknas,,FVO-OMRÅDE,85cf859eb91ba7ff24c8
Gävleborg,Ramsjö fvof,Övre Mörttjärnen,Sjö,GAV-FK:539b10607ca0d2c51fde690b,KÄLLSÖK KVAR – vattenunikt artbelägg saknas,,FVO-OMRÅDE,ed5a18b7d6e2cef54d34
Gävleborg,Ramsjö fvof,Djupbäcken,Vattendrag,GAV-FK:2bb71acadfd52972a77279aa,KÄLLSÖK KVAR – vattenunikt artbelägg saknas,,FVO-OMRÅDE,145d3586b086f2431f5b
Gävleborg,Ramsjö fvof,Ensjöbäcken,Vattendrag,GAV-FK:ae24e7846c52bacaf311a860,KÄLLSÖK KVAR – vattenunikt artbelägg saknas,,FVO-OMRÅDE,81ef6dbf53b81a61168e
Gävleborg,Ramsjö fvof,Gräningsån,Vattendrag,GAV-FK:c4e3fdf190e4bd0e609bb0de,KÄLLSÖK KVAR – vattenunikt artbelägg saknas,,FVO-OMRÅDE,3d058491305d4def8462
Gävleborg,Ramsjö fvof,Hedsjöbäcken,Vattendrag,GAV-FK:387f501b81044ea5b899d6de,KÄLLSÖK KVAR – vattenunikt artbelägg saknas,,FVO-OMRÅDE,8bea786cf8f3ec9d320b
Gävleborg,Ramsjö fvof,Juvattsån,Vattendrag,GAV-FK:cfc230f5c5302e5b85afef64,KÄLLSÖK KVAR – vattenunikt artbelägg saknas,,FVO-OMRÅDE,7fdd1fef41a4fe87117d
Gävleborg,Ramsjö fvof,Juån,Vattendrag,GAV-FK:bbc9da3ccda9ab0bf7e0dd96,KÄLLSÖK KVAR – vattenunikt artbelägg saknas,,FVO-OMRÅDE,d09eda9ea17602cc11d2
Gävleborg,Ramsjö fvof,Krankmyrb.,Vattendrag,GAV-FK:f0aa1583479047770c7fa48c,KÄLLSÖK KVAR – vattenunikt artbelägg saknas,,FVO-OMRÅDE,3bf5e9b35c0ea4ebeba9
Gävleborg,Ramsjö fvof,Lillån,Vattendrag,GAV-FK:b772ce087fd0ea0c7c6c8bf4,KÄLLSÖK KVAR – vattenunikt artbelägg saknas,,FVO-OMRÅDE,691bd7447936c5923655
Gävleborg,Ramsjö fvof,Långsjöbäcken,Vattendrag,GAV-FK:2f031907978c5fc0072d9fd1,KÄLLSÖK KVAR – vattenunikt artbelägg saknas,,FVO-OMRÅDE,5a0ea40daefa8f040eca
Gävleborg,Ramsjö fvof,Norr-Enan,Vattendrag,GAV-FK:c9c45587dc7dc175fd40cb3e,KÄLLSÖK KVAR – vattenunikt artbelägg saknas,,FVO-OMRÅDE,1a61394267c2e68119cd
Gävleborg,Ramsjö fvof,Portbäcken,Vattendrag,GAV-FK:209c7c1c9babf65738a48622,KÄLLSÖK KVAR – vattenunikt artbelägg saknas,,FVO-OMRÅDE,7cb3394b9666465a0cb1
Gävleborg,Ramsjö fvof,Rödtjärnsbäcken,Vattendrag,GAV-FK:a58943a704df7582d67b96c4,KÄLLSÖK KVAR – vattenunikt artbelägg saknas,,FVO-OMRÅDE,9190bcc433fd62340424
Gävleborg,Ramsjö fvof,Vandelnån,Vattendrag,GAV-FK:b403c70a69f07df2bd9bc25a,KÄLLSÖK KVAR – vattenunikt artbelägg saknas,,FVO-OMRÅDE,6edad59e762fcabbaaa8
Gävleborg,Ramsjö fvof,Västertjärnsbäcken,Vattendrag,GAV-FK:7c8ae193c4672ea3e4591ed0,KÄLLSÖK KVAR – vattenunikt artbelägg saknas,,FVO-OMRÅDE,e3a27f0ae374c0cb3fdb
Gävleborg,Rengsjö fvof,Flattjärnen,Sjö,GAV-FK:eb0017cfe5b340a5d4133d17,KÄLLSÖK KVAR – vattenunikt artbelägg saknas,,FVO-OMRÅDE,850fe1129de31b996b04
Gävleborg,Rengsjö fvof,Grissjön,Sjö,GAV-FK:d805a2571c97e95e6e28cc41,KÄLLSÖK KVAR – vattenunikt artbelägg saknas,,FVO-OMRÅDE,90f9d5cf87a502060f7f
Gävleborg,Rengsjö fvof,Innebystjärnen,Sjö,GAV-FK:f7dee81bce822519c08d68c5,KÄLLSÖK KVAR – vattenunikt artbelägg saknas,,FVO-OMRÅDE,796dee3e6ccc741d69c5
Gävleborg,Rengsjö fvof,Mosstjärnen,Sjö,GAV-FK:0f9e2215d7631184f04eee23,KÄLLSÖK KVAR – vattenunikt artbelägg saknas,,FVO-OMRÅDE,a2297b071e8e74c53fbf
Gävleborg,Rengsjö fvof,Stor-Hisjön,Sjö,GAV-FK:eecb3dee43322739f8ad4bc5,KÄLLSÖK KVAR – vattenunikt artbelägg saknas,,FVO-OMRÅDE,b0dff042a8c54188abf0
Gävleborg,Rengsjö fvof,Stora Gåsjön,Sjö,GAV-FK:157ecea1c942788fe5938c5e,KÄLLSÖK KVAR – vattenunikt artbelägg saknas,,FVO-OMRÅDE,56ee0374f0ae952f9efc
Gävleborg,Rengsjö fvof,Stråsjön,Sjö,GAV-FK:ad297d41534a53b9c3e22e5f,KÄLLSÖK KVAR – vattenunikt artbelägg saknas,,FVO-OMRÅDE,e2c019182ebd01f30400
Gävleborg,Rengsjö fvof,Stuttjärnen,Sjö,GAV-FK:ff27aed66fc8f31a85310174,KÄLLSÖK KVAR – vattenunikt artbelägg saknas,,FVO-OMRÅDE,13211997a7363cf1d890
Gävleborg,Rengsjö fvof,Bagängesbäcken,Vattendrag,GAV-FK:a9ff0cb44ee39ecdcb8b4efc,KÄLLSÖK KVAR – vattenunikt artbelägg saknas,,FVO-OMRÅDE,24c1031169f7d19c1da6
Gävleborg,Rengsjö fvof,Flysån,Vattendrag,GAV-FK:4d2b88808865f1afd330ccf1,KÄLLSÖK KVAR – vattenunikt artbelägg saknas,,FVO-OMRÅDE,a3609ca9d52591cd7506
Gävleborg,Rengsjö fvof,Glössboån,Vattendrag,GAV-FK:a6c5891a9d045aad2a38c783,KÄLLSÖK KVAR – vattenunikt artbelägg saknas,,FVO-OMRÅDE,bfd65951b0f805120d61
Gävleborg,Rengsjö fvof,Rabobäcken,Vattendrag,GAV-FK:59cc6d1a2671d9ea0c8d134d,KÄLLSÖK KVAR – vattenunikt artbelägg saknas,,FVO-OMRÅDE,de86e656b707b5d05b6f
Gävleborg,Rengsjö fvof,Rolån,Vattendrag,GAV-FK:9939454363d01f12d853558d,KÄLLSÖK KVAR – vattenunikt artbelägg saknas,,FVO-OMRÅDE,9c5e4f97bede36d91da9
Gävleborg,Rengsjö fvof,Slåttbäcken,Vattendrag,GAV-FK:85e965e60e89dffe81deb5c4,KÄLLSÖK KVAR – vattenunikt artbelägg saknas,,FVO-OMRÅDE,493e79380acadfe181ae
Gävleborg,Rengsjö fvof,Växboån,Vattendrag,GAV-FK:56e0ea7973bd49fc9cfc4adb,KÄLLSÖK KVAR – vattenunikt artbelägg saknas,,FVO-OMRÅDE,e00b05c820f637210c70
Gävleborg,Storsjöns fvof,Körsjön,Sjö,GAV-FK:5ce45478500e018712560e82,KÄLLSÖK KVAR – vattenunikt artbelägg saknas,,FVO-OMRÅDE,958cef611ffa1168b900
Gävleborg,Storsjöns fvof,Borrsjöån,Vattendrag,GAV-FK:c38037808151604b795f86ff,KÄLLSÖK KVAR – vattenunikt artbelägg saknas,,FVO-OMRÅDE,f37241617f13c483bc67
Gävleborg,Storsjöns fvof,Fänjaån,Vattendrag,GAV-FK:e91ee610436b8ecbb2d1a424,KÄLLSÖK KVAR – vattenunikt artbelägg saknas,,FVO-OMRÅDE,36f73e614ebf4d4c8787
Gävleborg,Storsjöns fvof,Jädraån,Vattendrag,GAV-FK:4f557bd2ef0d61fb47cc15c2,KÄLLSÖK KVAR – vattenunikt artbelägg saknas,,FVO-OMRÅDE,156ca80cd6598793ee46
Gävleborg,Storsjöns fvof,Syltbäcken,Vattendrag,GAV-FK:b1fe2d5dac9f48d41374997b,KÄLLSÖK KVAR – vattenunikt artbelägg saknas,,FVO-OMRÅDE,4b4e1a1170490b6a0695
Gävleborg,Sälgsjöns fvof,Ballsen,Sjö,GAV-FK:920b220acbd137322113fb39,KÄLLSÖK KVAR – vattenunikt artbelägg saknas,,FVO-OMRÅDE,00ab685aced708794040
Gävleborg,Sälgsjöns fvof,Dammsjön,Sjö,GAV-FK:ec96c7a9ace28c2baf8c46fa,KÄLLSÖK KVAR – vattenunikt artbelägg saknas,,FVO-OMRÅDE,88d9cb1882e1c558ade6
Gävleborg,Sälgsjöns fvof,Gettjärn,Sjö,GAV-FK:2a22fa7dc1e9fffe806e9393,KÄLLSÖK KVAR – vattenunikt artbelägg saknas,,FVO-OMRÅDE,68d5be25826d250065ae
Gävleborg,Sälgsjöns fvof,Hosjön,Sjö,GAV-FK:487db3a3f0d02c89d98fa974,KÄLLSÖK KVAR – vattenunikt artbelägg saknas,,FVO-OMRÅDE,9add05bf4daeaa8f507f
Gävleborg,Sälgsjöns fvof,Krattdammen,Sjö,GAV-FK:f6531551b62836df5193fbb1,KÄLLSÖK KVAR – vattenunikt artbelägg saknas,,FVO-OMRÅDE,808efe1189776a39c2e0
Gävleborg,Sälgsjöns fvof,Skessen,Sjö,GAV-FK:d667a2eeba1f1165b9f59883,KÄLLSÖK KVAR – vattenunikt artbelägg saknas,,FVO-OMRÅDE,ff16a688a1ca1276e190
Gävleborg,Sälgsjöns fvof,Skurtjärnen,Sjö,GAV-FK:574e489862534e25a46869e5,KÄLLSÖK KVAR – vattenunikt artbelägg saknas,,FVO-OMRÅDE,e8b55e8e5089a00b60ad
Gävleborg,Sälgsjöns fvof,Stora Kungsbergstjärn,Sjö,GAV-FK:bee501741762fc79b74b83cb,KÄLLSÖK KVAR – vattenunikt artbelägg saknas,,FVO-OMRÅDE,ff7d34f09afef042f242
Gävleborg,Sälgsjöns fvof,Åstjärn,Sjö,GAV-FK:bcbce3bb32aef6c2c75ee3ce,KÄLLSÖK KVAR – vattenunikt artbelägg saknas,,FVO-OMRÅDE,860952d6e89a0c1068d7
Gävleborg,Sälgsjöns fvof,Getån/Storån,Vattendrag,GAV-FK:076e489078b2ff7b09ebe964,KÄLLSÖK KVAR – vattenunikt artbelägg saknas,,KANDIDAT-UTAN-IDENTIFIERAD-FVO-KÄLLA,0fe5ca055b5bf696ee01
Gävleborg,Sälgsjöns fvof,Hoån,Vattendrag,GAV-FK:52d83ae7029d879d4e5c6541,KÄLLSÖK KVAR – vattenunikt artbelägg saknas,,KANDIDAT-UTAN-IDENTIFIERAD-FVO-KÄLLA,45526ece5efa03f78372
Gävleborg,Sälgsjöns fvof,Kungsbergsbäcken,Vattendrag,GAV-FK:39d7e668818af5cd268667a3,KÄLLSÖK KVAR – vattenunikt artbelägg saknas,,KANDIDAT-UTAN-IDENTIFIERAD-FVO-KÄLLA,03983d582d3e21665390
Gävleborg,Sälgsjöns fvof,Stigsboån,Vattendrag,GAV-FK:02b9a68ba310656b207e8390,KÄLLSÖK KVAR – vattenunikt artbelägg saknas,,KANDIDAT-UTAN-IDENTIFIERAD-FVO-KÄLLA,682f417580ca7a05f1e3
Gävleborg,Söderala fvof,Björntjärnen,Sjö,GAV-FK:3db2e18b306daac43b3ff04b,KÄLLSÖK KVAR – vattenunikt artbelägg saknas,,FVO-OMRÅDE,c8ca0a978afd002e31d3
Gävleborg,Söderala fvof,Vadtjärnen,Sjö,GAV-FK:18d227bc33cb734c42730a84,KÄLLSÖK KVAR – vattenunikt artbelägg saknas,,FVO-OMRÅDE,3bcb2dfca52125935349
Gävleborg,Söderala fvof,Villsjön,Sjö,GAV-FK:a64099023de347b66eb6597d,KÄLLSÖK KVAR – vattenunikt artbelägg saknas,,FVO-OMRÅDE,1d44accfbbc78a776d3c
Gävleborg,Söderala fvof,Florån,Vattendrag,GAV-FK:c102d9a1fac45ad98be9cff4,KÄLLSÖK KVAR – vattenunikt artbelägg saknas,,FVO-OMRÅDE,3f4c981eaf59f681a18b
Gävleborg,Söderala fvof,Gussisjöån,Vattendrag,GAV-FK:16bee6fb23ef63d03a04ada7,KÄLLSÖK KVAR – vattenunikt artbelägg saknas,,FVO-OMRÅDE,20c9ab7c3df502fc6e47
Gävleborg,Södra Torsåkers fvof,Axen,Sjö,GAV-FK:dd53e61c70e87a2f8d225c2d,KÄLLSÖK KVAR – vattenunikt artbelägg saknas,,FVO-OMRÅDE,98b55fec057e290da2ee
Gävleborg,Södra Torsåkers fvof,Byrstutjärnen,Sjö,GAV-FK:068c4b4a62134b860b892840,KÄLLSÖK KVAR – vattenunikt artbelägg saknas,,FVO-OMRÅDE,255e93fc8f99a2995380
Gävleborg,Södra Torsåkers fvof,Bysjön,Sjö,GAV-FK:9a8b03c13b68e4a4ba0b7bab,KÄLLSÖK KVAR – vattenunikt artbelägg saknas,,FVO-OMRÅDE,92963111b1366a42bc21
Gävleborg,Södra Torsåkers fvof,Bärsen,Sjö,GAV-FK:489f476e33760bedb5e1afc6,KÄLLSÖK KVAR – vattenunikt artbelägg saknas,,FVO-OMRÅDE,b613e3179fd0c2655edd
Gävleborg,Södra Torsåkers fvof,Dammen,Sjö,GAV-FK:6fac8adc4bd655ca7acc1ee1,KÄLLSÖK KVAR – vattenunikt artbelägg saknas,,FVO-OMRÅDE,70220d9029c4c6d10b19
Gävleborg,Södra Torsåkers fvof,Dammsjön,Sjö,GAV-FK:e1226307813079d23a9445ae,KÄLLSÖK KVAR – vattenunikt artbelägg saknas,,FVO-OMRÅDE,1b7930f754c9490d7640
Gävleborg,Södra Torsåkers fvof,Fäbodsjön,Sjö,GAV-FK:f3ee280aa27a6bda72dda644,KÄLLSÖK KVAR – vattenunikt artbelägg saknas,,FVO-OMRÅDE,53263243468b3b3e2b2f
Gävleborg,Södra Torsåkers fvof,Gryssen,Sjö,GAV-FK:dcb1b4a12271d47e44edd3e1,KÄLLSÖK KVAR – vattenunikt artbelägg saknas,,FVO-OMRÅDE,7fd2fcc32bda585cffa1
Gävleborg,Södra Torsåkers fvof,Hästen,Sjö,GAV-FK:e24051d48bc79d65a9adca89,KÄLLSÖK KVAR – vattenunikt artbelägg saknas,,FVO-OMRÅDE,b1578ee1588110d7047f
Gävleborg,Södra Torsåkers fvof,Icksen,Sjö,GAV-FK:6ba7b5c58c98128ae4682928,KÄLLSÖK KVAR – vattenunikt artbelägg saknas,,FVO-OMRÅDE,a41ae0fb498af6a1ff9f
Gävleborg,Södra Torsåkers fvof,Mosen,Sjö,GAV-FK:2858f025593db47bc7e7ebab,KÄLLSÖK KVAR – vattenunikt artbelägg saknas,,FVO-OMRÅDE,d5192f9be7f911cb5774
Gävleborg,Södra Torsåkers fvof,Nyhyttedammsjön,Sjö,GAV-FK:3351ecc1c4cc9fbf693ed79c,KÄLLSÖK KVAR – vattenunikt artbelägg saknas,,FVO-OMRÅDE,85d6b9419a0849778516
Gävleborg,Södra Torsåkers fvof,Torshyttedammsjön,Sjö,GAV-FK:025e337c35ddb5b1fa573e71,KÄLLSÖK KVAR – vattenunikt artbelägg saknas,,FVO-OMRÅDE,659833457c43e42bade7
Gävleborg,Södra Torsåkers fvof,Borån,Vattendrag,GAV-FK:780e81452fa9109fff7c8360,KÄLLSÖK KVAR – vattenunikt artbelägg saknas,,FVO-OMRÅDE,ae65c13fc893609caa33
Gävleborg,Södra Torsåkers fvof,Dalkarlssjöbäcken,Vattendrag,GAV-FK:697c8c5204935cc65ae3b723,KÄLLSÖK KVAR – vattenunikt artbelägg saknas,,FVO-OMRÅDE,d06c5c9df0f1c66a3c97
Gävleborg,Södra Torsåkers fvof,Gammelstillaån,Vattendrag,GAV-FK:343df65bfcd6db71cd0e9602,KÄLLSÖK KVAR – vattenunikt artbelägg saknas,,FVO-OMRÅDE,124ac3b8fa708dc750a9
Gävleborg,Södra Torsåkers fvof,Getån/Storån,Vattendrag,GAV-FK:3aecf9486cc93f90e3346bc4,KÄLLSÖK KVAR – vattenunikt artbelägg saknas,,FVO-OMRÅDE,f39f6fde7aa26b13faa6
Gävleborg,Testeboåns fvof,Nyhammarsån,Vattendrag,GAV-FK:b85f9c751468bd5c12ff39d1,KÄLLSÖK KVAR – vattenunikt artbelägg saknas,,FVO-OMRÅDE,021eb106629f3a60f69f
Gävleborg,Ulvsta fvof,Flattjärnen,Sjö,GAV-FK:ab312308c890405ec0c05b61,KÄLLSÖK KVAR – vattenunikt artbelägg saknas,,FVO-OMRÅDE,7cb7da8aa34e04fe7d79
Gävleborg,Ulvsta fvof,Flaxtjärnen,Sjö,GAV-FK:4c641ba3a123660740685d2c,KÄLLSÖK KVAR – vattenunikt artbelägg saknas,,FVO-OMRÅDE,46180e03ae722d2d70fa
Gävleborg,Ulvsta fvof,Igeltjärnen,Sjö,GAV-FK:7af00137d6a268a7b4d12a1c,KÄLLSÖK KVAR – vattenunikt artbelägg saknas,,FVO-OMRÅDE,dece2f68b84bacfc481f
Gävleborg,Ulvsta fvof,Laxtjärnen,Sjö,GAV-FK:0b75fb64558055707f864827,KÄLLSÖK KVAR – vattenunikt artbelägg saknas,,FVO-OMRÅDE,d7ef5569d09d951a174b
Gävleborg,Ulvsta fvof,Melltjärnen,Sjö,GAV-FK:792ac727cf4a44621018626f,KÄLLSÖK KVAR – vattenunikt artbelägg saknas,,FVO-OMRÅDE,6b35e64504a450b7751c
Gävleborg,Ulvsta fvof,Sjugtjärnen,Sjö,GAV-FK:0b7b6b013edca0e93d5fbaa1,KÄLLSÖK KVAR – vattenunikt artbelägg saknas,,FVO-OMRÅDE,9d7551225bb1890f57e7
Gävleborg,Ulvsta fvof,Stensjön,Sjö,GAV-FK:3da22df2b60f04c48b8c5cc8,KÄLLSÖK KVAR – vattenunikt artbelägg saknas,,FVO-OMRÅDE,a8dacf4b38fe0ec3c719
Gävleborg,Ulvsta fvof,Stor-Acktjärnen,Sjö,GAV-FK:59f3be1085d6f41982f28665,KÄLLSÖK KVAR – vattenunikt artbelägg saknas,,FVO-OMRÅDE,acda120b982c4079aec9
Gävleborg,Ulvsta fvof,Stor-Mörttjärnen,Sjö,GAV-FK:97f3354d89f0a92ef21aae97,KÄLLSÖK KVAR – vattenunikt artbelägg saknas,,FVO-OMRÅDE,3bea88ea1d502e60c805
Gävleborg,Ulvsta fvof,Ulvstatjärnen,Sjö,GAV-FK:9c719aa169db9e1e33c43c40,KÄLLSÖK KVAR – vattenunikt artbelägg saknas,,FVO-OMRÅDE,6dba0e3dfd979312bafb
Gävleborg,Ulvsta fvof,Moån,Vattendrag,GAV-FK:81eeec6bfbfe9c927e035916,KÄLLSÖK KVAR – vattenunikt artbelägg saknas,,FVO-OMRÅDE,52a05eba6c0fee37ea4a
Gävleborg,Ulvsta fvof,Norrbäcken,Vattendrag,GAV-FK:1d8da4c67979c30d20361ef1,KÄLLSÖK KVAR – vattenunikt artbelägg saknas,,FVO-OMRÅDE,264c0cbc3f6bf0d671a3
Gävleborg,Ulvsta fvof,Säverängsån,Vattendrag,GAV-FK:1c9af0729b8edcf84c3d30a6,KÄLLSÖK KVAR – vattenunikt artbelägg saknas,,FVO-OMRÅDE,d2c73575c5d7642980b8
Gävleborg,Ulvsta fvof,Örebäcken,Vattendrag,GAV-FK:7205e6e10d23790ebf484622,KÄLLSÖK KVAR – vattenunikt artbelägg saknas,,FVO-OMRÅDE,95bafd10d60427cc2a1c
Gävleborg,Vallbyåns fvof,Fäbodsjön,Sjö,GAV-FK:bba46e4b3910c6d93c9620d4,KÄLLSÖK KVAR – vattenunikt artbelägg saknas,,FVO-OMRÅDE,98d982a5b25a50434fa8
Gävleborg,Vallbyåns fvof,Hällsjön,Sjö,GAV-FK:5243a298231690c6ae8f47e3,KÄLLSÖK KVAR – vattenunikt artbelägg saknas,,FVO-OMRÅDE,49dec0dc286e485a900b
Gävleborg,Vallbyåns fvof,Idsjön,Sjö,GAV-FK:6aaa3910bab1be96739638b9,KÄLLSÖK KVAR – vattenunikt artbelägg saknas,,FVO-OMRÅDE,39ce3223f764f73d27fd
Gävleborg,Vallbyåns fvof,Kann-Olle,Sjö,GAV-FK:c9aa22fd6d751c884c2ae370,KÄLLSÖK KVAR – vattenunikt artbelägg saknas,,FVO-OMRÅDE,fa42609c10fb31aa6971
Gävleborg,Vallbyåns fvof,Krutsjön,Sjö,GAV-FK:62300eda27ce294ba5d9ce3d,KÄLLSÖK KVAR – vattenunikt artbelägg saknas,,FVO-OMRÅDE,f1d6bed0236ccc864990
Gävleborg,Vallbyåns fvof,Svinsjön,Sjö,GAV-FK:01329e3d4b95be3ba52610f6,KÄLLSÖK KVAR – vattenunikt artbelägg saknas,,FVO-OMRÅDE,1f8bbaf688088ea072ea
Gävleborg,Vallbyåns fvof,Gäddtjärnsån,Vattendrag,GAV-FK:450e10ce3b1f04bfa3de50ce,KÄLLSÖK KVAR – vattenunikt artbelägg saknas,,FVO-OMRÅDE,4131ec16815c422c25bf
Gävleborg,Vallbyåns fvof,Stigerängsbäcken,Vattendrag,GAV-FK:d44e89d9bbbd3c7bd4773a6f,KÄLLSÖK KVAR – vattenunikt artbelägg saknas,,FVO-OMRÅDE,2382840ad02a6d69b9d1
Gävleborg,Västra Valbo fvof,Torkholmssjön,Sjö,GAV-FK:2e6f0657eea5e4a896ff1823,KÄLLSÖK KVAR – vattenunikt artbelägg saknas,,FVO-OMRÅDE,ace485dd0a88e2f427fc
Gävleborg,Västra Valbo fvof,Valsjön,Sjö,GAV-FK:82e9a698adef924e0a0c30fd,KÄLLSÖK KVAR – vattenunikt artbelägg saknas,,FVO-OMRÅDE,6ef2f95edd672672beb3
Gävleborg,Västra Valbo fvof,Tökilsbäcken,Vattendrag,GAV-FK:b0499deffb00847dc14dfdc8,KÄLLSÖK KVAR – vattenunikt artbelägg saknas,,FVO-OMRÅDE,43f4a83b33d37bfb551f
Gävleborg,Åmots fvof,Abborrtjärnen,Sjö,GAV-FK:004cb5068c4adead418d65e1,KÄLLSÖK KVAR – vattenunikt artbelägg saknas,,FVO-OMRÅDE,3cc7994ea47c2899c75b
Gävleborg,Åmots fvof,Bredtjärnen,Sjö,GAV-FK:d8e91152237b3230c1deb777,KÄLLSÖK KVAR – vattenunikt artbelägg saknas,,FVO-OMRÅDE,307236943b138496892e
Gävleborg,Åmots fvof,Bävertjärnen,Sjö,GAV-FK:477d78663fd2a049b9e8bddb,KÄLLSÖK KVAR – vattenunikt artbelägg saknas,,FVO-OMRÅDE,52f9ca99ed8e4e8ee916
Gävleborg,Åmots fvof,Fagerfläcken,Sjö,GAV-FK:53857e8445984d920d027462,KÄLLSÖK KVAR – vattenunikt artbelägg saknas,,FVO-OMRÅDE,eb38be316f99dc2a6372
Gävleborg,Åmots fvof,Grundsjön,Sjö,GAV-FK:dcec8c4bff26604975a4afe8,KÄLLSÖK KVAR – vattenunikt artbelägg saknas,,FVO-OMRÅDE,cf35aec9dc7ad9afa881
Gävleborg,Åmots fvof,Hammardammen,Sjö,GAV-FK:dcf93434f0f386fcdb4885f4,KÄLLSÖK KVAR – vattenunikt artbelägg saknas,,FVO-OMRÅDE,e1af5e88dd8759a61531
Gävleborg,Åmots fvof,Hedsjön,Sjö,GAV-FK:9cfe6512a1cf0ccc6a32724b,KÄLLSÖK KVAR – vattenunikt artbelägg saknas,,FVO-OMRÅDE,e31148af54412fca0fa0
Gävleborg,Åmots fvof,Hemsjön,Sjö,GAV-FK:11ce74c516cc5aa4f71f2e45,KÄLLSÖK KVAR – vattenunikt artbelägg saknas,,FVO-OMRÅDE,1040ee5c74554ad9dce4
Gävleborg,Åmots fvof,Hålsjön,Sjö,GAV-FK:62418d2a1f44fd890c705c9f,KÄLLSÖK KVAR – vattenunikt artbelägg saknas,,FVO-OMRÅDE,e85360ef5672ff73df60
Gävleborg,Åmots fvof,Hötjärnen,Sjö,GAV-FK:6e9c9413bf82d7b6b35bf1c6,KÄLLSÖK KVAR – vattenunikt artbelägg saknas,,FVO-OMRÅDE,6fc17ec2b163563982e5
Gävleborg,Åmots fvof,Korpsjön,Sjö,GAV-FK:1fc644313f86e3f259336670,KÄLLSÖK KVAR – vattenunikt artbelägg saknas,,FVO-OMRÅDE,baa8d47ac32bebc98bf5
Gävleborg,Åmots fvof,Kvisjötjärnen,Sjö,GAV-FK:4424d1d4c795c154b02543b7,KÄLLSÖK KVAR – vattenunikt artbelägg saknas,,FVO-OMRÅDE,0b55a9f433e19b71cb74
Gävleborg,Åmots fvof,Källsjön,Sjö,GAV-FK:e2abd3dc52c362528e9ac33e,KÄLLSÖK KVAR – vattenunikt artbelägg saknas,,FVO-OMRÅDE,7efe62c41e866fff7658
Gävleborg,Åmots fvof,Laxtjärnen,Sjö,GAV-FK:46fb259115920041f3505818,KÄLLSÖK KVAR – vattenunikt artbelägg saknas,,FVO-OMRÅDE,e2400ead1313bc03e507
Gävleborg,Åmots fvof,Lilla Mörtsjön,Sjö,GAV-FK:919627e16f9aeb769a4517ee,KÄLLSÖK KVAR – vattenunikt artbelägg saknas,,FVO-OMRÅDE,a30c0a6aacf026142af0
Gävleborg,Åmots fvof,Mellan-Jädern,Sjö,GAV-FK:8fdd3bed9c292c5081e370c0,KÄLLSÖK KVAR – vattenunikt artbelägg saknas,,FVO-OMRÅDE,f46b4902c2fce5af7f23
Gävleborg,Åmots fvof,Mojsjön,Sjö,GAV-FK:354834059ec3add2497022c6,KÄLLSÖK KVAR – vattenunikt artbelägg saknas,,FVO-OMRÅDE,2819c10bcbb74400089c
Gävleborg,Åmots fvof,Mörtsjön,Sjö,GAV-FK:5b0e6938b68cc280bc610c8c,KÄLLSÖK KVAR – vattenunikt artbelägg saknas,,FVO-OMRÅDE,39bd6c3e35e7b433fd1f
Gävleborg,Åmots fvof,Mörttjärnen,Sjö,GAV-FK:6567da6628cfff1e99c75c36,KÄLLSÖK KVAR – vattenunikt artbelägg saknas,,FVO-OMRÅDE,6fd7fe25a27e618966be
Gävleborg,Åmots fvof,Nedre Mellansjön,Sjö,GAV-FK:69f7b1ef2e8303d5052749a1,KÄLLSÖK KVAR – vattenunikt artbelägg saknas,,FVO-OMRÅDE,291ab964e3113979d10a
Gävleborg,Åmots fvof,Ormtjärnen,Sjö,GAV-FK:36b8179ad9b12a31bd3c271c,KÄLLSÖK KVAR – vattenunikt artbelägg saknas,,FVO-OMRÅDE,48fe07ddf3fcc7372cc7
Gävleborg,Åmots fvof,Sidsjön,Sjö,GAV-FK:6cfe8ccb81e759bcef4ebdf3,KÄLLSÖK KVAR – vattenunikt artbelägg saknas,,FVO-OMRÅDE,40245fa164d0578768be
Gävleborg,Åmots fvof,Skinnsjön,Sjö,GAV-FK:ed46f46ea8d1a4487cc50123,KÄLLSÖK KVAR – vattenunikt artbelägg saknas,,FVO-OMRÅDE,015d5340b83584d970a3
Gävleborg,Åmots fvof,Stor-Hedtjärnen,Sjö,GAV-FK:e36da7d1c31aa187b89e81ce,KÄLLSÖK KVAR – vattenunikt artbelägg saknas,,FVO-OMRÅDE,e989ec380adf1d7269b7
Gävleborg,Åmots fvof,Stor-Kvisjön,Sjö,GAV-FK:571af3aa66764e3296c2621a,KÄLLSÖK KVAR – vattenunikt artbelägg saknas,,FVO-OMRÅDE,7c8efb9b8a6109f83252
Gävleborg,Åmots fvof,Stortjärnen,Sjö,GAV-FK:9ce37c111fe6b43e53874fc4,KÄLLSÖK KVAR – vattenunikt artbelägg saknas,,FVO-OMRÅDE,486a6c7152bcf95c61ac
Gävleborg,Åmots fvof,Styvjesjön,Sjö,GAV-FK:feadaf3a65e18cac9a569292,KÄLLSÖK KVAR – vattenunikt artbelägg saknas,,FVO-OMRÅDE,0eec43972edd03fe092f
Gävleborg,Åmots fvof,Timsen,Sjö,GAV-FK:0d722f7462c01f0987be7be7,KÄLLSÖK KVAR – vattenunikt artbelägg saknas,,FVO-OMRÅDE,24557e738d83ff66c5f9
Gävleborg,Åmots fvof,Torptjärnen,Sjö,GAV-FK:39731cc115b73105d2e1f7aa,KÄLLSÖK KVAR – vattenunikt artbelägg saknas,,FVO-OMRÅDE,4184b6e82800ffaba752
Gävleborg,Åmots fvof,Trehörningen,Sjö,GAV-FK:e6344495d28cb0b805c04bba,KÄLLSÖK KVAR – vattenunikt artbelägg saknas,,FVO-OMRÅDE,8ccd35a8113e1b869494
Gävleborg,Åmots fvof,Trehörntjärnen,Sjö,GAV-FK:5b5e3321dc9ef5a7b9822b50,KÄLLSÖK KVAR – vattenunikt artbelägg saknas,,FVO-OMRÅDE,f4e0ca5e3e9870857e43
Gävleborg,Åmots fvof,Verkalamp,Sjö,GAV-FK:325059ee67e804d00451b6df,KÄLLSÖK KVAR – vattenunikt artbelägg saknas,,FVO-OMRÅDE,7006c7aa1c75cbe71c97
Gävleborg,Åmots fvof,Vintervägstjärnen,Sjö,GAV-FK:672654a3379c17831334d0fe,KÄLLSÖK KVAR – vattenunikt artbelägg saknas,,FVO-OMRÅDE,ddac8ca786f73ec8557d
Gävleborg,Åmots fvof,Över-Jädern,Sjö,GAV-FK:110e489858b6e0e8a666faef,KÄLLSÖK KVAR – vattenunikt artbelägg saknas,,FVO-OMRÅDE,7d000e87ef6edf2a9ce2
Gävleborg,Åmots fvof,Övre Mellansjön,Sjö,GAV-FK:25e53fde698fcd149141580b,KÄLLSÖK KVAR – vattenunikt artbelägg saknas,,FVO-OMRÅDE,985d5d7f5a907e3f393d
Gävleborg,Åmots fvof,Bocksbäcken,Vattendrag,GAV-FK:9f3f21df89738f200400545f,KÄLLSÖK KVAR – vattenunikt artbelägg saknas,,FVO-OMRÅDE,5d50700d99f600378ead
Gävleborg,Åmots fvof,Finnbäcken,Vattendrag,GAV-FK:f1bf7fac65d5be8b000aa937,KÄLLSÖK KVAR – vattenunikt artbelägg saknas,,FVO-OMRÅDE,c08362da7530311c208c
Gävleborg,Åmots fvof,Gumsbäcken,Vattendrag,GAV-FK:b823743b571402c5f319abcd,KÄLLSÖK KVAR – vattenunikt artbelägg saknas,,FVO-OMRÅDE,fd3dbbf2f00db28611ca
Gävleborg,Åmots fvof,Häsängesbäcken,Vattendrag,GAV-FK:bdcbc783cfd6bf89d233ef4f,KÄLLSÖK KVAR – vattenunikt artbelägg saknas,,FVO-OMRÅDE,187cdbc02a351a18d5f5
Gävleborg,Åmots fvof,Jädraån,Vattendrag,GAV-FK:c688136a90748682669e562b,KÄLLSÖK KVAR – vattenunikt artbelägg saknas,,FVO-OMRÅDE,ab56110e9e45beb4382b
Gävleborg,Åmots fvof,Korpströmmen,Vattendrag,GAV-FK:41567dae7224c9e95ef394cf,KÄLLSÖK KVAR – vattenunikt artbelägg saknas,,FVO-OMRÅDE,06a5554b78464705149b
Gävleborg,Åmots fvof,Laxtjärnsbäcken,Vattendrag,GAV-FK:c3247ff8a1f791baa7940c65,KÄLLSÖK KVAR – vattenunikt artbelägg saknas,,FVO-OMRÅDE,5a710c0acf858fe9b38d
Gävleborg,Åmots fvof,Mörttjärnsbäcken,Vattendrag,GAV-FK:2a62405e887fb08043c79161,KÄLLSÖK KVAR – vattenunikt artbelägg saknas,,FVO-OMRÅDE,ff2902c8af4a0633bb06
Gävleborg,Åmots fvof,Panerabäcken,Vattendrag,GAV-FK:14c685aceb7b3b9d59c4a556,KÄLLSÖK KVAR – vattenunikt artbelägg saknas,,FVO-OMRÅDE,7878eaf566446222a6d5
Gävleborg,Åmots fvof,Sidsjöbäcken,Vattendrag,GAV-FK:4e39cc674044dee01278f4d8,KÄLLSÖK KVAR – vattenunikt artbelägg saknas,,FVO-OMRÅDE,2adf8551ce53bea1282b
Gävleborg,Åmots fvof,Svartnäsån,Vattendrag,GAV-FK:6fcd6c2fb3822eadaeddd31e,KÄLLSÖK KVAR – vattenunikt artbelägg saknas,,FVO-OMRÅDE,7ce802ee34a7712a71a9
Gävleborg,Åmots fvof,Utterbäcken,Vattendrag,GAV-FK:57303a26f5a61298702877c8,KÄLLSÖK KVAR – vattenunikt artbelägg saknas,,FVO-OMRÅDE,3f1ddebcd383752d4f59
Gävleborg,Öjarens fvof,Braxentjärnen,Sjö,GAV-FK:fb6eda8237ca260fe8712cbb,KÄLLSÖK KVAR – vattenunikt artbelägg saknas,,FVO-OMRÅDE,e1af6fb6e7683f3a387e
Gävleborg,Öjarens fvof,Fiskängstjärnen,Sjö,GAV-FK:4b853e977ad100b52336de04,KÄLLSÖK KVAR – vattenunikt artbelägg saknas,,FVO-OMRÅDE,2c2ae6757f8972bdadd1
Gävleborg,Öjarens fvof,Fäbodtjärnan,Sjö,GAV-FK:23d920c0390f3beace1be2ce,KÄLLSÖK KVAR – vattenunikt artbelägg saknas,,FVO-OMRÅDE,76e91150d146539a7886
Gävleborg,Öjarens fvof,Lillsjön,Sjö,GAV-FK:d52c678aec92958be65ae89e,KÄLLSÖK KVAR – vattenunikt artbelägg saknas,,FVO-OMRÅDE,eecb3ae4392c24b26789
Gävleborg,Öjarens fvof,Lomsen,Sjö,GAV-FK:cfb4cc79479ff7cdb2fcb528,KÄLLSÖK KVAR – vattenunikt artbelägg saknas,,FVO-OMRÅDE,c26eea0c7afca82ca631
Gävleborg,Öjarens fvof,Långsjön,Sjö,GAV-FK:9d9c3fc9597dc8a06eb78b83,KÄLLSÖK KVAR – vattenunikt artbelägg saknas,,FVO-OMRÅDE,79a6e5087865c8b4a4e4
Gävleborg,Öjarens fvof,Lövtjärnen,Sjö,GAV-FK:3bd2da0efb8c656730765726,KÄLLSÖK KVAR – vattenunikt artbelägg saknas,,FVO-OMRÅDE,54cbacdeb77f4b399192
Gävleborg,Öjarens fvof,Marstrandstärnan,Sjö,GAV-FK:930450cc524a83676bb0ed0a,KÄLLSÖK KVAR – vattenunikt artbelägg saknas,,FVO-OMRÅDE,a38c4ada7a75ba223f6e
Gävleborg,Öjarens fvof,Mörttärnan,Sjö,GAV-FK:b82d1f2eb05cecab107d8f33,KÄLLSÖK KVAR – vattenunikt artbelägg saknas,,FVO-OMRÅDE,eae84e7979b0ff4b88c1
Gävleborg,Öjarens fvof,Prästtjärn,Sjö,GAV-FK:3a190786bc6c80e61c143d68,KÄLLSÖK KVAR – vattenunikt artbelägg saknas,,FVO-OMRÅDE,53291e10ed1d2813957a
Gävleborg,Öjarens fvof,Stortärnan,Sjö,GAV-FK:72ab784e9a36733a91d0c145,KÄLLSÖK KVAR – vattenunikt artbelägg saknas,,FVO-OMRÅDE,ef23d689a2cedd29f020
Gävleborg,Öjarens fvof,Ålhusdammen,Sjö,GAV-FK:acafd17438223924c5f4206b,KÄLLSÖK KVAR – vattenunikt artbelägg saknas,,FVO-OMRÅDE,81260eb48d7333679267
Gävleborg,Öjarens fvof,Åtulen,Sjö,GAV-FK:bf33073774526ba313dd9aa0,KÄLLSÖK KVAR – vattenunikt artbelägg saknas,,FVO-OMRÅDE,fc464143132aae70dcae
Gävleborg,Öjarens fvof,Öjaren,Sjö,GAV-FK:d2ffd716d8cb2323e0e24686,KÄLLSÖK KVAR – vattenunikt artbelägg saknas,,FVO-OMRÅDE,f374956696369e819f9b
Gävleborg,Öjarens fvof,Hällsjöbäcken,Vattendrag,GAV-FK:65e2d0f888ab7aba199ce6d3,KÄLLSÖK KVAR – vattenunikt artbelägg saknas,,FVO-OMRÅDE,72fb15461dfcd67a01fa
Gävleborg,Öjarens fvof,Högboån,Vattendrag,GAV-FK:a01f8b5db595dc6fd6652801,KÄLLSÖK KVAR – vattenunikt artbelägg saknas,,FVO-OMRÅDE,6db4d9f05fb06e47b4e9
Gävleborg,Öjarens fvof,Stabäcken,Vattendrag,GAV-FK:f6534635ba73c99242b55812,KÄLLSÖK KVAR – vattenunikt artbelägg saknas,,FVO-OMRÅDE,67fedb0ae68228a7e294
Gävleborg,Öjarens fvof,Tökilsbäcken,Vattendrag,GAV-FK:00dd3560585b4a4db2bf4516,KÄLLSÖK KVAR – vattenunikt artbelägg saknas,,FVO-OMRÅDE,688b38f7adec14c3016f
Gävleborg,Öjarens fvof,Vällingbäcken,Vattendrag,GAV-FK:57e80db15ce6d77c7092981a,KÄLLSÖK KVAR – vattenunikt artbelägg saknas,,FVO-OMRÅDE,b843b2e9d466cc150b68
Gävleborg,Östby fvof,Fjärden,Sjö,GAV-FK:0fa364f9a38bb1d01905468d,KÄLLSÖK KVAR – vattenunikt artbelägg saknas,,FVO-OMRÅDE,8836a95fa123ea67fcef
Gävleborg,Östby fvof,Gåstjärnen,Sjö,GAV-FK:e892d566baaa44b551ab1f89,KÄLLSÖK KVAR – vattenunikt artbelägg saknas,,FVO-OMRÅDE,2b2e9c9b376da5e32cf0
Gävleborg,Östby fvof,Svarttjärnen,Sjö,GAV-FK:9430fbd31db5f0a6a3266467,KÄLLSÖK KVAR – vattenunikt artbelägg saknas,,FVO-OMRÅDE,ac96c2483913ad9ab181
Gävleborg,Östby fvof,Sågtjärnen,Sjö,GAV-FK:7e16c0d13a9111c3910911c2,KÄLLSÖK KVAR – vattenunikt artbelägg saknas,,FVO-OMRÅDE,ed6e0cb3b0a696b1a861
Gävleborg,Östby fvof,Ycklaren,Sjö,GAV-FK:b675d556de866709fe8ffabf,KÄLLSÖK KVAR – vattenunikt artbelägg saknas,,FVO-OMRÅDE,6c56bab9719a2daa907b
Gävleborg,Östby fvof,Nimbäcken,Vattendrag,GAV-FK:3022e6d208dadd899a40b96e,KÄLLSÖK KVAR – vattenunikt artbelägg saknas,,FVO-OMRÅDE,348874ab57dbd39d1570
Västernorrland,Klocke-Grubbe fvof,Grubbesjön,Sjö,vn-structure:6a6bfc7b2fbe6a0b1983,UNRESOLVED,Saknar artunderlag,KÄLLGAP,5d11840849f5248091ed
Västernorrland,Klocke-Grubbe fvof,Klockesjön,Sjö,vn-structure:a1074937020fc4183b2d,UNRESOLVED,Saknar artunderlag,KÄLLGAP,6c80436dfe936365cc86
Västernorrland,Klocke-Grubbe fvof,Klocketjärnen,Sjö,vn-structure:ee1a57862bd374309f7b,UNRESOLVED,Saknar artunderlag,KÄLLGAP,7a241baff2524a5cb848
Västernorrland,Klocke-Grubbe fvof,Nylandssjön,Sjö,vn-structure:204fdfdeacd456a1a926,UNRESOLVED,Saknar artunderlag,KÄLLGAP,ec461dcea8420a7fb669
Västernorrland,Klocke-Grubbe fvof,Nylandstjärnen,Sjö,vn-structure:1cccea2112533a2972ad,UNRESOLVED,Saknar artunderlag,KÄLLGAP,0c85b5dcd94b53399276
Västernorrland,Snöbergs fvof,Stor-Grinsjön,Sjö,VN-GEO:fee5f81962af4dc4809d937b9e2965bd:211,UNRESOLVED,Saknar artunderlag,KÄLLGAP,b043468d6360533707b8
Västernorrland,Stortannsjöns fvof,Gåltjärnen,Sjö,vn-structure:72bebfe5342bff533d2d,UNRESOLVED,Saknar artunderlag,KÄLLGAP,18c0040b92b3805e95d8
Västernorrland,Stortannsjöns fvof,Oxögat,Sjö,vn-structure:11fad74610a9e251f911,UNRESOLVED,Saknar artunderlag,KÄLLGAP,31cbf6045e16cfc2289d
Västernorrland,Stortannsjöns fvof,Stortannsjön,Sjö,vn-structure:afce96c38ecdd5e8a932,UNRESOLVED,Saknar artunderlag,KÄLLGAP,550866b5d6637621e866
Västernorrland,Stortannsjöns fvof,Tannån,Vattendrag,vn-structure:a08cb63ba3a7e6ff86f8,UNRESOLVED,Saknar artunderlag,KÄLLGAP,cb8654ffb2a6c7375728
Västernorrland,Klocke-Grubbe fvof,Fröstviken,Sjö,LM10L:625f7ee04079460188ae0c7f859f29a8,UNRESOLVED,Saknar artunderlag,KÄLLGAP,53845e9102e8d5ffb9e8
Västernorrland,Stortannsjöns fvof,Fäbodviken,Sjö,LM10L:1d02565eb3234826b555c54fba46fb26,UNRESOLVED,Saknar artunderlag,KÄLLGAP,ee1f296aa8e3277649a5
Västernorrland,Snöbergs fvof,Källbäckstjärnen,Vattendrag,LM10V:7801adb637a14f95b40deb2ddb8ea8d8,UNRESOLVED,Saknar artunderlag,KÄLLGAP,7c9ee856da847a83bbfa
Västernorrland,Stortannsjöns fvof,Oxögat,Vattendrag,LM10V:8b52576355b84f39bbdf7c9438dbe4d8,UNRESOLVED,Saknar artunderlag,KÄLLGAP,e4e09ae1977ad69862e8
Örebro,Alsens fvof,Namnlöst vattendrag,Vattendrag,OREBRO:56c852c0cfefa312f91e84c6,FVO-GODKÄND – operativ områdesartlista; vattenunik detalj kan kompletteras,Vatten–FVO-kopplingen och kartpositionen är hämtade från den offentliga FVO-vattenposten. Endast godkända källor ingår.,FVO-OMRÅDE,3f2b609765053602380f
Örebro,Alsens fvof,Namnlöst vattendrag,Vattendrag,OREBRO:2f816acd44e17462655e1b3f,FVO-GODKÄND – operativ områdesartlista; vattenunik detalj kan kompletteras,Vatten–FVO-kopplingen och kartpositionen är hämtade från den offentliga FVO-vattenposten. Endast godkända källor ingår.,FVO-OMRÅDE,45813dfd86e92c924dfb
Örebro,Alsens fvof,Namnlöst vattendrag,Vattendrag,OREBRO:b6b79bcc03fa36614457fd1f,FVO-GODKÄND – operativ områdesartlista; vattenunik detalj kan kompletteras,Vatten–FVO-kopplingen och kartpositionen är hämtade från den offentliga FVO-vattenposten. Endast godkända källor ingår.,FVO-OMRÅDE,341011bdde4ee5917433
Örebro,Bälgsjöns fvof,Namnlöst vattendrag,Vattendrag,OREBRO:be3298b1eafeb606c660a80e,FVO-GODKÄND – operativ områdesartlista; vattenunik detalj kan kompletteras,Vatten–FVO-kopplingen och kartpositionen är hämtade från den offentliga FVO-vattenposten. Endast godkända källor ingår.,FVO-OMRÅDE,31757bb3d31704e26ad8
Örebro,Fåsjöns fvof,Boviksbäcken,Vattendrag,OREBRO:d19b01ce7056ef35fc4c5aea,FVO-GODKÄND – operativ områdesartlista; vattenunik detalj kan kompletteras,Vatten–FVO-kopplingen och kartpositionen är hämtade från den offentliga FVO-vattenposten. Endast godkända källor ingår.,FVO-OMRÅDE,1f511d8a204389f90e2a
Örebro,Hjulsjö-Grängeshyttans fvof,Barntjärnen,Sjö,OREBRO:2d4d2850e3223a00326d70fd,FVO-GODKÄND – operativ områdesartlista; vattenunik detalj kan kompletteras,Vatten–FVO-kopplingen och kartpositionen är hämtade från den offentliga FVO-vattenposten. Endast godkända källor ingår.,FVO-OMRÅDE,63ac8b2135af771f69e2
Örebro,Hjulsjö-Grängeshyttans fvof,Bergtjärnen,Sjö,OREBRO:54f16c79462faeaea704d607,FVO-GODKÄND – operativ områdesartlista; vattenunik detalj kan kompletteras,Vatten–FVO-kopplingen och kartpositionen är hämtade från den offentliga FVO-vattenposten. Endast godkända källor ingår.,FVO-OMRÅDE,21288a15d52c694cb006
Örebro,Hjulsjö-Grängeshyttans fvof,Bjurtjärnen,Sjö,OREBRO:0f064a93eca8c06a3a48b182,FVO-GODKÄND – operativ områdesartlista; vattenunik detalj kan kompletteras,Vatten–FVO-kopplingen och kartpositionen är hämtade från den offentliga FVO-vattenposten. Endast godkända källor ingår.,FVO-OMRÅDE,402ef33801e5363b6405
Örebro,Hjulsjö-Grängeshyttans fvof,Flacken,Sjö,OREBRO:eb58e7396faceaebceffe00a,FVO-GODKÄND – operativ områdesartlista; vattenunik detalj kan kompletteras,Vatten–FVO-kopplingen och kartpositionen är hämtade från den offentliga FVO-vattenposten. Endast godkända källor ingår.,FVO-OMRÅDE,4ab4b8174c3e6598175c
Örebro,Hjulsjö-Grängeshyttans fvof,Hjulsjön,Sjö,OREBRO:28be4644617f94cba95b26d6,FVO-GODKÄND – operativ områdesartlista; vattenunik detalj kan kompletteras,Vatten–FVO-kopplingen och kartpositionen är hämtade från den offentliga FVO-vattenposten. Endast godkända källor ingår.,FVO-OMRÅDE,76e86024bf289f1574cf
Örebro,Hjulsjö-Grängeshyttans fvof,Hyttdammen,Sjö,OREBRO:12264bc4a060f601ff600fca,FVO-GODKÄND – operativ områdesartlista; vattenunik detalj kan kompletteras,Vatten–FVO-kopplingen och kartpositionen är hämtade från den offentliga FVO-vattenposten. Endast godkända källor ingår.,FVO-OMRÅDE,91c486afd3dc35c664b8
Örebro,Hjulsjö-Grängeshyttans fvof,Hällsjön,Sjö,OREBRO:077b3eaba53b317e9448492b,FVO-GODKÄND – operativ områdesartlista; vattenunik detalj kan kompletteras,Vatten–FVO-kopplingen och kartpositionen är hämtade från den offentliga FVO-vattenposten. Endast godkända källor ingår.,FVO-OMRÅDE,f214f7aca22d79c06a9e
Örebro,Hjulsjö-Grängeshyttans fvof,Hälltjärnen,Sjö,OREBRO:9f9c46bf4815c159e33b98f7,FVO-GODKÄND – operativ områdesartlista; vattenunik detalj kan kompletteras,Vatten–FVO-kopplingen och kartpositionen är hämtade från den offentliga FVO-vattenposten. Endast godkända källor ingår.,FVO-OMRÅDE,74dd96c40ecde1717761
Örebro,Hjulsjö-Grängeshyttans fvof,Igeltjärnen,Sjö,OREBRO:3402c13c9759af9ccb1b1f74,FVO-GODKÄND – operativ områdesartlista; vattenunik detalj kan kompletteras,Vatten–FVO-kopplingen och kartpositionen är hämtade från den offentliga FVO-vattenposten. Endast godkända källor ingår.,FVO-OMRÅDE,27436ab3d17c417bd38f
Örebro,Hjulsjö-Grängeshyttans fvof,Kalven,Sjö,OREBRO:7321cb5e89b735d4ce958ef3,FVO-GODKÄND – operativ områdesartlista; vattenunik detalj kan kompletteras,Vatten–FVO-kopplingen och kartpositionen är hämtade från den offentliga FVO-vattenposten. Endast godkända källor ingår.,FVO-OMRÅDE,77d872486d80aad51fa1
Örebro,Hjulsjö-Grängeshyttans fvof,Kittelflyet,Sjö,OREBRO:85d71158ce7ecb0bae40d2da,FVO-GODKÄND – operativ områdesartlista; vattenunik detalj kan kompletteras,Vatten–FVO-kopplingen och kartpositionen är hämtade från den offentliga FVO-vattenposten. Endast godkända källor ingår.,FVO-OMRÅDE,ca4160b537d29394d32a
Örebro,Hjulsjö-Grängeshyttans fvof,Kulltjärnen,Sjö,OREBRO:3c0b2223c32f7e11f2b35c05,FVO-GODKÄND – operativ områdesartlista; vattenunik detalj kan kompletteras,Vatten–FVO-kopplingen och kartpositionen är hämtade från den offentliga FVO-vattenposten. Endast godkända källor ingår.,FVO-OMRÅDE,c7b6ea3f01817fd3ac8d
Örebro,Hjulsjö-Grängeshyttans fvof,Kvidden,Sjö,OREBRO:a6b4d32be7e9478d78040d1c,FVO-GODKÄND – operativ områdesartlista; vattenunik detalj kan kompletteras,Vatten–FVO-kopplingen och kartpositionen är hämtade från den offentliga FVO-vattenposten. Endast godkända källor ingår.,FVO-OMRÅDE,99925e7bcfe84eca14a0
Örebro,Hjulsjö-Grängeshyttans fvof,Kvisseln,Sjö,OREBRO:58be8678d3fae834329efcbe,FVO-GODKÄND – operativ områdesartlista; vattenunik detalj kan kompletteras,Vatten–FVO-kopplingen och kartpositionen är hämtade från den offentliga FVO-vattenposten. Endast godkända källor ingår.,FVO-OMRÅDE,11d5ba2f631a3761d8fd
Örebro,Hjulsjö-Grängeshyttans fvof,Kön,Sjö,OREBRO:be3c1b1e15ab84f9247f4a6d,FVO-GODKÄND – operativ områdesartlista; vattenunik detalj kan kompletteras,Vatten–FVO-kopplingen och kartpositionen är hämtade från den offentliga FVO-vattenposten. Endast godkända källor ingår.,FVO-OMRÅDE,df3475502dbfd24899a9
Örebro,Hjulsjö-Grängeshyttans fvof,Lilla Sputen,Sjö,OREBRO:83f252cf017261c3bbf66312,FVO-GODKÄND – operativ områdesartlista; vattenunik detalj kan kompletteras,Vatten–FVO-kopplingen och kartpositionen är hämtade från den offentliga FVO-vattenposten. Endast godkända källor ingår.,FVO-OMRÅDE,a9864eeceff7a00500f6
Örebro,Hjulsjö-Grängeshyttans fvof,Lilla Ånsjön,Sjö,OREBRO:a44d35d0596baea3dfcc9044,FVO-GODKÄND – operativ områdesartlista; vattenunik detalj kan kompletteras,Vatten–FVO-kopplingen och kartpositionen är hämtade från den offentliga FVO-vattenposten. Endast godkända källor ingår.,FVO-OMRÅDE,1defbb3582b04db95cc6
Örebro,Hjulsjö-Grängeshyttans fvof,Långnäspussen,Sjö,OREBRO:0c58c494e52dda4da706da70,FVO-GODKÄND – operativ områdesartlista; vattenunik detalj kan kompletteras,Vatten–FVO-kopplingen och kartpositionen är hämtade från den offentliga FVO-vattenposten. Endast godkända källor ingår.,FVO-OMRÅDE,b8adcabdb185ac871aee
Örebro,Hjulsjö-Grängeshyttans fvof,Långtjärnen,Sjö,OREBRO:d02cc5a2c989fcf8d234b560,FVO-GODKÄND – operativ områdesartlista; vattenunik detalj kan kompletteras,Vatten–FVO-kopplingen och kartpositionen är hämtade från den offentliga FVO-vattenposten. Endast godkända källor ingår.,FVO-OMRÅDE,56f8d0a418e1f3ea6ee4
Örebro,Hjulsjö-Grängeshyttans fvof,Mögsjön,Sjö,OREBRO:b164fc77eda01d19e262acfd,FVO-GODKÄND – operativ områdesartlista; vattenunik detalj kan kompletteras,Vatten–FVO-kopplingen och kartpositionen är hämtade från den offentliga FVO-vattenposten. Endast godkända källor ingår.,FVO-OMRÅDE,5744e25f7356dc12678f
Örebro,Hjulsjö-Grängeshyttans fvof,Nyhammardammen,Sjö,OREBRO:12c831453d8d32c3225248de,FVO-GODKÄND – operativ områdesartlista; vattenunik detalj kan kompletteras,Vatten–FVO-kopplingen och kartpositionen är hämtade från den offentliga FVO-vattenposten. Endast godkända källor ingår.,FVO-OMRÅDE,4be1cbd78fbd6c98d94d
Örebro,Hjulsjö-Grängeshyttans fvof,Skropen,Sjö,OREBRO:105a12a149dc9699ffc0d32a,FVO-GODKÄND – operativ områdesartlista; vattenunik detalj kan kompletteras,Vatten–FVO-kopplingen och kartpositionen är hämtade från den offentliga FVO-vattenposten. Endast godkända källor ingår.,FVO-OMRÅDE,e1509951c85fda2e327a
Örebro,Hjulsjö-Grängeshyttans fvof,Stora Grängen,Sjö,OREBRO:49b0075b2641fbdb4655f0a6,FVO-GODKÄND – operativ områdesartlista; vattenunik detalj kan kompletteras,Vatten–FVO-kopplingen och kartpositionen är hämtade från den offentliga FVO-vattenposten. Endast godkända källor ingår.,FVO-OMRÅDE,d228a1bfc5f9ff38b461
Örebro,Hjulsjö-Grängeshyttans fvof,Stora Sputen,Sjö,OREBRO:3ce48f0e066ba94b6d229f21,FVO-GODKÄND – operativ områdesartlista; vattenunik detalj kan kompletteras,Vatten–FVO-kopplingen och kartpositionen är hämtade från den offentliga FVO-vattenposten. Endast godkända källor ingår.,FVO-OMRÅDE,26d63df117a403b00453
Örebro,Hjulsjö-Grängeshyttans fvof,Stora Ånsjön,Sjö,OREBRO:b9604c56746cff97869613e1,FVO-GODKÄND – operativ områdesartlista; vattenunik detalj kan kompletteras,Vatten–FVO-kopplingen och kartpositionen är hämtade från den offentliga FVO-vattenposten. Endast godkända källor ingår.,FVO-OMRÅDE,c31321c293b3e55d5df9
Örebro,Hjulsjö-Grängeshyttans fvof,Sången,Sjö,OREBRO:ca0793f4f739f5625105ff8f,FVO-GODKÄND – operativ områdesartlista; vattenunik detalj kan kompletteras,Vatten–FVO-kopplingen och kartpositionen är hämtade från den offentliga FVO-vattenposten. Endast godkända källor ingår.,FVO-OMRÅDE,f8658d30f0cb5aec72ff
Örebro,Hjulsjö-Grängeshyttans fvof,Torptjärnen,Sjö,OREBRO:7be1bf60f928218656a2fcac,FVO-GODKÄND – operativ områdesartlista; vattenunik detalj kan kompletteras,Vatten–FVO-kopplingen och kartpositionen är hämtade från den offentliga FVO-vattenposten. Endast godkända källor ingår.,FVO-OMRÅDE,a0130475f65af0c16dae
Örebro,Hjulsjö-Grängeshyttans fvof,Vasselsjön,Sjö,OREBRO:b5096253b832e01b2fdbaa36,FVO-GODKÄND – operativ områdesartlista; vattenunik detalj kan kompletteras,Vatten–FVO-kopplingen och kartpositionen är hämtade från den offentliga FVO-vattenposten. Endast godkända källor ingår.,FVO-OMRÅDE,de8e852e06cae8b65a15
Örebro,Hjulsjö-Grängeshyttans fvof,Vasslasjön,Sjö,OREBRO:ea46b715b998f4134a0d3ae4,FVO-GODKÄND – operativ områdesartlista; vattenunik detalj kan kompletteras,Vatten–FVO-kopplingen och kartpositionen är hämtade från den offentliga FVO-vattenposten. Endast godkända källor ingår.,FVO-OMRÅDE,db82ba5e1f8eb8d16c1e
Örebro,Hjulsjö-Grängeshyttans fvof,Ånsjöagen,Sjö,OREBRO:0eb0967107eb45548bbd7716,FVO-GODKÄND – operativ områdesartlista; vattenunik detalj kan kompletteras,Vatten–FVO-kopplingen och kartpositionen är hämtade från den offentliga FVO-vattenposten. Endast godkända källor ingår.,FVO-OMRÅDE,fb4ec1c4b45bd646a24b
Örebro,Hjulsjö-Grängeshyttans fvof,Ösjön,Sjö,OREBRO:4940fd3f0228973123a99923,FVO-GODKÄND – operativ områdesartlista; vattenunik detalj kan kompletteras,Vatten–FVO-kopplingen och kartpositionen är hämtade från den offentliga FVO-vattenposten. Endast godkända källor ingår.,FVO-OMRÅDE,8874d970d55c0d252304
Örebro,Hjärtasjöns fvof,Molången,Sjö,OREBRO:ea27f6623534b9aeca05f418,FVO-GODKÄND – operativ områdesartlista; vattenunik detalj kan kompletteras,Vatten–FVO-kopplingen och kartpositionen är hämtade från den offentliga FVO-vattenposten. Endast godkända källor ingår.,FVO-OMRÅDE,d652346033bf7d5bef2b
Örebro,Hjärtasjöns fvof,Namnlöst vattendrag,Vattendrag,OREBRO:5ea67e38ad456b130468b757,FVO-GODKÄND – operativ områdesartlista; vattenunik detalj kan kompletteras,Vatten–FVO-kopplingen och kartpositionen är hämtade från den offentliga FVO-vattenposten. Endast godkända källor ingår.,FVO-OMRÅDE,1c8b087e4c1f9ad8c78f
Örebro,Hjärtasjöns fvof,Namnlöst vattendrag,Vattendrag,OREBRO:fc21533afee94e2ef91657ef,FVO-GODKÄND – operativ områdesartlista; vattenunik detalj kan kompletteras,Vatten–FVO-kopplingen och kartpositionen är hämtade från den offentliga FVO-vattenposten. Endast godkända källor ingår.,FVO-OMRÅDE,988374a9e3b504350617
Örebro,Kvistbro fvof,Teen,Sjö,OREBRO:70a4b30b961f0aa50f93e8af,FVO-GODKÄND – operativ områdesartlista; vattenunik detalj kan kompletteras,Vatten–FVO-kopplingen och kartpositionen är hämtade från den offentliga FVO-vattenposten. Endast godkända källor ingår.,FVO-OMRÅDE,2de357754e8abaf2da83
Örebro,Lersjöns fvof,Namnlöst vattendrag,Vattendrag,OREBRO:d555b4dfe5f5def696f112ce,FVO-GODKÄND – operativ områdesartlista; vattenunik detalj kan kompletteras,Vatten–FVO-kopplingen och kartpositionen är hämtade från den offentliga FVO-vattenposten. Endast godkända källor ingår.,FVO-OMRÅDE,4f3568c5a4f0782ff0e1
Örebro,Lindesjöns fvof,Björkasjön,Sjö,OREBRO:1d779020c937371c363341cc,FVO-GODKÄND – operativ områdesartlista; vattenunik detalj kan kompletteras,Vatten–FVO-kopplingen och kartpositionen är hämtade från den offentliga FVO-vattenposten. Endast godkända källor ingår.,FVO-OMRÅDE,9ff5ecd4ffc42966337f
Örebro,Lindesjöns fvof,Lilla Lindessjön,Sjö,OREBRO:e12275d953f993c46fa3ddfc,FVO-GODKÄND – operativ områdesartlista; vattenunik detalj kan kompletteras,Vatten–FVO-kopplingen och kartpositionen är hämtade från den offentliga FVO-vattenposten. Endast godkända källor ingår.,FVO-OMRÅDE,6be6a7847c6befc4c503
Örebro,Lindesjöns fvof,Råsvalen,Sjö,OREBRO:61fe7208cb0e2866dcfb1366,FVO-GODKÄND – operativ områdesartlista; vattenunik detalj kan kompletteras,Vatten–FVO-kopplingen och kartpositionen är hämtade från den offentliga FVO-vattenposten. Endast godkända källor ingår.,FVO-OMRÅDE,a2b1cdb660e200d271fa
Örebro,Logsjön-Velandasjöns fvof,Lillån,Vattendrag,OREBRO:fdca12b7e4279b77b97a9a17,FVO-GODKÄND – operativ områdesartlista; vattenunik detalj kan kompletteras,Vatten–FVO-kopplingen och kartpositionen är hämtade från den offentliga FVO-vattenposten. Endast godkända källor ingår.,FVO-OMRÅDE,cb9784a2e02e21e9d423
Örebro,Logsjön-Velandasjöns fvof,Logsjön,Sjö,OREBRO:7e886d70f8cf889d0848e88c,FVO-GODKÄND – operativ områdesartlista; vattenunik detalj kan kompletteras,Vatten–FVO-kopplingen och kartpositionen är hämtade från den offentliga FVO-vattenposten. Endast godkända källor ingår.,FVO-OMRÅDE,bf8b52e0c8e1fa0b557c
Örebro,Logsjön-Velandasjöns fvof,Namnlöst vattendrag,Vattendrag,OREBRO:f499ae40305d9559a6a8af1c,FVO-GODKÄND – operativ områdesartlista; vattenunik detalj kan kompletteras,Vatten–FVO-kopplingen och kartpositionen är hämtade från den offentliga FVO-vattenposten. Endast godkända källor ingår.,FVO-OMRÅDE,cc4dc24107fec021d5ad
Örebro,Logsjön-Velandasjöns fvof,Velandasjön,Sjö,OREBRO:a71f787b9d2acb9258993f84,FVO-GODKÄND – operativ områdesartlista; vattenunik detalj kan kompletteras,Vatten–FVO-kopplingen och kartpositionen är hämtade från den offentliga FVO-vattenposten. Endast godkända källor ingår.,FVO-OMRÅDE,92ea79994bbcd348db71
Örebro,Lonnsjöns fvof,Lonnen,Sjö,OREBRO:9981892ea2e994ae8ed37fff,FVO-GODKÄND – operativ områdesartlista; vattenunik detalj kan kompletteras,Vatten–FVO-kopplingen och kartpositionen är hämtade från den offentliga FVO-vattenposten. Endast godkända källor ingår.,FVO-OMRÅDE,bdf7744ad9309dd590e0
Örebro,Löa fvof,Björktjärnen,Sjö,OREBRO:06a1540cf8de14e7ed6aba60,FVO-GODKÄND – operativ områdesartlista; vattenunik detalj kan kompletteras,Vatten–FVO-kopplingen och kartpositionen är hämtade från den offentliga FVO-vattenposten. Endast godkända källor ingår.,FVO-OMRÅDE,87fd5753e79a59297e52
Örebro,Löa fvof,Dammtjärnen,Sjö,OREBRO:c6996535bb13005f853ab1f0,FVO-GODKÄND – operativ områdesartlista; vattenunik detalj kan kompletteras,Vatten–FVO-kopplingen och kartpositionen är hämtade från den offentliga FVO-vattenposten. Endast godkända källor ingår.,FVO-OMRÅDE,cc2b3756f3a8f222a2b0
Örebro,Löa fvof,Erstjärnen,Sjö,OREBRO:77bd09d41d496e6e49f0030f,FVO-GODKÄND – operativ områdesartlista; vattenunik detalj kan kompletteras,Vatten–FVO-kopplingen och kartpositionen är hämtade från den offentliga FVO-vattenposten. Endast godkända källor ingår.,FVO-OMRÅDE,63d2a41452c8d4effd93
Örebro,Löa fvof,Fjälltjärnen,Sjö,OREBRO:7433a0e427211e62b0c41410,FVO-GODKÄND – operativ områdesartlista; vattenunik detalj kan kompletteras,Vatten–FVO-kopplingen och kartpositionen är hämtade från den offentliga FVO-vattenposten. Endast godkända källor ingår.,FVO-OMRÅDE,5ccab88edffae6b75258
Örebro,Löa fvof,Glatjärnen,Sjö,OREBRO:e961a829dcdfa0444af92daa,FVO-GODKÄND – operativ områdesartlista; vattenunik detalj kan kompletteras,Vatten–FVO-kopplingen och kartpositionen är hämtade från den offentliga FVO-vattenposten. Endast godkända källor ingår.,FVO-OMRÅDE,e127e5fa09f02ea63d8d
Örebro,Löa fvof,Gryssjön,Sjö,OREBRO:a06b5488b6782d113a37550a,FVO-GODKÄND – operativ områdesartlista; vattenunik detalj kan kompletteras,Vatten–FVO-kopplingen och kartpositionen är hämtade från den offentliga FVO-vattenposten. Endast godkända källor ingår.,FVO-OMRÅDE,73c5b79a67e01b333812
Örebro,Löa fvof,Klosstjärnen,Sjö,OREBRO:68089f031da967dab8d81c96,FVO-GODKÄND – operativ områdesartlista; vattenunik detalj kan kompletteras,Vatten–FVO-kopplingen och kartpositionen är hämtade från den offentliga FVO-vattenposten. Endast godkända källor ingår.,FVO-OMRÅDE,54eaa2f8b842368a0850
Örebro,Löa fvof,Lakatjärnen,Sjö,OREBRO:f5e73aeb33f94d2ed63faf18,FVO-GODKÄND – operativ områdesartlista; vattenunik detalj kan kompletteras,Vatten–FVO-kopplingen och kartpositionen är hämtade från den offentliga FVO-vattenposten. Endast godkända källor ingår.,FVO-OMRÅDE,a77b593f61b15b9fdcb4
Örebro,Löa fvof,Norrsjön,Sjö,OREBRO:554f9ed995855b9d8bbf245e,FVO-GODKÄND – operativ områdesartlista; vattenunik detalj kan kompletteras,Vatten–FVO-kopplingen och kartpositionen är hämtade från den offentliga FVO-vattenposten. Endast godkända källor ingår.,FVO-OMRÅDE,0506283b6c82c17a0d7a
Örebro,Löa fvof,Rudtjärnen,Sjö,OREBRO:618aced72c3193fd06c851a7,FVO-GODKÄND – operativ områdesartlista; vattenunik detalj kan kompletteras,Vatten–FVO-kopplingen och kartpositionen är hämtade från den offentliga FVO-vattenposten. Endast godkända källor ingår.,FVO-OMRÅDE,d30263ec79deea0cf162
Örebro,Löa fvof,Rällen,Sjö,OREBRO:9fea5f21afc8e1b9eb6eb8af,FVO-GODKÄND – operativ områdesartlista; vattenunik detalj kan kompletteras,Vatten–FVO-kopplingen och kartpositionen är hämtade från den offentliga FVO-vattenposten. Endast godkända källor ingår.,FVO-OMRÅDE,c0748482fdab82c5e255
Örebro,Löa fvof,Småtjärnarna,Sjö,OREBRO:6661c4b27daf5aecc60e1b47,FVO-GODKÄND – operativ områdesartlista; vattenunik detalj kan kompletteras,Vatten–FVO-kopplingen och kartpositionen är hämtade från den offentliga FVO-vattenposten. Endast godkända källor ingår.,FVO-OMRÅDE,c574f616c1e909b3fd45
Örebro,Löa fvof,Sultentjärnen,Sjö,OREBRO:f88f4add8888a3186bcfdd19,FVO-GODKÄND – operativ områdesartlista; vattenunik detalj kan kompletteras,Vatten–FVO-kopplingen och kartpositionen är hämtade från den offentliga FVO-vattenposten. Endast godkända källor ingår.,FVO-OMRÅDE,bea20f85d17aa6b5e3cc
Örebro,Löa fvof,Svarttjärnen,Sjö,OREBRO:51b08455ad824dca6e48f322,FVO-GODKÄND – operativ områdesartlista; vattenunik detalj kan kompletteras,Vatten–FVO-kopplingen och kartpositionen är hämtade från den offentliga FVO-vattenposten. Endast godkända källor ingår.,FVO-OMRÅDE,889fe386b4a3f054f930
Örebro,Löa fvof,Sörsjön,Sjö,OREBRO:43dd61d689eece76164d243c,FVO-GODKÄND – operativ områdesartlista; vattenunik detalj kan kompletteras,Vatten–FVO-kopplingen och kartpositionen är hämtade från den offentliga FVO-vattenposten. Endast godkända källor ingår.,FVO-OMRÅDE,8281302e77033be3ce44
Örebro,Löa fvof,Tjärnen,Sjö,OREBRO:437a64b164d5ede8ec8190b5,FVO-GODKÄND – operativ områdesartlista; vattenunik detalj kan kompletteras,Vatten–FVO-kopplingen och kartpositionen är hämtade från den offentliga FVO-vattenposten. Endast godkända källor ingår.,FVO-OMRÅDE,df1ed9b07bc96adbaf17
Örebro,Löa fvof,Tvebottentjärnen,Sjö,OREBRO:85881e74120ecda88fb58466,FVO-GODKÄND – operativ områdesartlista; vattenunik detalj kan kompletteras,Vatten–FVO-kopplingen och kartpositionen är hämtade från den offentliga FVO-vattenposten. Endast godkända källor ingår.,FVO-OMRÅDE,ca13dc83f34b8522c51f
Örebro,Löa fvof,Vreken,Sjö,OREBRO:8144a4282a37e733dbd8cded,FVO-GODKÄND – operativ områdesartlista; vattenunik detalj kan kompletteras,Vatten–FVO-kopplingen och kartpositionen är hämtade från den offentliga FVO-vattenposten. Endast godkända källor ingår.,FVO-OMRÅDE,75322e72cc2f67393c13
Örebro,Löa fvof,Vårmtjärnen,Sjö,OREBRO:5d0dd7f0c52e78f98351db75,FVO-GODKÄND – operativ områdesartlista; vattenunik detalj kan kompletteras,Vatten–FVO-kopplingen och kartpositionen är hämtade från den offentliga FVO-vattenposten. Endast godkända källor ingår.,FVO-OMRÅDE,092eb8e562ab3a482298
Örebro,Löa fvof,Åslatjärnen,Sjö,OREBRO:4ec2cdaca627a362c8e8ef23,FVO-GODKÄND – operativ områdesartlista; vattenunik detalj kan kompletteras,Vatten–FVO-kopplingen och kartpositionen är hämtade från den offentliga FVO-vattenposten. Endast godkända källor ingår.,FVO-OMRÅDE,da331d03fd11b780fbb5
Örebro,Moshyttan-Timanshyttans fvof,Babbtjärnsbäcken,Vattendrag,OREBRO:688529465eeebfc0cbbcb655,FVO-GODKÄND – operativ områdesartlista; vattenunik detalj kan kompletteras,Vatten–FVO-kopplingen och kartpositionen är hämtade från den offentliga FVO-vattenposten. Endast godkända källor ingår.,FVO-OMRÅDE,42a35998a8edfa0454e7
Örebro,Moshyttan-Timanshyttans fvof,Namnlöst vattendrag,Vattendrag,OREBRO:8127139328a9f9bdb46512d2,FVO-GODKÄND – operativ områdesartlista; vattenunik detalj kan kompletteras,Vatten–FVO-kopplingen och kartpositionen är hämtade från den offentliga FVO-vattenposten. Endast godkända källor ingår.,FVO-OMRÅDE,f84597756d94a9f703c1
Örebro,Norrmogens fvof,Glien,Sjö,OREBRO:3a0b3f05b46d4406f74014a5,FVO-GODKÄND – operativ områdesartlista; vattenunik detalj kan kompletteras,Vatten–FVO-kopplingen och kartpositionen är hämtade från den offentliga FVO-vattenposten. Endast godkända källor ingår.,FVO-OMRÅDE,7400e3030c686ebe1ab7
Örebro,Norrmogens fvof,Norrmogen,Sjö,OREBRO:00d129a38becab9a5c849650,FVO-GODKÄND – operativ områdesartlista; vattenunik detalj kan kompletteras,Vatten–FVO-kopplingen och kartpositionen är hämtade från den offentliga FVO-vattenposten. Endast godkända källor ingår.,FVO-OMRÅDE,10ca3cb427eb7d78b3f0
Örebro,Nyhyttans fvof,Björken,Sjö,OREBRO:e8aa4a5240977c1015e270a0,FVO-GODKÄND – operativ områdesartlista; vattenunik detalj kan kompletteras,Vatten–FVO-kopplingen och kartpositionen är hämtade från den offentliga FVO-vattenposten. Endast godkända källor ingår.,FVO-OMRÅDE,19304f057400b9af41ad
Örebro,Nyhyttans fvof,Dammsjön,Sjö,OREBRO:50d31403146ef8cfb9f8c820,FVO-GODKÄND – operativ områdesartlista; vattenunik detalj kan kompletteras,Vatten–FVO-kopplingen och kartpositionen är hämtade från den offentliga FVO-vattenposten. Endast godkända källor ingår.,FVO-OMRÅDE,0ed64c9793891842be78
Örebro,Nyhyttans fvof,Gladtjärnen,Sjö,OREBRO:580f9cc5831fcdf5ffb5e6c7,FVO-GODKÄND – operativ områdesartlista; vattenunik detalj kan kompletteras,Vatten–FVO-kopplingen och kartpositionen är hämtade från den offentliga FVO-vattenposten. Endast godkända källor ingår.,FVO-OMRÅDE,454420e0fdca147029d8
Örebro,Nyhyttans fvof,Havtjärnen,Sjö,OREBRO:61b78826b8390c58f8ee5407,FVO-GODKÄND – operativ områdesartlista; vattenunik detalj kan kompletteras,Vatten–FVO-kopplingen och kartpositionen är hämtade från den offentliga FVO-vattenposten. Endast godkända källor ingår.,FVO-OMRÅDE,ca0165eae4ae777bd1a3
Örebro,Nyhyttans fvof,Havtjärnsögat,Sjö,OREBRO:3e37f523d11f79723861bd88,FVO-GODKÄND – operativ områdesartlista; vattenunik detalj kan kompletteras,Vatten–FVO-kopplingen och kartpositionen är hämtade från den offentliga FVO-vattenposten. Endast godkända källor ingår.,FVO-OMRÅDE,badf9bcc46db0c1fd229
Örebro,Nyhyttans fvof,Hälltjärnen,Sjö,OREBRO:33046d9548cb57e970af6e4e,FVO-GODKÄND – operativ områdesartlista; vattenunik detalj kan kompletteras,Vatten–FVO-kopplingen och kartpositionen är hämtade från den offentliga FVO-vattenposten. Endast godkända källor ingår.,FVO-OMRÅDE,4b246739f6a8d70f2544
Örebro,Nyhyttans fvof,Kviddtjärnen,Sjö,OREBRO:4a19b8e21b2d99d05f5cbd6f,FVO-GODKÄND – operativ områdesartlista; vattenunik detalj kan kompletteras,Vatten–FVO-kopplingen och kartpositionen är hämtade från den offentliga FVO-vattenposten. Endast godkända källor ingår.,FVO-OMRÅDE,d54aff391304d86dee69
Örebro,Nyhyttans fvof,Långtjärnen,Sjö,OREBRO:23550b60eeeddf02601c7df8,FVO-GODKÄND – operativ områdesartlista; vattenunik detalj kan kompletteras,Vatten–FVO-kopplingen och kartpositionen är hämtade från den offentliga FVO-vattenposten. Endast godkända källor ingår.,FVO-OMRÅDE,819778712270a457bae9
Örebro,Nyhyttans fvof,Stora Gryttjärnen,Sjö,OREBRO:31fd4d0f6ab0e64409d5607d,FVO-GODKÄND – operativ områdesartlista; vattenunik detalj kan kompletteras,Vatten–FVO-kopplingen och kartpositionen är hämtade från den offentliga FVO-vattenposten. Endast godkända källor ingår.,FVO-OMRÅDE,9de3d6d0fc2c04bc2d11
Örebro,Nyhyttans fvof,Sången,Sjö,OREBRO:f442bff8388b9c0f6b0c36d5,FVO-GODKÄND – operativ områdesartlista; vattenunik detalj kan kompletteras,Vatten–FVO-kopplingen och kartpositionen är hämtade från den offentliga FVO-vattenposten. Endast godkända källor ingår.,FVO-OMRÅDE,89e80676cd5969aff4b8
Örebro,Råsvalens fvof,Råsvalen,Sjö,OREBRO:bbfa4e66946727d407650149,FVO-GODKÄND – operativ områdesartlista; vattenunik detalj kan kompletteras,Vatten–FVO-kopplingen och kartpositionen är hämtade från den offentliga FVO-vattenposten. Endast godkända källor ingår.,FVO-OMRÅDE,9346248d2ed44cb3d528
Örebro,Saxens fvof,Namnlöst vattendrag,Vattendrag,OREBRO:c2886f6b78e236d308327f4b,FVO-GODKÄND – operativ områdesartlista; vattenunik detalj kan kompletteras,Vatten–FVO-kopplingen och kartpositionen är hämtade från den offentliga FVO-vattenposten. Endast godkända källor ingår.,FVO-OMRÅDE,9226894e002ffb689773
Örebro,Tisarens fvof,Kulltorpabäcken,Vattendrag,OREBRO:bcbeb902a76fd1978e638f32,FVO-GODKÄND – operativ områdesartlista; vattenunik detalj kan kompletteras,Vatten–FVO-kopplingen och kartpositionen är hämtade från den offentliga FVO-vattenposten. Endast godkända källor ingår.,FVO-OMRÅDE,9d78b1462f9309bd7700
Örebro,Tisarens fvof,Namnlöst vattendrag,Vattendrag,OREBRO:7b5ee6533f53b7f785e64ac8,FVO-GODKÄND – operativ områdesartlista; vattenunik detalj kan kompletteras,Vatten–FVO-kopplingen och kartpositionen är hämtade från den offentliga FVO-vattenposten. Endast godkända källor ingår.,FVO-OMRÅDE,dbbccd2a8ce57571f761
Örebro,Uskens fvof,Kvarnkärrsbäcken,Vattendrag,OREBRO:370b64b41a54ad7b1df95ef4,FVO-GODKÄND – operativ områdesartlista; vattenunik detalj kan kompletteras,Vatten–FVO-kopplingen och kartpositionen är hämtade från den offentliga FVO-vattenposten. Endast godkända källor ingår.,FVO-OMRÅDE,6c803c26818600225dad
Örebro,Uskens fvof,Namnlöst vattendrag,Vattendrag,OREBRO:359b1f6c55f343f509436c37,FVO-GODKÄND – operativ områdesartlista; vattenunik detalj kan kompletteras,Vatten–FVO-kopplingen och kartpositionen är hämtade från den offentliga FVO-vattenposten. Endast godkända källor ingår.,FVO-OMRÅDE,cf8b791bd86b7621fdf4
Örebro,Uskens fvof,Vitmossbäcken,Vattendrag,OREBRO:305c8bf92ecf0c67d17c76cf,FVO-GODKÄND – operativ områdesartlista; vattenunik detalj kan kompletteras,Vatten–FVO-kopplingen och kartpositionen är hämtade från den offentliga FVO-vattenposten. Endast godkända källor ingår.,FVO-OMRÅDE,8a382ba329942c0e44a3
Örebro,Vedevåg-Högstaboda fvof,Högstabodasjön,Sjö,OREBRO:298d7ad437296f712d2f0ecd,FVO-GODKÄND – operativ områdesartlista; vattenunik detalj kan kompletteras,Vatten–FVO-kopplingen och kartpositionen är hämtade från den offentliga FVO-vattenposten. Endast godkända källor ingår.,FVO-OMRÅDE,cbf463d583fe69f0923a
Örebro,Vedevåg-Högstaboda fvof,Vedevågssjön,Sjö,OREBRO:cc2d74d467efabcbd37ae476,FVO-GODKÄND – operativ områdesartlista; vattenunik detalj kan kompletteras,Vatten–FVO-kopplingen och kartpositionen är hämtade från den offentliga FVO-vattenposten. Endast godkända källor ingår.,FVO-OMRÅDE,924e31195ccfa18ad266
Örebro,Vikerns fvof,Vikern,Sjö,OREBRO:d84a0a12b3183b059e5311da,FVO-GODKÄND – operativ områdesartlista; vattenunik detalj kan kompletteras,Vatten–FVO-kopplingen och kartpositionen är hämtade från den offentliga FVO-vattenposten. Endast godkända källor ingår.,FVO-OMRÅDE,e5f6d305a76c8bb83810
Örebro,Älvlångens fvof,Lilla Björsbergstjärnen,Sjö,OREBRO:fd55ad11da60df74ad8920db,FVO-GODKÄND – operativ områdesartlista; vattenunik detalj kan kompletteras,Vatten–FVO-kopplingen och kartpositionen är hämtade från den offentliga FVO-vattenposten. Endast godkända källor ingår.,FVO-OMRÅDE,39c1a903f22341d455af
Örebro,Älvlångens fvof,Lilla Grytsjön,Sjö,OREBRO:9d9e91a4a9ea049839c6ca35,FVO-GODKÄND – operativ områdesartlista; vattenunik detalj kan kompletteras,Vatten–FVO-kopplingen och kartpositionen är hämtade från den offentliga FVO-vattenposten. Endast godkända källor ingår.,FVO-OMRÅDE,6cc573cf7b5c82e7f87f
Örebro,Älvlångens fvof,Älvlången,Sjö,OREBRO:456d0543d1f7d52093199222,FVO-GODKÄND – operativ områdesartlista; vattenunik detalj kan kompletteras,Vatten–FVO-kopplingen och kartpositionen är hämtade från den offentliga FVO-vattenposten. Endast godkända källor ingår.,FVO-OMRÅDE,6780f5112553b7a62bb3
Östergötland,Antvardens fvof,Antvarden,Sjö,OSTERGOTLAND:576cbaa9b0d4dc2027e682da,FVO-GODKÄND – operativ områdesartlista; vattenunik detalj kan kompletteras,Vatten–FVO-kopplingen och kartpositionen är hämtade från den offentliga FVO-vattenposten. Endast godkända källor ingår.,FVO-OMRÅDE,ab55829ba3c2a0e9dce0
Östergötland,Antvardens fvof,Mossjön,Sjö,OSTERGOTLAND:d4e5b7c5b643a7e7dd6109a0,FVO-GODKÄND – operativ områdesartlista; vattenunik detalj kan kompletteras,Vatten–FVO-kopplingen och kartpositionen är hämtade från den offentliga FVO-vattenposten. Endast godkända källor ingår.,FVO-OMRÅDE,cb50f8aee4314ea49be2
Östergötland,Antvardens fvof,Namnlöst vattendrag,Vattendrag,OSTERGOTLAND:1c7cbabf7703efbb1d0bc79f,FVO-GODKÄND – operativ områdesartlista; vattenunik detalj kan kompletteras,Vatten–FVO-kopplingen och kartpositionen är hämtade från den offentliga FVO-vattenposten. Endast godkända källor ingår.,FVO-OMRÅDE,f7045db3d67d2a3b7625
Östergötland,Antvardens fvof,Sågbäcken,Vattendrag,OSTERGOTLAND:2de70922fe59e104185647f5,FVO-GODKÄND – operativ områdesartlista; vattenunik detalj kan kompletteras,Vatten–FVO-kopplingen och kartpositionen är hämtade från den offentliga FVO-vattenposten. Endast godkända källor ingår.,FVO-OMRÅDE,ea3b7dec47d9627ca85a
Östergötland,Asplångens fvof,Göta kanal,Vattendrag,OSTERGOTLAND:a194cf58c5fd32bb78ff5ebc,FVO-GODKÄND – operativ områdesartlista; vattenunik detalj kan kompletteras,Vatten–FVO-kopplingen och kartpositionen är hämtade från den offentliga FVO-vattenposten. Endast godkända källor ingår.,FVO-OMRÅDE,216f55dd4d7f4a13bd64
Östergötland,Asplångens fvof,Namnlöst vattendrag,Vattendrag,OSTERGOTLAND:247d60fe17d23987337cf9b6,FVO-GODKÄND – operativ områdesartlista; vattenunik detalj kan kompletteras,Vatten–FVO-kopplingen och kartpositionen är hämtade från den offentliga FVO-vattenposten. Endast godkända källor ingår.,FVO-OMRÅDE,75c1100373cdcc154d91
Östergötland,Bjärsens fvof,Bjärsen,Sjö,OSTERGOTLAND:4f6495fa43d014c9cfe610c5,FVO-GODKÄND – operativ områdesartlista; vattenunik detalj kan kompletteras,Vatten–FVO-kopplingen och kartpositionen är hämtade från den offentliga FVO-vattenposten. Endast godkända källor ingår.,FVO-OMRÅDE,d28e88e3e9a7233216a5
Östergötland,Bjärsens fvof,Fettjestadån,Vattendrag,OSTERGOTLAND:ad6622c4c321288f3f2d7adc,FVO-GODKÄND – operativ områdesartlista; vattenunik detalj kan kompletteras,Vatten–FVO-kopplingen och kartpositionen är hämtade från den offentliga FVO-vattenposten. Endast godkända källor ingår.,FVO-OMRÅDE,f8a601d5c6c7a52bda1d
Östergötland,Bjäsäters fvof,Bjän,Sjö,OSTERGOTLAND:f9ab761e38b36d1650ce592b,FVO-GODKÄND – operativ områdesartlista; vattenunik detalj kan kompletteras,Vatten–FVO-kopplingen och kartpositionen är hämtade från den offentliga FVO-vattenposten. Endast godkända källor ingår.,FVO-OMRÅDE,62deca055dcf4fb02fa8
Östergötland,Boens fvof,Boen,Sjö,OSTERGOTLAND:ad756ce21747ddbf049c4620,FVO-GODKÄND – operativ områdesartlista; vattenunik detalj kan kompletteras,Vatten–FVO-kopplingen och kartpositionen är hämtade från den offentliga FVO-vattenposten. Endast godkända källor ingår.,FVO-OMRÅDE,6fb626beae0a5108c707
Östergötland,Boens fvof,Gransjöbäcken,Vattendrag,OSTERGOTLAND:bde2467bd13e791fd4fa4c8b,FVO-GODKÄND – operativ områdesartlista; vattenunik detalj kan kompletteras,Vatten–FVO-kopplingen och kartpositionen är hämtade från den offentliga FVO-vattenposten. Endast godkända källor ingår.,FVO-OMRÅDE,74917dac15e5eff1ebbb
Östergötland,Borens fvof,Göta kanal,Vattendrag,OSTERGOTLAND:c615792759f8f6133562be55,FVO-GODKÄND – operativ områdesartlista; vattenunik detalj kan kompletteras,Vatten–FVO-kopplingen och kartpositionen är hämtade från den offentliga FVO-vattenposten. Endast godkända källor ingår.,FVO-OMRÅDE,e3a7b771fb135cd8cb7f
Östergötland,Borens fvof,Göta kanal,Vattendrag,OSTERGOTLAND:ec061d905dacc86bb009794b,FVO-GODKÄND – operativ områdesartlista; vattenunik detalj kan kompletteras,Vatten–FVO-kopplingen och kartpositionen är hämtade från den offentliga FVO-vattenposten. Endast godkända källor ingår.,FVO-OMRÅDE,02a16db42c058cb6abc2
Östergötland,Borens fvof,Kårbybäcken,Vattendrag,OSTERGOTLAND:b8f83485c53cc0bebeedaf58,FVO-GODKÄND – operativ områdesartlista; vattenunik detalj kan kompletteras,Vatten–FVO-kopplingen och kartpositionen är hämtade från den offentliga FVO-vattenposten. Endast godkända källor ingår.,FVO-OMRÅDE,d8dbcad9d0b602caf340
Östergötland,Borens fvof,Namnlöst vattendrag,Vattendrag,OSTERGOTLAND:f9e5ad267b323fd17a123c96,FVO-GODKÄND – operativ områdesartlista; vattenunik detalj kan kompletteras,Vatten–FVO-kopplingen och kartpositionen är hämtade från den offentliga FVO-vattenposten. Endast godkända källor ingår.,FVO-OMRÅDE,a8fd013a5620b9a93765
Östergötland,Borens fvof,Ulvåsabäcken,Vattendrag,OSTERGOTLAND:e43a124c33351647abbfdeea,FVO-GODKÄND – operativ områdesartlista; vattenunik detalj kan kompletteras,Vatten–FVO-kopplingen och kartpositionen är hämtade från den offentliga FVO-vattenposten. Endast godkända källor ingår.,FVO-OMRÅDE,b155bf4d51ee8b272957
Östergötland,Borken-Såken fvof,Halgen,Sjö,OSTERGOTLAND:f6faa3bd674be6a12a6bbdfa,FVO-GODKÄND – operativ områdesartlista; vattenunik detalj kan kompletteras,Vatten–FVO-kopplingen och kartpositionen är hämtade från den offentliga FVO-vattenposten. Endast godkända källor ingår.,FVO-OMRÅDE,b3df4ecf027033a7ee47
Östergötland,Borken-Såken fvof,Hemgölen,Sjö,OSTERGOTLAND:e028cce29ffb0b9b24c38756,FVO-GODKÄND – operativ områdesartlista; vattenunik detalj kan kompletteras,Vatten–FVO-kopplingen och kartpositionen är hämtade från den offentliga FVO-vattenposten. Endast godkända källor ingår.,FVO-OMRÅDE,f8cce629c5727a4bf7b2
Östergötland,Borken-Såken fvof,Hörsjön,Sjö,OSTERGOTLAND:39d0b35400679d5dde9ea66c,FVO-GODKÄND – operativ områdesartlista; vattenunik detalj kan kompletteras,Vatten–FVO-kopplingen och kartpositionen är hämtade från den offentliga FVO-vattenposten. Endast godkända källor ingår.,FVO-OMRÅDE,cc0cfd7e8bffa69062f9
Östergötland,Borken-Såken fvof,Kvarnsjön,Sjö,OSTERGOTLAND:8669a3feb092fcd9e2f3c138,FVO-GODKÄND – operativ områdesartlista; vattenunik detalj kan kompletteras,Vatten–FVO-kopplingen och kartpositionen är hämtade från den offentliga FVO-vattenposten. Endast godkända källor ingår.,FVO-OMRÅDE,ecf19e3e20301dba9352
Östergötland,Borken-Såken fvof,Lilla Engölen,Sjö,OSTERGOTLAND:8c858caf1dd3eb78b8b4ee48,FVO-GODKÄND – operativ områdesartlista; vattenunik detalj kan kompletteras,Vatten–FVO-kopplingen och kartpositionen är hämtade från den offentliga FVO-vattenposten. Endast godkända källor ingår.,FVO-OMRÅDE,85f16a41120e050ff7dd
Östergötland,Borken-Såken fvof,Lilla Gullringsvattnet,Sjö,OSTERGOTLAND:1c470359dc1484d97f9714b9,FVO-GODKÄND – operativ områdesartlista; vattenunik detalj kan kompletteras,Vatten–FVO-kopplingen och kartpositionen är hämtade från den offentliga FVO-vattenposten. Endast godkända källor ingår.,FVO-OMRÅDE,2a39dc2bcdb161434f46
Östergötland,Borken-Såken fvof,Lilla Mörtgöl,Sjö,OSTERGOTLAND:a2062dfe07a0ac3cdcd372b7,FVO-GODKÄND – operativ områdesartlista; vattenunik detalj kan kompletteras,Vatten–FVO-kopplingen och kartpositionen är hämtade från den offentliga FVO-vattenposten. Endast godkända källor ingår.,FVO-OMRÅDE,22f016cd22e785b95dc3
Östergötland,Borken-Såken fvof,Namnlöst vattendrag,Vattendrag,OSTERGOTLAND:898b80c9815a19c5c1240c24,FVO-GODKÄND – operativ områdesartlista; vattenunik detalj kan kompletteras,Vatten–FVO-kopplingen och kartpositionen är hämtade från den offentliga FVO-vattenposten. Endast godkända källor ingår.,FVO-OMRÅDE,1e1e0d7d54bba9968a1c
Östergötland,Borken-Såken fvof,Namnlöst vattendrag,Vattendrag,OSTERGOTLAND:9439af172cff2ea988d76038,FVO-GODKÄND – operativ områdesartlista; vattenunik detalj kan kompletteras,Vatten–FVO-kopplingen och kartpositionen är hämtade från den offentliga FVO-vattenposten. Endast godkända källor ingår.,FVO-OMRÅDE,f9d08d471d19c47a6411
Östergötland,Borken-Såken fvof,Namnlöst vattendrag,Vattendrag,OSTERGOTLAND:4d64019bfc6435158c007880,FVO-GODKÄND – operativ områdesartlista; vattenunik detalj kan kompletteras,Vatten–FVO-kopplingen och kartpositionen är hämtade från den offentliga FVO-vattenposten. Endast godkända källor ingår.,FVO-OMRÅDE,636200c205a905f3819a
Östergötland,Borken-Såken fvof,Namnlöst vattendrag,Vattendrag,OSTERGOTLAND:f2800415c1488c2fd5ab4b2d,FVO-GODKÄND – operativ områdesartlista; vattenunik detalj kan kompletteras,Vatten–FVO-kopplingen och kartpositionen är hämtade från den offentliga FVO-vattenposten. Endast godkända källor ingår.,FVO-OMRÅDE,e6b10f2680cec5e57bc6
Östergötland,Borken-Såken fvof,Namnlöst vattendrag,Vattendrag,OSTERGOTLAND:357173744d8fbd0cc0a6bc9a,FVO-GODKÄND – operativ områdesartlista; vattenunik detalj kan kompletteras,Vatten–FVO-kopplingen och kartpositionen är hämtade från den offentliga FVO-vattenposten. Endast godkända källor ingår.,FVO-OMRÅDE,cd828d69de1f3e078be6
Östergötland,Borken-Såken fvof,Stengölen,Sjö,OSTERGOTLAND:f48a2702fdd633a16be608c8,FVO-GODKÄND – operativ områdesartlista; vattenunik detalj kan kompletteras,Vatten–FVO-kopplingen och kartpositionen är hämtade från den offentliga FVO-vattenposten. Endast godkända källor ingår.,FVO-OMRÅDE,e2262313560b35e652b1
Östergötland,Borken-Såken fvof,Stora Engölen,Sjö,OSTERGOTLAND:b5624b9d931072f85fcfe5a5,FVO-GODKÄND – operativ områdesartlista; vattenunik detalj kan kompletteras,Vatten–FVO-kopplingen och kartpositionen är hämtade från den offentliga FVO-vattenposten. Endast godkända källor ingår.,FVO-OMRÅDE,86714511564fd3d70ae5
Östergötland,Borken-Såken fvof,Stora Gullringsvattnet,Sjö,OSTERGOTLAND:7951545adaabd7f14045065f,FVO-GODKÄND – operativ områdesartlista; vattenunik detalj kan kompletteras,Vatten–FVO-kopplingen och kartpositionen är hämtade från den offentliga FVO-vattenposten. Endast godkända källor ingår.,FVO-OMRÅDE,babb01343f9db454e278
Östergötland,Borken-Såken fvof,Stora Mörtgöl,Sjö,OSTERGOTLAND:9a19f950ef3371fd169a7025,FVO-GODKÄND – operativ områdesartlista; vattenunik detalj kan kompletteras,Vatten–FVO-kopplingen och kartpositionen är hämtade från den offentliga FVO-vattenposten. Endast godkända källor ingår.,FVO-OMRÅDE,a83e01f995ef747a3b50
Östergötland,Borken-Såken fvof,Trihörn,Sjö,OSTERGOTLAND:4b1d0154309547245048920a,FVO-GODKÄND – operativ områdesartlista; vattenunik detalj kan kompletteras,Vatten–FVO-kopplingen och kartpositionen är hämtade från den offentliga FVO-vattenposten. Endast godkända källor ingår.,FVO-OMRÅDE,7b3891b6cf1e1ab02584
Östergötland,Byngarens fvof,Byngaren,Sjö,OSTERGOTLAND:60ec9302a11c95b8536a9dea,FVO-GODKÄND – operativ områdesartlista; vattenunik detalj kan kompletteras,Vatten–FVO-kopplingen och kartpositionen är hämtade från den offentliga FVO-vattenposten. Endast godkända källor ingår.,FVO-OMRÅDE,b11c1bcd49772322afdd
Östergötland,Drögens fvof,Namnlöst vattendrag,Vattendrag,OSTERGOTLAND:fa22dd79a9df3e868c5b5224,FVO-GODKÄND – operativ områdesartlista; vattenunik detalj kan kompletteras,Vatten–FVO-kopplingen och kartpositionen är hämtade från den offentliga FVO-vattenposten. Endast godkända källor ingår.,FVO-OMRÅDE,c73c88bcb63796b4852a
Östergötland,Drögens fvof,Namnlöst vattendrag,Vattendrag,OSTERGOTLAND:8046209333d004318351bfab,FVO-GODKÄND – operativ områdesartlista; vattenunik detalj kan kompletteras,Vatten–FVO-kopplingen och kartpositionen är hämtade från den offentliga FVO-vattenposten. Endast godkända källor ingår.,FVO-OMRÅDE,03b16409062664011134
Östergötland,Drögens fvof,Namnlöst vattendrag,Vattendrag,OSTERGOTLAND:ee3bab341fa10e93a5513771,FVO-GODKÄND – operativ områdesartlista; vattenunik detalj kan kompletteras,Vatten–FVO-kopplingen och kartpositionen är hämtade från den offentliga FVO-vattenposten. Endast godkända källor ingår.,FVO-OMRÅDE,bfffdaeaa7245e9ef19e
Östergötland,Föllingesjöarnas fvof,Namnlöst vattendrag,Vattendrag,OSTERGOTLAND:9f299c086dd1b14376e9df76,FVO-GODKÄND – operativ områdesartlista; vattenunik detalj kan kompletteras,Vatten–FVO-kopplingen och kartpositionen är hämtade från den offentliga FVO-vattenposten. Endast godkända källor ingår.,FVO-OMRÅDE,6cbcce436c650d9a3084
Östergötland,Glans fvof,Namnlöst vattendrag,Vattendrag,OSTERGOTLAND:32a8cbbd895373d9e0fb8fe3,FVO-GODKÄND – operativ områdesartlista; vattenunik detalj kan kompletteras,Vatten–FVO-kopplingen och kartpositionen är hämtade från den offentliga FVO-vattenposten. Endast godkända källor ingår.,FVO-OMRÅDE,9b9afcf0c9e7abe95cce
Östergötland,Glans fvof,Namnlöst vattendrag,Vattendrag,OSTERGOTLAND:8502be4e66abf8d736cb959d,FVO-GODKÄND – operativ områdesartlista; vattenunik detalj kan kompletteras,Vatten–FVO-kopplingen och kartpositionen är hämtade från den offentliga FVO-vattenposten. Endast godkända källor ingår.,FVO-OMRÅDE,57f4d7509b10e3182442
Östergötland,Glans fvof,Namnlöst vattendrag,Vattendrag,OSTERGOTLAND:7aa66226b1c72d5bee7545d2,FVO-GODKÄND – operativ områdesartlista; vattenunik detalj kan kompletteras,Vatten–FVO-kopplingen och kartpositionen är hämtade från den offentliga FVO-vattenposten. Endast godkända källor ingår.,FVO-OMRÅDE,7adb8180209f43724841
Östergötland,Glottern-Sjöarnas fvof,Namnlöst vattendrag,Vattendrag,OSTERGOTLAND:1242975ecea50f3edfd70673,FVO-GODKÄND – operativ områdesartlista; vattenunik detalj kan kompletteras,Vatten–FVO-kopplingen och kartpositionen är hämtade från den offentliga FVO-vattenposten. Endast godkända källor ingår.,FVO-OMRÅDE,01811c3729e3cc424a4c
Östergötland,Glottern-Sjöarnas fvof,Namnlöst vattendrag,Vattendrag,OSTERGOTLAND:3227b19d969f8c62bda13c68,FVO-GODKÄND – operativ områdesartlista; vattenunik detalj kan kompletteras,Vatten–FVO-kopplingen och kartpositionen är hämtade från den offentliga FVO-vattenposten. Endast godkända källor ingår.,FVO-OMRÅDE,fc78b39441d44f800989
Östergötland,Glottern-Sjöarnas fvof,Namnlöst vattendrag,Vattendrag,OSTERGOTLAND:696c903d009ac5d0230baafc,FVO-GODKÄND – operativ områdesartlista; vattenunik detalj kan kompletteras,Vatten–FVO-kopplingen och kartpositionen är hämtade från den offentliga FVO-vattenposten. Endast godkända källor ingår.,FVO-OMRÅDE,39a063c2d5f49a20e12a
Östergötland,Glottern-Sjöarnas fvof,Namnlöst vattendrag,Vattendrag,OSTERGOTLAND:dfe3e239f73814c3961a6f81,FVO-GODKÄND – operativ områdesartlista; vattenunik detalj kan kompletteras,Vatten–FVO-kopplingen och kartpositionen är hämtade från den offentliga FVO-vattenposten. Endast godkända källor ingår.,FVO-OMRÅDE,8901280ffb1b5199d2cc
Östergötland,Gransjöns fvof,Gransjöbäcken,Vattendrag,OSTERGOTLAND:aecebdfada53359aba3cd9f6,FVO-GODKÄND – operativ områdesartlista; vattenunik detalj kan kompletteras,Vatten–FVO-kopplingen och kartpositionen är hämtade från den offentliga FVO-vattenposten. Endast godkända källor ingår.,FVO-OMRÅDE,7cc953f38e11f7abfb67
Östergötland,Gransjöns fvof,Gransjön,Sjö,OSTERGOTLAND:6580bbdbdd4a9a18800ef7ad,FVO-GODKÄND – operativ områdesartlista; vattenunik detalj kan kompletteras,Vatten–FVO-kopplingen och kartpositionen är hämtade från den offentliga FVO-vattenposten. Endast godkända källor ingår.,FVO-OMRÅDE,92f54ea6937788753f70
Östergötland,Grytgöls fvof,Dammen,Sjö,OSTERGOTLAND:8af046e58a10870215c75bf1,FVO-GODKÄND – operativ områdesartlista; vattenunik detalj kan kompletteras,Vatten–FVO-kopplingen och kartpositionen är hämtade från den offentliga FVO-vattenposten. Endast godkända källor ingår.,FVO-OMRÅDE,fa0ad8c9bdb255313a9b
Östergötland,Grytgöls fvof,Gryten,Sjö,OSTERGOTLAND:5fc214e932e118d476dce957,FVO-GODKÄND – operativ områdesartlista; vattenunik detalj kan kompletteras,Vatten–FVO-kopplingen och kartpositionen är hämtade från den offentliga FVO-vattenposten. Endast godkända källor ingår.,FVO-OMRÅDE,7baf3c0e1159e977c587
Östergötland,Grytgöls fvof,Grytgölen,Sjö,OSTERGOTLAND:ec23db67887c0c0323c765e0,FVO-GODKÄND – operativ områdesartlista; vattenunik detalj kan kompletteras,Vatten–FVO-kopplingen och kartpositionen är hämtade från den offentliga FVO-vattenposten. Endast godkända källor ingår.,FVO-OMRÅDE,1bcd139e3d5447f07799
Östergötland,Grytgöls fvof,Namnlöst vattendrag,Vattendrag,OSTERGOTLAND:dc4283187f11ffae6df514cc,FVO-GODKÄND – operativ områdesartlista; vattenunik detalj kan kompletteras,Vatten–FVO-kopplingen och kartpositionen är hämtade från den offentliga FVO-vattenposten. Endast godkända källor ingår.,FVO-OMRÅDE,25249f12f80fde521fb2
Östergötland,Grytgöls fvof,Namnlöst vattendrag,Vattendrag,OSTERGOTLAND:c0cf5f74c4c1b690207e8f6d,FVO-GODKÄND – operativ områdesartlista; vattenunik detalj kan kompletteras,Vatten–FVO-kopplingen och kartpositionen är hämtade från den offentliga FVO-vattenposten. Endast godkända källor ingår.,FVO-OMRÅDE,5dc8a0a432c4af5f7012
Östergötland,Gulten-Hanesjöns fvof,Gulten,Sjö,OSTERGOTLAND:010b594e2bcbe82684117af2,FVO-GODKÄND – operativ områdesartlista; vattenunik detalj kan kompletteras,Vatten–FVO-kopplingen och kartpositionen är hämtade från den offentliga FVO-vattenposten. Endast godkända källor ingår.,FVO-OMRÅDE,71e56adf6838095c7946
Östergötland,Hemsjöns m fl sjöars fvof,Abborregöl,Sjö,OSTERGOTLAND:afd94b59acbb89daae45b238,FVO-GODKÄND – operativ områdesartlista; vattenunik detalj kan kompletteras,Vatten–FVO-kopplingen och kartpositionen är hämtade från den offentliga FVO-vattenposten. Endast godkända källor ingår.,FVO-OMRÅDE,4a904e793466f6aabfe5
Östergötland,Hemsjöns m fl sjöars fvof,Bjärken,Sjö,OSTERGOTLAND:bd7ac1ea2d8147b303f84d50,FVO-GODKÄND – operativ områdesartlista; vattenunik detalj kan kompletteras,Vatten–FVO-kopplingen och kartpositionen är hämtade från den offentliga FVO-vattenposten. Endast godkända källor ingår.,FVO-OMRÅDE,6a3b578d45c4efe3247c
Östergötland,Hemsjöns m fl sjöars fvof,Hemsjön,Sjö,OSTERGOTLAND:29f2019c47311368a3e256e3,FVO-GODKÄND – operativ områdesartlista; vattenunik detalj kan kompletteras,Vatten–FVO-kopplingen och kartpositionen är hämtade från den offentliga FVO-vattenposten. Endast godkända källor ingår.,FVO-OMRÅDE,db583e5293f04d263978
Östergötland,Hemsjöns m fl sjöars fvof,Kuttgölen,Sjö,OSTERGOTLAND:87df2e8aa7d723c239529c22,FVO-GODKÄND – operativ områdesartlista; vattenunik detalj kan kompletteras,Vatten–FVO-kopplingen och kartpositionen är hämtade från den offentliga FVO-vattenposten. Endast godkända källor ingår.,FVO-OMRÅDE,b6d15dd2c6f70e67a09b
Östergötland,Hemsjöns m fl sjöars fvof,Lilla Klevsgölen,Sjö,OSTERGOTLAND:05e71709f28741660c1fe947,FVO-GODKÄND – operativ områdesartlista; vattenunik detalj kan kompletteras,Vatten–FVO-kopplingen och kartpositionen är hämtade från den offentliga FVO-vattenposten. Endast godkända källor ingår.,FVO-OMRÅDE,c0c55182709542016a45
Östergötland,Hemsjöns m fl sjöars fvof,Lomgölen,Sjö,OSTERGOTLAND:558ec2c978cb5a163c513a4e,FVO-GODKÄND – operativ områdesartlista; vattenunik detalj kan kompletteras,Vatten–FVO-kopplingen och kartpositionen är hämtade från den offentliga FVO-vattenposten. Endast godkända källor ingår.,FVO-OMRÅDE,105763e727e1af247794
Östergötland,Hemsjöns m fl sjöars fvof,Namnlöst vattendrag,Vattendrag,OSTERGOTLAND:b6b7fd6328123fdd4703e8de,FVO-GODKÄND – operativ områdesartlista; vattenunik detalj kan kompletteras,Vatten–FVO-kopplingen och kartpositionen är hämtade från den offentliga FVO-vattenposten. Endast godkända källor ingår.,FVO-OMRÅDE,9f4f730b6f4f1fb3d83c
Östergötland,Hemsjöns m fl sjöars fvof,Nerskjulen,Sjö,OSTERGOTLAND:cfae8f766ef3f2d900dfa0a5,FVO-GODKÄND – operativ områdesartlista; vattenunik detalj kan kompletteras,Vatten–FVO-kopplingen och kartpositionen är hämtade från den offentliga FVO-vattenposten. Endast godkända källor ingår.,FVO-OMRÅDE,80626dc03c1d8d20a0b7
Östergötland,Hemsjöns m fl sjöars fvof,Stora Klevsgölen,Sjö,OSTERGOTLAND:8e91e127662ae433ecbaea13,FVO-GODKÄND – operativ områdesartlista; vattenunik detalj kan kompletteras,Vatten–FVO-kopplingen och kartpositionen är hämtade från den offentliga FVO-vattenposten. Endast godkända källor ingår.,FVO-OMRÅDE,bc90b3eb8ce309b44b5c
Östergötland,Hemsjöns m fl sjöars fvof,Äskgöl,Sjö,OSTERGOTLAND:bbb6b074086c9f0276aa5b8d,FVO-GODKÄND – operativ områdesartlista; vattenunik detalj kan kompletteras,Vatten–FVO-kopplingen och kartpositionen är hämtade från den offentliga FVO-vattenposten. Endast godkända källor ingår.,FVO-OMRÅDE,7837156a0db1f2ff50b1
Östergötland,Hemsjöns m fl sjöars fvof,Överskjulen,Sjö,OSTERGOTLAND:99ee01f131bfd7d94ed3b21d,FVO-GODKÄND – operativ områdesartlista; vattenunik detalj kan kompletteras,Vatten–FVO-kopplingen och kartpositionen är hämtade från den offentliga FVO-vattenposten. Endast godkända källor ingår.,FVO-OMRÅDE,8f615dfdd854d17c5307
Östergötland,Hestrasjöns fvof,Hestrasjön,Sjö,OSTERGOTLAND:3225460fa8c34510af0b3bbb,FVO-GODKÄND – operativ områdesartlista; vattenunik detalj kan kompletteras,Vatten–FVO-kopplingen och kartpositionen är hämtade från den offentliga FVO-vattenposten. Endast godkända källor ingår.,FVO-OMRÅDE,902846b3f21a10793894
Östergötland,Horsfjärdens fvof,Horsfjärden,Sjö,OSTERGOTLAND:c6f2564be0d65f367b00345d,FVO-GODKÄND – operativ områdesartlista; vattenunik detalj kan kompletteras,Vatten–FVO-kopplingen och kartpositionen är hämtade från den offentliga FVO-vattenposten. Endast godkända källor ingår.,FVO-OMRÅDE,e12c5779c8bff2b9163f
Östergötland,Horsfjärdens fvof,Namnlöst vattendrag,Vattendrag,OSTERGOTLAND:a150a08200ea2edd0ba9c27c,FVO-GODKÄND – operativ områdesartlista; vattenunik detalj kan kompletteras,Vatten–FVO-kopplingen och kartpositionen är hämtade från den offentliga FVO-vattenposten. Endast godkända källor ingår.,FVO-OMRÅDE,48e7ab1978a3bcb05dff
Östergötland,Hulsjöns fvof,Namnlöst vattendrag,Vattendrag,OSTERGOTLAND:7dbae35e90c3e08a7886e5c1,FVO-GODKÄND – operativ områdesartlista; vattenunik detalj kan kompletteras,Vatten–FVO-kopplingen och kartpositionen är hämtade från den offentliga FVO-vattenposten. Endast godkända källor ingår.,FVO-OMRÅDE,e2d6ba4d7b83f12b842b
Östergötland,Hällerstad- o Venasjöns fvof,Hällerstadsjön,Sjö,OSTERGOTLAND:a0427102269c58d6619d2e80,FVO-GODKÄND – operativ områdesartlista; vattenunik detalj kan kompletteras,Vatten–FVO-kopplingen och kartpositionen är hämtade från den offentliga FVO-vattenposten. Endast godkända källor ingår.,FVO-OMRÅDE,a9779faa91498771c47d
Östergötland,Hällerstad- o Venasjöns fvof,Venasjön,Sjö,OSTERGOTLAND:f6dad823d64bc559787eec46,FVO-GODKÄND – operativ områdesartlista; vattenunik detalj kan kompletteras,Vatten–FVO-kopplingen och kartpositionen är hämtade från den offentliga FVO-vattenposten. Endast godkända källor ingår.,FVO-OMRÅDE,697001dc3cc78cf2aa37
Östergötland,Hälsjön-Byasjöns fvof,Boen,Sjö,OSTERGOTLAND:ea193319afeaf6a73a6b800c,FVO-GODKÄND – operativ områdesartlista; vattenunik detalj kan kompletteras,Vatten–FVO-kopplingen och kartpositionen är hämtade från den offentliga FVO-vattenposten. Endast godkända källor ingår.,FVO-OMRÅDE,f068dae1be82bd066d13
Östergötland,Hälsjön-Byasjöns fvof,Byasjön,Sjö,OSTERGOTLAND:46ab358ed3109a00dab4d2ff,FVO-GODKÄND – operativ områdesartlista; vattenunik detalj kan kompletteras,Vatten–FVO-kopplingen och kartpositionen är hämtade från den offentliga FVO-vattenposten. Endast godkända källor ingår.,FVO-OMRÅDE,ba13c58ea7f7e0f66a9c
Östergötland,Hälsjön-Byasjöns fvof,Hälsjön,Sjö,OSTERGOTLAND:cefcf751dac4324c262a5914,FVO-GODKÄND – operativ områdesartlista; vattenunik detalj kan kompletteras,Vatten–FVO-kopplingen och kartpositionen är hämtade från den offentliga FVO-vattenposten. Endast godkända källor ingår.,FVO-OMRÅDE,42b3ede80a8761a55d69
Östergötland,Hälsjön-Byasjöns fvof,Tosjön,Sjö,OSTERGOTLAND:f21660619b528f024eb98215,FVO-GODKÄND – operativ områdesartlista; vattenunik detalj kan kompletteras,Vatten–FVO-kopplingen och kartpositionen är hämtade från den offentliga FVO-vattenposten. Endast godkända källor ingår.,FVO-OMRÅDE,304569d9721c647ea8e4
Östergötland,Hälsjön-Byasjöns fvof,Täppegölen,Sjö,OSTERGOTLAND:cae5071cfab4bad27d235c1d,FVO-GODKÄND – operativ områdesartlista; vattenunik detalj kan kompletteras,Vatten–FVO-kopplingen och kartpositionen är hämtade från den offentliga FVO-vattenposten. Endast godkända källor ingår.,FVO-OMRÅDE,788beac41f49e1b66122
Östergötland,Hövern-Långens fvof,Namnlöst vattendrag,Vattendrag,OSTERGOTLAND:658538146a3d6385a0a0802f,FVO-GODKÄND – operativ områdesartlista; vattenunik detalj kan kompletteras,Vatten–FVO-kopplingen och kartpositionen är hämtade från den offentliga FVO-vattenposten. Endast godkända källor ingår.,FVO-OMRÅDE,1428ce2ea93f9be32707
Östergötland,Hövern-Långens fvof,Namnlöst vattendrag,Vattendrag,OSTERGOTLAND:ed43c44d001fbe7f76180b1c,FVO-GODKÄND – operativ områdesartlista; vattenunik detalj kan kompletteras,Vatten–FVO-kopplingen och kartpositionen är hämtade från den offentliga FVO-vattenposten. Endast godkända källor ingår.,FVO-OMRÅDE,15fe248d6fba3548e412
Östergötland,Kalefjärdens fvof,Namnlöst vattendrag,Vattendrag,OSTERGOTLAND:fff909536dd1342fb304f957,FVO-GODKÄND – operativ områdesartlista; vattenunik detalj kan kompletteras,Vatten–FVO-kopplingen och kartpositionen är hämtade från den offentliga FVO-vattenposten. Endast godkända källor ingår.,FVO-OMRÅDE,a257e60494b6ffcad3a0
Östergötland,Kalefjärdens fvof,Tisnaren,Sjö,OSTERGOTLAND:257460d650faab23fb5edd75,FVO-GODKÄND – operativ områdesartlista; vattenunik detalj kan kompletteras,Vatten–FVO-kopplingen och kartpositionen är hämtade från den offentliga FVO-vattenposten. Endast godkända källor ingår.,FVO-OMRÅDE,cd4646b67c4db34b0450
Östergötland,Kilarpesjöns fvof,Kilarpesjön,Sjö,OSTERGOTLAND:d1f463a9cdcff0c81a8b86dd,FVO-GODKÄND – operativ områdesartlista; vattenunik detalj kan kompletteras,Vatten–FVO-kopplingen och kartpositionen är hämtade från den offentliga FVO-vattenposten. Endast godkända källor ingår.,FVO-OMRÅDE,6c8f891f7898534bd747
Östergötland,Kristinebergs fvof,Lillsjön,Sjö,OSTERGOTLAND:c49795accc2fde01eb792d16,FVO-GODKÄND – operativ områdesartlista; vattenunik detalj kan kompletteras,Vatten–FVO-kopplingen och kartpositionen är hämtade från den offentliga FVO-vattenposten. Endast godkända källor ingår.,FVO-OMRÅDE,5eb9259f2d9cf96b783c
Östergötland,Kristinebergs fvof,Storsjön,Sjö,OSTERGOTLAND:d874a512c005051381b1944b,FVO-GODKÄND – operativ områdesartlista; vattenunik detalj kan kompletteras,Vatten–FVO-kopplingen och kartpositionen är hämtade från den offentliga FVO-vattenposten. Endast godkända källor ingår.,FVO-OMRÅDE,3c8dde568d1238a80642
Östergötland,Liens fvof,Grytbäcken,Vattendrag,OSTERGOTLAND:c3f6ca76c8623376e0e6993d,FVO-GODKÄND – operativ områdesartlista; vattenunik detalj kan kompletteras,Vatten–FVO-kopplingen och kartpositionen är hämtade från den offentliga FVO-vattenposten. Endast godkända källor ingår.,FVO-OMRÅDE,a5de31bb8095327e7048
Östergötland,Lövsjöns fvof,Ramundsbäck,Vattendrag,OSTERGOTLAND:0c939eb8c5ec91e81821a431,FVO-GODKÄND – operativ områdesartlista; vattenunik detalj kan kompletteras,Vatten–FVO-kopplingen och kartpositionen är hämtade från den offentliga FVO-vattenposten. Endast godkända källor ingår.,FVO-OMRÅDE,a6afe2614849eb610733
Östergötland,Motala Ströms nedre fvof,Ljurabäck,Vattendrag,OSTERGOTLAND:816509f9b94dd12b8866a500,FVO-GODKÄND – operativ områdesartlista; vattenunik detalj kan kompletteras,Vatten–FVO-kopplingen och kartpositionen är hämtade från den offentliga FVO-vattenposten. Endast godkända källor ingår.,FVO-OMRÅDE,557d7dc68b4ccb35d233
Östergötland,Motala Ströms nedre fvof,Motala Ström,Hav,OSTERGOTLAND:f9c5f13c6b90222fdb1834ea,FVO-GODKÄND – operativ områdesartlista; vattenunik detalj kan kompletteras,Vatten–FVO-kopplingen och kartpositionen är hämtade från den offentliga FVO-vattenposten. Endast godkända källor ingår.,FVO-OMRÅDE,d56a878a8290f2e75b5e
Östergötland,Motala Ströms nedre fvof,Motala Ström,Vattendrag,OSTERGOTLAND:026640304f8db64eeaf5de79,FVO-GODKÄND – operativ områdesartlista; vattenunik detalj kan kompletteras,Vatten–FVO-kopplingen och kartpositionen är hämtade från den offentliga FVO-vattenposten. Endast godkända källor ingår.,FVO-OMRÅDE,3f8f547e434503d6a8b2
Östergötland,Motala Ströms nedre fvof,Motala Ström N Grenen,Vattendrag,OSTERGOTLAND:0c8bb61ebc8b0edeb9fefc4d,FVO-GODKÄND – operativ områdesartlista; vattenunik detalj kan kompletteras,Vatten–FVO-kopplingen och kartpositionen är hämtade från den offentliga FVO-vattenposten. Endast godkända källor ingår.,FVO-OMRÅDE,00869afd4f703bd18f15
Östergötland,Motala Ströms nedre fvof,Motala Ström N Grenen,Vattendrag,OSTERGOTLAND:3a25f660e2b7597d32e4fad0,FVO-GODKÄND – operativ områdesartlista; vattenunik detalj kan kompletteras,Vatten–FVO-kopplingen och kartpositionen är hämtade från den offentliga FVO-vattenposten. Endast godkända källor ingår.,FVO-OMRÅDE,8819a6335f027c6248a9
Östergötland,Motala Ströms nedre fvof,Namnlöst vattendrag,Vattendrag,OSTERGOTLAND:8c3c11393a62a3b0291e321c,FVO-GODKÄND – operativ områdesartlista; vattenunik detalj kan kompletteras,Vatten–FVO-kopplingen och kartpositionen är hämtade från den offentliga FVO-vattenposten. Endast godkända källor ingår.,FVO-OMRÅDE,b4633ffafcf98b6f433d
Östergötland,Motala Ströms nedre fvof,Pampusfjärden,Hav,OSTERGOTLAND:15c53696058b390e1c5acd97,FVO-GODKÄND – operativ områdesartlista; vattenunik detalj kan kompletteras,Vatten–FVO-kopplingen och kartpositionen är hämtade från den offentliga FVO-vattenposten. Endast godkända källor ingår.,FVO-OMRÅDE,fd26c33b3b1645211111
Östergötland,Möckeln-Skirsjöns fvof,Bredgölen,Sjö,OSTERGOTLAND:dd36d958c5f695dc5099220f,FVO-GODKÄND – operativ områdesartlista; vattenunik detalj kan kompletteras,Vatten–FVO-kopplingen och kartpositionen är hämtade från den offentliga FVO-vattenposten. Endast godkända källor ingår.,FVO-OMRÅDE,fccac17ccfb168ac927b
Östergötland,Möckeln-Skirsjöns fvof,Kvarngölen,Sjö,OSTERGOTLAND:c96e6e65353388f98eddc46c,FVO-GODKÄND – operativ områdesartlista; vattenunik detalj kan kompletteras,Vatten–FVO-kopplingen och kartpositionen är hämtade från den offentliga FVO-vattenposten. Endast godkända källor ingår.,FVO-OMRÅDE,0cba5394fb4346a4678f
Östergötland,Möckeln-Skirsjöns fvof,Möckeln,Sjö,OSTERGOTLAND:18ef546debfd99fd3e534d6b,FVO-GODKÄND – operativ områdesartlista; vattenunik detalj kan kompletteras,Vatten–FVO-kopplingen och kartpositionen är hämtade från den offentliga FVO-vattenposten. Endast godkända källor ingår.,FVO-OMRÅDE,fb382a1b1b6d22da9db1
Östergötland,Möckeln-Skirsjöns fvof,Norrlången,Sjö,OSTERGOTLAND:533545606a75f7516273d595,FVO-GODKÄND – operativ områdesartlista; vattenunik detalj kan kompletteras,Vatten–FVO-kopplingen och kartpositionen är hämtade från den offentliga FVO-vattenposten. Endast godkända källor ingår.,FVO-OMRÅDE,2c5ff3606d434cfe54c1
Östergötland,Möckeln-Skirsjöns fvof,Skirkalven,Sjö,OSTERGOTLAND:7f3407636cd971b0a307e773,FVO-GODKÄND – operativ områdesartlista; vattenunik detalj kan kompletteras,Vatten–FVO-kopplingen och kartpositionen är hämtade från den offentliga FVO-vattenposten. Endast godkända källor ingår.,FVO-OMRÅDE,3e52fba43e60f26d3be0
Östergötland,Möckeln-Skirsjöns fvof,Skirlången,Sjö,OSTERGOTLAND:e40a87722af640b62eedba9d,FVO-GODKÄND – operativ områdesartlista; vattenunik detalj kan kompletteras,Vatten–FVO-kopplingen och kartpositionen är hämtade från den offentliga FVO-vattenposten. Endast godkända källor ingår.,FVO-OMRÅDE,c878e8b6e6cd9861ccb9
Östergötland,Möckeln-Skirsjöns fvof,Skirlångsgölen,Sjö,OSTERGOTLAND:345645bf4d66ecfd4a2c235f,FVO-GODKÄND – operativ områdesartlista; vattenunik detalj kan kompletteras,Vatten–FVO-kopplingen och kartpositionen är hämtade från den offentliga FVO-vattenposten. Endast godkända källor ingår.,FVO-OMRÅDE,73e8b8e05a0a628a7afb
Östergötland,Möckeln-Skirsjöns fvof,Skirsjön,Sjö,OSTERGOTLAND:3cb82795fc7fbe891c92d8d5,FVO-GODKÄND – operativ områdesartlista; vattenunik detalj kan kompletteras,Vatten–FVO-kopplingen och kartpositionen är hämtade från den offentliga FVO-vattenposten. Endast godkända källor ingår.,FVO-OMRÅDE,107906629adb4af0ebf8
Östergötland,Regnaren-Ålsjöns fvof,Axsjön,Sjö,OSTERGOTLAND:41bff030f7f57c33a5ddbc28,FVO-GODKÄND – operativ områdesartlista; vattenunik detalj kan kompletteras,Vatten–FVO-kopplingen och kartpositionen är hämtade från den offentliga FVO-vattenposten. Endast godkända källor ingår.,FVO-OMRÅDE,795dd527a56c03e66892
Östergötland,Regnaren-Ålsjöns fvof,Kvarnfallabäcken,Vattendrag,OSTERGOTLAND:f3685fe268b1313bc15e1f63,FVO-GODKÄND – operativ områdesartlista; vattenunik detalj kan kompletteras,Vatten–FVO-kopplingen och kartpositionen är hämtade från den offentliga FVO-vattenposten. Endast godkända källor ingår.,FVO-OMRÅDE,25447fb2f77073170318
Östergötland,Regnaren-Ålsjöns fvof,Lillsjön,Sjö,OSTERGOTLAND:40ed263b62257bffef687fd0,FVO-GODKÄND – operativ områdesartlista; vattenunik detalj kan kompletteras,Vatten–FVO-kopplingen och kartpositionen är hämtade från den offentliga FVO-vattenposten. Endast godkända källor ingår.,FVO-OMRÅDE,442e9ea7fb2df80ade8d
Östergötland,Regnaren-Ålsjöns fvof,Namnlöst vattendrag,Vattendrag,OSTERGOTLAND:8bbc6e1160b01e2a40ca9eb4,FVO-GODKÄND – operativ områdesartlista; vattenunik detalj kan kompletteras,Vatten–FVO-kopplingen och kartpositionen är hämtade från den offentliga FVO-vattenposten. Endast godkända källor ingår.,FVO-OMRÅDE,c7b72ab07e3ed4483797
Östergötland,Regnaren-Ålsjöns fvof,Namnlöst vattendrag,Vattendrag,OSTERGOTLAND:9d03a76645e6ac34459be4b2,FVO-GODKÄND – operativ områdesartlista; vattenunik detalj kan kompletteras,Vatten–FVO-kopplingen och kartpositionen är hämtade från den offentliga FVO-vattenposten. Endast godkända källor ingår.,FVO-OMRÅDE,fa3c8a31c4f6e6df0a6c
Östergötland,Regnaren-Ålsjöns fvof,Namnlöst vattendrag,Vattendrag,OSTERGOTLAND:fe946160b548839529a03c83,FVO-GODKÄND – operativ områdesartlista; vattenunik detalj kan kompletteras,Vatten–FVO-kopplingen och kartpositionen är hämtade från den offentliga FVO-vattenposten. Endast godkända källor ingår.,FVO-OMRÅDE,07810bb2ae6fd6849fb9
Östergötland,Regnaren-Ålsjöns fvof,Namnlöst vattendrag,Vattendrag,OSTERGOTLAND:a4fab71f41d2f83629b91ca9,FVO-GODKÄND – operativ områdesartlista; vattenunik detalj kan kompletteras,Vatten–FVO-kopplingen och kartpositionen är hämtade från den offentliga FVO-vattenposten. Endast godkända källor ingår.,FVO-OMRÅDE,1c818293752764e1ca8b
Östergötland,Regnaren-Ålsjöns fvof,Namnlöst vattendrag,Vattendrag,OSTERGOTLAND:8953e7804a613a2cef872d25,FVO-GODKÄND – operativ områdesartlista; vattenunik detalj kan kompletteras,Vatten–FVO-kopplingen och kartpositionen är hämtade från den offentliga FVO-vattenposten. Endast godkända källor ingår.,FVO-OMRÅDE,a3ad9310cfbeb7c0dd15
Östergötland,Regnaren-Ålsjöns fvof,Puksjöbäcken,Vattendrag,OSTERGOTLAND:bed73140babd45df0861f20c,FVO-GODKÄND – operativ områdesartlista; vattenunik detalj kan kompletteras,Vatten–FVO-kopplingen och kartpositionen är hämtade från den offentliga FVO-vattenposten. Endast godkända källor ingår.,FVO-OMRÅDE,75b4b2c523fc643fbf36
Östergötland,Regnaren-Ålsjöns fvof,Regnaren,Sjö,OSTERGOTLAND:5e9658f94632946f2868ff59,FVO-GODKÄND – operativ områdesartlista; vattenunik detalj kan kompletteras,Vatten–FVO-kopplingen och kartpositionen är hämtade från den offentliga FVO-vattenposten. Endast godkända källor ingår.,FVO-OMRÅDE,0113b7cb0c25cdcdc491
Östergötland,Regnaren-Ålsjöns fvof,Stora Uvängssjön,Sjö,OSTERGOTLAND:6eacbffdb34db47e31dd9eb7,FVO-GODKÄND – operativ områdesartlista; vattenunik detalj kan kompletteras,Vatten–FVO-kopplingen och kartpositionen är hämtade från den offentliga FVO-vattenposten. Endast godkända källor ingår.,FVO-OMRÅDE,4b87db233d639da2df33
Östergötland,Regnaren-Ålsjöns fvof,Vagnaren,Sjö,OSTERGOTLAND:941772c176584f77adb982a6,FVO-GODKÄND – operativ områdesartlista; vattenunik detalj kan kompletteras,Vatten–FVO-kopplingen och kartpositionen är hämtade från den offentliga FVO-vattenposten. Endast godkända källor ingår.,FVO-OMRÅDE,b15a8eec9441d5dc5052
Östergötland,Regnaren-Ålsjöns fvof,Ålsjön,Sjö,OSTERGOTLAND:05123a0f33475b774eacc749,FVO-GODKÄND – operativ områdesartlista; vattenunik detalj kan kompletteras,Vatten–FVO-kopplingen och kartpositionen är hämtade från den offentliga FVO-vattenposten. Endast godkända källor ingår.,FVO-OMRÅDE,9a289c9b72854f952567
Östergötland,Rippestorps fvof,Hagsjön,Sjö,OSTERGOTLAND:a797d680f37c84acfdee5f0a,FVO-GODKÄND – operativ områdesartlista; vattenunik detalj kan kompletteras,Vatten–FVO-kopplingen och kartpositionen är hämtade från den offentliga FVO-vattenposten. Endast godkända källor ingår.,FVO-OMRÅDE,ac0cc1c9478e330456e3
Östergötland,Rippestorps fvof,Namnlöst vattendrag,Vattendrag,OSTERGOTLAND:dcf09a973bfff8aaeba479e9,FVO-GODKÄND – operativ områdesartlista; vattenunik detalj kan kompletteras,Vatten–FVO-kopplingen och kartpositionen är hämtade från den offentliga FVO-vattenposten. Endast godkända källor ingår.,FVO-OMRÅDE,3a969551fe8b9b13bd4d
Östergötland,Rippestorps fvof,Övre Ripplingen,Sjö,OSTERGOTLAND:18789e3dc13df77f29f7290d,FVO-GODKÄND – operativ områdesartlista; vattenunik detalj kan kompletteras,Vatten–FVO-kopplingen och kartpositionen är hämtade från den offentliga FVO-vattenposten. Endast godkända källor ingår.,FVO-OMRÅDE,dedf9a2448ce3f061fa3
Östergötland,Risingebygdens fvof,Bönnern,Sjö,OSTERGOTLAND:8f891978bcb782810d7e6d6f,FVO-GODKÄND – operativ områdesartlista; vattenunik detalj kan kompletteras,Vatten–FVO-kopplingen och kartpositionen är hämtade från den offentliga FVO-vattenposten. Endast godkända källor ingår.,FVO-OMRÅDE,c370d9348f6f739d2143
Östergötland,Risingebygdens fvof,Gron,Sjö,OSTERGOTLAND:2873255d2bf249cfa156372b,FVO-GODKÄND – operativ områdesartlista; vattenunik detalj kan kompletteras,Vatten–FVO-kopplingen och kartpositionen är hämtade från den offentliga FVO-vattenposten. Endast godkända källor ingår.,FVO-OMRÅDE,f101af60ae96f017ee2d
Östergötland,Risingebygdens fvof,Lillsjön,Sjö,OSTERGOTLAND:294d3eba33b8e6f7e0c06528,FVO-GODKÄND – operativ områdesartlista; vattenunik detalj kan kompletteras,Vatten–FVO-kopplingen och kartpositionen är hämtade från den offentliga FVO-vattenposten. Endast godkända källor ingår.,FVO-OMRÅDE,e29dc7981105bafa99e8
Östergötland,Risingebygdens fvof,Mäseln,Sjö,OSTERGOTLAND:9b8669e7db379ca173802bc8,FVO-GODKÄND – operativ områdesartlista; vattenunik detalj kan kompletteras,Vatten–FVO-kopplingen och kartpositionen är hämtade från den offentliga FVO-vattenposten. Endast godkända källor ingår.,FVO-OMRÅDE,43babca2b9de651d545d
Östergötland,Risingebygdens fvof,Namnlöst vattendrag,Vattendrag,OSTERGOTLAND:4643aa2936132ee6643376ec,FVO-GODKÄND – operativ områdesartlista; vattenunik detalj kan kompletteras,Vatten–FVO-kopplingen och kartpositionen är hämtade från den offentliga FVO-vattenposten. Endast godkända källor ingår.,FVO-OMRÅDE,a4c82fbd3be3e10b6f6c
Östergötland,Risingebygdens fvof,Namnlöst vattendrag,Vattendrag,OSTERGOTLAND:b6f946a7a351123d131e266e,FVO-GODKÄND – operativ områdesartlista; vattenunik detalj kan kompletteras,Vatten–FVO-kopplingen och kartpositionen är hämtade från den offentliga FVO-vattenposten. Endast godkända källor ingår.,FVO-OMRÅDE,24ae4504d506f6cb5f0b
Östergötland,Risingebygdens fvof,Namnlöst vattendrag,Vattendrag,OSTERGOTLAND:7fff587b4a393a8f9c440ced,FVO-GODKÄND – operativ områdesartlista; vattenunik detalj kan kompletteras,Vatten–FVO-kopplingen och kartpositionen är hämtade från den offentliga FVO-vattenposten. Endast godkända källor ingår.,FVO-OMRÅDE,8cedf7520b88e92b143f
Östergötland,Risingebygdens fvof,Namnlöst vattendrag,Vattendrag,OSTERGOTLAND:0d5573478093a5c5360ef106,FVO-GODKÄND – operativ områdesartlista; vattenunik detalj kan kompletteras,Vatten–FVO-kopplingen och kartpositionen är hämtade från den offentliga FVO-vattenposten. Endast godkända källor ingår.,FVO-OMRÅDE,71b7085c7f4ae02f52d4
Östergötland,Risingebygdens fvof,Namnlöst vattendrag,Vattendrag,OSTERGOTLAND:90cc7d3f3d4dc7f6cdd092f9,FVO-GODKÄND – operativ områdesartlista; vattenunik detalj kan kompletteras,Vatten–FVO-kopplingen och kartpositionen är hämtade från den offentliga FVO-vattenposten. Endast godkända källor ingår.,FVO-OMRÅDE,b739bd951a4efb8022f3
Östergötland,Risingebygdens fvof,Skirnäseb.,Vattendrag,OSTERGOTLAND:f9a1e04654a915c617963090,FVO-GODKÄND – operativ områdesartlista; vattenunik detalj kan kompletteras,Vatten–FVO-kopplingen och kartpositionen är hämtade från den offentliga FVO-vattenposten. Endast godkända källor ingår.,FVO-OMRÅDE,3cd7c7105123531b164f
Östergötland,Risingebygdens fvof,Skutbosjön,Sjö,OSTERGOTLAND:a89bfe17938c39b09c47994e,FVO-GODKÄND – operativ områdesartlista; vattenunik detalj kan kompletteras,Vatten–FVO-kopplingen och kartpositionen är hämtade från den offentliga FVO-vattenposten. Endast godkända källor ingår.,FVO-OMRÅDE,a86594174251016df472
Östergötland,Risingebygdens fvof,Åmlången,Sjö,OSTERGOTLAND:96b5a9d2bc6318d1d2350ba1,FVO-GODKÄND – operativ områdesartlista; vattenunik detalj kan kompletteras,Vatten–FVO-kopplingen och kartpositionen är hämtade från den offentliga FVO-vattenposten. Endast godkända källor ingår.,FVO-OMRÅDE,5ce94949fd4f060fa45a
Östergötland,Ristens fvof,Namnlöst vattendrag,Vattendrag,OSTERGOTLAND:32b0fd82f4db63432b1b6a36,FVO-GODKÄND – operativ områdesartlista; vattenunik detalj kan kompletteras,Vatten–FVO-kopplingen och kartpositionen är hämtade från den offentliga FVO-vattenposten. Endast godkända källor ingår.,FVO-OMRÅDE,e9771d4685f30cfcf269
Östergötland,Ristens fvof,Namnlöst vattendrag,Vattendrag,OSTERGOTLAND:d5df6fbb8095e37802d522a9,FVO-GODKÄND – operativ områdesartlista; vattenunik detalj kan kompletteras,Vatten–FVO-kopplingen och kartpositionen är hämtade från den offentliga FVO-vattenposten. Endast godkända källor ingår.,FVO-OMRÅDE,ab8919a0d8ee0a5f7687
Östergötland,Ristens fvof,Namnlöst vattendrag,Vattendrag,OSTERGOTLAND:3c84b9ded49eb5460e9d469f,FVO-GODKÄND – operativ områdesartlista; vattenunik detalj kan kompletteras,Vatten–FVO-kopplingen och kartpositionen är hämtade från den offentliga FVO-vattenposten. Endast godkända källor ingår.,FVO-OMRÅDE,9448c3d6ab59c5658f44
Östergötland,Roxens fvof,Göta kanal,Vattendrag,OSTERGOTLAND:197b2a920ff732f1f0102cf3,FVO-GODKÄND – operativ områdesartlista; vattenunik detalj kan kompletteras,Vatten–FVO-kopplingen och kartpositionen är hämtade från den offentliga FVO-vattenposten. Endast godkända källor ingår.,FVO-OMRÅDE,652fbee79dcb0a02d310
Östergötland,Roxens fvof,Göta kanal,Vattendrag,OSTERGOTLAND:f812326573805ad819b2ff35,FVO-GODKÄND – operativ områdesartlista; vattenunik detalj kan kompletteras,Vatten–FVO-kopplingen och kartpositionen är hämtade från den offentliga FVO-vattenposten. Endast godkända källor ingår.,FVO-OMRÅDE,10b18d03d69cf0d25554
Östergötland,Roxens fvof,Göta kanal,Vattendrag,OSTERGOTLAND:540716f3236f321d09187844,FVO-GODKÄND – operativ områdesartlista; vattenunik detalj kan kompletteras,Vatten–FVO-kopplingen och kartpositionen är hämtade från den offentliga FVO-vattenposten. Endast godkända källor ingår.,FVO-OMRÅDE,224fcd9d15dfd4b9ffe7
Östergötland,Roxens fvof,Namnlöst vattendrag,Vattendrag,OSTERGOTLAND:2be34aaa41a23e5537095b6a,FVO-GODKÄND – operativ områdesartlista; vattenunik detalj kan kompletteras,Vatten–FVO-kopplingen och kartpositionen är hämtade från den offentliga FVO-vattenposten. Endast godkända källor ingår.,FVO-OMRÅDE,d68e451e26a440fc2561
Östergötland,Roxens fvof,Namnlöst vattendrag,Vattendrag,OSTERGOTLAND:5b71f5c3ea3d0fa15744eb9b,FVO-GODKÄND – operativ områdesartlista; vattenunik detalj kan kompletteras,Vatten–FVO-kopplingen och kartpositionen är hämtade från den offentliga FVO-vattenposten. Endast godkända källor ingår.,FVO-OMRÅDE,0394985faef75fe41a74
Östergötland,Roxens fvof,Namnlöst vattendrag,Vattendrag,OSTERGOTLAND:6b9d75baf4d3d8f570b4b754,FVO-GODKÄND – operativ områdesartlista; vattenunik detalj kan kompletteras,Vatten–FVO-kopplingen och kartpositionen är hämtade från den offentliga FVO-vattenposten. Endast godkända källor ingår.,FVO-OMRÅDE,fe00f97259c1c4cea8a2
Östergötland,Roxens fvof,Namnlöst vattendrag,Vattendrag,OSTERGOTLAND:3e8ac8d35a84a4daf1eb427c,FVO-GODKÄND – operativ områdesartlista; vattenunik detalj kan kompletteras,Vatten–FVO-kopplingen och kartpositionen är hämtade från den offentliga FVO-vattenposten. Endast godkända källor ingår.,FVO-OMRÅDE,d8b301498350724daefb
Östergötland,Roxens fvof,Namnlöst vattendrag,Vattendrag,OSTERGOTLAND:bb22ef43b72ea6d9044b0d3d,FVO-GODKÄND – operativ områdesartlista; vattenunik detalj kan kompletteras,Vatten–FVO-kopplingen och kartpositionen är hämtade från den offentliga FVO-vattenposten. Endast godkända källor ingår.,FVO-OMRÅDE,01f3259b008b5fb87511
Östergötland,Roxens fvof,Namnlöst vattendrag,Vattendrag,OSTERGOTLAND:5693cc92d61db1ffc2aff0e3,FVO-GODKÄND – operativ områdesartlista; vattenunik detalj kan kompletteras,Vatten–FVO-kopplingen och kartpositionen är hämtade från den offentliga FVO-vattenposten. Endast godkända källor ingår.,FVO-OMRÅDE,9e7bdce32c2b5c6ca701
Östergötland,Salsterns fvof,Björken,Sjö,OSTERGOTLAND:95cf490d42627e1a6e294f84,FVO-GODKÄND – operativ områdesartlista; vattenunik detalj kan kompletteras,Vatten–FVO-kopplingen och kartpositionen är hämtade från den offentliga FVO-vattenposten. Endast godkända källor ingår.,FVO-OMRÅDE,9d72f2dc2259ed4062e5
Östergötland,Salsterns fvof,Hällesjön,Sjö,OSTERGOTLAND:02e66d07098f97a7ab960838,FVO-GODKÄND – operativ områdesartlista; vattenunik detalj kan kompletteras,Vatten–FVO-kopplingen och kartpositionen är hämtade från den offentliga FVO-vattenposten. Endast godkända källor ingår.,FVO-OMRÅDE,cc3e5aff5d9d3a720022
Östergötland,Salsterns fvof,Kopparsjön,Sjö,OSTERGOTLAND:c0c67be7e4738369c0d0b5fc,FVO-GODKÄND – operativ områdesartlista; vattenunik detalj kan kompletteras,Vatten–FVO-kopplingen och kartpositionen är hämtade från den offentliga FVO-vattenposten. Endast godkända källor ingår.,FVO-OMRÅDE,ee8ccaa8de7fcceb567e
Östergötland,Salsterns fvof,Mosjön,Sjö,OSTERGOTLAND:fcde84f2b53cb0ea3c808ff7,FVO-GODKÄND – operativ områdesartlista; vattenunik detalj kan kompletteras,Vatten–FVO-kopplingen och kartpositionen är hämtade från den offentliga FVO-vattenposten. Endast godkända källor ingår.,FVO-OMRÅDE,6d6e7b8dfdfb1ad42606
Östergötland,Salsterns fvof,Namnlöst vattendrag,Vattendrag,OSTERGOTLAND:bfd6dae0275c2d69df706158,FVO-GODKÄND – operativ områdesartlista; vattenunik detalj kan kompletteras,Vatten–FVO-kopplingen och kartpositionen är hämtade från den offentliga FVO-vattenposten. Endast godkända källor ingår.,FVO-OMRÅDE,e1bed66505438a107b31
Östergötland,Salsterns fvof,Namnlöst vattendrag,Vattendrag,OSTERGOTLAND:009e444e80cacbcbf764cd2c,FVO-GODKÄND – operativ områdesartlista; vattenunik detalj kan kompletteras,Vatten–FVO-kopplingen och kartpositionen är hämtade från den offentliga FVO-vattenposten. Endast godkända källor ingår.,FVO-OMRÅDE,0696bdc12b3036474a02
Östergötland,Salsterns fvof,Namnlöst vattendrag,Vattendrag,OSTERGOTLAND:eb39548989b04a17c5a9adc9,FVO-GODKÄND – operativ områdesartlista; vattenunik detalj kan kompletteras,Vatten–FVO-kopplingen och kartpositionen är hämtade från den offentliga FVO-vattenposten. Endast godkända källor ingår.,FVO-OMRÅDE,795def72ddb883457538
Östergötland,Salsterns fvof,Salstern,Sjö,OSTERGOTLAND:5cf8623d2cebfea354d3debb,FVO-GODKÄND – operativ områdesartlista; vattenunik detalj kan kompletteras,Vatten–FVO-kopplingen och kartpositionen är hämtade från den offentliga FVO-vattenposten. Endast godkända källor ingår.,FVO-OMRÅDE,99de81d51f17013f7c13
Östergötland,Salsterns fvof,Stora Vänstern,Sjö,OSTERGOTLAND:25e6a4d367641daf8585125e,FVO-GODKÄND – operativ områdesartlista; vattenunik detalj kan kompletteras,Vatten–FVO-kopplingen och kartpositionen är hämtade från den offentliga FVO-vattenposten. Endast godkända källor ingår.,FVO-OMRÅDE,e1c745d01fe73d1ad8bd
Östergötland,Skirens fvof,Namnlöst vattendrag,Vattendrag,OSTERGOTLAND:e1b826be62adfe33c8d999a8,FVO-GODKÄND – operativ områdesartlista; vattenunik detalj kan kompletteras,Vatten–FVO-kopplingen och kartpositionen är hämtade från den offentliga FVO-vattenposten. Endast godkända källor ingår.,FVO-OMRÅDE,85b5b1150f0bb9fd08cb
Östergötland,Spillensjöarnas fvof,Namnlöst vattendrag,Vattendrag,OSTERGOTLAND:0e0e12e698020706c83ccd69,FVO-GODKÄND – operativ områdesartlista; vattenunik detalj kan kompletteras,Vatten–FVO-kopplingen och kartpositionen är hämtade från den offentliga FVO-vattenposten. Endast godkända källor ingår.,FVO-OMRÅDE,b75024fbd5152ed5a831
Östergötland,Stora Bjärn fvof,Namnlöst vattendrag,Vattendrag,OSTERGOTLAND:be621ca93d748ed8478bb00e,FVO-GODKÄND – operativ områdesartlista; vattenunik detalj kan kompletteras,Vatten–FVO-kopplingen och kartpositionen är hämtade från den offentliga FVO-vattenposten. Endast godkända källor ingår.,FVO-OMRÅDE,3b9c15ef8041a696f748
Östergötland,Stora Bjärn fvof,Namnlöst vattendrag,Vattendrag,OSTERGOTLAND:a7b8666aed79806616ff9141,FVO-GODKÄND – operativ områdesartlista; vattenunik detalj kan kompletteras,Vatten–FVO-kopplingen och kartpositionen är hämtade från den offentliga FVO-vattenposten. Endast godkända källor ingår.,FVO-OMRÅDE,e124e2a14344060426ee
Östergötland,Stora Bjärn fvof,Stora Bjän,Sjö,OSTERGOTLAND:a7550aeff34849c398d39767,FVO-GODKÄND – operativ områdesartlista; vattenunik detalj kan kompletteras,Vatten–FVO-kopplingen och kartpositionen är hämtade från den offentliga FVO-vattenposten. Endast godkända källor ingår.,FVO-OMRÅDE,811ed8fd7af531f38628
Östergötland,Storsjöns fvof,Namnlöst vattendrag,Vattendrag,OSTERGOTLAND:f71a006c27c73e979ceb0f92,FVO-GODKÄND – operativ områdesartlista; vattenunik detalj kan kompletteras,Vatten–FVO-kopplingen och kartpositionen är hämtade från den offentliga FVO-vattenposten. Endast godkända källor ingår.,FVO-OMRÅDE,c2d221b380dcdf226a62
Östergötland,Storsjöns fvof,Namnlöst vattendrag,Vattendrag,OSTERGOTLAND:8880a8f27b5f0671c320ef7c,FVO-GODKÄND – operativ områdesartlista; vattenunik detalj kan kompletteras,Vatten–FVO-kopplingen och kartpositionen är hämtade från den offentliga FVO-vattenposten. Endast godkända källor ingår.,FVO-OMRÅDE,2771bec047911f82603b
Östergötland,Strolångens fvof,Namnlöst vattendrag,Vattendrag,OSTERGOTLAND:6860230826bd0e0e60da3843,FVO-GODKÄND – operativ områdesartlista; vattenunik detalj kan kompletteras,Vatten–FVO-kopplingen och kartpositionen är hämtade från den offentliga FVO-vattenposten. Endast godkända källor ingår.,FVO-OMRÅDE,97f1e7e6d3445da136aa
Östergötland,Strolångens fvof,Namnlöst vattendrag,Vattendrag,OSTERGOTLAND:f76019aba2ecd84d18db730b,FVO-GODKÄND – operativ områdesartlista; vattenunik detalj kan kompletteras,Vatten–FVO-kopplingen och kartpositionen är hämtade från den offentliga FVO-vattenposten. Endast godkända källor ingår.,FVO-OMRÅDE,4bb9f81343b07d7d4589
Östergötland,Stångån-Linköpings fvof,Namnlöst vattendrag,Vattendrag,OSTERGOTLAND:dd190ac854a3d3554bdc6752,FVO-GODKÄND – operativ områdesartlista; vattenunik detalj kan kompletteras,Vatten–FVO-kopplingen och kartpositionen är hämtade från den offentliga FVO-vattenposten. Endast godkända källor ingår.,FVO-OMRÅDE,09c66d3dfbafe0db9c2e
Östergötland,Svalsjö fvof,Namnlöst vattendrag,Vattendrag,OSTERGOTLAND:2a50e8ba097ceb125cb02fc9,FVO-GODKÄND – operativ områdesartlista; vattenunik detalj kan kompletteras,Vatten–FVO-kopplingen och kartpositionen är hämtade från den offentliga FVO-vattenposten. Endast godkända källor ingår.,FVO-OMRÅDE,f4b83848130e3261d2da
Östergötland,Sya-Knutsbro fvof,Svartån (Dämn.Omr),Sjö,OSTERGOTLAND:7acbe77f56f2823a1b183b64,FVO-GODKÄND – operativ områdesartlista; vattenunik detalj kan kompletteras,Vatten–FVO-kopplingen och kartpositionen är hämtade från den offentliga FVO-vattenposten. Endast godkända källor ingår.,FVO-OMRÅDE,0cedd22dc43930488867
Östergötland,Sätrasjöns fvof,Sätrasjön,Sjö,OSTERGOTLAND:15f991508a2cb3841e74b88b,FVO-GODKÄND – operativ områdesartlista; vattenunik detalj kan kompletteras,Vatten–FVO-kopplingen och kartpositionen är hämtade från den offentliga FVO-vattenposten. Endast godkända källor ingår.,FVO-OMRÅDE,e4efd892f8ee684672df
Östergötland,Tisnarens Västra fvof,Namnlöst vattendrag,Vattendrag,OSTERGOTLAND:c0150a5a6c77d8cd63a45fb7,FVO-GODKÄND – operativ områdesartlista; vattenunik detalj kan kompletteras,Vatten–FVO-kopplingen och kartpositionen är hämtade från den offentliga FVO-vattenposten. Endast godkända källor ingår.,FVO-OMRÅDE,b4e7f3085a16037d44e8
Östergötland,Tisnarens Västra fvof,Tisnaren,Sjö,OSTERGOTLAND:c2c9a1a6bf75107d6af42618,FVO-GODKÄND – operativ områdesartlista; vattenunik detalj kan kompletteras,Vatten–FVO-kopplingen och kartpositionen är hämtade från den offentliga FVO-vattenposten. Endast godkända källor ingår.,FVO-OMRÅDE,8931e921b90f62253d66
Östergötland,Tjens fvof,Fillingerumeån,Vattendrag,OSTERGOTLAND:44922227175679521c82c2b3,FVO-GODKÄND – operativ områdesartlista; vattenunik detalj kan kompletteras,Vatten–FVO-kopplingen och kartpositionen är hämtade från den offentliga FVO-vattenposten. Endast godkända källor ingår.,FVO-OMRÅDE,61f6f43362c54886acb2
Östergötland,Tjens fvof,Namnlöst vattendrag,Vattendrag,OSTERGOTLAND:59f2391740b681082ce1dc63,FVO-GODKÄND – operativ områdesartlista; vattenunik detalj kan kompletteras,Vatten–FVO-kopplingen och kartpositionen är hämtade från den offentliga FVO-vattenposten. Endast godkända källor ingår.,FVO-OMRÅDE,ec4a7c21dd22beaf0d65
Östergötland,Tjens fvof,Salbäcken,Vattendrag,OSTERGOTLAND:ffb108c273396f175644cd68,FVO-GODKÄND – operativ områdesartlista; vattenunik detalj kan kompletteras,Vatten–FVO-kopplingen och kartpositionen är hämtade från den offentliga FVO-vattenposten. Endast godkända källor ingår.,FVO-OMRÅDE,8c6b464ea33e2cb503bc
Östergötland,Trons fvof,Namnlöst vattendrag,Vattendrag,OSTERGOTLAND:bb06fa4dbcb09b2fa528449c,FVO-GODKÄND – operativ områdesartlista; vattenunik detalj kan kompletteras,Vatten–FVO-kopplingen och kartpositionen är hämtade från den offentliga FVO-vattenposten. Endast godkända källor ingår.,FVO-OMRÅDE,2a42e9a0eabadb01eda8
Östergötland,Tångens fvof,Tången,Sjö,OSTERGOTLAND:02f33315deb78625df781618,FVO-GODKÄND – operativ områdesartlista; vattenunik detalj kan kompletteras,Vatten–FVO-kopplingen och kartpositionen är hämtade från den offentliga FVO-vattenposten. Endast godkända källor ingår.,FVO-OMRÅDE,0c40085ab3ac41e65bd1
Östergötland,Täfternsjöarnas fvof,Fyllingen,Sjö,OSTERGOTLAND:3f65bb2f6140b225fcf27777,FVO-GODKÄND – operativ områdesartlista; vattenunik detalj kan kompletteras,Vatten–FVO-kopplingen och kartpositionen är hämtade från den offentliga FVO-vattenposten. Endast godkända källor ingår.,FVO-OMRÅDE,21222b972a743538e150
Östergötland,Täfternsjöarnas fvof,Kvarnkärret,Sjö,OSTERGOTLAND:4575dbd791f2dc4b1fd10b8e,FVO-GODKÄND – operativ områdesartlista; vattenunik detalj kan kompletteras,Vatten–FVO-kopplingen och kartpositionen är hämtade från den offentliga FVO-vattenposten. Endast godkända källor ingår.,FVO-OMRÅDE,68e3092288acd91f0c8a
Östergötland,Täfternsjöarnas fvof,Kvaven,Sjö,OSTERGOTLAND:726850a167b7aaae8f203f6f,FVO-GODKÄND – operativ områdesartlista; vattenunik detalj kan kompletteras,Vatten–FVO-kopplingen och kartpositionen är hämtade från den offentliga FVO-vattenposten. Endast godkända källor ingår.,FVO-OMRÅDE,c08cb3236235f16bd0b2
Östergötland,Täfternsjöarnas fvof,Rummasjön,Sjö,OSTERGOTLAND:3ecb9e2e7f9d56cd70a1557f,FVO-GODKÄND – operativ områdesartlista; vattenunik detalj kan kompletteras,Vatten–FVO-kopplingen och kartpositionen är hämtade från den offentliga FVO-vattenposten. Endast godkända källor ingår.,FVO-OMRÅDE,1f34bb651a498c13df3b
Östergötland,Täfternsjöarnas fvof,Stavsjön,Sjö,OSTERGOTLAND:099a88ad619381088f510f38,FVO-GODKÄND – operativ områdesartlista; vattenunik detalj kan kompletteras,Vatten–FVO-kopplingen och kartpositionen är hämtade från den offentliga FVO-vattenposten. Endast godkända källor ingår.,FVO-OMRÅDE,42e4eec366bee83c085e
Östergötland,Täfternsjöarnas fvof,Täftern,Sjö,OSTERGOTLAND:9aaf3e468e21c0e4ee2ed363,FVO-GODKÄND – operativ områdesartlista; vattenunik detalj kan kompletteras,Vatten–FVO-kopplingen och kartpositionen är hämtade från den offentliga FVO-vattenposten. Endast godkända källor ingår.,FVO-OMRÅDE,d14d53a6404bd433934d
Östergötland,Täfternsjöarnas fvof,Täftlången,Sjö,OSTERGOTLAND:1e1529718058acbfb54348ea,FVO-GODKÄND – operativ områdesartlista; vattenunik detalj kan kompletteras,Vatten–FVO-kopplingen och kartpositionen är hämtade från den offentliga FVO-vattenposten. Endast godkända källor ingår.,FVO-OMRÅDE,3fddca253bf392c1abe9
Östergötland,Vindommens fvof,Namnlöst vattendrag,Vattendrag,OSTERGOTLAND:589a0dd59aa358ea8a0d0c46,FVO-GODKÄND – operativ områdesartlista; vattenunik detalj kan kompletteras,Vatten–FVO-kopplingen och kartpositionen är hämtade från den offentliga FVO-vattenposten. Endast godkända källor ingår.,FVO-OMRÅDE,5407c300420402fe6a0b
Östergötland,Vindommens fvof,Namnlöst vattendrag,Vattendrag,OSTERGOTLAND:5ee684a075bd3bab65a1075e,FVO-GODKÄND – operativ områdesartlista; vattenunik detalj kan kompletteras,Vatten–FVO-kopplingen och kartpositionen är hämtade från den offentliga FVO-vattenposten. Endast godkända källor ingår.,FVO-OMRÅDE,6bbc4596ec8e7cc703a9
Östergötland,Vindommens fvof,Namnlöst vattendrag,Vattendrag,OSTERGOTLAND:66b27e2684a38c5085791def,FVO-GODKÄND – operativ områdesartlista; vattenunik detalj kan kompletteras,Vatten–FVO-kopplingen och kartpositionen är hämtade från den offentliga FVO-vattenposten. Endast godkända källor ingår.,FVO-OMRÅDE,7d6153504b091f28ede7
Östergötland,Vindommens fvof,Namnlöst vattendrag,Vattendrag,OSTERGOTLAND:a616cec49730cf99d9bb3979,FVO-GODKÄND – operativ områdesartlista; vattenunik detalj kan kompletteras,Vatten–FVO-kopplingen och kartpositionen är hämtade från den offentliga FVO-vattenposten. Endast godkända källor ingår.,FVO-OMRÅDE,a67487cbe03cc19cd55c
Östergötland,Vindommens fvof,Namnlöst vattendrag,Vattendrag,OSTERGOTLAND:ff877503223dbf819bb06599,FVO-GODKÄND – operativ områdesartlista; vattenunik detalj kan kompletteras,Vatten–FVO-kopplingen och kartpositionen är hämtade från den offentliga FVO-vattenposten. Endast godkända källor ingår.,FVO-OMRÅDE,c0b1f99547cf564bc604
Östergötland,Vägsjöns fvof,Namnlöst vattendrag,Vattendrag,OSTERGOTLAND:52dbd68941e326f70ebda153,FVO-GODKÄND – operativ områdesartlista; vattenunik detalj kan kompletteras,Vatten–FVO-kopplingen och kartpositionen är hämtade från den offentliga FVO-vattenposten. Endast godkända källor ingår.,FVO-OMRÅDE,de25ec9bc2a1f7aacda8
Östergötland,Vägsjöns fvof,Vägsjön,Sjö,OSTERGOTLAND:4c3354745eb8ab77c7f8ed50,FVO-GODKÄND – operativ områdesartlista; vattenunik detalj kan kompletteras,Vatten–FVO-kopplingen och kartpositionen är hämtade från den offentliga FVO-vattenposten. Endast godkända källor ingår.,FVO-OMRÅDE,c91f69abba12df8ad324
Östergötland,Värnasjön-Strålången fvof,Dyveln,Sjö,OSTERGOTLAND:7288f00063f0731349503d7c,FVO-GODKÄND – operativ områdesartlista; vattenunik detalj kan kompletteras,Vatten–FVO-kopplingen och kartpositionen är hämtade från den offentliga FVO-vattenposten. Endast godkända källor ingår.,FVO-OMRÅDE,49bf3c23546b44c73b35
Östergötland,Värnasjön-Strålången fvof,Strålången,Sjö,OSTERGOTLAND:1c9062e8da574a02e9ad6376,FVO-GODKÄND – operativ områdesartlista; vattenunik detalj kan kompletteras,Vatten–FVO-kopplingen och kartpositionen är hämtade från den offentliga FVO-vattenposten. Endast godkända källor ingår.,FVO-OMRÅDE,f80f039ad72a34c14090
Östergötland,Värnasjön-Strålången fvof,Värnasjön,Sjö,OSTERGOTLAND:4d78a186a8047314554af91a,FVO-GODKÄND – operativ områdesartlista; vattenunik detalj kan kompletteras,Vatten–FVO-kopplingen och kartpositionen är hämtade från den offentliga FVO-vattenposten. Endast godkända källor ingår.,FVO-OMRÅDE,eb067d5f151577361fe1
Östergötland,Värnässjöns fvof,Värnässjön,Sjö,OSTERGOTLAND:4293acc076ddcddb3db61a90,FVO-GODKÄND – operativ områdesartlista; vattenunik detalj kan kompletteras,Vatten–FVO-kopplingen och kartpositionen är hämtade från den offentliga FVO-vattenposten. Endast godkända källor ingår.,FVO-OMRÅDE,52b8804e18a3249db92d
Östergötland,Västerlösa-Älvestads fvof,Namnlöst vattendrag,Vattendrag,OSTERGOTLAND:7d3c37a1666ea1887db3ef1c,FVO-GODKÄND – operativ områdesartlista; vattenunik detalj kan kompletteras,Vatten–FVO-kopplingen och kartpositionen är hämtade från den offentliga FVO-vattenposten. Endast godkända källor ingår.,FVO-OMRÅDE,4bcf203df92e954d1139
Östergötland,Västerlösa-Älvestads fvof,Namnlöst vattendrag,Vattendrag,OSTERGOTLAND:dcf16befce9557df81a9fcca,FVO-GODKÄND – operativ områdesartlista; vattenunik detalj kan kompletteras,Vatten–FVO-kopplingen och kartpositionen är hämtade från den offentliga FVO-vattenposten. Endast godkända källor ingår.,FVO-OMRÅDE,ab3dc587a8273d2598a7
Östergötland,Västra Lägerns fvof,Namnlöst vattendrag,Vattendrag,OSTERGOTLAND:a93715b6f224d5a429ed9212,FVO-GODKÄND – operativ områdesartlista; vattenunik detalj kan kompletteras,Vatten–FVO-kopplingen och kartpositionen är hämtade från den offentliga FVO-vattenposten. Endast godkända källor ingår.,FVO-OMRÅDE,1560c14161ccdd0de2e4
Östergötland,Västra Lägerns fvof,Namnlöst vattendrag,Vattendrag,OSTERGOTLAND:558889aa4d5d93c3ae7fe94b,FVO-GODKÄND – operativ områdesartlista; vattenunik detalj kan kompletteras,Vatten–FVO-kopplingen och kartpositionen är hämtade från den offentliga FVO-vattenposten. Endast godkända källor ingår.,FVO-OMRÅDE,357b1f9b00ae7b5c62b7
Östergötland,Västra Lägerns fvof,Sobrobäcken,Vattendrag,OSTERGOTLAND:36dd82dd6170bc85644d2c3f,FVO-GODKÄND – operativ områdesartlista; vattenunik detalj kan kompletteras,Vatten–FVO-kopplingen och kartpositionen är hämtade från den offentliga FVO-vattenposten. Endast godkända källor ingår.,FVO-OMRÅDE,1d3fdbb5ea61410d8125
Östergötland,Yxningens fvof,Namnlöst vattendrag,Vattendrag,OSTERGOTLAND:4380a37335a13a3ac6e4b5ba,FVO-GODKÄND – operativ områdesartlista; vattenunik detalj kan kompletteras,Vatten–FVO-kopplingen och kartpositionen är hämtade från den offentliga FVO-vattenposten. Endast godkända källor ingår.,FVO-OMRÅDE,83f3315ff139a06ba9d6
Östergötland,Yxningens fvof,Namnlöst vattendrag,Vattendrag,OSTERGOTLAND:da9cdfe6a61c83d8457f34f2,FVO-GODKÄND – operativ områdesartlista; vattenunik detalj kan kompletteras,Vatten–FVO-kopplingen och kartpositionen är hämtade från den offentliga FVO-vattenposten. Endast godkända källor ingår.,FVO-OMRÅDE,faa64c5f42cffc2b8e20
Östergötland,Yxningens fvof,Namnlöst vattendrag,Vattendrag,OSTERGOTLAND:145a5e36bcfabf8b3fa0393f,FVO-GODKÄND – operativ områdesartlista; vattenunik detalj kan kompletteras,Vatten–FVO-kopplingen och kartpositionen är hämtade från den offentliga FVO-vattenposten. Endast godkända källor ingår.,FVO-OMRÅDE,cd52e20a1fd99d0ee22d
Östergötland,Yxningens fvof,Yxningen,Sjö,OSTERGOTLAND:37965964d0cf178d708dd401,FVO-GODKÄND – operativ områdesartlista; vattenunik detalj kan kompletteras,Vatten–FVO-kopplingen och kartpositionen är hämtade från den offentliga FVO-vattenposten. Endast godkända källor ingår.,FVO-OMRÅDE,142b9d3252591acacdc5
Östergötland,Åländerns fvof,Axsjön,Sjö,OSTERGOTLAND:bf7202270043c9fc036b9bfd,FVO-GODKÄND – operativ områdesartlista; vattenunik detalj kan kompletteras,Vatten–FVO-kopplingen och kartpositionen är hämtade från den offentliga FVO-vattenposten. Endast godkända källor ingår.,FVO-OMRÅDE,2adad724271c40431945
Östergötland,Åländerns fvof,Nedre Högsjön,Sjö,OSTERGOTLAND:778cd29e268a164322d3bcdc,FVO-GODKÄND – operativ områdesartlista; vattenunik detalj kan kompletteras,Vatten–FVO-kopplingen och kartpositionen är hämtade från den offentliga FVO-vattenposten. Endast godkända källor ingår.,FVO-OMRÅDE,63c779a70634c3ce7e6b
Östergötland,Åländerns fvof,Vån,Sjö,OSTERGOTLAND:afaf4ed05b9b3ec3edec054c,FVO-GODKÄND – operativ områdesartlista; vattenunik detalj kan kompletteras,Vatten–FVO-kopplingen och kartpositionen är hämtade från den offentliga FVO-vattenposten. Endast godkända källor ingår.,FVO-OMRÅDE,c77c54d60c0ca2940c04
Östergötland,Åländerns fvof,Åländern,Sjö,OSTERGOTLAND:25d8c506e6b7302b0b666183,FVO-GODKÄND – operativ områdesartlista; vattenunik detalj kan kompletteras,Vatten–FVO-kopplingen och kartpositionen är hämtade från den offentliga FVO-vattenposten. Endast godkända källor ingår.,FVO-OMRÅDE,7fb3bded936517c28598
Östergötland,Åländerns fvof,Övre Högsjön,Sjö,OSTERGOTLAND:2ea48c86ea2d9d159613713b,FVO-GODKÄND – operativ områdesartlista; vattenunik detalj kan kompletteras,Vatten–FVO-kopplingen och kartpositionen är hämtade från den offentliga FVO-vattenposten. Endast godkända källor ingår.,FVO-OMRÅDE,8662662b7dd0d34a0dcf
Östergötland,Årsjöns fvof,Daldiket,Vattendrag,OSTERGOTLAND:7d16a0583d858213eae28b9b,FVO-GODKÄND – operativ områdesartlista; vattenunik detalj kan kompletteras,Vatten–FVO-kopplingen och kartpositionen är hämtade från den offentliga FVO-vattenposten. Endast godkända källor ingår.,FVO-OMRÅDE,23f281e4d807147e365c
Östergötland,Ärlångens-Rengensjöarnas fvof,Kinda Kanal,Vattendrag,OSTERGOTLAND:3f4cbef27d80a128895424ba,FVO-GODKÄND – operativ områdesartlista; vattenunik detalj kan kompletteras,Vatten–FVO-kopplingen och kartpositionen är hämtade från den offentliga FVO-vattenposten. Endast godkända källor ingår.,FVO-OMRÅDE,d2d607707e98d86db312
Östergötland,Ärlångens-Rengensjöarnas fvof,Namnlöst vattendrag,Vattendrag,OSTERGOTLAND:b45c80e8b9b328d56531e6c9,FVO-GODKÄND – operativ områdesartlista; vattenunik detalj kan kompletteras,Vatten–FVO-kopplingen och kartpositionen är hämtade från den offentliga FVO-vattenposten. Endast godkända källor ingår.,FVO-OMRÅDE,3228a623bf4e6ed98cfb
Östergötland,Ärlångens-Rengensjöarnas fvof,Namnlöst vattendrag,Vattendrag,OSTERGOTLAND:f7f6a5fc7ab3bc6c0c9a854e,FVO-GODKÄND – operativ områdesartlista; vattenunik detalj kan kompletteras,Vatten–FVO-kopplingen och kartpositionen är hämtade från den offentliga FVO-vattenposten. Endast godkända källor ingår.,FVO-OMRÅDE,5d0f056573267c90d069
Östergötland,Ärlångens-Rengensjöarnas fvof,Namnlöst vattendrag,Vattendrag,OSTERGOTLAND:8ac7a480a86cc6f5ecf5d3a1,FVO-GODKÄND – operativ områdesartlista; vattenunik detalj kan kompletteras,Vatten–FVO-kopplingen och kartpositionen är hämtade från den offentliga FVO-vattenposten. Endast godkända källor ingår.,FVO-OMRÅDE,700600cc1468a1612982
Östergötland,Ärlångens-Rengensjöarnas fvof,Namnlöst vattendrag,Vattendrag,OSTERGOTLAND:1e8c28c4758bff6aa49f712a,FVO-GODKÄND – operativ områdesartlista; vattenunik detalj kan kompletteras,Vatten–FVO-kopplingen och kartpositionen är hämtade från den offentliga FVO-vattenposten. Endast godkända källor ingår.,FVO-OMRÅDE,c277832a39bade3bc1f2
Östergötland,Ärlångens-Rengensjöarnas fvof,Namnlöst vattendrag,Vattendrag,OSTERGOTLAND:191ad102362bdee1bd0c49b8,FVO-GODKÄND – operativ områdesartlista; vattenunik detalj kan kompletteras,Vatten–FVO-kopplingen och kartpositionen är hämtade från den offentliga FVO-vattenposten. Endast godkända källor ingår.,FVO-OMRÅDE,9a0a4b69936773f9c4fb
Östergötland,Ärlångens-Rengensjöarnas fvof,Namnlöst vattendrag,Vattendrag,OSTERGOTLAND:635c73e7a0ed654d4d1d0435,FVO-GODKÄND – operativ områdesartlista; vattenunik detalj kan kompletteras,Vatten–FVO-kopplingen och kartpositionen är hämtade från den offentliga FVO-vattenposten. Endast godkända källor ingår.,FVO-OMRÅDE,6d585fa62701a64bb272
Östergötland,Ärlångens-Rengensjöarnas fvof,Namnlöst vattendrag,Vattendrag,OSTERGOTLAND:27e68af2647dafc2e162ff68,FVO-GODKÄND – operativ områdesartlista; vattenunik detalj kan kompletteras,Vatten–FVO-kopplingen och kartpositionen är hämtade från den offentliga FVO-vattenposten. Endast godkända källor ingår.,FVO-OMRÅDE,3294ba8e369f4fc108c3
Östergötland,Ödesjöboda fvof,Frögöl,Sjö,OSTERGOTLAND:b960ab893943f3a14dd3ff2a,FVO-GODKÄND – operativ områdesartlista; vattenunik detalj kan kompletteras,Vatten–FVO-kopplingen och kartpositionen är hämtade från den offentliga FVO-vattenposten. Endast godkända källor ingår.,FVO-OMRÅDE,524ab066f76fa6419f7a
Östergötland,Ödesjöboda fvof,Namnlöst vattendrag,Vattendrag,OSTERGOTLAND:083cbfeb5d41d541f33adfeb,FVO-GODKÄND – operativ områdesartlista; vattenunik detalj kan kompletteras,Vatten–FVO-kopplingen och kartpositionen är hämtade från den offentliga FVO-vattenposten. Endast godkända källor ingår.,FVO-OMRÅDE,f32024582a47d3c1aa0f
Östergötland,Ödesjöboda fvof,Namnlöst vattendrag,Vattendrag,OSTERGOTLAND:ec945c091fbd2f7ee63266d4,FVO-GODKÄND – operativ områdesartlista; vattenunik detalj kan kompletteras,Vatten–FVO-kopplingen och kartpositionen är hämtade från den offentliga FVO-vattenposten. Endast godkända källor ingår.,FVO-OMRÅDE,89167a3a7298803efbc1
Östergötland,Ödesjöboda fvof,Skirsjön,Sjö,OSTERGOTLAND:0cfefc4201dae38126a4b715,FVO-GODKÄND – operativ områdesartlista; vattenunik detalj kan kompletteras,Vatten–FVO-kopplingen och kartpositionen är hämtade från den offentliga FVO-vattenposten. Endast godkända källor ingår.,FVO-OMRÅDE,863dcbac988c4faeccb8
Östergötland,Ödesjöboda fvof,Ängsjön,Sjö,OSTERGOTLAND:420518cb3f0ee54eb3f2ae5f,FVO-GODKÄND – operativ områdesartlista; vattenunik detalj kan kompletteras,Vatten–FVO-kopplingen och kartpositionen är hämtade från den offentliga FVO-vattenposten. Endast godkända källor ingår.,FVO-OMRÅDE,422af3a43096fb7acad2
Östergötland,Ödesjöns fvof,Långanäsagölen,Sjö,OSTERGOTLAND:f59736f3a9e482e1bc568a84,FVO-GODKÄND – operativ områdesartlista; vattenunik detalj kan kompletteras,Vatten–FVO-kopplingen och kartpositionen är hämtade från den offentliga FVO-vattenposten. Endast godkända källor ingår.,FVO-OMRÅDE,b495f783b98f810f8031
Östergötland,Ödesjöns fvof,Ödesjön,Sjö,OSTERGOTLAND:10e9a6ef856f9b6d3cd8f8cb,FVO-GODKÄND – operativ områdesartlista; vattenunik detalj kan kompletteras,Vatten–FVO-kopplingen och kartpositionen är hämtade från den offentliga FVO-vattenposten. Endast godkända källor ingår.,FVO-OMRÅDE,9e819c72832e03499167
Östergötland,Öjebro-Vågforsens fvof,Namnlöst vattendrag,Vattendrag,OSTERGOTLAND:644150242ec46c3c70ec3e5b,FVO-GODKÄND – operativ områdesartlista; vattenunik detalj kan kompletteras,Vatten–FVO-kopplingen och kartpositionen är hämtade från den offentliga FVO-vattenposten. Endast godkända källor ingår.,FVO-OMRÅDE,46a0f881a2c71aeaa697
Östergötland,Öjebro-Vågforsens fvof,Namnlöst vattendrag,Vattendrag,OSTERGOTLAND:f145c7a55e1ba95dfc228518,FVO-GODKÄND – operativ områdesartlista; vattenunik detalj kan kompletteras,Vatten–FVO-kopplingen och kartpositionen är hämtade från den offentliga FVO-vattenposten. Endast godkända källor ingår.,FVO-OMRÅDE,b7557f58c59e023bff61
Östergötland,Örens och Vins fvof,Djupjällen,Sjö,OSTERGOTLAND:5932d2025df2fee74d4b0812,FVO-GODKÄND – operativ områdesartlista; vattenunik detalj kan kompletteras,Vatten–FVO-kopplingen och kartpositionen är hämtade från den offentliga FVO-vattenposten. Endast godkända källor ingår.,FVO-OMRÅDE,69cd9ef1ca78a726f3dc
Östergötland,Örens och Vins fvof,Höcksjön,Sjö,OSTERGOTLAND:c55d9ae6fb7f4b2c4c3a717c,FVO-GODKÄND – operativ områdesartlista; vattenunik detalj kan kompletteras,Vatten–FVO-kopplingen och kartpositionen är hämtade från den offentliga FVO-vattenposten. Endast godkända källor ingår.,FVO-OMRÅDE,b321cf1fdf4b585600c4
Östergötland,Örens och Vins fvof,Lilljällen,Sjö,OSTERGOTLAND:34797c3b6889e7959e3beaf0,FVO-GODKÄND – operativ områdesartlista; vattenunik detalj kan kompletteras,Vatten–FVO-kopplingen och kartpositionen är hämtade från den offentliga FVO-vattenposten. Endast godkända källor ingår.,FVO-OMRÅDE,43c091451f191baaaef9
Östergötland,Örens och Vins fvof,Namnlöst vattendrag,Vattendrag,OSTERGOTLAND:7b57b4f39ed2cf019a137761,FVO-GODKÄND – operativ områdesartlista; vattenunik detalj kan kompletteras,Vatten–FVO-kopplingen och kartpositionen är hämtade från den offentliga FVO-vattenposten. Endast godkända källor ingår.,FVO-OMRÅDE,44a517f5f050039754f1
Östergötland,Örens och Vins fvof,Namnlöst vattendrag,Vattendrag,OSTERGOTLAND:b5aabc97ca67870b4b7808fe,FVO-GODKÄND – operativ områdesartlista; vattenunik detalj kan kompletteras,Vatten–FVO-kopplingen och kartpositionen är hämtade från den offentliga FVO-vattenposten. Endast godkända källor ingår.,FVO-OMRÅDE,2a2708c5689c6c96c86b
Östergötland,Örens och Vins fvof,Vin,Sjö,OSTERGOTLAND:fab026d9a3495b077f18779b,FVO-GODKÄND – operativ områdesartlista; vattenunik detalj kan kompletteras,Vatten–FVO-kopplingen och kartpositionen är hämtade från den offentliga FVO-vattenposten. Endast godkända källor ingår.,FVO-OMRÅDE,34a004f82308bc5f0587
Östergötland,Örens och Vins fvof,Örbågen,Sjö,OSTERGOTLAND:0e41face40bb5ffa579edbae,FVO-GODKÄND – operativ områdesartlista; vattenunik detalj kan kompletteras,Vatten–FVO-kopplingen och kartpositionen är hämtade från den offentliga FVO-vattenposten. Endast godkända källor ingår.,FVO-OMRÅDE,bb4def534b44a74935b1
Östergötland,Österby fvof,Fagerhultegöl,Sjö,OSTERGOTLAND:5ed694a4cc636f8ee477a6ff,FVO-GODKÄND – operativ områdesartlista; vattenunik detalj kan kompletteras,Vatten–FVO-kopplingen och kartpositionen är hämtade från den offentliga FVO-vattenposten. Endast godkända källor ingår.,FVO-OMRÅDE,6670e25621fdadfe778b
Östergötland,Österby fvof,Namnlöst vattendrag,Vattendrag,OSTERGOTLAND:a7c9ad853f535f37ea4ce9cd,FVO-GODKÄND – operativ områdesartlista; vattenunik detalj kan kompletteras,Vatten–FVO-kopplingen och kartpositionen är hämtade från den offentliga FVO-vattenposten. Endast godkända källor ingår.,FVO-OMRÅDE,1f9bbb0b878769a7f076
Östergötland,Östra Lägerns fvof,Mörtsjön,Sjö,OSTERGOTLAND:78dfcdc443de41ba607c2c67,FVO-GODKÄND – operativ områdesartlista; vattenunik detalj kan kompletteras,Vatten–FVO-kopplingen och kartpositionen är hämtade från den offentliga FVO-vattenposten. Endast godkända källor ingår.,FVO-OMRÅDE,57239f0b7a500db5625d
Östergötland,Östra Lägerns fvof,Östra Lägern,Sjö,OSTERGOTLAND:230ddc8e60b9daff3da292b8,FVO-GODKÄND – operativ områdesartlista; vattenunik detalj kan kompletteras,Vatten–FVO-kopplingen och kartpositionen är hämtade från den offentliga FVO-vattenposten. Endast godkända källor ingår.,FVO-OMRÅDE,6df884e9d94e2d54bb1e
